[2026-09-30 06:11:08.836Z][CA][INF][Logger:Roche.Sting.Calculation.Host.Lifecycle.CalculationLifecycleProcessManager][Thread:62]Handling event 'InstrumentStateChanged' from IS with data OldState: 'Standby', NewState: 'Maintenance', ProcessContext: 'ContextId: 'InstrumentState.InstrumentStateManager'' ...[EOL]
[2026-09-30 06:15:09.487Z][CA][INF][Logger:Roche.Sting.Calculation.Host.Lifecycle.CalculationLifecycleProcessManager][Thread:24]Handling event 'InstrumentStateChanged' from IS with data OldState: 'Maintenance', NewState: 'Initializing', ProcessContext: 'ContextId: 'InstrumentState.InstrumentStateManager'' ...[EOL]
[2026-09-30 06:16:49.827Z][CA][INF][Logger:Roche.Sting.Calculation.Host.Lifecycle.CalculationLifecycleProcessManager][Thread:33]Handling event 'InstrumentStateChanged' from IS with data OldState: 'Initializing', NewState: 'Standby', ProcessContext: 'ContextId: 'InstrumentState.InstrumentStateManager'' ...[EOL]
[2026-09-30 06:20:37.624Z][CA][INF][Logger:Roche.Sting.Calculation.Host.Lifecycle.CalculationLifecycleProcessManager][Thread:54]Handling event 'InstrumentStateChanged' from IS with data OldState: 'Standby', NewState: 'Maintenance', ProcessContext: 'ContextId: 'InstrumentState.InstrumentStateManager'' ...[EOL]
[2026-09-30 06:24:30.342Z][CA][INF][Logger:Roche.Sting.Calculation.Host.Lifecycle.CalculationLifecycleProcessManager][Thread:70]Handling event 'InstrumentStateChanged' from IS with data OldState: 'Maintenance', NewState: 'Initializing', ProcessContext: 'ContextId: 'InstrumentState.InstrumentStateManager'' ...[EOL]
[2026-09-30 06:26:10.720Z][CA][INF][Logger:Roche.Sting.Calculation.Host.Lifecycle.CalculationLifecycleProcessManager][Thread:28]Handling event 'InstrumentStateChanged' from IS with data OldState: 'Initializing', NewState: 'Standby', ProcessContext: 'ContextId: 'InstrumentState.InstrumentStateManager'' ...[EOL]
[2026-09-30 06:30:07.928Z][CA][INF][Logger:Roche.Sting.Calculation.Host.Lifecycle.CalculationLifecycleProcessManager][Thread:21]Handling event 'InstrumentStateChanged' from IS with data OldState: 'Standby', NewState: 'Preparing', ProcessContext: 'ContextId: 'InstrumentState.InstrumentStateManager'' ...[EOL]
[2026-09-30 06:34:50.749Z][CA][INF][Logger:Roche.Sting.Calculation.Host.Lifecycle.CalculationLifecycleProcessManager][Thread:42]Handling event 'InstrumentStateChanged' from IS with data OldState: 'Preparing', NewState: 'Ready', ProcessContext: 'ContextId: 'InstrumentState.InstrumentStateManager'' ...[EOL]
[2026-09-30 08:53:19.835Z][CA][INF][Logger:Roche.Sting.Calculation.Host.Lifecycle.CalculationLifecycleProcessManager][Thread:42]Handling event 'InstrumentStateChanged' from IS with data OldState: 'Ready', NewState: 'Service', ProcessContext: 'ContextId: 'InstrumentState.InstrumentStateManager'' ...[EOL]
[2026-09-30 09:03:42.204Z][CA][INF][Logger:Roche.Sting.Calculation.Host.Lifecycle.CalculationLifecycleProcessManager][Thread:69]Handling event 'InstrumentStateChanged' from IS with data OldState: 'Service', NewState: 'ShuttingDown', ProcessContext: 'ContextId: 'InstrumentState.InstrumentStateManager'' ...[EOL]
[2026-09-30 09:03:42.204Z][CA][INF][Logger:Roche.Sting.Calculation.Host.Lifecycle.CalculationLifecycleProcessManager][Thread:69]CalculationLifecycleProcessManager StateMachine firing event 'ShuttingDown' ...[EOL]
[2026-09-30 09:03:42.205Z][CA][INF][Logger:Roche.Sting.Calculation.Host.Lifecycle.CalculationLifecycleProcessManager][Thread:69]Publishing unit lifecycle state event 'UnitStateChanged' with data UnitId: 'Roche.C5800.Calculation', OldState: 'Operational', NewState: 'ShuttingDown', ProcessContext: 'ContextId: 'Roche.C5800.Calculation'' ...[EOL]
[2026-09-30 09:03:42.206Z][CA][INF][Logger:Roche.Sting.Calculation.Host.Configuration.CalculationHostModule][Thread:69]On shutting down[EOL]
[2026-09-30 09:03:42.206Z][CA][INF][Logger:Roche.Sting.Calculation.Host.Configuration.CalculationHostModule][Thread:69]Going to shut down all IStartable's.[EOL]
[2026-09-30 09:03:42.207Z][CA][INF][Logger:Roche.Sting.Calculation.Host.Docker.DockerManager][Thread:69]Calling 'docker-compose down' to shutdown all runners and remove all images ...[EOL]
[2026-09-30 09:03:42.207Z][CA][INF][Logger:Roche.Sting.Calculation.Host.Docker.DockerCommandExecutor][Thread:69]Going to start Docker process by executing 'docker-compose' with args 'down --rmi all' ...[EOL]
[2026-09-30 09:03:42.639Z][CA][INF][Logger:Roche.Sting.Calculation.Host.Docker.DockerCommandExecutor][Thread:46]StdErr: Removing calculationrunner-x800mai_1.1.0         ... [EOL]
[2026-09-30 09:03:42.640Z][CA][INF][Logger:Roche.Sting.Calculation.Host.Docker.DockerCommandExecutor][Thread:45]StdErr: Removing calculationrunner-x800mtb-rif-inh_1.1.0 ... [EOL]
[2026-09-30 09:03:42.640Z][CA][INF][Logger:Roche.Sting.Calculation.Host.Docker.DockerCommandExecutor][Thread:45]StdErr: Removing calculationrunner-x800mtb_1.1.0         ... [EOL]
[2026-09-30 09:03:42.649Z][CA][INF][Logger:Roche.Sting.Calculation.Host.Docker.DockerCommandExecutor][Thread:45]StdErr: [2A[2K[EOL]
[2026-09-30 09:03:42.649Z][CA][INF][Logger:Roche.Sting.Calculation.Host.Docker.DockerCommandExecutor][Thread:45]StdErr: Removing calculationrunner-x800mtb-rif-inh_1.1.0 ... [32mdone[0m[EOL]
[2026-09-30 09:03:42.654Z][CA][INF][Logger:Roche.Sting.Calculation.Host.Docker.DockerCommandExecutor][Thread:45]StdErr: [2B[1A[2K[EOL]
[2026-09-30 09:03:42.654Z][CA][INF][Logger:Roche.Sting.Calculation.Host.Docker.DockerCommandExecutor][Thread:45]StdErr: Removing calculationrunner-x800mtb_1.1.0         ... [32mdone[0m[EOL]
[2026-09-30 09:03:42.654Z][CA][INF][Logger:Roche.Sting.Calculation.Host.Docker.DockerCommandExecutor][Thread:45]StdErr: [1B[3A[2K[EOL]
[2026-09-30 09:03:42.654Z][CA][INF][Logger:Roche.Sting.Calculation.Host.Docker.DockerCommandExecutor][Thread:45]StdErr: Removing calculationrunner-x800mai_1.1.0         ... [32mdone[0m[EOL]
[2026-09-30 09:03:42.655Z][CA][INF][Logger:Roche.Sting.Calculation.Host.Docker.DockerCommandExecutor][Thread:45]StdErr: [3BNetwork sting-network is external, skipping[EOL]
[2026-09-30 09:03:42.655Z][CA][INF][Logger:Roche.Sting.Calculation.Host.Docker.DockerCommandExecutor][Thread:45]StdErr: Removing image calculationrunner-x800mtb-rif-inh_1.1.0[EOL]
[2026-09-30 09:03:42.669Z][CA][INF][Logger:Roche.Sting.Calculation.Host.Docker.DockerCommandExecutor][Thread:45]StdErr: Removing image calculationrunner-x800mtb_1.1.0[EOL]
[2026-09-30 09:03:42.684Z][CA][INF][Logger:Roche.Sting.Calculation.Host.Docker.DockerCommandExecutor][Thread:49]StdErr: Removing image calculationrunner-x800mai_1.1.0[EOL]
[2026-09-30 09:03:42.729Z][CA][INF][Logger:Roche.Sting.Calculation.Host.Docker.DockerCommandExecutor][Thread:18]StdOut: [EOL]
[2026-09-30 09:03:42.729Z][CA][INF][Logger:Roche.Sting.Calculation.Host.Docker.DockerCommandExecutor][Thread:49]StdErr: [EOL]
[2026-09-30 09:03:42.729Z][CA][INF][Logger:Roche.Sting.Calculation.Host.Docker.DockerCommandExecutor][Thread:69]Successfully executed 'docker-compose' with args 'down --rmi all'[EOL]
[2026-09-30 09:03:42.730Z][CA][INF][Logger:Roche.Sting.Calculation.Host.Configuration.CalculationHostModule][Thread:69]Shutting down submodule 'CalculationHostModule' ...[EOL]
[2026-09-30 09:03:42.730Z][CA][INF][Logger:Roche.Sting.Calculation.Host.RunnerManagement.RunnerManagementModule][Thread:69]Shutting down submodule 'RunnerManagementModule' ...[EOL]
[2026-09-30 09:03:42.731Z][CA][INF][Logger:Roche.Sting.Calculation.Host.RunnerManagement.RunnerManagementModule][Thread:69]'RunnerManagementModule' submodule successfully shut down[EOL]
[2026-09-30 09:03:42.731Z][CA][INF][Logger:Roche.Sting.Calculation.Host.Docker.DockerModule][Thread:69]Shutting down submodule 'DockerModule' ...[EOL]
[2026-09-30 09:03:42.731Z][CA][INF][Logger:Roche.Sting.Calculation.Host.Docker.DockerModule][Thread:69]'DockerModule' submodule successfully shut down[EOL]
[2026-09-30 09:03:42.731Z][CA][INF][Logger:Roche.Sting.Calculation.Host.Configuration.CalculationHostModule][Thread:69]'CalculationHostModule' submodule successfully shut down[EOL]
[2026-09-30 09:03:42.731Z][CA][INF][Logger:Roche.Sting.Calculation.Host.Lifecycle.CalculationLifecycleProcessManager][Thread:69]CalculationLifecycleProcessManager StateMachine changed from state 'Operational' to 'ShuttingDown'[EOL]
[2026-09-30 09:03:42.731Z][CA][INF][Logger:Roche.Sting.Calculation.Host.Lifecycle.CalculationLifecycleProcessManager][Thread:69]State machine transited to state 'ShuttingDown'[EOL]
[2026-09-30 09:03:42.731Z][CA][INF][Logger:Roche.Sting.Calculation.Host.Lifecycle.CalculationLifecycleProcessManager][Thread:69]CalculationLifecycleProcessManager StateMachine firing event 'ShutDown' ...[EOL]
[2026-09-30 09:03:42.731Z][CA][INF][Logger:Roche.Sting.Calculation.Host.Lifecycle.CalculationLifecycleProcessManager][Thread:69]Publishing unit lifecycle state event 'UnitStateChanged' with data UnitId: 'Roche.C5800.Calculation', OldState: 'ShuttingDown', NewState: 'ShutDown', ProcessContext: 'ContextId: 'Roche.C5800.Calculation'' ...[EOL]
[2026-09-30 09:03:42.742Z][CA][INF][Logger:Roche.Sting.Calculation.Host.Configuration.CalculationHostModule][Thread:69]On shutdown finished[EOL]
[2026-09-30 09:03:42.742Z][CA][INF][Logger:Roche.Sting.Calculation.Host.Lifecycle.CalculationLifecycleProcessManager][Thread:69]CalculationLifecycleProcessManager StateMachine changed from state 'ShuttingDown' to 'ShutDown'[EOL]
[2026-09-30 09:03:42.742Z][CA][INF][Logger:Roche.Sting.Calculation.Host.Lifecycle.CalculationLifecycleProcessManager][Thread:69]State machine transited to state 'ShutDown'[EOL]
[2026-09-30 09:03:42.743Z][CA][INF][Logger:Roche.Sting.Calculation.Host.Program][Thread:7]Unit 'CalculationHost' is shut down[EOL]
[2026-09-30 09:03:42.743Z][CA][INF][Logger:Roche.Sting.Calculation.Host.Lifecycle.CalculationLifecycleProcessManager][Thread:69]CalculationLifecycleProcessManager StateMachine stopped ...[EOL]
[2026-09-30 09:03:42.743Z][CA][INF][Logger:Roche.Sting.Calculation.Host.Bootstrapper][Thread:7]Disposing bootstrapper[EOL]
[2026-09-30 09:03:42.744Z][CA][INF][Logger:Roche.X800.PerformanceMonitoring.PerformanceCounterListener][Thread:7]Shutting down instance ...[EOL]
[2026-09-30 09:03:42.744Z][CA][INF][Logger:Roche.X800.PerformanceMonitoring.EchoSender][Thread:7]Shutting down instance ...[EOL]
[2026-09-30 09:03:42.750Z][CA][INF][Logger:Roche.Sting.Calculation.Host.Program][Thread:7]Going to shut down Logging module.[EOL]
[2026-09-30 09:04:44.409Z][CA][INF][Logger:Roche.Sting.Calculation.Host.Bootstrapper][Thread:1]Configuring unit 'CalculationHost' with version '1.12.1+1043991.d0066b4724a26a9b758cbbf2b6187421343718b4' ...[EOL]
[2026-09-30 09:04:44.687Z][CA][INF][Logger:Roche.Dia.Messaging.RabbitMQ.RabbitMQClient][Thread:1]Initializing Messagebus(SystemMessageBus) ...[EOL]
[2026-09-30 09:04:50.390Z][CA][INF][Logger:Roche.Sting.Calculation.Host.Lifecycle.Configuration.ExceptionHandlingModule][Thread:1]Configuring 'ExceptionHandlingModule' ...[EOL]
[2026-09-30 09:04:50.418Z][CA][INF][Logger:Roche.X800.TestDefinitionData.TestDefinitionDataConfigurator][Thread:1]Configuring 'TestDefinitionDataConfigurator' ...[EOL]
[2026-09-30 09:04:50.418Z][CA][INF][Logger:Roche.X800.TestDefinitionData.TestDefinitionDataConfigurator][Thread:1]'TestDefinitionDataConfigurator' configured[EOL]
[2026-09-30 09:04:50.419Z][CA][INF][Logger:Roche.X800.TestDefinitionData.Instrument.TestDefinitionDataInstrumentConfigurator][Thread:1]Configuring 'TestDefinitionDataInstrumentConfigurator' ...[EOL]
[2026-09-30 09:04:50.425Z][CA][INF][Logger:Roche.X800.TestDefinitionData.Instrument.TestDefinitionDataInstrumentConfigurator][Thread:1]'TestDefinitionDataInstrumentConfigurator' configured[EOL]
[2026-09-30 09:04:50.425Z][CA][INF][Logger:Roche.X800.TestDefinitionData.Calculation.TestDefinitionDataCalculationConfigurator][Thread:1]Configuring 'TestDefinitionDataCalculationConfigurator' ...[EOL]
[2026-09-30 09:04:50.427Z][CA][INF][Logger:Roche.X800.TestDefinitionData.Calculation.TestDefinitionDataCalculationConfigurator][Thread:1]'TestDefinitionDataCalculationConfigurator' configured[EOL]
[2026-09-30 09:04:50.428Z][CA][INF][Logger:Roche.Sting.Calculation.Host.Configuration.CalculationHostModule][Thread:1]Configuring module 'CalculationHostModule' ...[EOL]
[2026-09-30 09:04:50.429Z][CA][INF][Logger:Roche.Sting.Calculation.Host.Configuration.CalculationHostModule][Thread:1]Configuring submodules of 'CalculationHostModule' ...[EOL]
[2026-09-30 09:04:50.431Z][CA][INF][Logger:Roche.Sting.Calculation.Host.Docker.DockerModule][Thread:1]Configuring submodules of 'DockerModule' ...[EOL]
[2026-09-30 09:04:50.431Z][CA][INF][Logger:Roche.Sting.Calculation.Host.Docker.DockerModule][Thread:1]Submodules of 'DockerModule' successfully configured[EOL]
[2026-09-30 09:04:50.433Z][CA][INF][Logger:Roche.Sting.Calculation.Host.RunnerManagement.RunnerManagementModule][Thread:1]Configuring submodules of 'RunnerManagementModule' ...[EOL]
[2026-09-30 09:04:50.433Z][CA][INF][Logger:Roche.Sting.Calculation.Host.RunnerManagement.RunnerManagementModule][Thread:1]Submodules of 'RunnerManagementModule' successfully configured[EOL]
[2026-09-30 09:04:50.434Z][CA][INF][Logger:Roche.Sting.Calculation.Host.Configuration.CalculationHostModule][Thread:1]Submodules of 'CalculationHostModule' successfully configured[EOL]
[2026-09-30 09:04:50.434Z][CA][INF][Logger:Roche.Sting.Calculation.Host.Configuration.CalculationHostModule][Thread:1]'CalculationHostModule' module successfully configured[EOL]
[2026-09-30 09:04:50.437Z][CA][INF][Logger:Roche.Sting.Calculation.Host.Lifecycle.Lifecycle][Thread:1]Configuring 'Lifecycle' ...[EOL]
[2026-09-30 09:04:50.437Z][CA][INF][Logger:Roche.Sting.Calculation.Host.Lifecycle.Lifecycle][Thread:1]'Lifecycle' successfully configured[EOL]
[2026-09-30 09:04:50.438Z][CA][INF][Logger:Roche.Sting.Calculation.Host.Bootstrapper][Thread:1]Starting unit 'CalculationHost' with version '1.12.1+1043991.d0066b4724a26a9b758cbbf2b6187421343718b4' ...[EOL]
[2026-09-30 09:04:50.445Z][CA][INF][Logger:Roche.X800.PerformanceMonitoring.PerformanceCounterListener][Thread:1]Configured instance with 'enabled=True intervalSeconds=30 counters=[System.Runtime.cpu-usage, System.Runtime.working-set, System.Runtime.gc-heap-size, System.Runtime.gc-fragmentation, System.Runtime.alloc-rate, System.Runtime.time-in-gc, System.Runtime.threadpool-queue-length, System.Runtime.threadpool-completed-items-count, System.Runtime.monitor-lock-contention-count, System.Runtime.active-timer-count, System.Runtime.exception-count]'[EOL]
[2026-09-30 09:04:50.446Z][CA][INF][Logger:Roche.X800.PerformanceMonitoring.PerformanceCounterListener][Thread:1]Starting up instance ...[EOL]
[2026-09-30 09:04:50.447Z][CA][INF][Logger:Roche.X800.PerformanceMonitoring.PerformanceCounterListener][Thread:1]Enabling counters of 'System.Runtime' ...[EOL]
[2026-09-30 09:04:50.452Z][CA][INF][Logger:Roche.X800.PerformanceMonitoring.EchoSender][Thread:1]Configured instance with 'unit=Roche.C5800.Calculation'[EOL]
[2026-09-30 09:04:50.452Z][CA][INF][Logger:Roche.X800.PerformanceMonitoring.EchoSender][Thread:1]Starting up instance ...[EOL]
[2026-09-30 09:04:50.471Z][CA][INF][Logger:Roche.Sting.Calculation.Host.Lifecycle.Lifecycle][Thread:1]Starting up 'Lifecycle' ...[EOL]
[2026-09-30 09:04:50.570Z][CA][INF][Logger:Roche.Dia.Messaging.RabbitMQ.RabbitMQClient][Thread:1]Start receiving messages for SystemMessageBus ...[EOL]
[2026-09-30 09:04:50.582Z][CA][INF][Logger:Roche.Sting.Calculation.Host.Lifecycle.CalculationLifecycleProcessManager][Thread:1]CalculationLifecycleProcessManager StateMachine started ...[EOL]
[2026-09-30 09:04:50.583Z][CA][INF][Logger:Roche.Sting.Calculation.Host.Lifecycle.Lifecycle][Thread:1]'Lifecycle' successfully started[EOL]
[2026-09-30 09:04:50.591Z][CA][INF][Logger:Roche.Sting.Calculation.Host.Program][Thread:1]Unit 'CalculationHost' successfully started[EOL]
[2026-09-30 09:04:50.620Z][CA][INF][Logger:Roche.Sting.Calculation.Host.Lifecycle.Configuration.ExceptionHandlingModule][Thread:8]Starting up 'ExceptionHandlingModule' ...[EOL]
[2026-09-30 09:04:50.650Z][CA][INF][Logger:Roche.Sting.Calculation.Host.Lifecycle.CalculationLifecycleProcessManager][Thread:8]CalculationLifecycleProcessManager StateMachine changed from state '<null>' to 'Initial'[EOL]
[2026-09-30 09:04:50.672Z][CA][INF][Logger:Roche.Sting.Calculation.Host.Lifecycle.CalculationLifecycleProcessManager][Thread:8]CalculationLifecycleProcessManager StateMachine firing event 'Configured' ...[EOL]
[2026-09-30 09:04:50.703Z][CA][INF][Logger:Roche.Sting.Calculation.Host.Lifecycle.CalculationLifecycleProcessManager][Thread:8]Publishing unit lifecycle state event 'UnitStateChanged' with data UnitId: 'Roche.C5800.Calculation', OldState: 'Initial', NewState: 'Configured', ProcessContext: 'ContextId: 'Roche.C5800.Calculation'' ...[EOL]
[2026-09-30 09:04:50.958Z][CA][INF][Logger:Roche.Sting.Calculation.Host.Lifecycle.CalculationLifecycleProcessManager][Thread:8]CalculationLifecycleProcessManager StateMachine changed from state 'Initial' to 'Configured'[EOL]
[2026-09-30 09:04:50.959Z][CA][INF][Logger:Roche.Sting.Calculation.Host.Lifecycle.CalculationLifecycleProcessManager][Thread:8]State machine transited to state 'Configured'[EOL]
[2026-09-30 09:04:51.534Z][CA][INF][Logger:Roche.Sting.Calculation.Host.Lifecycle.CalculationLifecycleProcessManager][Thread:8]Handling event 'InstrumentStateChanged' from IS with data OldState: 'PoweredOff', NewState: 'PoweredOff', ProcessContext: 'ContextId: 'InstrumentState.InstrumentStateManager'' ...[EOL]
[2026-09-30 09:04:53.541Z][CA][INF][Logger:Roche.Sting.Calculation.Host.Lifecycle.CalculationLifecycleProcessManager][Thread:8]Handling event 'InstrumentStateChanged' from IS with data OldState: 'PoweredOff', NewState: 'StartingUp', ProcessContext: 'ContextId: 'InstrumentState.InstrumentStateManager'' ...[EOL]
[2026-09-30 09:04:53.548Z][CA][INF][Logger:Roche.Sting.Calculation.Host.Lifecycle.CalculationLifecycleProcessManager][Thread:9]CalculationLifecycleProcessManager StateMachine firing event 'Startup' ...[EOL]
[2026-09-30 09:04:53.548Z][CA][INF][Logger:Roche.Sting.Calculation.Host.Lifecycle.CalculationLifecycleProcessManager][Thread:9]Publishing unit lifecycle state event 'UnitStateChanged' with data UnitId: 'Roche.C5800.Calculation', OldState: 'Configured', NewState: 'StartingUp', ProcessContext: 'ContextId: 'Roche.C5800.Calculation'' ...[EOL]
[2026-09-30 09:04:53.548Z][CA][INF][Logger:Roche.Sting.Calculation.Host.Lifecycle.TestDefinitionDataSynchronizer][Thread:9]Synchronizing test definition data ...[EOL]
[2026-09-30 09:04:54.703Z][CA][INF][Logger:Roche.Sting.Calculation.Host.Lifecycle.TestDefinitionDataSynchronizer][Thread:4]Handling event 'TestDefinitionDataUpdated' from IF with data <none> ...[EOL]
[2026-09-30 09:04:54.703Z][CA][INF][Logger:Roche.Sting.Calculation.Host.Lifecycle.TestDefinitionDataSynchronizer][Thread:9]Test definition data successfully synchronized[EOL]
[2026-09-30 09:04:54.704Z][CA][INF][Logger:Roche.X800.TestDefinitionData.Instrument.TestDefinitionDataInstrumentConfigurator][Thread:9]Loading TestDefinitionData.Instrument from repositories ...[EOL]
[2026-09-30 09:04:54.727Z][CA][INF][Logger:Roche.X800.TestDefinitionData.Repository<Roche.X800.TestDefinitionData.Instrument.PipettingParameterFiles.PipettingParameterFile>][Thread:9]Loading 'PipettingParameterFile_c3891a67-1bd2-48b4-adb4-c27fdfc418d8.xml' ...[EOL]
[2026-09-30 09:04:54.738Z][CA][INF][Logger:Roche.X800.TestDefinitionData.Repository<Roche.X800.TestDefinitionData.Instrument.PipettingParameterFiles.PipettingParameterFile>][Thread:9]Loading 'PipettingParameterFile_c3891a67-1bd2-48b4-adb4-c27fdfc418d8.xml' completed[EOL]
[2026-09-30 09:04:54.739Z][CA][INF][Logger:Roche.X800.TestDefinitionData.Repository<Roche.X800.TestDefinitionData.Instrument.PipettingParameterFiles.PipettingParameterFile>][Thread:9]Loading 'PipettingParameterFile_7035c72f-1e11-4571-9b72-f5e855b36f92.xml' ...[EOL]
[2026-09-30 09:04:54.739Z][CA][INF][Logger:Roche.X800.TestDefinitionData.Repository<Roche.X800.TestDefinitionData.Instrument.PipettingParameterFiles.PipettingParameterFile>][Thread:9]Loading 'PipettingParameterFile_7035c72f-1e11-4571-9b72-f5e855b36f92.xml' completed[EOL]
[2026-09-30 09:04:54.740Z][CA][INF][Logger:Roche.X800.TestDefinitionData.Repository<Roche.X800.TestDefinitionData.Instrument.PipettingParameterFiles.PipettingParameterFile>][Thread:9]Loading 'PipettingParameterFile_6538724d-1f36-43e2-bd8d-52bca4738b3f.xml' ...[EOL]
[2026-09-30 09:04:54.740Z][CA][INF][Logger:Roche.X800.TestDefinitionData.Repository<Roche.X800.TestDefinitionData.Instrument.PipettingParameterFiles.PipettingParameterFile>][Thread:9]Loading 'PipettingParameterFile_6538724d-1f36-43e2-bd8d-52bca4738b3f.xml' completed[EOL]
[2026-09-30 09:04:54.740Z][CA][INF][Logger:Roche.X800.TestDefinitionData.Repository<Roche.X800.TestDefinitionData.Instrument.PipettingParameterFiles.PipettingParameterFile>][Thread:9]Loading 'PipettingParameterFile_95115586-3c2d-4166-9fe7-afca6753a753.xml' ...[EOL]
[2026-09-30 09:04:54.740Z][CA][INF][Logger:Roche.X800.TestDefinitionData.Repository<Roche.X800.TestDefinitionData.Instrument.PipettingParameterFiles.PipettingParameterFile>][Thread:9]Loading 'PipettingParameterFile_95115586-3c2d-4166-9fe7-afca6753a753.xml' completed[EOL]
[2026-09-30 09:04:54.740Z][CA][INF][Logger:Roche.X800.TestDefinitionData.Repository<Roche.X800.TestDefinitionData.Instrument.PipettingParameterFiles.PipettingParameterFile>][Thread:9]Loading 'PipettingParameterFile_cee04257-7a87-48bc-b9e3-3b58c5af1d31.xml' ...[EOL]
[2026-09-30 09:04:54.741Z][CA][INF][Logger:Roche.X800.TestDefinitionData.Repository<Roche.X800.TestDefinitionData.Instrument.PipettingParameterFiles.PipettingParameterFile>][Thread:9]Loading 'PipettingParameterFile_cee04257-7a87-48bc-b9e3-3b58c5af1d31.xml' completed[EOL]
[2026-09-30 09:04:54.741Z][CA][INF][Logger:Roche.X800.TestDefinitionData.Repository<Roche.X800.TestDefinitionData.Instrument.PipettingParameterFiles.PipettingParameterFile>][Thread:9]Loading 'PipettingParameterFile_d49e8732-2028-4264-918f-c520278f02f6.xml' ...[EOL]
[2026-09-30 09:04:54.741Z][CA][INF][Logger:Roche.X800.TestDefinitionData.Repository<Roche.X800.TestDefinitionData.Instrument.PipettingParameterFiles.PipettingParameterFile>][Thread:9]Loading 'PipettingParameterFile_d49e8732-2028-4264-918f-c520278f02f6.xml' completed[EOL]
[2026-09-30 09:04:54.741Z][CA][INF][Logger:Roche.X800.TestDefinitionData.Repository<Roche.X800.TestDefinitionData.Instrument.PipettingParameterFiles.PipettingParameterFile>][Thread:9]Loading 'PipettingParameterFile_5ba50fc9-bbbd-4dee-ab3e-d98540d8d925.xml' ...[EOL]
[2026-09-30 09:04:54.741Z][CA][INF][Logger:Roche.X800.TestDefinitionData.Repository<Roche.X800.TestDefinitionData.Instrument.PipettingParameterFiles.PipettingParameterFile>][Thread:9]Loading 'PipettingParameterFile_5ba50fc9-bbbd-4dee-ab3e-d98540d8d925.xml' completed[EOL]
[2026-09-30 09:04:54.741Z][CA][INF][Logger:Roche.X800.TestDefinitionData.Repository<Roche.X800.TestDefinitionData.Instrument.PipettingParameterFiles.PipettingParameterFile>][Thread:9]Loading 'PipettingParameterFile_49ba4bd0-b7eb-4332-a6e6-a5dcaf8046ee.xml' ...[EOL]
[2026-09-30 09:04:54.742Z][CA][INF][Logger:Roche.X800.TestDefinitionData.Repository<Roche.X800.TestDefinitionData.Instrument.PipettingParameterFiles.PipettingParameterFile>][Thread:9]Loading 'PipettingParameterFile_49ba4bd0-b7eb-4332-a6e6-a5dcaf8046ee.xml' completed[EOL]
[2026-09-30 09:04:54.742Z][CA][INF][Logger:Roche.X800.TestDefinitionData.Repository<Roche.X800.TestDefinitionData.Instrument.PipettingParameterFiles.PipettingParameterFile>][Thread:9]Loading 'PipettingParameterFile_8fb9fb21-1537-44bb-912c-62d9a3df9ed7.xml' ...[EOL]
[2026-09-30 09:04:54.742Z][CA][INF][Logger:Roche.X800.TestDefinitionData.Repository<Roche.X800.TestDefinitionData.Instrument.PipettingParameterFiles.PipettingParameterFile>][Thread:9]Loading 'PipettingParameterFile_8fb9fb21-1537-44bb-912c-62d9a3df9ed7.xml' completed[EOL]
[2026-09-30 09:04:54.742Z][CA][INF][Logger:Roche.X800.TestDefinitionData.Repository<Roche.X800.TestDefinitionData.Instrument.PipettingParameterFiles.PipettingParameterFile>][Thread:9]Loading 'PipettingParameterFile_7068762c-0ed7-4e5b-890f-f75c04a8211a.xml' ...[EOL]
[2026-09-30 09:04:54.743Z][CA][INF][Logger:Roche.X800.TestDefinitionData.Repository<Roche.X800.TestDefinitionData.Instrument.PipettingParameterFiles.PipettingParameterFile>][Thread:9]Loading 'PipettingParameterFile_7068762c-0ed7-4e5b-890f-f75c04a8211a.xml' completed[EOL]
[2026-09-30 09:04:54.743Z][CA][INF][Logger:Roche.X800.TestDefinitionData.Repository<Roche.X800.TestDefinitionData.Instrument.PipettingParameterFiles.PipettingParameterFile>][Thread:9]Loading 'PipettingParameterFile_0d580f62-fa68-440e-9ab6-c1e41dd638ce.xml' ...[EOL]
[2026-09-30 09:04:54.743Z][CA][INF][Logger:Roche.X800.TestDefinitionData.Repository<Roche.X800.TestDefinitionData.Instrument.PipettingParameterFiles.PipettingParameterFile>][Thread:9]Loading 'PipettingParameterFile_0d580f62-fa68-440e-9ab6-c1e41dd638ce.xml' completed[EOL]
[2026-09-30 09:04:54.743Z][CA][INF][Logger:Roche.X800.TestDefinitionData.Repository<Roche.X800.TestDefinitionData.Instrument.PipettingParameterFiles.PipettingParameterFile>][Thread:9]Loading 'PipettingParameterFile_922aff24-f7a7-4173-a432-c3af23b4e421.xml' ...[EOL]
[2026-09-30 09:04:54.744Z][CA][INF][Logger:Roche.X800.TestDefinitionData.Repository<Roche.X800.TestDefinitionData.Instrument.PipettingParameterFiles.PipettingParameterFile>][Thread:9]Loading 'PipettingParameterFile_922aff24-f7a7-4173-a432-c3af23b4e421.xml' completed[EOL]
[2026-09-30 09:04:54.744Z][CA][INF][Logger:Roche.X800.TestDefinitionData.Repository<Roche.X800.TestDefinitionData.Instrument.PipettingParameterFiles.PipettingParameterFile>][Thread:9]Loading 'PipettingParameterFile_ffca514a-9a82-4123-aacc-1de91c8b16fb.xml' ...[EOL]
[2026-09-30 09:04:54.745Z][CA][INF][Logger:Roche.X800.TestDefinitionData.Repository<Roche.X800.TestDefinitionData.Instrument.PipettingParameterFiles.PipettingParameterFile>][Thread:9]Loading 'PipettingParameterFile_ffca514a-9a82-4123-aacc-1de91c8b16fb.xml' completed[EOL]
[2026-09-30 09:04:54.749Z][CA][INF][Logger:Roche.X800.TestDefinitionData.Repository<Roche.X800.TestDefinitionData.Instrument.MediaTypes.MediaType>][Thread:9]Loading 'ControlSet_e006de7b-3ad7-4fe2-b3b2-3881ac6af094.xml' ...[EOL]
[2026-09-30 09:04:54.801Z][CA][INF][Logger:Roche.X800.TestDefinitionData.Repository<Roche.X800.TestDefinitionData.Instrument.MediaTypes.MediaType>][Thread:9]Loading 'ControlSet_e006de7b-3ad7-4fe2-b3b2-3881ac6af094.xml' completed[EOL]
[2026-09-30 09:04:54.801Z][CA][INF][Logger:Roche.X800.TestDefinitionData.Repository<Roche.X800.TestDefinitionData.Instrument.MediaTypes.MediaType>][Thread:9]Loading 'ControlSet_54da66c7-e44d-4a20-ac86-b50071b6a5e3.xml' ...[EOL]
[2026-09-30 09:04:54.801Z][CA][INF][Logger:Roche.X800.TestDefinitionData.Repository<Roche.X800.TestDefinitionData.Instrument.MediaTypes.MediaType>][Thread:9]Loading 'ControlSet_54da66c7-e44d-4a20-ac86-b50071b6a5e3.xml' completed[EOL]
[2026-09-30 09:04:54.801Z][CA][INF][Logger:Roche.X800.TestDefinitionData.Repository<Roche.X800.TestDefinitionData.Instrument.MediaTypes.MediaType>][Thread:9]Loading 'SampleMediaType_5f3e568b-bb3d-4df5-aaf5-ec6906868bc5.xml' ...[EOL]
[2026-09-30 09:04:54.808Z][CA][INF][Logger:Roche.X800.TestDefinitionData.Repository<Roche.X800.TestDefinitionData.Instrument.MediaTypes.MediaType>][Thread:9]Loading 'SampleMediaType_5f3e568b-bb3d-4df5-aaf5-ec6906868bc5.xml' completed[EOL]
[2026-09-30 09:04:54.808Z][CA][INF][Logger:Roche.X800.TestDefinitionData.Repository<Roche.X800.TestDefinitionData.Instrument.MediaTypes.MediaType>][Thread:9]Loading 'SampleMediaType_a6808204-e341-41a5-9f43-4e980828e05b.xml' ...[EOL]
[2026-09-30 09:04:54.809Z][CA][INF][Logger:Roche.X800.TestDefinitionData.Repository<Roche.X800.TestDefinitionData.Instrument.MediaTypes.MediaType>][Thread:9]Loading 'SampleMediaType_a6808204-e341-41a5-9f43-4e980828e05b.xml' completed[EOL]
[2026-09-30 09:04:54.809Z][CA][INF][Logger:Roche.X800.TestDefinitionData.Repository<Roche.X800.TestDefinitionData.Instrument.MediaTypes.MediaType>][Thread:9]Loading 'ControlSet_ba3ed81e-fe35-4186-9cd1-cc8034c3faf5.xml' ...[EOL]
[2026-09-30 09:04:54.809Z][CA][INF][Logger:Roche.X800.TestDefinitionData.Repository<Roche.X800.TestDefinitionData.Instrument.MediaTypes.MediaType>][Thread:9]Loading 'ControlSet_ba3ed81e-fe35-4186-9cd1-cc8034c3faf5.xml' completed[EOL]
[2026-09-30 09:04:54.809Z][CA][INF][Logger:Roche.X800.TestDefinitionData.Repository<Roche.X800.TestDefinitionData.Instrument.MediaTypes.MediaType>][Thread:9]Loading 'ControlSet_96d75535-2a56-4d70-91a7-83d84e9efe0e.xml' ...[EOL]
[2026-09-30 09:04:54.809Z][CA][INF][Logger:Roche.X800.TestDefinitionData.Repository<Roche.X800.TestDefinitionData.Instrument.MediaTypes.MediaType>][Thread:9]Loading 'ControlSet_96d75535-2a56-4d70-91a7-83d84e9efe0e.xml' completed[EOL]
[2026-09-30 09:04:54.814Z][CA][INF][Logger:Roche.X800.TestDefinitionData.Repository<Roche.X800.TestDefinitionData.Instrument.Processes.PcrProcesses.PcrProcess>][Thread:9]Loading 'PcrProcess_d549cab0-683a-479c-bb45-4bd33b143ab3.xml' ...[EOL]
[2026-09-30 09:04:54.917Z][CA][INF][Logger:Roche.X800.TestDefinitionData.Repository<Roche.X800.TestDefinitionData.Instrument.Processes.PcrProcesses.PcrProcess>][Thread:9]Loading 'PcrProcess_d549cab0-683a-479c-bb45-4bd33b143ab3.xml' completed[EOL]
[2026-09-30 09:04:54.919Z][CA][INF][Logger:Roche.X800.TestDefinitionData.Repository<Roche.X800.TestDefinitionData.Instrument.Reagents.ReagentCarrier>][Thread:9]Loading 'ReagentCarrier_c88786eb-7ef0-4386-87a9-f58a8b230817.xml' ...[EOL]
[2026-09-30 09:04:54.934Z][CA][INF][Logger:Roche.X800.TestDefinitionData.Repository<Roche.X800.TestDefinitionData.Instrument.Reagents.ReagentCarrier>][Thread:9]Loading 'ReagentCarrier_c88786eb-7ef0-4386-87a9-f58a8b230817.xml' completed[EOL]
[2026-09-30 09:04:54.934Z][CA][INF][Logger:Roche.X800.TestDefinitionData.Repository<Roche.X800.TestDefinitionData.Instrument.Reagents.ReagentCarrier>][Thread:9]Loading 'ReagentCarrier_43fceed0-664a-49f5-803e-b312f177bf87.xml' ...[EOL]
[2026-09-30 09:04:54.935Z][CA][INF][Logger:Roche.X800.TestDefinitionData.Repository<Roche.X800.TestDefinitionData.Instrument.Reagents.ReagentCarrier>][Thread:9]Loading 'ReagentCarrier_43fceed0-664a-49f5-803e-b312f177bf87.xml' completed[EOL]
[2026-09-30 09:04:54.935Z][CA][INF][Logger:Roche.X800.TestDefinitionData.Repository<Roche.X800.TestDefinitionData.Instrument.Reagents.ReagentCarrier>][Thread:9]Loading 'ReagentCarrier_03a44939-f61a-4fb3-9ad3-b336bc2fc6e5.xml' ...[EOL]
[2026-09-30 09:04:54.935Z][CA][INF][Logger:Roche.X800.TestDefinitionData.Repository<Roche.X800.TestDefinitionData.Instrument.Reagents.ReagentCarrier>][Thread:9]Loading 'ReagentCarrier_03a44939-f61a-4fb3-9ad3-b336bc2fc6e5.xml' completed[EOL]
[2026-09-30 09:04:54.935Z][CA][INF][Logger:Roche.X800.TestDefinitionData.Repository<Roche.X800.TestDefinitionData.Instrument.Reagents.ReagentCarrier>][Thread:9]Loading 'ReagentCarrier_5c988d23-f806-42d4-878e-bf9c4022cec4.xml' ...[EOL]
[2026-09-30 09:04:54.936Z][CA][INF][Logger:Roche.X800.TestDefinitionData.Repository<Roche.X800.TestDefinitionData.Instrument.Reagents.ReagentCarrier>][Thread:9]Loading 'ReagentCarrier_5c988d23-f806-42d4-878e-bf9c4022cec4.xml' completed[EOL]
[2026-09-30 09:04:54.936Z][CA][INF][Logger:Roche.X800.TestDefinitionData.Repository<Roche.X800.TestDefinitionData.Instrument.Reagents.ReagentCarrier>][Thread:9]Loading 'ReagentCarrier_4c5cb5ff-afa2-4c19-96a0-970cdf4b3d7c.xml' ...[EOL]
[2026-09-30 09:04:54.936Z][CA][INF][Logger:Roche.X800.TestDefinitionData.Repository<Roche.X800.TestDefinitionData.Instrument.Reagents.ReagentCarrier>][Thread:9]Loading 'ReagentCarrier_4c5cb5ff-afa2-4c19-96a0-970cdf4b3d7c.xml' completed[EOL]
[2026-09-30 09:04:54.936Z][CA][INF][Logger:Roche.X800.TestDefinitionData.Repository<Roche.X800.TestDefinitionData.Instrument.Reagents.ReagentCarrier>][Thread:9]Loading 'ReagentCarrier_9008167a-e346-4ede-886e-c34dba846ad0.xml' ...[EOL]
[2026-09-30 09:04:54.937Z][CA][INF][Logger:Roche.X800.TestDefinitionData.Repository<Roche.X800.TestDefinitionData.Instrument.Reagents.ReagentCarrier>][Thread:9]Loading 'ReagentCarrier_9008167a-e346-4ede-886e-c34dba846ad0.xml' completed[EOL]
[2026-09-30 09:04:54.939Z][CA][INF][Logger:Roche.X800.TestDefinitionData.Repository<Roche.X800.TestDefinitionData.Instrument.Processes.TransferProcesses.TransferProcess>][Thread:9]Loading 'TransferProcess_e006de7b-3ad7-4fe2-b3b2-3881ac6af094.xml' ...[EOL]
[2026-09-30 09:04:54.959Z][CA][INF][Logger:Roche.X800.TestDefinitionData.Repository<Roche.X800.TestDefinitionData.Instrument.Processes.TransferProcesses.TransferProcess>][Thread:9]Loading 'TransferProcess_e006de7b-3ad7-4fe2-b3b2-3881ac6af094.xml' completed[EOL]
[2026-09-30 09:04:54.959Z][CA][INF][Logger:Roche.X800.TestDefinitionData.Repository<Roche.X800.TestDefinitionData.Instrument.Processes.TransferProcesses.TransferProcess>][Thread:9]Loading 'TransferProcess_54da66c7-e44d-4a20-ac86-b50071b6a5e3.xml' ...[EOL]
[2026-09-30 09:04:54.960Z][CA][INF][Logger:Roche.X800.TestDefinitionData.Repository<Roche.X800.TestDefinitionData.Instrument.Processes.TransferProcesses.TransferProcess>][Thread:9]Loading 'TransferProcess_54da66c7-e44d-4a20-ac86-b50071b6a5e3.xml' completed[EOL]
[2026-09-30 09:04:54.960Z][CA][INF][Logger:Roche.X800.TestDefinitionData.Repository<Roche.X800.TestDefinitionData.Instrument.Processes.TransferProcesses.TransferProcess>][Thread:9]Loading 'TransferProcess_ed01eb86-023e-4d38-996c-173811b446b7.xml' ...[EOL]
[2026-09-30 09:04:54.961Z][CA][INF][Logger:Roche.X800.TestDefinitionData.Repository<Roche.X800.TestDefinitionData.Instrument.Processes.TransferProcesses.TransferProcess>][Thread:9]Loading 'TransferProcess_ed01eb86-023e-4d38-996c-173811b446b7.xml' completed[EOL]
[2026-09-30 09:04:54.961Z][CA][INF][Logger:Roche.X800.TestDefinitionData.Repository<Roche.X800.TestDefinitionData.Instrument.Processes.TransferProcesses.TransferProcess>][Thread:9]Loading 'TransferProcess_d8cfa2f3-16f8-4a15-83fc-1e57c06ad665.xml' ...[EOL]
[2026-09-30 09:04:54.961Z][CA][INF][Logger:Roche.X800.TestDefinitionData.Repository<Roche.X800.TestDefinitionData.Instrument.Processes.TransferProcesses.TransferProcess>][Thread:9]Loading 'TransferProcess_d8cfa2f3-16f8-4a15-83fc-1e57c06ad665.xml' completed[EOL]
[2026-09-30 09:04:54.961Z][CA][INF][Logger:Roche.X800.TestDefinitionData.Repository<Roche.X800.TestDefinitionData.Instrument.Processes.TransferProcesses.TransferProcess>][Thread:9]Loading 'TransferProcess_ba3ed81e-fe35-4186-9cd1-cc8034c3faf5.xml' ...[EOL]
[2026-09-30 09:04:54.962Z][CA][INF][Logger:Roche.X800.TestDefinitionData.Repository<Roche.X800.TestDefinitionData.Instrument.Processes.TransferProcesses.TransferProcess>][Thread:9]Loading 'TransferProcess_ba3ed81e-fe35-4186-9cd1-cc8034c3faf5.xml' completed[EOL]
[2026-09-30 09:04:54.962Z][CA][INF][Logger:Roche.X800.TestDefinitionData.Repository<Roche.X800.TestDefinitionData.Instrument.Processes.TransferProcesses.TransferProcess>][Thread:9]Loading 'TransferProcess_96d75535-2a56-4d70-91a7-83d84e9efe0e.xml' ...[EOL]
[2026-09-30 09:04:54.962Z][CA][INF][Logger:Roche.X800.TestDefinitionData.Repository<Roche.X800.TestDefinitionData.Instrument.Processes.TransferProcesses.TransferProcess>][Thread:9]Loading 'TransferProcess_96d75535-2a56-4d70-91a7-83d84e9efe0e.xml' completed[EOL]
[2026-09-30 09:04:54.964Z][CA][INF][Logger:Roche.X800.TestDefinitionData.Repository<Roche.X800.TestDefinitionData.Instrument.Processes.SamplePreparationProcesses.SamplePreparationProcess>][Thread:9]Loading 'SamplePreparationProcess_a04ee5ad-8f3e-43c1-8008-8c6f038e79ee.xml' ...[EOL]
[2026-09-30 09:04:55.021Z][CA][INF][Logger:Roche.X800.TestDefinitionData.Repository<Roche.X800.TestDefinitionData.Instrument.Processes.SamplePreparationProcesses.SamplePreparationProcess>][Thread:9]Loading 'SamplePreparationProcess_a04ee5ad-8f3e-43c1-8008-8c6f038e79ee.xml' completed[EOL]
[2026-09-30 09:04:55.025Z][CA][INF][Logger:Roche.X800.TestDefinitionData.Repository<Roche.X800.TestDefinitionData.Instrument.Calculations.CalculationPackage>][Thread:9]Loading 'CalculationPackage_1372e566-dfcf-4cc2-98a0-3935f93f94f8.xml' ...[EOL]
[2026-09-30 09:04:55.030Z][CA][INF][Logger:Roche.X800.TestDefinitionData.Repository<Roche.X800.TestDefinitionData.Instrument.Calculations.CalculationPackage>][Thread:9]Loading 'CalculationPackage_1372e566-dfcf-4cc2-98a0-3935f93f94f8.xml' completed[EOL]
[2026-09-30 09:04:55.030Z][CA][INF][Logger:Roche.X800.TestDefinitionData.Repository<Roche.X800.TestDefinitionData.Instrument.Calculations.CalculationPackage>][Thread:9]Loading 'CalculationPackage_1a86c2b0-9b51-4ae8-9fa1-7daf267fffcc.xml' ...[EOL]
[2026-09-30 09:04:55.030Z][CA][INF][Logger:Roche.X800.TestDefinitionData.Repository<Roche.X800.TestDefinitionData.Instrument.Calculations.CalculationPackage>][Thread:9]Loading 'CalculationPackage_1a86c2b0-9b51-4ae8-9fa1-7daf267fffcc.xml' completed[EOL]
[2026-09-30 09:04:55.030Z][CA][INF][Logger:Roche.X800.TestDefinitionData.Repository<Roche.X800.TestDefinitionData.Instrument.Calculations.CalculationPackage>][Thread:9]Loading 'CalculationPackage_c8e41adc-4c70-48fc-a721-45dca7a87130.xml' ...[EOL]
[2026-09-30 09:04:55.031Z][CA][INF][Logger:Roche.X800.TestDefinitionData.Repository<Roche.X800.TestDefinitionData.Instrument.Calculations.CalculationPackage>][Thread:9]Loading 'CalculationPackage_c8e41adc-4c70-48fc-a721-45dca7a87130.xml' completed[EOL]
[2026-09-30 09:04:55.032Z][CA][INF][Logger:Roche.X800.TestDefinitionData.Repository<Roche.X800.TestDefinitionData.Instrument.Assays.Assay>][Thread:9]Loading 'Assay_cedb8eee-7bd5-4519-8627-5dfd077fcd03.xml' ...[EOL]
[2026-09-30 09:04:55.061Z][CA][INF][Logger:Roche.X800.TestDefinitionData.Repository<Roche.X800.TestDefinitionData.Instrument.Assays.Assay>][Thread:9]Loading 'Assay_cedb8eee-7bd5-4519-8627-5dfd077fcd03.xml' completed[EOL]
[2026-09-30 09:04:55.061Z][CA][INF][Logger:Roche.X800.TestDefinitionData.Repository<Roche.X800.TestDefinitionData.Instrument.Assays.Assay>][Thread:9]Loading 'Assay_7a214f38-d555-4417-b943-4d2cf80728e7.xml' ...[EOL]
[2026-09-30 09:04:55.062Z][CA][INF][Logger:Roche.X800.TestDefinitionData.Repository<Roche.X800.TestDefinitionData.Instrument.Assays.Assay>][Thread:9]Loading 'Assay_7a214f38-d555-4417-b943-4d2cf80728e7.xml' completed[EOL]
[2026-09-30 09:04:55.062Z][CA][INF][Logger:Roche.X800.TestDefinitionData.Repository<Roche.X800.TestDefinitionData.Instrument.Assays.Assay>][Thread:9]Loading 'Assay_388a4773-e177-4577-a25e-4b3296fde96a.xml' ...[EOL]
[2026-09-30 09:04:55.063Z][CA][INF][Logger:Roche.X800.TestDefinitionData.Repository<Roche.X800.TestDefinitionData.Instrument.Assays.Assay>][Thread:9]Loading 'Assay_388a4773-e177-4577-a25e-4b3296fde96a.xml' completed[EOL]
[2026-09-30 09:04:55.071Z][CA][INF][Logger:Roche.X800.TestDefinitionData.Instrument.TestDefinitionDataInstrumentConfigurator][Thread:9]Loaded Test Definition Data: 
PipettingParameterFile
  Id: 'c3891a67-1bd2-48b4-adb4-c27fdfc418d8'
  Name: 'STING_ReagentHead_MMx1Pipetting'
  Version: '1.4'
  LastModifiedOn: '29-Jul-2020 12:00'
  TipType: 'STING_RTip'


PipettingParameterFile
  Id: '7035c72f-1e11-4571-9b72-f5e855b36f92'
  Name: 'STING_ReagentHead_MMx2Pipetting'
  Version: '1.2'
  LastModifiedOn: '29-Jul-2020 10:53'
  TipType: 'STING_RTip'


PipettingParameterFile
  Id: '6538724d-1f36-43e2-bd8d-52bca4738b3f'
  Name: 'STING_ReagentHead_EBPipetting'
  Version: '1.2'
  LastModifiedOn: '29-Jul-2020 04:53'
  TipType: 'STING_RTip'


PipettingParameterFile
  Id: '95115586-3c2d-4166-9fe7-afca6753a753'
  Name: 'STING_ReagentHead_ICPipetting'
  Version: '1.2'
  LastModifiedOn: '29-Jul-2020 10:53'
  TipType: 'STING_RTip'


PipettingParameterFile
  Id: 'cee04257-7a87-48bc-b9e3-3b58c5af1d31'
  Name: 'STING_ReagentHead_PASEPipetting_Freedispense'
  Version: '2.2'
  LastModifiedOn: '29-Jul-2020 10:53'
  TipType: 'STING_RTip'


PipettingParameterFile
  Id: 'd49e8732-2028-4264-918f-c520278f02f6'
  Name: 'STING_ProcessHead_LysisMix'
  Version: '1.3'
  LastModifiedOn: '04-Aug-2020 04:32'
  TipType: 'STING_PTip'


PipettingParameterFile
  Id: '5ba50fc9-bbbd-4dee-ab3e-d98540d8d925'
  Name: 'STING_ProcessHead_WashPipMix'
  Version: '2.8'
  LastModifiedOn: '07-Sep-2020 10:53'
  TipType: 'STING_PTip'


PipettingParameterFile
  Id: '49ba4bd0-b7eb-4332-a6e6-a5dcaf8046ee'
  Name: 'STING_ProcessHead_WashPipMix_Leakage_test'
  Version: '0.6'
  LastModifiedOn: '10-Aug-2020 10:17'
  TipType: 'STING_PTip'


PipettingParameterFile
  Id: '8fb9fb21-1537-44bb-912c-62d9a3df9ed7'
  Name: 'STING_ProcessHead_EluateIncubationMix'
  Version: '1.1'
  LastModifiedOn: '07-Oct-2020 09:53'
  TipType: 'STING_ETip'


PipettingParameterFile
  Id: '7068762c-0ed7-4e5b-890f-f75c04a8211a'
  Name: 'STING_ProcessHead_EluateTransferMix'
  Version: '2.0'
  LastModifiedOn: '07-Oct-2020 09:53'
  TipType: 'STING_ETip'


PipettingParameterFile
  Id: '0d580f62-fa68-440e-9ab6-c1e41dd638ce'
  Name: 'SampleHead_CMR'
  Version: '2.1'
  LastModifiedOn: '27-Oct-2020 04:00'
  TipType: 'FilterTip'


PipettingParameterFile
  Id: '922aff24-f7a7-4173-a432-c3af23b4e421'
  Name: 'SampleHead_RawSputum'
  Version: '1.5'
  LastModifiedOn: '13-Oct-2021 02:00'
  TipType: 'FilterTip'


PipettingParameterFile
  Id: 'ffca514a-9a82-4123-aacc-1de91c8b16fb'
  Name: 'SampleHead_Sediment'
  Version: '1.4'
  LastModifiedOn: '25-Oct-2021 02:00'
  TipType: 'FilterTip'



ControlSet
  Id: 'e006de7b-3ad7-4fe2-b3b2-3881ac6af094'
  Name: 'MTB-RIF/INH RMC IVD'
  Version: '1.0.0'
  CreatedOn: '19-Sep-2024 03:32'
  LastModifiedOn: '19-Sep-2024 03:33'
  ControlType: 'Positive'
  MinFillLevel: '1.00e-006 m3 / 1000 ul'
  SapNumber: '9040625190'
  Controls:
    1: 'MTB-RIF/INH (+) C'


ControlSet
  Id: '54da66c7-e44d-4a20-ac86-b50071b6a5e3'
  Name: 'BUFF NEG RMC IVD'
  Version: '10.0.0'
  CreatedOn: '26-Oct-2023 09:41'
  LastModifiedOn: '02-Nov-2023 11:09'
  ControlType: 'Negative'
  MinFillLevel: '1.00e-006 m3 / 1000 ul'
  SapNumber: '9051953190'
  Controls:
    1: '(-) Ctrl'


SampleMediaType
  Id: '5f3e568b-bb3d-4df5-aaf5-ec6906868bc5'
  Name: 'Raw sputum'
  CreatedOn: '10-Mar-2020 04:00'
  LastModifiedOn: '10-Mar-2020 04:00'
  Hl7Code: 'SPTR^rawSputum^99ROC'
  Oid: '2.16.840.1.113995.3.111.9.3.8'


SampleMediaType
  Id: 'a6808204-e341-41a5-9f43-4e980828e05b'
  Name: 'Sediment'
  CreatedOn: '10-Mar-2020 04:00'
  LastModifiedOn: '10-Mar-2020 04:00'
  Hl7Code: 'SED^Sediment^99ROC'
  Oid: '2.16.840.1.113995.3.111.9.3.23'


ControlSet
  Id: 'ba3ed81e-fe35-4186-9cd1-cc8034c3faf5'
  Name: 'MTB RMC IVD'
  Version: '1.0.0'
  CreatedOn: '27-Aug-2024 03:23'
  LastModifiedOn: '27-Aug-2024 03:23'
  ControlType: 'Positive'
  MinFillLevel: '1.00e-006 m3 / 1000 ul'
  SapNumber: '9040587190'
  Controls:
    1: 'MTB (+) C'


ControlSet
  Id: '96d75535-2a56-4d70-91a7-83d84e9efe0e'
  Name: 'MAI RMC IVD'
  Version: '1.0.0'
  CreatedOn: '27-Aug-2024 03:47'
  LastModifiedOn: '27-Aug-2024 03:47'
  ControlType: 'Positive'
  MinFillLevel: '1.00e-006 m3 / 1000 ul'
  SapNumber: '9040609190'
  Controls:
    1: 'MAI (+) C'



PcrProcess
  Id: 'd549cab0-683a-479c-bb45-4bd33b143ab3'
  Name: 'x800 AD Process 2'
  Version: '1.0.0'
  CreatedOn: '06-Nov-2023 11:13'
  LastModifiedOn: '13-Nov-2023 10:33'
  ExecutionTime: '01:08:00'
  PcrTargets:
    Id: '1', FilterId: '1', TemperatureLevel: '1'
    Id: '2', FilterId: '2', TemperatureLevel: '1'
    Id: '3', FilterId: '3', TemperatureLevel: '1'
    Id: '4', FilterId: '4', TemperatureLevel: '1'
    Id: '5', FilterId: '5', TemperatureLevel: '1'



ReagentCarrier
  Id: 'c88786eb-7ef0-4386-87a9-f58a8b230817'
  Name: 'MTB-RIF/INH 192T'
  Version: '1.0.0'
  CreatedOn: '19-Sep-2024 03:34'
  LastModifiedOn: '19-Sep-2024 03:34'
  SapNumber: '9040617190'
  Containers:
    Position: '1', Name: 'MMX1', ReagentContainerType: 'Vessel14MilliLiter', MinFillLevel: '7.50e-006 m3 / 7500 ul', PipettingParameterFile: 'Name: 'STING_ReagentHead_MMx1Pipetting', Version: '1.4', Id: 'c3891a67-1bd2-48b4-adb4-c27fdfc418d8''
    Position: '2', Name: 'MMX2', ReagentContainerType: 'Vessel14MilliLiter', MinFillLevel: '9.70e-006 m3 / 9700 ul', PipettingParameterFile: 'Name: 'STING_ReagentHead_MMx2Pipetting', Version: '1.2', Id: '7035c72f-1e11-4571-9b72-f5e855b36f92''
    Position: '3', Name: 'ElutionReagent', ReagentContainerType: 'Vessel34MilliLiter', MinFillLevel: '2.12e-005 m3 / 21200 ul', PipettingParameterFile: 'Name: 'STING_ReagentHead_EBPipetting', Version: '1.2', Id: '6538724d-1f36-43e2-bd8d-52bca4738b3f''
    Position: '4', Name: 'ICIQS', ReagentContainerType: 'Vessel34MilliLiter', MinFillLevel: '2.12e-005 m3 / 21200 ul', PipettingParameterFile: 'Name: 'STING_ReagentHead_ICPipetting', Version: '1.2', Id: '95115586-3c2d-4166-9fe7-afca6753a753''
    Position: '5', Name: 'Protease', ReagentContainerType: 'Vessel34MilliLiter', MinFillLevel: '2.23e-005 m3 / 22300 ul', PipettingParameterFile: 'Name: 'STING_ReagentHead_PASEPipetting_Freedispense', Version: '2.2', Id: 'cee04257-7a87-48bc-b9e3-3b58c5af1d31''


ReagentCarrier
  Id: '43fceed0-664a-49f5-803e-b312f177bf87'
  Name: 'MTB-RIF/INH 192T EXT'
  Version: '1.0.0'
  CreatedOn: '19-Sep-2024 03:35'
  LastModifiedOn: '19-Sep-2024 03:35'
  SapNumber: '10248718190'
  Containers:
    Position: '1', Name: 'MMX1', ReagentContainerType: 'Vessel14MilliLiter', MinFillLevel: '7.50e-006 m3 / 7500 ul', PipettingParameterFile: 'Name: 'STING_ReagentHead_MMx1Pipetting', Version: '1.4', Id: 'c3891a67-1bd2-48b4-adb4-c27fdfc418d8''
    Position: '2', Name: 'MMX2', ReagentContainerType: 'Vessel14MilliLiter', MinFillLevel: '9.70e-006 m3 / 9700 ul', PipettingParameterFile: 'Name: 'STING_ReagentHead_MMx2Pipetting', Version: '1.2', Id: '7035c72f-1e11-4571-9b72-f5e855b36f92''
    Position: '3', Name: 'ElutionReagent', ReagentContainerType: 'Vessel34MilliLiter', MinFillLevel: '2.12e-005 m3 / 21200 ul', PipettingParameterFile: 'Name: 'STING_ReagentHead_EBPipetting', Version: '1.2', Id: '6538724d-1f36-43e2-bd8d-52bca4738b3f''
    Position: '4', Name: 'ICIQS', ReagentContainerType: 'Vessel34MilliLiter', MinFillLevel: '2.12e-005 m3 / 21200 ul', PipettingParameterFile: 'Name: 'STING_ReagentHead_ICPipetting', Version: '1.2', Id: '95115586-3c2d-4166-9fe7-afca6753a753''
    Position: '5', Name: 'Protease', ReagentContainerType: 'Vessel34MilliLiter', MinFillLevel: '2.23e-005 m3 / 22300 ul', PipettingParameterFile: 'Name: 'STING_ReagentHead_PASEPipetting_Freedispense', Version: '2.2', Id: 'cee04257-7a87-48bc-b9e3-3b58c5af1d31''


ReagentCarrier
  Id: '03a44939-f61a-4fb3-9ad3-b336bc2fc6e5'
  Name: 'MTB 384T'
  Version: '1.0.0'
  CreatedOn: '27-Aug-2024 03:24'
  LastModifiedOn: '27-Aug-2024 03:24'
  SapNumber: '9040579190'
  Containers:
    Position: '1', Name: 'MMX1', ReagentContainerType: 'Vessel34MilliLiter', MinFillLevel: '1.45e-005 m3 / 14500 ul', PipettingParameterFile: 'Name: 'STING_ReagentHead_MMx1Pipetting', Version: '1.4', Id: 'c3891a67-1bd2-48b4-adb4-c27fdfc418d8''
    Position: '2', Name: 'MMX2', ReagentContainerType: 'Vessel34MilliLiter', MinFillLevel: '1.75e-005 m3 / 17500 ul', PipettingParameterFile: 'Name: 'STING_ReagentHead_MMx2Pipetting', Version: '1.2', Id: '7035c72f-1e11-4571-9b72-f5e855b36f92''
    Position: '3', Name: 'ElutionReagent', ReagentContainerType: 'Vessel54MilliLiter', MinFillLevel: '3.80e-005 m3 / 38000 ul', PipettingParameterFile: 'Name: 'STING_ReagentHead_EBPipetting', Version: '1.2', Id: '6538724d-1f36-43e2-bd8d-52bca4738b3f''
    Position: '4', Name: 'ICIQS', ReagentContainerType: 'Vessel54MilliLiter', MinFillLevel: '3.80e-005 m3 / 38000 ul', PipettingParameterFile: 'Name: 'STING_ReagentHead_ICPipetting', Version: '1.2', Id: '95115586-3c2d-4166-9fe7-afca6753a753''
    Position: '5', Name: 'Protease', ReagentContainerType: 'Vessel54MilliLiter', MinFillLevel: '3.80e-005 m3 / 38000 ul', PipettingParameterFile: 'Name: 'STING_ReagentHead_PASEPipetting_Freedispense', Version: '2.2', Id: 'cee04257-7a87-48bc-b9e3-3b58c5af1d31''


ReagentCarrier
  Id: '5c988d23-f806-42d4-878e-bf9c4022cec4'
  Name: 'MTB 384T EXT'
  Version: '1.0.0'
  CreatedOn: '27-Aug-2024 03:25'
  LastModifiedOn: '27-Aug-2024 03:25'
  SapNumber: '10248661190'
  Containers:
    Position: '1', Name: 'MMX1', ReagentContainerType: 'Vessel34MilliLiter', MinFillLevel: '1.45e-005 m3 / 14500 ul', PipettingParameterFile: 'Name: 'STING_ReagentHead_MMx1Pipetting', Version: '1.4', Id: 'c3891a67-1bd2-48b4-adb4-c27fdfc418d8''
    Position: '2', Name: 'MMX2', ReagentContainerType: 'Vessel34MilliLiter', MinFillLevel: '1.75e-005 m3 / 17500 ul', PipettingParameterFile: 'Name: 'STING_ReagentHead_MMx2Pipetting', Version: '1.2', Id: '7035c72f-1e11-4571-9b72-f5e855b36f92''
    Position: '3', Name: 'ElutionReagent', ReagentContainerType: 'Vessel54MilliLiter', MinFillLevel: '3.80e-005 m3 / 38000 ul', PipettingParameterFile: 'Name: 'STING_ReagentHead_EBPipetting', Version: '1.2', Id: '6538724d-1f36-43e2-bd8d-52bca4738b3f''
    Position: '4', Name: 'ICIQS', ReagentContainerType: 'Vessel54MilliLiter', MinFillLevel: '3.80e-005 m3 / 38000 ul', PipettingParameterFile: 'Name: 'STING_ReagentHead_ICPipetting', Version: '1.2', Id: '95115586-3c2d-4166-9fe7-afca6753a753''
    Position: '5', Name: 'Protease', ReagentContainerType: 'Vessel54MilliLiter', MinFillLevel: '3.80e-005 m3 / 38000 ul', PipettingParameterFile: 'Name: 'STING_ReagentHead_PASEPipetting_Freedispense', Version: '2.2', Id: 'cee04257-7a87-48bc-b9e3-3b58c5af1d31''


ReagentCarrier
  Id: '4c5cb5ff-afa2-4c19-96a0-970cdf4b3d7c'
  Name: 'MAI 384T'
  Version: '1.0.0'
  CreatedOn: '27-Aug-2024 03:48'
  LastModifiedOn: '27-Aug-2024 03:48'
  SapNumber: '9040595190'
  Containers:
    Position: '1', Name: 'MMX1', ReagentContainerType: 'Vessel34MilliLiter', MinFillLevel: '1.45e-005 m3 / 14500 ul', PipettingParameterFile: 'Name: 'STING_ReagentHead_MMx1Pipetting', Version: '1.4', Id: 'c3891a67-1bd2-48b4-adb4-c27fdfc418d8''
    Position: '2', Name: 'MMX2', ReagentContainerType: 'Vessel34MilliLiter', MinFillLevel: '1.75e-005 m3 / 17500 ul', PipettingParameterFile: 'Name: 'STING_ReagentHead_MMx2Pipetting', Version: '1.2', Id: '7035c72f-1e11-4571-9b72-f5e855b36f92''
    Position: '3', Name: 'ElutionReagent', ReagentContainerType: 'Vessel54MilliLiter', MinFillLevel: '3.80e-005 m3 / 38000 ul', PipettingParameterFile: 'Name: 'STING_ReagentHead_EBPipetting', Version: '1.2', Id: '6538724d-1f36-43e2-bd8d-52bca4738b3f''
    Position: '4', Name: 'ICIQS', ReagentContainerType: 'Vessel54MilliLiter', MinFillLevel: '3.80e-005 m3 / 38000 ul', PipettingParameterFile: 'Name: 'STING_ReagentHead_ICPipetting', Version: '1.2', Id: '95115586-3c2d-4166-9fe7-afca6753a753''
    Position: '5', Name: 'Protease', ReagentContainerType: 'Vessel54MilliLiter', MinFillLevel: '3.80e-005 m3 / 38000 ul', PipettingParameterFile: 'Name: 'STING_ReagentHead_PASEPipetting_Freedispense', Version: '2.2', Id: 'cee04257-7a87-48bc-b9e3-3b58c5af1d31''


ReagentCarrier
  Id: '9008167a-e346-4ede-886e-c34dba846ad0'
  Name: 'MAI 384T EXT'
  Version: '1.0.0'
  CreatedOn: '27-Aug-2024 03:49'
  LastModifiedOn: '27-Aug-2024 03:49'
  SapNumber: '10248726190'
  Containers:
    Position: '1', Name: 'MMX1', ReagentContainerType: 'Vessel34MilliLiter', MinFillLevel: '1.45e-005 m3 / 14500 ul', PipettingParameterFile: 'Name: 'STING_ReagentHead_MMx1Pipetting', Version: '1.4', Id: 'c3891a67-1bd2-48b4-adb4-c27fdfc418d8''
    Position: '2', Name: 'MMX2', ReagentContainerType: 'Vessel34MilliLiter', MinFillLevel: '1.75e-005 m3 / 17500 ul', PipettingParameterFile: 'Name: 'STING_ReagentHead_MMx2Pipetting', Version: '1.2', Id: '7035c72f-1e11-4571-9b72-f5e855b36f92''
    Position: '3', Name: 'ElutionReagent', ReagentContainerType: 'Vessel54MilliLiter', MinFillLevel: '3.80e-005 m3 / 38000 ul', PipettingParameterFile: 'Name: 'STING_ReagentHead_EBPipetting', Version: '1.2', Id: '6538724d-1f36-43e2-bd8d-52bca4738b3f''
    Position: '4', Name: 'ICIQS', ReagentContainerType: 'Vessel54MilliLiter', MinFillLevel: '3.80e-005 m3 / 38000 ul', PipettingParameterFile: 'Name: 'STING_ReagentHead_ICPipetting', Version: '1.2', Id: '95115586-3c2d-4166-9fe7-afca6753a753''
    Position: '5', Name: 'Protease', ReagentContainerType: 'Vessel54MilliLiter', MinFillLevel: '3.80e-005 m3 / 38000 ul', PipettingParameterFile: 'Name: 'STING_ReagentHead_PASEPipetting_Freedispense', Version: '2.2', Id: 'cee04257-7a87-48bc-b9e3-3b58c5af1d31''



TransferProcess
  Id: 'e006de7b-3ad7-4fe2-b3b2-3881ac6af094'
  Name: 'MTB-RIF/INH RMC IVD'
  Version: '1.0.0'
  CreatedOn: '19-Sep-2024 03:32'
  LastModifiedOn: '19-Sep-2024 03:32'
  Transfers:
    MediaType: 'MTB-RIF/INH RMC IVD', Id: 'e006de7b-3ad7-4fe2-b3b2-3881ac6af094', TransferVolume: '8.50e-007 m3 / 850 ul', WarmAndDryConditionLowerTemperatureLimit: '0', WarmAndDryConditionUpperHumidityLimit: '0', NormalConditionPPF: 'Name: 'SampleHead_CMR', Version: '2.1', Id: '0d580f62-fa68-440e-9ab6-c1e41dd638ce'', WarmAndDryConditionPPF: 'n/a'


TransferProcess
  Id: '54da66c7-e44d-4a20-ac86-b50071b6a5e3'
  Name: 'BUFF NEG RMC IVD'
  Version: '10.0.0'
  CreatedOn: '26-Oct-2023 09:41'
  LastModifiedOn: '26-Oct-2023 09:41'
  Transfers:
    MediaType: 'BUFF NEG RMC IVD', Id: '54da66c7-e44d-4a20-ac86-b50071b6a5e3', TransferVolume: '8.50e-007 m3 / 850 ul', WarmAndDryConditionLowerTemperatureLimit: '0', WarmAndDryConditionUpperHumidityLimit: '0', NormalConditionPPF: 'Name: 'SampleHead_CMR', Version: '2.1', Id: '0d580f62-fa68-440e-9ab6-c1e41dd638ce'', WarmAndDryConditionPPF: 'n/a'
    MediaType: 'BUFF NEG RMC IVD', Id: '54da66c7-e44d-4a20-ac86-b50071b6a5e3', TransferVolume: '5.00e-007 m3 / 500 ul', WarmAndDryConditionLowerTemperatureLimit: '0', WarmAndDryConditionUpperHumidityLimit: '0', NormalConditionPPF: 'Name: 'SampleHead_CMR', Version: '2.1', Id: '0d580f62-fa68-440e-9ab6-c1e41dd638ce'', WarmAndDryConditionPPF: 'n/a'
    MediaType: 'BUFF NEG RMC IVD', Id: '54da66c7-e44d-4a20-ac86-b50071b6a5e3', TransferVolume: '4.00e-007 m3 / 400 ul', WarmAndDryConditionLowerTemperatureLimit: '0', WarmAndDryConditionUpperHumidityLimit: '0', NormalConditionPPF: 'Name: 'SampleHead_CMR', Version: '2.1', Id: '0d580f62-fa68-440e-9ab6-c1e41dd638ce'', WarmAndDryConditionPPF: 'n/a'


TransferProcess
  Id: 'ed01eb86-023e-4d38-996c-173811b446b7'
  Name: 'ST Raw sputum'
  Version: '10.0'
  CreatedOn: '26-Oct-2023 07:52'
  LastModifiedOn: '02-Nov-2023 10:34'
  Transfers:
    MediaType: 'Raw sputum', Id: '5f3e568b-bb3d-4df5-aaf5-ec6906868bc5', TransferVolume: '8.50e-007 m3 / 850 ul', WarmAndDryConditionLowerTemperatureLimit: '27', WarmAndDryConditionUpperHumidityLimit: '30', NormalConditionPPF: 'Name: 'SampleHead_RawSputum', Version: '1.5', Id: '922aff24-f7a7-4173-a432-c3af23b4e421'', WarmAndDryConditionPPF: 'Name: 'SampleHead_RawSputum', Version: '1.5', Id: '922aff24-f7a7-4173-a432-c3af23b4e421''


TransferProcess
  Id: 'd8cfa2f3-16f8-4a15-83fc-1e57c06ad665'
  Name: 'ST Sediment'
  Version: '10.0'
  CreatedOn: '26-Oct-2023 08:01'
  LastModifiedOn: '02-Nov-2023 10:33'
  Transfers:
    MediaType: 'Sediment', Id: 'a6808204-e341-41a5-9f43-4e980828e05b', TransferVolume: '8.50e-007 m3 / 850 ul', WarmAndDryConditionLowerTemperatureLimit: '27', WarmAndDryConditionUpperHumidityLimit: '30', NormalConditionPPF: 'Name: 'SampleHead_Sediment', Version: '1.4', Id: 'ffca514a-9a82-4123-aacc-1de91c8b16fb'', WarmAndDryConditionPPF: 'Name: 'SampleHead_Sediment', Version: '1.4', Id: 'ffca514a-9a82-4123-aacc-1de91c8b16fb''


TransferProcess
  Id: 'ba3ed81e-fe35-4186-9cd1-cc8034c3faf5'
  Name: 'MTB RMC IVD'
  Version: '1.0.0'
  CreatedOn: '27-Aug-2024 03:23'
  LastModifiedOn: '27-Aug-2024 03:23'
  Transfers:
    MediaType: 'MTB RMC IVD', Id: 'ba3ed81e-fe35-4186-9cd1-cc8034c3faf5', TransferVolume: '8.50e-007 m3 / 850 ul', WarmAndDryConditionLowerTemperatureLimit: '0', WarmAndDryConditionUpperHumidityLimit: '0', NormalConditionPPF: 'Name: 'SampleHead_CMR', Version: '2.1', Id: '0d580f62-fa68-440e-9ab6-c1e41dd638ce'', WarmAndDryConditionPPF: 'n/a'


TransferProcess
  Id: '96d75535-2a56-4d70-91a7-83d84e9efe0e'
  Name: 'MAI RMC IVD'
  Version: '1.0.0'
  CreatedOn: '27-Aug-2024 03:47'
  LastModifiedOn: '27-Aug-2024 03:47'
  Transfers:
    MediaType: 'MAI RMC IVD', Id: '96d75535-2a56-4d70-91a7-83d84e9efe0e', TransferVolume: '8.50e-007 m3 / 850 ul', WarmAndDryConditionLowerTemperatureLimit: '0', WarmAndDryConditionUpperHumidityLimit: '0', NormalConditionPPF: 'Name: 'SampleHead_CMR', Version: '2.1', Id: '0d580f62-fa68-440e-9ab6-c1e41dd638ce'', WarmAndDryConditionPPF: 'n/a'



SamplePreparationProcess
  Id: 'a04ee5ad-8f3e-43c1-8008-8c6f038e79ee'
  Name: 'NC Generic Sample Preparation Process'
  Version: '4.0'
  CreatedOn: '05-Nov-2020 12:03'
  LastModifiedOn: '05-Nov-2020 12:20'
  ProcessExecutionTimeForOneCassette: '00:58:00'
  AdditionalProcessExecutionTimeForEachAdditionalCassette: '00:01:30'
  SealingTime: '00:00:01.2000000'
  DilutedProcessVolume: 'DefaultVolume: '8.50e-007 m3 / 850 ul', MinVolume: '1.00e-009 m3 / 1 ul', MaxVolume: '1.50e-006 m3 / 1500 ul''
  RequiredReagents:
    ReagentType: 'Lysis', VariableName: 'Lysis', SelectedVolume: '1.25e-006 m3 / 1250 ul', MinVolume: '1.00e-009 m3 / 1 ul', MaxVolume: '2.00e-006 m3 / 2000 ul', MaxAliquots: '6'
    ReagentType: 'WashReagent', VariableName: 'Wash buffer 1a', SelectedVolume: '9.00e-007 m3 / 900 ul', MinVolume: '1.00e-009 m3 / 1 ul', MaxVolume: '2.00e-006 m3 / 2000 ul', MaxAliquots: '6'
    ReagentType: 'WashReagent', VariableName: 'Wash buffer 1b', SelectedVolume: '1.50e-006 m3 / 1500 ul', MinVolume: '1.00e-009 m3 / 1 ul', MaxVolume: '2.00e-006 m3 / 2000 ul', MaxAliquots: '6'
    ReagentType: 'WashReagent', VariableName: 'Wash buffer 2', SelectedVolume: '2.00e-006 m3 / 2000 ul', MinVolume: '1.00e-009 m3 / 1 ul', MaxVolume: '2.50e-006 m3 / 2500 ul', MaxAliquots: '6'
    ReagentType: 'MGP', VariableName: 'MGP', SelectedVolume: '1.00e-007 m3 / 100 ul', MinVolume: '1.00e-009 m3 / 1 ul', MaxVolume: '1.50e-007 m3 / 150 ul', MaxAliquots: '6'
    ReagentType: 'ICIQS', VariableName: 'IC/QS', SelectedVolume: '5.00e-008 m3 / 50 ul', MinVolume: '0.00e+000 m3 / 0 ul', MaxVolume: '1.00e-007 m3 / 100 ul', MaxAliquots: '6'
    ReagentType: 'Protease', VariableName: 'Protease', SelectedVolume: '5.00e-008 m3 / 50 ul', MinVolume: '0.00e+000 m3 / 0 ul', MaxVolume: '1.00e-007 m3 / 100 ul', MaxAliquots: '6'
    ReagentType: 'ElutionReagent', VariableName: 'Elution Buffer', SelectedVolume: '5.00e-008 m3 / 50 ul', MinVolume: '0.00e+000 m3 / 0 ul', MaxVolume: '1.00e-007 m3 / 100 ul', MaxAliquots: '6'
    ReagentType: 'MMX2', VariableName: 'MasterMix2', SelectedVolume: '1.50e-008 m3 / 15 ul', MinVolume: '0.00e+000 m3 / 0 ul', MaxVolume: '5.00e-008 m3 / 50 ul', MaxAliquots: '6'
    ReagentType: 'MMX1', VariableName: 'MasterMix1', SelectedVolume: '1.00e-008 m3 / 10 ul', MinVolume: '0.00e+000 m3 / 0 ul', MaxVolume: '5.00e-008 m3 / 50 ul', MaxAliquots: '6'
  NeedleWashDefinitions:
    WashFluid: 'Lysis', VariableName: 'Lysis Wash-Reagent Pipetting', WashStation: 'Hazardous', NeedleWashFrequency: 'PerRun', UsageCount: '1', AirVolume: '0.00e+000 m3 / 0 ul', InnerWashVolume: '5.00e-008 m3 / 50 ul', OuterWashVolume: '0'
    WashFluid: 'Diluent', VariableName: 'Diluent Wash-Reagent Pipetting', WashStation: 'NonHazardous', NeedleWashFrequency: 'PerRun', UsageCount: '1', AirVolume: '0.00e+000 m3 / 0 ul', InnerWashVolume: '5.00e-006 m3 / 5000 ul', OuterWashVolume: '5000'
    WashFluid: 'WashReagent', VariableName: 'Wash Buffer-Reagent Pipetting', WashStation: 'NonHazardous', NeedleWashFrequency: 'PerRun', UsageCount: '2', AirVolume: '0.00e+000 m3 / 0 ul', InnerWashVolume: '0.00e+000 m3 / 0 ul', OuterWashVolume: '5000'
    WashFluid: 'WashReagent', VariableName: 'Wash Buffer-MGP Pipetting', WashStation: 'Hazardous', NeedleWashFrequency: 'PerRun', UsageCount: '1', AirVolume: '0.00e+000 m3 / 0 ul', InnerWashVolume: '1.50e-006 m3 / 1500 ul', OuterWashVolume: '5000'
    WashFluid: 'Lysis', VariableName: 'Lysis Wash-Lysis Pipetting', WashStation: 'Hazardous', NeedleWashFrequency: 'PerRun', UsageCount: '1', AirVolume: '0.00e+000 m3 / 0 ul', InnerWashVolume: '3.00e-006 m3 / 3000 ul', OuterWashVolume: '5000'
    WashFluid: 'WashReagent', VariableName: 'Wash-Buffer-Reagent Pipetting I', WashStation: 'Hazardous', NeedleWashFrequency: 'PerRun', UsageCount: '1', AirVolume: '2.00e-006 m3 / 2000 ul', InnerWashVolume: '5.00e-006 m3 / 5000 ul', OuterWashVolume: '5000'
    WashFluid: 'WashReagent', VariableName: 'Wash-Buffer-Pre-Lysis-Pipetting', WashStation: 'Hazardous', NeedleWashFrequency: 'PerRun', UsageCount: '1', AirVolume: '2.00e-006 m3 / 2000 ul', InnerWashVolume: '3.00e-006 m3 / 3000 ul', OuterWashVolume: '0'
    WashFluid: 'WashReagent', VariableName: 'Wash-Buffer-Wash-2', WashStation: 'NonHazardous', NeedleWashFrequency: 'PerRun', UsageCount: '3', AirVolume: '0.00e+000 m3 / 0 ul', InnerWashVolume: '0.00e+000 m3 / 0 ul', OuterWashVolume: '200'
    WashFluid: 'WashReagent', VariableName: 'SpecDil Prepare', WashStation: 'Hazardous', NeedleWashFrequency: 'PerRun', UsageCount: '1', AirVolume: '2.00e-006 m3 / 2000 ul', InnerWashVolume: '3.00e-006 m3 / 3000 ul', OuterWashVolume: '0'
    WashFluid: 'WashReagent', VariableName: 'Wash-IC/QS Pipetting', WashStation: 'NonHazardous', NeedleWashFrequency: 'PerCassette', UsageCount: '1', AirVolume: '0.00e+000 m3 / 0 ul', InnerWashVolume: '1.50e-006 m3 / 1500 ul', OuterWashVolume: '1500'
    WashFluid: 'WashReagent', VariableName: 'Wash-Pase Pipetting', WashStation: 'Hazardous', NeedleWashFrequency: 'PerCassette', UsageCount: '1', AirVolume: '0.00e+000 m3 / 0 ul', InnerWashVolume: '1.50e-006 m3 / 1500 ul', OuterWashVolume: '1500'
    WashFluid: 'WashReagent', VariableName: 'Wash-EB Pipetting', WashStation: 'NonHazardous', NeedleWashFrequency: 'PerCassette', UsageCount: '1', AirVolume: '0.00e+000 m3 / 0 ul', InnerWashVolume: '1.50e-006 m3 / 1500 ul', OuterWashVolume: '5000'
    WashFluid: 'WashReagent', VariableName: 'Wash-MMX Pipetting', WashStation: 'NonHazardous', NeedleWashFrequency: 'PerCassette', UsageCount: '2', AirVolume: '0.00e+000 m3 / 0 ul', InnerWashVolume: '1.50e-006 m3 / 1500 ul', OuterWashVolume: '5000'
    WashFluid: 'Lysis', VariableName: 'Wash Buffer-Lysis Pipetting', WashStation: 'Hazardous', NeedleWashFrequency: 'PerRun', UsageCount: '1', WashVolume: '1.33e-006 m3 / 1330 ul', AirVolume: '2.00e-007 m3 / 200 ul', WashSegmentVolume: '2.00e-007 m3 / 200 ul', NumberOfWashSegments: '3'
  PipettingParameterFiles:
    Name: 'STING_ProcessHead_LysisMix', Version: '1.3', Id: 'd49e8732-2028-4264-918f-c520278f02f6'
    Name: 'STING_ProcessHead_WashPipMix', Version: '2.8', Id: '5ba50fc9-bbbd-4dee-ab3e-d98540d8d925'
    Name: 'STING_ProcessHead_WashPipMix_Leakage_test', Version: '0.6', Id: '49ba4bd0-b7eb-4332-a6e6-a5dcaf8046ee'
    Name: 'STING_ProcessHead_EluateIncubationMix', Version: '1.1', Id: '8fb9fb21-1537-44bb-912c-62d9a3df9ed7'
    Name: 'STING_ReagentHead_MMx1Pipetting', Version: '1.4', Id: 'c3891a67-1bd2-48b4-adb4-c27fdfc418d8'
    Name: 'STING_ProcessHead_EluateTransferMix', Version: '2.0', Id: '7068762c-0ed7-4e5b-890f-f75c04a8211a'



CalculationPackage
  Id: '1372e566-dfcf-4cc2-98a0-3935f93f94f8'
  Name: 'MTBRIFINH x800'
  Version: '1.1.0.20009'
  CreatedOn: '29-Aug-2024 08:51'
  LastModifiedOn: '29-Aug-2024 08:51'
  FileName: 'X800.Calculator.MTBRIFINH_1.1.0.20009.zip'


CalculationPackage
  Id: '1a86c2b0-9b51-4ae8-9fa1-7daf267fffcc'
  Name: 'MTB x800'
  Version: '1.2.0.20003'
  CreatedOn: '03-Jun-2024 01:39'
  LastModifiedOn: '03-Jun-2024 01:34'
  FileName: 'X800.Calculator.MTB_1.2.0.20003.zip'


CalculationPackage
  Id: 'c8e41adc-4c70-48fc-a721-45dca7a87130'
  Name: 'MAI x800'
  Version: '1.1.0.20003'
  CreatedOn: '25-Jul-2024 07:44'
  LastModifiedOn: '25-Jul-2024 07:42'
  FileName: 'X800.Calculator.MAI_1.1.0.20003.zip'



Assay
  Id: 'cedb8eee-7bd5-4519-8627-5dfd077fcd03'
  Name: 'x800 MTB-RIF/INH'
  Version: '1.1.0'
  Description: 'TDT 1.0.2.1 / ACT 1.0.2.6 (RC-05)'
  CreatedOn: '19-Sep-2024 03:36'
  LastModifiedOn: '19-Sep-2024 03:37'
  AssayType: 'Conventional'
  AsapFileName: 'x800 MTB-RIF-INH'
  PackageType:'Asap'

  ControlTransferProcessAssignments:
    MediaType: 'Name: 'MTB-RIF/INH RMC IVD, Id: 'e006de7b-3ad7-4fe2-b3b2-3881ac6af094''
    TransferProcess: 'Name: 'MTB-RIF/INH RMC IVD', Version: '1.0.0', Id: 'e006de7b-3ad7-4fe2-b3b2-3881ac6af094''
    TransferVolume: '8.50e-007 m3 / 850 ul'
    DilutionFactor: '1'
    
    MediaType: 'Name: 'BUFF NEG RMC IVD, Id: '54da66c7-e44d-4a20-ac86-b50071b6a5e3''
    TransferProcess: 'Name: 'BUFF NEG RMC IVD', Version: '10.0.0', Id: '54da66c7-e44d-4a20-ac86-b50071b6a5e3''
    TransferVolume: '8.50e-007 m3 / 850 ul'
    DilutionFactor: '1'
    
  SampleTransferProcessAssignments:
    MediaType: 'Name: 'Raw sputum, Id: '5f3e568b-bb3d-4df5-aaf5-ec6906868bc5''
    TransferProcess: 'Name: 'ST Raw sputum', Version: '10.0', Id: 'ed01eb86-023e-4d38-996c-173811b446b7''
    TransferVolume: '8.50e-007 m3 / 850 ul'
    DilutionFactor: '1'
    
    MediaType: 'Name: 'Sediment, Id: 'a6808204-e341-41a5-9f43-4e980828e05b''
    TransferProcess: 'Name: 'ST Sediment', Version: '10.0', Id: 'd8cfa2f3-16f8-4a15-83fc-1e57c06ad665''
    TransferVolume: '8.50e-007 m3 / 850 ul'
    DilutionFactor: '1'
    
  SamplePreparationProcessAssignment:
    SamplePreparationProcess: 'Name: 'NC Generic Sample Preparation Process', Version: '4.0', Id: 'a04ee5ad-8f3e-43c1-8008-8c6f038e79ee''
    DilutedProcessVolumeParameter: '8.50e-007 m3 / 850 ul'
    
    ReagentCassetteAssignments:
        Name: 'MTB-RIF/INH 192T', Version: '1.0.0', Id: 'c88786eb-7ef0-4386-87a9-f58a8b230817'
        Name: 'MTB-RIF/INH 192T EXT', Version: '1.0.0', Id: '43fceed0-664a-49f5-803e-b312f177bf87'
    
    PipettingVolumeParameters:
        Name: 'Lysis', Volume: '1.25e-006 m3 / 1250 ul'
        Name: 'Wash buffer 1a', Volume: '9.00e-007 m3 / 900 ul'
        Name: 'Wash buffer 1b', Volume: '1.50e-006 m3 / 1500 ul'
        Name: 'Wash buffer 2', Volume: '2.00e-006 m3 / 2000 ul'
        Name: 'MGP', Volume: '1.00e-007 m3 / 100 ul'
        Name: 'IC/QS', Volume: '5.00e-008 m3 / 50 ul'
        Name: 'Protease', Volume: '5.00e-008 m3 / 50 ul'
        Name: 'Elution Buffer', Volume: '5.00e-008 m3 / 50 ul'
        Name: 'MasterMix2', Volume: '1.50e-008 m3 / 15 ul'
        Name: 'MasterMix1', Volume: '1.00e-008 m3 / 10 ul'
    
  PcrProcessAssignment:
    PcrProcess: 'Name: 'x800 AD Process 2', Version: '1.0.0', Id: 'd549cab0-683a-479c-bb45-4bd33b143ab3'
    
    CalculationPackage: 'Name: 'MTBRIFINH x800', Version: '1.1.0.20009', Id: '1372e566-dfcf-4cc2-98a0-3935f93f94f8''
    
    AssayPcrTargets:
        Id: '1', TargetName: 'INH'
        Id: '2', TargetName: 'RIF1'
        Id: '3', TargetName: 'RIF2'
        Id: '4', TargetName: 'RIF3'
        Id: '5', TargetName: ''
    
    

Assay
  Id: '7a214f38-d555-4417-b943-4d2cf80728e7'
  Name: 'x800 MTB'
  Version: '1.1.0'
  Description: 'TDT 1.0.2.1 / ACT 1.0.2.6 (RC-05)'
  CreatedOn: '27-Aug-2024 03:26'
  LastModifiedOn: '27-Aug-2024 03:27'
  AssayType: 'Conventional'
  AsapFileName: 'x800 MTB'
  PackageType:'Asap'

  ControlTransferProcessAssignments:
    MediaType: 'Name: 'MTB RMC IVD, Id: 'ba3ed81e-fe35-4186-9cd1-cc8034c3faf5''
    TransferProcess: 'Name: 'MTB RMC IVD', Version: '1.0.0', Id: 'ba3ed81e-fe35-4186-9cd1-cc8034c3faf5''
    TransferVolume: '8.50e-007 m3 / 850 ul'
    DilutionFactor: '1'
    
    MediaType: 'Name: 'BUFF NEG RMC IVD, Id: '54da66c7-e44d-4a20-ac86-b50071b6a5e3''
    TransferProcess: 'Name: 'BUFF NEG RMC IVD', Version: '10.0.0', Id: '54da66c7-e44d-4a20-ac86-b50071b6a5e3''
    TransferVolume: '8.50e-007 m3 / 850 ul'
    DilutionFactor: '1'
    
  SampleTransferProcessAssignments:
    MediaType: 'Name: 'Raw sputum, Id: '5f3e568b-bb3d-4df5-aaf5-ec6906868bc5''
    TransferProcess: 'Name: 'ST Raw sputum', Version: '10.0', Id: 'ed01eb86-023e-4d38-996c-173811b446b7''
    TransferVolume: '8.50e-007 m3 / 850 ul'
    DilutionFactor: '1'
    
    MediaType: 'Name: 'Sediment, Id: 'a6808204-e341-41a5-9f43-4e980828e05b''
    TransferProcess: 'Name: 'ST Sediment', Version: '10.0', Id: 'd8cfa2f3-16f8-4a15-83fc-1e57c06ad665''
    TransferVolume: '8.50e-007 m3 / 850 ul'
    DilutionFactor: '1'
    
  SamplePreparationProcessAssignment:
    SamplePreparationProcess: 'Name: 'NC Generic Sample Preparation Process', Version: '4.0', Id: 'a04ee5ad-8f3e-43c1-8008-8c6f038e79ee''
    DilutedProcessVolumeParameter: '8.50e-007 m3 / 850 ul'
    
    ReagentCassetteAssignments:
        Name: 'MTB 384T', Version: '1.0.0', Id: '03a44939-f61a-4fb3-9ad3-b336bc2fc6e5'
        Name: 'MTB 384T EXT', Version: '1.0.0', Id: '5c988d23-f806-42d4-878e-bf9c4022cec4'
    
    PipettingVolumeParameters:
        Name: 'Lysis', Volume: '1.25e-006 m3 / 1250 ul'
        Name: 'Wash buffer 1a', Volume: '9.00e-007 m3 / 900 ul'
        Name: 'Wash buffer 1b', Volume: '1.50e-006 m3 / 1500 ul'
        Name: 'Wash buffer 2', Volume: '2.00e-006 m3 / 2000 ul'
        Name: 'MGP', Volume: '1.00e-007 m3 / 100 ul'
        Name: 'IC/QS', Volume: '5.00e-008 m3 / 50 ul'
        Name: 'Protease', Volume: '5.00e-008 m3 / 50 ul'
        Name: 'Elution Buffer', Volume: '5.00e-008 m3 / 50 ul'
        Name: 'MasterMix2', Volume: '1.50e-008 m3 / 15 ul'
        Name: 'MasterMix1', Volume: '1.00e-008 m3 / 10 ul'
    
  PcrProcessAssignment:
    PcrProcess: 'Name: 'x800 AD Process 2', Version: '1.0.0', Id: 'd549cab0-683a-479c-bb45-4bd33b143ab3'
    
    CalculationPackage: 'Name: 'MTB x800', Version: '1.2.0.20003', Id: '1a86c2b0-9b51-4ae8-9fa1-7daf267fffcc''
    
    AssayPcrTargets:
        Id: '1', TargetName: ''
        Id: '2', TargetName: 'MTB'
        Id: '3', TargetName: ''
        Id: '4', TargetName: ''
        Id: '5', TargetName: ''
    
    

Assay
  Id: '388a4773-e177-4577-a25e-4b3296fde96a'
  Name: 'x800 MAI'
  Version: '1.1.0'
  Description: 'TDT 1.0.2.1 / ACT 1.0.2.6 (RC-05)'
  CreatedOn: '27-Aug-2024 03:50'
  LastModifiedOn: '27-Aug-2024 03:51'
  AssayType: 'Conventional'
  AsapFileName: 'x800 MAI'
  PackageType:'Asap'

  ControlTransferProcessAssignments:
    MediaType: 'Name: 'MAI RMC IVD, Id: '96d75535-2a56-4d70-91a7-83d84e9efe0e''
    TransferProcess: 'Name: 'MAI RMC IVD', Version: '1.0.0', Id: '96d75535-2a56-4d70-91a7-83d84e9efe0e''
    TransferVolume: '8.50e-007 m3 / 850 ul'
    DilutionFactor: '1'
    
    MediaType: 'Name: 'BUFF NEG RMC IVD, Id: '54da66c7-e44d-4a20-ac86-b50071b6a5e3''
    TransferProcess: 'Name: 'BUFF NEG RMC IVD', Version: '10.0.0', Id: '54da66c7-e44d-4a20-ac86-b50071b6a5e3''
    TransferVolume: '8.50e-007 m3 / 850 ul'
    DilutionFactor: '1'
    
  SampleTransferProcessAssignments:
    MediaType: 'Name: 'Raw sputum, Id: '5f3e568b-bb3d-4df5-aaf5-ec6906868bc5''
    TransferProcess: 'Name: 'ST Raw sputum', Version: '10.0', Id: 'ed01eb86-023e-4d38-996c-173811b446b7''
    TransferVolume: '8.50e-007 m3 / 850 ul'
    DilutionFactor: '1'
    
    MediaType: 'Name: 'Sediment, Id: 'a6808204-e341-41a5-9f43-4e980828e05b''
    TransferProcess: 'Name: 'ST Sediment', Version: '10.0', Id: 'd8cfa2f3-16f8-4a15-83fc-1e57c06ad665''
    TransferVolume: '8.50e-007 m3 / 850 ul'
    DilutionFactor: '1'
    
  SamplePreparationProcessAssignment:
    SamplePreparationProcess: 'Name: 'NC Generic Sample Preparation Process', Version: '4.0', Id: 'a04ee5ad-8f3e-43c1-8008-8c6f038e79ee''
    DilutedProcessVolumeParameter: '8.50e-007 m3 / 850 ul'
    
    ReagentCassetteAssignments:
        Name: 'MAI 384T', Version: '1.0.0', Id: '4c5cb5ff-afa2-4c19-96a0-970cdf4b3d7c'
        Name: 'MAI 384T EXT', Version: '1.0.0', Id: '9008167a-e346-4ede-886e-c34dba846ad0'
    
    PipettingVolumeParameters:
        Name: 'Lysis', Volume: '1.25e-006 m3 / 1250 ul'
        Name: 'Wash buffer 1a', Volume: '9.00e-007 m3 / 900 ul'
        Name: 'Wash buffer 1b', Volume: '1.50e-006 m3 / 1500 ul'
        Name: 'Wash buffer 2', Volume: '2.00e-006 m3 / 2000 ul'
        Name: 'MGP', Volume: '1.00e-007 m3 / 100 ul'
        Name: 'IC/QS', Volume: '5.00e-008 m3 / 50 ul'
        Name: 'Protease', Volume: '5.00e-008 m3 / 50 ul'
        Name: 'Elution Buffer', Volume: '5.00e-008 m3 / 50 ul'
        Name: 'MasterMix2', Volume: '1.50e-008 m3 / 15 ul'
        Name: 'MasterMix1', Volume: '1.00e-008 m3 / 10 ul'
    
  PcrProcessAssignment:
    PcrProcess: 'Name: 'x800 AD Process 2', Version: '1.0.0', Id: 'd549cab0-683a-479c-bb45-4bd33b143ab3'
    
    CalculationPackage: 'Name: 'MAI x800', Version: '1.1.0.20003', Id: 'c8e41adc-4c70-48fc-a721-45dca7a87130''
    
    AssayPcrTargets:
        Id: '1', TargetName: ''
        Id: '2', TargetName: 'MIN'
        Id: '3', TargetName: 'MAV'
        Id: '4', TargetName: ''
        Id: '5', TargetName: ''
    
    



[EOL]
[2026-09-30 09:04:55.071Z][CA][INF][Logger:Roche.X800.TestDefinitionData.Instrument.TestDefinitionDataInstrumentConfigurator][Thread:9]TestDefinitionData.Instrument successfully loaded[EOL]
[2026-09-30 09:04:55.071Z][CA][INF][Logger:Roche.Sting.Calculation.Host.Configuration.ConfigurationExtensions][Thread:9]Starting CalculationHost ...[EOL]
[2026-09-30 09:04:55.072Z][CA][INF][Logger:Roche.Sting.Calculation.Host.Configuration.CalculationHostModule][Thread:9]Starting module 'CalculationHostModule' ...[EOL]
[2026-09-30 09:04:55.072Z][CA][INF][Logger:Roche.Sting.Calculation.Host.Configuration.CalculationHostModule][Thread:9]Starting up submodules of 'CalculationHostModule' ...[EOL]
[2026-09-30 09:04:55.072Z][CA][INF][Logger:Roche.Sting.Calculation.Host.Docker.DockerModule][Thread:9]Starting up submodules of 'DockerModule' ...[EOL]
[2026-09-30 09:04:55.072Z][CA][INF][Logger:Roche.Sting.Calculation.Host.Docker.DockerModule][Thread:9]Submodules of 'DockerModule' successfully started[EOL]
[2026-09-30 09:04:55.073Z][CA][INF][Logger:Roche.Sting.Calculation.Host.RunnerManagement.RunnerManagementModule][Thread:9]Starting up submodules of 'RunnerManagementModule' ...[EOL]
[2026-09-30 09:04:55.073Z][CA][INF][Logger:Roche.Sting.Calculation.Host.RunnerManagement.RunnerManagementModule][Thread:9]Submodules of 'RunnerManagementModule' successfully started[EOL]
[2026-09-30 09:04:55.073Z][CA][INF][Logger:Roche.Sting.Calculation.Host.Configuration.CalculationHostModule][Thread:9]Submodules of 'CalculationHostModule' successfully started[EOL]
[2026-09-30 09:04:55.092Z][CA][INF][Logger:Roche.Sting.Calculation.Host.RunnerManagement.CalculationRunnerImagesBuilder][Thread:9]Starting 'CalculationRunnerImagesBuilder' ...[EOL]
[2026-09-30 09:04:55.094Z][CA][INF][Logger:Roche.Sting.Calculation.Host.RunnerManagement.CalculationRunnerImagesBuilder][Thread:9]Going to build all CalculationRunner images with RootDirectory: '/build'
                        RunnerDirectory: 'runner'
                        TestDefinitionDataDirectory: 'shared-data/TestDefinitionData'
                        RabbitMqHostname: 'im-rabbitmq'
                        RabbitMqExchangeName: 'roche.events.tx'
                        RabbitMqEventQueueName: 'roche.sting.calculation.q' ...[EOL]
[2026-09-30 09:04:55.200Z][CA][INF][Logger:Roche.Sting.Calculation.Host.RunnerManagement.CalculationRunnerImagesBuilder][Thread:9]Copying 'shared-data/TestDefinitionData/Calculation/CalculationPackages/X800.Calculator.MTBRIFINH_1.1.0.20009.zip' to '/build/CalculationPackages/X800.Calculator.MTBRIFINH_1.1.0.20009.zip' ...[EOL]
[2026-09-30 09:04:55.201Z][CA][INF][Logger:Roche.Sting.Calculation.Host.RunnerManagement.CalculationRunnerImagesBuilder][Thread:9]No UcCalculationConfiguration file found 'shared-data/TestDefinitionData/Calculation/UcCalculationConfigurations/UcCalculationConfiguration_cedb8eee-7bd5-4519-8627-5dfd077fcd03.xml'. Assuming that this is an ASAP.[EOL]
[2026-09-30 09:04:55.203Z][CA][INF][Logger:Roche.Sting.Calculation.Host.RunnerManagement.CalculationRunnerImagesBuilder][Thread:9]Creating CalculationRunner 'calculationrunner-x800mtb-rif-inh_1.1.0' ...[EOL]
[2026-09-30 09:04:55.203Z][CA][INF][Logger:Roche.Sting.Calculation.Host.RunnerManagement.CalculationRunnerImagesBuilder][Thread:9]Calculation Runner Docker id: 'calculationrunner-x800mtb-rif-inh_1.1.0'[EOL]
[2026-09-30 09:04:55.213Z][CA][INF][Logger:Roche.Sting.Calculation.Host.RunnerManagement.CalculationRunnerImagesBuilder][Thread:9]My container found (fde8690be69f)[EOL]
[2026-09-30 09:04:55.213Z][CA][INF][Logger:Roche.Sting.Calculation.Host.RunnerManagement.CalculationRunnerImagesBuilder][Thread:9]Logs mounted from: '/opt/roche/var/lib/c5800/logs'[EOL]
[2026-09-30 09:04:55.214Z][CA][INF][Logger:Roche.Sting.Calculation.Host.RunnerManagement.CalculationRunnerImagesBuilder][Thread:9]Dockerfile: 'Dockerfile-calculationrunner-x800mtb-rif-inh_1.1.0'[EOL]
[2026-09-30 09:04:55.214Z][CA][INF][Logger:Roche.Sting.Calculation.Host.RunnerManagement.CalculationRunnerImagesBuilder][Thread:9]Dockerfile content:
FROM nugetprod.emea.roche.com/rmd.sting.docker/sting/dotnet:5.0
WORKDIR /calc
COPY CalculationPackages/X800.Calculator.MTBRIFINH_1.1.0.20009.zip ./
WORKDIR /app
COPY runner .
RUN sed -i s/CalculatePreliminaryResult_CalculatorId/CalculatePreliminaryResult_calculationrunner-x800mtb-rif-inh_1.1.0/g Roche.Sting.Calculation.Runner.dll.config
RUN sed -i s/im-rabbitmq/im-rabbitmq/g Roche.Sting.Calculation.Runner.dll.config
RUN sed -i s/calcID/calculationrunner-x800mtb-rif-inh_1.1.0/g serilog.json
ENTRYPOINT ["dotnet", "Roche.Sting.Calculation.Runner.dll"]
[EOL]
[2026-09-30 09:04:55.214Z][CA][INF][Logger:Roche.Sting.Calculation.Host.RunnerManagement.CalculationRunnerImagesBuilder][Thread:9]Adding calculator 'calculationrunner-x800mtb-rif-inh_1.1.0' ...[EOL]
[2026-09-30 09:04:55.214Z][CA][INF][Logger:Roche.Sting.Calculation.Host.RunnerManagement.CalculationRunnerImagesBuilder][Thread:9]Copying 'shared-data/TestDefinitionData/Calculation/CalculationPackages/X800.Calculator.MTB_1.2.0.20003.zip' to '/build/CalculationPackages/X800.Calculator.MTB_1.2.0.20003.zip' ...[EOL]
[2026-09-30 09:04:55.215Z][CA][INF][Logger:Roche.Sting.Calculation.Host.RunnerManagement.CalculationRunnerImagesBuilder][Thread:9]No UcCalculationConfiguration file found 'shared-data/TestDefinitionData/Calculation/UcCalculationConfigurations/UcCalculationConfiguration_7a214f38-d555-4417-b943-4d2cf80728e7.xml'. Assuming that this is an ASAP.[EOL]
[2026-09-30 09:04:55.215Z][CA][INF][Logger:Roche.Sting.Calculation.Host.RunnerManagement.CalculationRunnerImagesBuilder][Thread:9]Creating CalculationRunner 'calculationrunner-x800mtb_1.1.0' ...[EOL]
[2026-09-30 09:04:55.215Z][CA][INF][Logger:Roche.Sting.Calculation.Host.RunnerManagement.CalculationRunnerImagesBuilder][Thread:9]Calculation Runner Docker id: 'calculationrunner-x800mtb_1.1.0'[EOL]
[2026-09-30 09:04:55.217Z][CA][INF][Logger:Roche.Sting.Calculation.Host.RunnerManagement.CalculationRunnerImagesBuilder][Thread:9]My container found (fde8690be69f)[EOL]
[2026-09-30 09:04:55.217Z][CA][INF][Logger:Roche.Sting.Calculation.Host.RunnerManagement.CalculationRunnerImagesBuilder][Thread:9]Logs mounted from: '/opt/roche/var/lib/c5800/logs'[EOL]
[2026-09-30 09:04:55.217Z][CA][INF][Logger:Roche.Sting.Calculation.Host.RunnerManagement.CalculationRunnerImagesBuilder][Thread:9]Dockerfile: 'Dockerfile-calculationrunner-x800mtb_1.1.0'[EOL]
[2026-09-30 09:04:55.217Z][CA][INF][Logger:Roche.Sting.Calculation.Host.RunnerManagement.CalculationRunnerImagesBuilder][Thread:9]Dockerfile content:
FROM nugetprod.emea.roche.com/rmd.sting.docker/sting/dotnet:5.0
WORKDIR /calc
COPY CalculationPackages/X800.Calculator.MTB_1.2.0.20003.zip ./
WORKDIR /app
COPY runner .
RUN sed -i s/CalculatePreliminaryResult_CalculatorId/CalculatePreliminaryResult_calculationrunner-x800mtb_1.1.0/g Roche.Sting.Calculation.Runner.dll.config
RUN sed -i s/im-rabbitmq/im-rabbitmq/g Roche.Sting.Calculation.Runner.dll.config
RUN sed -i s/calcID/calculationrunner-x800mtb_1.1.0/g serilog.json
ENTRYPOINT ["dotnet", "Roche.Sting.Calculation.Runner.dll"]
[EOL]
[2026-09-30 09:04:55.217Z][CA][INF][Logger:Roche.Sting.Calculation.Host.RunnerManagement.CalculationRunnerImagesBuilder][Thread:9]Adding calculator 'calculationrunner-x800mtb_1.1.0' ...[EOL]
[2026-09-30 09:04:55.217Z][CA][INF][Logger:Roche.Sting.Calculation.Host.RunnerManagement.CalculationRunnerImagesBuilder][Thread:9]Copying 'shared-data/TestDefinitionData/Calculation/CalculationPackages/X800.Calculator.MAI_1.1.0.20003.zip' to '/build/CalculationPackages/X800.Calculator.MAI_1.1.0.20003.zip' ...[EOL]
[2026-09-30 09:04:55.218Z][CA][INF][Logger:Roche.Sting.Calculation.Host.RunnerManagement.CalculationRunnerImagesBuilder][Thread:9]No UcCalculationConfiguration file found 'shared-data/TestDefinitionData/Calculation/UcCalculationConfigurations/UcCalculationConfiguration_388a4773-e177-4577-a25e-4b3296fde96a.xml'. Assuming that this is an ASAP.[EOL]
[2026-09-30 09:04:55.218Z][CA][INF][Logger:Roche.Sting.Calculation.Host.RunnerManagement.CalculationRunnerImagesBuilder][Thread:9]Creating CalculationRunner 'calculationrunner-x800mai_1.1.0' ...[EOL]
[2026-09-30 09:04:55.218Z][CA][INF][Logger:Roche.Sting.Calculation.Host.RunnerManagement.CalculationRunnerImagesBuilder][Thread:9]Calculation Runner Docker id: 'calculationrunner-x800mai_1.1.0'[EOL]
[2026-09-30 09:04:55.219Z][CA][INF][Logger:Roche.Sting.Calculation.Host.RunnerManagement.CalculationRunnerImagesBuilder][Thread:9]My container found (fde8690be69f)[EOL]
[2026-09-30 09:04:55.219Z][CA][INF][Logger:Roche.Sting.Calculation.Host.RunnerManagement.CalculationRunnerImagesBuilder][Thread:9]Logs mounted from: '/opt/roche/var/lib/c5800/logs'[EOL]
[2026-09-30 09:04:55.220Z][CA][INF][Logger:Roche.Sting.Calculation.Host.RunnerManagement.CalculationRunnerImagesBuilder][Thread:9]Dockerfile: 'Dockerfile-calculationrunner-x800mai_1.1.0'[EOL]
[2026-09-30 09:04:55.220Z][CA][INF][Logger:Roche.Sting.Calculation.Host.RunnerManagement.CalculationRunnerImagesBuilder][Thread:9]Dockerfile content:
FROM nugetprod.emea.roche.com/rmd.sting.docker/sting/dotnet:5.0
WORKDIR /calc
COPY CalculationPackages/X800.Calculator.MAI_1.1.0.20003.zip ./
WORKDIR /app
COPY runner .
RUN sed -i s/CalculatePreliminaryResult_CalculatorId/CalculatePreliminaryResult_calculationrunner-x800mai_1.1.0/g Roche.Sting.Calculation.Runner.dll.config
RUN sed -i s/im-rabbitmq/im-rabbitmq/g Roche.Sting.Calculation.Runner.dll.config
RUN sed -i s/calcID/calculationrunner-x800mai_1.1.0/g serilog.json
ENTRYPOINT ["dotnet", "Roche.Sting.Calculation.Runner.dll"]
[EOL]
[2026-09-30 09:04:55.220Z][CA][INF][Logger:Roche.Sting.Calculation.Host.RunnerManagement.CalculationRunnerImagesBuilder][Thread:9]Adding calculator 'calculationrunner-x800mai_1.1.0' ...[EOL]
[2026-09-30 09:04:55.220Z][CA][INF][Logger:Roche.Sting.Calculation.Host.RunnerManagement.CalculationRunnerImagesBuilder][Thread:9]Docker compose file: 'docker-compose.yml'[EOL]
[2026-09-30 09:04:55.220Z][CA][INF][Logger:Roche.Sting.Calculation.Host.RunnerManagement.CalculationRunnerImagesBuilder][Thread:9]Docker compose file content:
version: '3.4'

networks:
  default:
    external:
      name: sting-network

services:
  calculationrunner-x800mtb-rif-inh_1.1.0:
    image: calculationrunner-x800mtb-rif-inh_1.1.0
    build:
      dockerfile: /app/Dockerfile-calculationrunner-x800mtb-rif-inh_1.1.0
      context: /build
    container_name: calculationrunner-x800mtb-rif-inh_1.1.0
    volumes:
    - /opt/roche/var/lib/c5800/logs:/app/shared-data/logs
    environment:
    - CalculatorPath=/Calculator
    env_file:
     - /app/device.identifier.env
  calculationrunner-x800mtb_1.1.0:
    image: calculationrunner-x800mtb_1.1.0
    build:
      dockerfile: /app/Dockerfile-calculationrunner-x800mtb_1.1.0
      context: /build
    container_name: calculationrunner-x800mtb_1.1.0
    volumes:
    - /opt/roche/var/lib/c5800/logs:/app/shared-data/logs
    environment:
    - CalculatorPath=/Calculator
    env_file:
     - /app/device.identifier.env
  calculationrunner-x800mai_1.1.0:
    image: calculationrunner-x800mai_1.1.0
    build:
      dockerfile: /app/Dockerfile-calculationrunner-x800mai_1.1.0
      context: /build
    container_name: calculationrunner-x800mai_1.1.0
    volumes:
    - /opt/roche/var/lib/c5800/logs:/app/shared-data/logs
    environment:
    - CalculatorPath=/Calculator
    env_file:
     - /app/device.identifier.env
[EOL]
[2026-09-30 09:04:55.220Z][CA][INF][Logger:Roche.Sting.Calculation.Host.Docker.DockerManager][Thread:9]Calling 'docker-compose build' to create all runners ...[EOL]
[2026-09-30 09:04:55.221Z][CA][INF][Logger:Roche.Sting.Calculation.Host.Docker.DockerCommandExecutor][Thread:9]Going to start Docker process by executing 'docker-compose' with args 'down --rmi all' ...[EOL]
[2026-09-30 09:04:56.041Z][CA][INF][Logger:Roche.Sting.Calculation.Host.Docker.DockerCommandExecutor][Thread:13]StdErr: Network sting-network is external, skipping[EOL]
[2026-09-30 09:04:56.041Z][CA][INF][Logger:Roche.Sting.Calculation.Host.Docker.DockerCommandExecutor][Thread:13]StdErr: Removing image calculationrunner-x800mtb-rif-inh_1.1.0[EOL]
[2026-09-30 09:04:56.041Z][CA][INF][Logger:Roche.Sting.Calculation.Host.Docker.DockerCommandExecutor][Thread:13]StdErr: Failed to remove image for service calculationrunner-x800mtb-rif-inh_1.1.0: 404 Client Error: Not Found ("No such image: calculationrunner-x800mtb-rif-inh_1.1.0:latest")[EOL]
[2026-09-30 09:04:56.041Z][CA][INF][Logger:Roche.Sting.Calculation.Host.Docker.DockerCommandExecutor][Thread:13]StdErr: Removing image calculationrunner-x800mtb_1.1.0[EOL]
[2026-09-30 09:04:56.043Z][CA][INF][Logger:Roche.Sting.Calculation.Host.Docker.DockerCommandExecutor][Thread:10]StdErr: Failed to remove image for service calculationrunner-x800mtb_1.1.0: 404 Client Error: Not Found ("No such image: calculationrunner-x800mtb_1.1.0:latest")[EOL]
[2026-09-30 09:04:56.043Z][CA][INF][Logger:Roche.Sting.Calculation.Host.Docker.DockerCommandExecutor][Thread:10]StdErr: Removing image calculationrunner-x800mai_1.1.0[EOL]
[2026-09-30 09:04:56.044Z][CA][INF][Logger:Roche.Sting.Calculation.Host.Docker.DockerCommandExecutor][Thread:13]StdErr: Failed to remove image for service calculationrunner-x800mai_1.1.0: 404 Client Error: Not Found ("No such image: calculationrunner-x800mai_1.1.0:latest")[EOL]
[2026-09-30 09:04:56.068Z][CA][INF][Logger:Roche.Sting.Calculation.Host.Docker.DockerCommandExecutor][Thread:13]StdErr: [EOL]
[2026-09-30 09:04:56.068Z][CA][INF][Logger:Roche.Sting.Calculation.Host.Docker.DockerCommandExecutor][Thread:8]StdOut: [EOL]
[2026-09-30 09:04:56.069Z][CA][INF][Logger:Roche.Sting.Calculation.Host.Docker.DockerCommandExecutor][Thread:9]Successfully executed 'docker-compose' with args 'down --rmi all'[EOL]
[2026-09-30 09:04:56.069Z][CA][INF][Logger:Roche.Sting.Calculation.Host.Docker.DockerCommandExecutor][Thread:9]Going to start Docker process by executing 'docker-compose' with args 'build' ...[EOL]
[2026-09-30 09:04:56.270Z][CA][INF][Logger:Roche.Sting.Calculation.Host.Docker.DockerCommandExecutor][Thread:13]StdErr: Building calculationrunner-x800mtb-rif-inh_1.1.0[EOL]
[2026-09-30 09:04:56.380Z][CA][INF][Logger:Roche.Sting.Calculation.Host.Docker.DockerCommandExecutor][Thread:7]StdOut: Step 1/9 : FROM nugetprod.emea.roche.com/rmd.sting.docker/sting/dotnet:5.0[EOL]
[2026-09-30 09:04:56.380Z][CA][INF][Logger:Roche.Sting.Calculation.Host.Docker.DockerCommandExecutor][Thread:7]StdOut:  ---> f3a276b03a53[EOL]
[2026-09-30 09:04:56.380Z][CA][INF][Logger:Roche.Sting.Calculation.Host.Docker.DockerCommandExecutor][Thread:7]StdOut: Step 2/9 : WORKDIR /calc[EOL]
[2026-09-30 09:04:56.619Z][CA][INF][Logger:Roche.Sting.Calculation.Host.Docker.DockerCommandExecutor][Thread:7]StdOut:  ---> Running in 91b33f161b42[EOL]
[2026-09-30 09:04:56.693Z][CA][INF][Logger:Roche.Sting.Calculation.Host.Docker.DockerCommandExecutor][Thread:7]StdOut: Removing intermediate container 91b33f161b42[EOL]
[2026-09-30 09:04:56.693Z][CA][INF][Logger:Roche.Sting.Calculation.Host.Docker.DockerCommandExecutor][Thread:7]StdOut:  ---> 1cdc82bcf707[EOL]
[2026-09-30 09:04:56.694Z][CA][INF][Logger:Roche.Sting.Calculation.Host.Docker.DockerCommandExecutor][Thread:8]StdOut: Step 3/9 : COPY CalculationPackages/X800.Calculator.MTBRIFINH_1.1.0.20009.zip ./[EOL]
[2026-09-30 09:04:56.791Z][CA][INF][Logger:Roche.Sting.Calculation.Host.Docker.DockerCommandExecutor][Thread:7]StdOut:  ---> 52a9ab55c4f1[EOL]
[2026-09-30 09:04:56.791Z][CA][INF][Logger:Roche.Sting.Calculation.Host.Docker.DockerCommandExecutor][Thread:10]StdOut: Step 4/9 : WORKDIR /app[EOL]
[2026-09-30 09:04:56.808Z][CA][INF][Logger:Roche.Sting.Calculation.Host.Docker.DockerCommandExecutor][Thread:10]StdOut:  ---> Running in c9b1a40752c6[EOL]
[2026-09-30 09:04:56.860Z][CA][INF][Logger:Roche.Sting.Calculation.Host.Docker.DockerCommandExecutor][Thread:10]StdOut: Removing intermediate container c9b1a40752c6[EOL]
[2026-09-30 09:04:56.860Z][CA][INF][Logger:Roche.Sting.Calculation.Host.Docker.DockerCommandExecutor][Thread:10]StdOut:  ---> 1a83f41a61bc[EOL]
[2026-09-30 09:04:56.860Z][CA][INF][Logger:Roche.Sting.Calculation.Host.Docker.DockerCommandExecutor][Thread:10]StdOut: Step 5/9 : COPY runner .[EOL]
[2026-09-30 09:04:57.065Z][CA][INF][Logger:Roche.Sting.Calculation.Host.Docker.DockerCommandExecutor][Thread:10]StdOut:  ---> ab7e8c39ecaa[EOL]
[2026-09-30 09:04:57.066Z][CA][INF][Logger:Roche.Sting.Calculation.Host.Docker.DockerCommandExecutor][Thread:14]StdOut: Step 6/9 : RUN sed -i s/CalculatePreliminaryResult_CalculatorId/CalculatePreliminaryResult_calculationrunner-x800mtb-rif-inh_1.1.0/g Roche.Sting.Calculation.Runner.dll.config[EOL]
[2026-09-30 09:04:57.101Z][CA][INF][Logger:Roche.Sting.Calculation.Host.Docker.DockerCommandExecutor][Thread:14]StdOut:  ---> Running in 22e4646e5c67[EOL]
[2026-09-30 09:04:57.315Z][CA][INF][Logger:Roche.Sting.Calculation.Host.Docker.DockerCommandExecutor][Thread:14]StdOut: Removing intermediate container 22e4646e5c67[EOL]
[2026-09-30 09:04:57.315Z][CA][INF][Logger:Roche.Sting.Calculation.Host.Docker.DockerCommandExecutor][Thread:14]StdOut:  ---> 7812ea9ebb11[EOL]
[2026-09-30 09:04:57.315Z][CA][INF][Logger:Roche.Sting.Calculation.Host.Docker.DockerCommandExecutor][Thread:14]StdOut: Step 7/9 : RUN sed -i s/im-rabbitmq/im-rabbitmq/g Roche.Sting.Calculation.Runner.dll.config[EOL]
[2026-09-30 09:04:57.330Z][CA][INF][Logger:Roche.Sting.Calculation.Host.Docker.DockerCommandExecutor][Thread:14]StdOut:  ---> Running in cfb1c389d8ef[EOL]
[2026-09-30 09:04:57.518Z][CA][INF][Logger:Roche.Sting.Calculation.Host.Docker.DockerCommandExecutor][Thread:14]StdOut: Removing intermediate container cfb1c389d8ef[EOL]
[2026-09-30 09:04:57.518Z][CA][INF][Logger:Roche.Sting.Calculation.Host.Docker.DockerCommandExecutor][Thread:8]StdOut:  ---> 39d88d8b6740[EOL]
[2026-09-30 09:04:57.518Z][CA][INF][Logger:Roche.Sting.Calculation.Host.Docker.DockerCommandExecutor][Thread:8]StdOut: Step 8/9 : RUN sed -i s/calcID/calculationrunner-x800mtb-rif-inh_1.1.0/g serilog.json[EOL]
[2026-09-30 09:04:57.538Z][CA][INF][Logger:Roche.Sting.Calculation.Host.Docker.DockerCommandExecutor][Thread:8]StdOut:  ---> Running in e0f25af88f11[EOL]
[2026-09-30 09:04:57.724Z][CA][INF][Logger:Roche.Sting.Calculation.Host.Docker.DockerCommandExecutor][Thread:8]StdOut: Removing intermediate container e0f25af88f11[EOL]
[2026-09-30 09:04:57.724Z][CA][INF][Logger:Roche.Sting.Calculation.Host.Docker.DockerCommandExecutor][Thread:14]StdOut:  ---> 89f540d69281[EOL]
[2026-09-30 09:04:57.724Z][CA][INF][Logger:Roche.Sting.Calculation.Host.Docker.DockerCommandExecutor][Thread:8]StdOut: Step 9/9 : ENTRYPOINT ["dotnet", "Roche.Sting.Calculation.Runner.dll"][EOL]
[2026-09-30 09:04:57.743Z][CA][INF][Logger:Roche.Sting.Calculation.Host.Docker.DockerCommandExecutor][Thread:8]StdOut:  ---> Running in 4a361f83e542[EOL]
[2026-09-30 09:04:57.803Z][CA][INF][Logger:Roche.Sting.Calculation.Host.Docker.DockerCommandExecutor][Thread:8]StdOut: Removing intermediate container 4a361f83e542[EOL]
[2026-09-30 09:04:57.803Z][CA][INF][Logger:Roche.Sting.Calculation.Host.Docker.DockerCommandExecutor][Thread:8]StdOut:  ---> 339069db6b5f[EOL]
[2026-09-30 09:04:57.803Z][CA][INF][Logger:Roche.Sting.Calculation.Host.Docker.DockerCommandExecutor][Thread:8]StdOut: [EOL]
[2026-09-30 09:04:57.806Z][CA][INF][Logger:Roche.Sting.Calculation.Host.Docker.DockerCommandExecutor][Thread:8]StdOut: Successfully built 339069db6b5f[EOL]
[2026-09-30 09:04:57.807Z][CA][INF][Logger:Roche.Sting.Calculation.Host.Docker.DockerCommandExecutor][Thread:8]StdOut: Successfully tagged calculationrunner-x800mtb-rif-inh_1.1.0:latest[EOL]
[2026-09-30 09:04:57.807Z][CA][INF][Logger:Roche.Sting.Calculation.Host.Docker.DockerCommandExecutor][Thread:13]StdErr: Building calculationrunner-x800mtb_1.1.0[EOL]
[2026-09-30 09:04:57.886Z][CA][INF][Logger:Roche.Sting.Calculation.Host.Docker.DockerCommandExecutor][Thread:8]StdOut: Step 1/9 : FROM nugetprod.emea.roche.com/rmd.sting.docker/sting/dotnet:5.0[EOL]
[2026-09-30 09:04:57.886Z][CA][INF][Logger:Roche.Sting.Calculation.Host.Docker.DockerCommandExecutor][Thread:8]StdOut:  ---> f3a276b03a53[EOL]
[2026-09-30 09:04:57.886Z][CA][INF][Logger:Roche.Sting.Calculation.Host.Docker.DockerCommandExecutor][Thread:8]StdOut: Step 2/9 : WORKDIR /calc[EOL]
[2026-09-30 09:04:57.886Z][CA][INF][Logger:Roche.Sting.Calculation.Host.Docker.DockerCommandExecutor][Thread:8]StdOut:  ---> Using cache[EOL]
[2026-09-30 09:04:57.886Z][CA][INF][Logger:Roche.Sting.Calculation.Host.Docker.DockerCommandExecutor][Thread:8]StdOut:  ---> 1cdc82bcf707[EOL]
[2026-09-30 09:04:57.886Z][CA][INF][Logger:Roche.Sting.Calculation.Host.Docker.DockerCommandExecutor][Thread:7]StdOut: Step 3/9 : COPY CalculationPackages/X800.Calculator.MTB_1.2.0.20003.zip ./[EOL]
[2026-09-30 09:04:57.990Z][CA][INF][Logger:Roche.Sting.Calculation.Host.Docker.DockerCommandExecutor][Thread:7]StdOut:  ---> 06f30707f9da[EOL]
[2026-09-30 09:04:57.991Z][CA][INF][Logger:Roche.Sting.Calculation.Host.Docker.DockerCommandExecutor][Thread:7]StdOut: Step 4/9 : WORKDIR /app[EOL]
[2026-09-30 09:04:58.005Z][CA][INF][Logger:Roche.Sting.Calculation.Host.Docker.DockerCommandExecutor][Thread:7]StdOut:  ---> Running in 0b289219c6fb[EOL]
[2026-09-30 09:04:58.055Z][CA][INF][Logger:Roche.Sting.Calculation.Host.Docker.DockerCommandExecutor][Thread:7]StdOut: Removing intermediate container 0b289219c6fb[EOL]
[2026-09-30 09:04:58.055Z][CA][INF][Logger:Roche.Sting.Calculation.Host.Docker.DockerCommandExecutor][Thread:7]StdOut:  ---> 8a249c4e649d[EOL]
[2026-09-30 09:04:58.055Z][CA][INF][Logger:Roche.Sting.Calculation.Host.Docker.DockerCommandExecutor][Thread:7]StdOut: Step 5/9 : COPY runner .[EOL]
[2026-09-30 09:04:58.207Z][CA][INF][Logger:Roche.Sting.Calculation.Host.Docker.DockerCommandExecutor][Thread:7]StdOut:  ---> 64e698f2fce0[EOL]
[2026-09-30 09:04:58.207Z][CA][INF][Logger:Roche.Sting.Calculation.Host.Docker.DockerCommandExecutor][Thread:13]StdOut: Step 6/9 : RUN sed -i s/CalculatePreliminaryResult_CalculatorId/CalculatePreliminaryResult_calculationrunner-x800mtb_1.1.0/g Roche.Sting.Calculation.Runner.dll.config[EOL]
[2026-09-30 09:04:58.224Z][CA][INF][Logger:Roche.Sting.Calculation.Host.Docker.DockerCommandExecutor][Thread:7]StdOut:  ---> Running in 52ad2d6839c7[EOL]
[2026-09-30 09:04:58.426Z][CA][INF][Logger:Roche.Sting.Calculation.Host.Docker.DockerCommandExecutor][Thread:7]StdOut: Removing intermediate container 52ad2d6839c7[EOL]
[2026-09-30 09:04:58.426Z][CA][INF][Logger:Roche.Sting.Calculation.Host.Docker.DockerCommandExecutor][Thread:7]StdOut:  ---> 13465c578d58[EOL]
[2026-09-30 09:04:58.426Z][CA][INF][Logger:Roche.Sting.Calculation.Host.Docker.DockerCommandExecutor][Thread:7]StdOut: Step 7/9 : RUN sed -i s/im-rabbitmq/im-rabbitmq/g Roche.Sting.Calculation.Runner.dll.config[EOL]
[2026-09-30 09:04:58.444Z][CA][INF][Logger:Roche.Sting.Calculation.Host.Docker.DockerCommandExecutor][Thread:7]StdOut:  ---> Running in 3842e9fb9758[EOL]
[2026-09-30 09:04:58.629Z][CA][INF][Logger:Roche.Sting.Calculation.Host.Docker.DockerCommandExecutor][Thread:7]StdOut: Removing intermediate container 3842e9fb9758[EOL]
[2026-09-30 09:04:58.629Z][CA][INF][Logger:Roche.Sting.Calculation.Host.Docker.DockerCommandExecutor][Thread:7]StdOut:  ---> 92008b1cd5eb[EOL]
[2026-09-30 09:04:58.629Z][CA][INF][Logger:Roche.Sting.Calculation.Host.Docker.DockerCommandExecutor][Thread:7]StdOut: Step 8/9 : RUN sed -i s/calcID/calculationrunner-x800mtb_1.1.0/g serilog.json[EOL]
[2026-09-30 09:04:58.647Z][CA][INF][Logger:Roche.Sting.Calculation.Host.Docker.DockerCommandExecutor][Thread:7]StdOut:  ---> Running in 8c30ee199f5b[EOL]
[2026-09-30 09:04:58.866Z][CA][INF][Logger:Roche.Sting.Calculation.Host.Docker.DockerCommandExecutor][Thread:7]StdOut: Removing intermediate container 8c30ee199f5b[EOL]
[2026-09-30 09:04:58.866Z][CA][INF][Logger:Roche.Sting.Calculation.Host.Docker.DockerCommandExecutor][Thread:7]StdOut:  ---> a3ff6917d0a5[EOL]
[2026-09-30 09:04:58.866Z][CA][INF][Logger:Roche.Sting.Calculation.Host.Docker.DockerCommandExecutor][Thread:7]StdOut: Step 9/9 : ENTRYPOINT ["dotnet", "Roche.Sting.Calculation.Runner.dll"][EOL]
[2026-09-30 09:04:58.895Z][CA][INF][Logger:Roche.Sting.Calculation.Host.Docker.DockerCommandExecutor][Thread:7]StdOut:  ---> Running in e409aea9dc8a[EOL]
[2026-09-30 09:04:58.983Z][CA][INF][Logger:Roche.Sting.Calculation.Host.Docker.DockerCommandExecutor][Thread:7]StdOut: Removing intermediate container e409aea9dc8a[EOL]
[2026-09-30 09:04:58.983Z][CA][INF][Logger:Roche.Sting.Calculation.Host.Docker.DockerCommandExecutor][Thread:7]StdOut:  ---> a6b124bff81e[EOL]
[2026-09-30 09:04:58.983Z][CA][INF][Logger:Roche.Sting.Calculation.Host.Docker.DockerCommandExecutor][Thread:7]StdOut: [EOL]
[2026-09-30 09:04:58.986Z][CA][INF][Logger:Roche.Sting.Calculation.Host.Docker.DockerCommandExecutor][Thread:7]StdOut: Successfully built a6b124bff81e[EOL]
[2026-09-30 09:04:58.988Z][CA][INF][Logger:Roche.Sting.Calculation.Host.Docker.DockerCommandExecutor][Thread:7]StdOut: Successfully tagged calculationrunner-x800mtb_1.1.0:latest[EOL]
[2026-09-30 09:04:58.988Z][CA][INF][Logger:Roche.Sting.Calculation.Host.Docker.DockerCommandExecutor][Thread:14]StdErr: Building calculationrunner-x800mai_1.1.0[EOL]
[2026-09-30 09:04:59.109Z][CA][INF][Logger:Roche.Sting.Calculation.Host.Docker.DockerCommandExecutor][Thread:7]StdOut: Step 1/9 : FROM nugetprod.emea.roche.com/rmd.sting.docker/sting/dotnet:5.0[EOL]
[2026-09-30 09:04:59.110Z][CA][INF][Logger:Roche.Sting.Calculation.Host.Docker.DockerCommandExecutor][Thread:7]StdOut:  ---> f3a276b03a53[EOL]
[2026-09-30 09:04:59.110Z][CA][INF][Logger:Roche.Sting.Calculation.Host.Docker.DockerCommandExecutor][Thread:7]StdOut: Step 2/9 : WORKDIR /calc[EOL]
[2026-09-30 09:04:59.110Z][CA][INF][Logger:Roche.Sting.Calculation.Host.Docker.DockerCommandExecutor][Thread:7]StdOut:  ---> Using cache[EOL]
[2026-09-30 09:04:59.110Z][CA][INF][Logger:Roche.Sting.Calculation.Host.Docker.DockerCommandExecutor][Thread:7]StdOut:  ---> 1cdc82bcf707[EOL]
[2026-09-30 09:04:59.110Z][CA][INF][Logger:Roche.Sting.Calculation.Host.Docker.DockerCommandExecutor][Thread:7]StdOut: Step 3/9 : COPY CalculationPackages/X800.Calculator.MAI_1.1.0.20003.zip ./[EOL]
[2026-09-30 09:04:59.245Z][CA][INF][Logger:Roche.Sting.Calculation.Host.Docker.DockerCommandExecutor][Thread:7]StdOut:  ---> 918745ac9866[EOL]
[2026-09-30 09:04:59.245Z][CA][INF][Logger:Roche.Sting.Calculation.Host.Docker.DockerCommandExecutor][Thread:7]StdOut: Step 4/9 : WORKDIR /app[EOL]
[2026-09-30 09:04:59.266Z][CA][INF][Logger:Roche.Sting.Calculation.Host.Docker.DockerCommandExecutor][Thread:7]StdOut:  ---> Running in 8988df4115ed[EOL]
[2026-09-30 09:04:59.323Z][CA][INF][Logger:Roche.Sting.Calculation.Host.Docker.DockerCommandExecutor][Thread:7]StdOut: Removing intermediate container 8988df4115ed[EOL]
[2026-09-30 09:04:59.323Z][CA][INF][Logger:Roche.Sting.Calculation.Host.Docker.DockerCommandExecutor][Thread:7]StdOut:  ---> ff6190099f8f[EOL]
[2026-09-30 09:04:59.323Z][CA][INF][Logger:Roche.Sting.Calculation.Host.Docker.DockerCommandExecutor][Thread:7]StdOut: Step 5/9 : COPY runner .[EOL]
[2026-09-30 09:04:59.475Z][CA][INF][Logger:Roche.Sting.Calculation.Host.Docker.DockerCommandExecutor][Thread:13]StdOut:  ---> f4733842c803[EOL]
[2026-09-30 09:04:59.476Z][CA][INF][Logger:Roche.Sting.Calculation.Host.Docker.DockerCommandExecutor][Thread:13]StdOut: Step 6/9 : RUN sed -i s/CalculatePreliminaryResult_CalculatorId/CalculatePreliminaryResult_calculationrunner-x800mai_1.1.0/g Roche.Sting.Calculation.Runner.dll.config[EOL]
[2026-09-30 09:04:59.495Z][CA][INF][Logger:Roche.Sting.Calculation.Host.Docker.DockerCommandExecutor][Thread:13]StdOut:  ---> Running in 48d027ebe1a4[EOL]
[2026-09-30 09:04:59.732Z][CA][INF][Logger:Roche.Sting.Calculation.Host.Docker.DockerCommandExecutor][Thread:13]StdOut: Removing intermediate container 48d027ebe1a4[EOL]
[2026-09-30 09:04:59.732Z][CA][INF][Logger:Roche.Sting.Calculation.Host.Docker.DockerCommandExecutor][Thread:13]StdOut:  ---> f5016a530062[EOL]
[2026-09-30 09:04:59.732Z][CA][INF][Logger:Roche.Sting.Calculation.Host.Docker.DockerCommandExecutor][Thread:13]StdOut: Step 7/9 : RUN sed -i s/im-rabbitmq/im-rabbitmq/g Roche.Sting.Calculation.Runner.dll.config[EOL]
[2026-09-30 09:04:59.760Z][CA][INF][Logger:Roche.Sting.Calculation.Host.Docker.DockerCommandExecutor][Thread:13]StdOut:  ---> Running in d0e654852f6a[EOL]
[2026-09-30 09:04:59.989Z][CA][INF][Logger:Roche.Sting.Calculation.Host.Docker.DockerCommandExecutor][Thread:13]StdOut: Removing intermediate container d0e654852f6a[EOL]
[2026-09-30 09:04:59.989Z][CA][INF][Logger:Roche.Sting.Calculation.Host.Docker.DockerCommandExecutor][Thread:13]StdOut:  ---> a05f5bf5297f[EOL]
[2026-09-30 09:04:59.989Z][CA][INF][Logger:Roche.Sting.Calculation.Host.Docker.DockerCommandExecutor][Thread:8]StdOut: Step 8/9 : RUN sed -i s/calcID/calculationrunner-x800mai_1.1.0/g serilog.json[EOL]
[2026-09-30 09:05:00.009Z][CA][INF][Logger:Roche.Sting.Calculation.Host.Docker.DockerCommandExecutor][Thread:13]StdOut:  ---> Running in aa39a73d1b27[EOL]
[2026-09-30 09:05:00.230Z][CA][INF][Logger:Roche.Sting.Calculation.Host.Docker.DockerCommandExecutor][Thread:13]StdOut: Removing intermediate container aa39a73d1b27[EOL]
[2026-09-30 09:05:00.230Z][CA][INF][Logger:Roche.Sting.Calculation.Host.Docker.DockerCommandExecutor][Thread:13]StdOut:  ---> 3e52ba3f26b8[EOL]
[2026-09-30 09:05:00.230Z][CA][INF][Logger:Roche.Sting.Calculation.Host.Docker.DockerCommandExecutor][Thread:7]StdOut: Step 9/9 : ENTRYPOINT ["dotnet", "Roche.Sting.Calculation.Runner.dll"][EOL]
[2026-09-30 09:05:00.249Z][CA][INF][Logger:Roche.Sting.Calculation.Host.Docker.DockerCommandExecutor][Thread:13]StdOut:  ---> Running in 7ec570ed2550[EOL]
[2026-09-30 09:05:00.309Z][CA][INF][Logger:Roche.Sting.Calculation.Host.Docker.DockerCommandExecutor][Thread:13]StdOut: Removing intermediate container 7ec570ed2550[EOL]
[2026-09-30 09:05:00.309Z][CA][INF][Logger:Roche.Sting.Calculation.Host.Docker.DockerCommandExecutor][Thread:13]StdOut:  ---> ff64781f0a69[EOL]
[2026-09-30 09:05:00.309Z][CA][INF][Logger:Roche.Sting.Calculation.Host.Docker.DockerCommandExecutor][Thread:8]StdOut: [EOL]
[2026-09-30 09:05:00.319Z][CA][INF][Logger:Roche.Sting.Calculation.Host.Docker.DockerCommandExecutor][Thread:8]StdOut: Successfully built ff64781f0a69[EOL]
[2026-09-30 09:05:00.321Z][CA][INF][Logger:Roche.Sting.Calculation.Host.Docker.DockerCommandExecutor][Thread:8]StdOut: Successfully tagged calculationrunner-x800mai_1.1.0:latest[EOL]
[2026-09-30 09:05:00.347Z][CA][INF][Logger:Roche.Sting.Calculation.Host.Docker.DockerCommandExecutor][Thread:14]StdErr: [EOL]
[2026-09-30 09:05:00.347Z][CA][INF][Logger:Roche.Sting.Calculation.Host.Docker.DockerCommandExecutor][Thread:8]StdOut: [EOL]
[2026-09-30 09:05:00.347Z][CA][INF][Logger:Roche.Sting.Calculation.Host.Docker.DockerCommandExecutor][Thread:9]Successfully executed 'docker-compose' with args 'build'[EOL]
[2026-09-30 09:05:00.375Z][CA][INF][Logger:Roche.Sting.Calculation.Host.RunnerManagement.CalculationRunnerImagesBuilder][Thread:9]Preparing removal of orphaned calculation runner images. Existing images: ''[EOL]
[2026-09-30 09:05:00.375Z][CA][INF][Logger:Roche.Sting.Calculation.Host.RunnerManagement.CalculationRunnerImagesBuilder][Thread:9]Preparing removal of orphaned calculation runner images. Expected images: 'calculationrunner-x800mtb-rif-inh_1.1.0:latest, calculationrunner-x800mtb_1.1.0:latest, calculationrunner-x800mai_1.1.0:latest'[EOL]
[2026-09-30 09:05:00.375Z][CA][INF][Logger:Roche.Sting.Calculation.Host.RunnerManagement.CalculationRunnerImagesBuilder][Thread:9]Removal of orphaned calcualtion runner images finished.[EOL]
[2026-09-30 09:05:00.375Z][CA][INF][Logger:Roche.Sting.Calculation.Host.RunnerManagement.CalculationRunnerImagesBuilder][Thread:9]'CalculationRunnerImagesBuilder' successfully started[EOL]
[2026-09-30 09:05:00.376Z][CA][INF][Logger:Roche.Sting.Calculation.Host.RunnerManagement.CalculatePreliminaryResultHandler][Thread:9]Starting 'CalculatePreliminaryResultHandler' ...[EOL]
[2026-09-30 09:05:00.378Z][CA][INF][Logger:Roche.Sting.Calculation.Host.RunnerManagement.CalculationRunnerManager][Thread:9]Created CalculationRunnerManager for CalculationRunner 'calculationrunner-x800mtb-rif-inh_1.1.0' with IdleTimeBeforeShutdownInMinutes = '00:20:00' ...[EOL]
[2026-09-30 09:05:00.378Z][CA][INF][Logger:Roche.Sting.Calculation.Host.RunnerManagement.CalculationRunnerManager][Thread:9]Created CalculationRunnerManager for CalculationRunner 'calculationrunner-x800mtb_1.1.0' with IdleTimeBeforeShutdownInMinutes = '00:20:00' ...[EOL]
[2026-09-30 09:05:00.378Z][CA][INF][Logger:Roche.Sting.Calculation.Host.RunnerManagement.CalculationRunnerManager][Thread:9]Created CalculationRunnerManager for CalculationRunner 'calculationrunner-x800mai_1.1.0' with IdleTimeBeforeShutdownInMinutes = '00:20:00' ...[EOL]
[2026-09-30 09:05:00.382Z][CA][INF][Logger:Roche.Sting.Calculation.Host.RunnerManagement.CalculatePreliminaryResultListener][Thread:9]Start to listen for events on exchange 'roche.events.tx' on host 'im-rabbitmq' ...[EOL]
[2026-09-30 09:05:00.386Z][CA][INF][Logger:Roche.Sting.Calculation.Host.RunnerManagement.CalculatePreliminaryResultListener][Thread:9]Successfully created connection on endpoint 'amqp://im-rabbitmq:5672'[EOL]
[2026-09-30 09:05:00.387Z][CA][INF][Logger:Roche.Sting.Calculation.Host.RunnerManagement.CalculatePreliminaryResultListener][Thread:9]Successfully created channel 'Session#1:Connection(1a84067a-20b0-4d9e-a666-d34270f9ae3d,amqp://im-rabbitmq:5672)'[EOL]
[2026-09-30 09:05:00.391Z][CA][INF][Logger:Roche.Sting.Calculation.Host.RunnerManagement.CalculatePreliminaryResultHandler][Thread:9]'CalculatePreliminaryResultHandler' successfully started[EOL]
[2026-09-30 09:05:00.391Z][CA][INF][Logger:Roche.Sting.Calculation.Host.Configuration.CalculationHostModule][Thread:9]'CalculationHostModule' module successfully started[EOL]
[2026-09-30 09:05:00.391Z][CA][INF][Logger:Roche.Sting.Calculation.Host.Configuration.ConfigurationExtensions][Thread:9]CalculationHost was successfully started[EOL]
[2026-09-30 09:05:00.391Z][CA][INF][Logger:Roche.Sting.Calculation.Host.Lifecycle.CalculationLifecycleProcessManager][Thread:9]CalculationLifecycleProcessManager StateMachine changed from state 'Configured' to 'StartingUp'[EOL]
[2026-09-30 09:05:00.391Z][CA][INF][Logger:Roche.Sting.Calculation.Host.Lifecycle.CalculationLifecycleProcessManager][Thread:9]State machine transited to state 'StartingUp'[EOL]
[2026-09-30 09:05:00.391Z][CA][INF][Logger:Roche.Sting.Calculation.Host.Lifecycle.CalculationLifecycleProcessManager][Thread:9]CalculationLifecycleProcessManager StateMachine firing event 'StartedUp' ...[EOL]
[2026-09-30 09:05:00.391Z][CA][INF][Logger:Roche.Sting.Calculation.Host.Lifecycle.CalculationLifecycleProcessManager][Thread:9]Publishing unit lifecycle state event 'UnitStateChanged' with data UnitId: 'Roche.C5800.Calculation', OldState: 'StartingUp', NewState: 'Operational', ProcessContext: 'ContextId: 'Roche.C5800.Calculation'' ...[EOL]
[2026-09-30 09:05:00.391Z][CA][INF][Logger:Roche.Sting.Calculation.Host.Lifecycle.CalculationLifecycleProcessManager][Thread:9]CalculationLifecycleProcessManager StateMachine changed from state 'StartingUp' to 'Operational'[EOL]
[2026-09-30 09:05:00.391Z][CA][INF][Logger:Roche.Sting.Calculation.Host.Lifecycle.CalculationLifecycleProcessManager][Thread:9]State machine transited to state 'Operational'[EOL]
[2026-09-30 09:05:35.389Z][CA][INF][Logger:Roche.Sting.Calculation.Host.Lifecycle.CalculationLifecycleProcessManager][Thread:8]Handling event 'InstrumentStateChanged' from IS with data OldState: 'StartingUp', NewState: 'Initializing', ProcessContext: 'ContextId: 'InstrumentState.InstrumentStateManager'' ...[EOL]
[2026-09-30 09:11:41.896Z][CA][INF][Logger:Roche.Sting.Calculation.Host.Lifecycle.CalculationLifecycleProcessManager][Thread:33]Handling event 'InstrumentStateChanged' from IS with data OldState: 'Initializing', NewState: 'Standby', ProcessContext: 'ContextId: 'InstrumentState.InstrumentStateManager'' ...[EOL]
[2026-09-30 09:34:20.350Z][CA][INF][Logger:Roche.Sting.Calculation.Host.Lifecycle.CalculationLifecycleProcessManager][Thread:31]Handling event 'InstrumentStateChanged' from IS with data OldState: 'Standby', NewState: 'Service', ProcessContext: 'ContextId: 'InstrumentState.InstrumentStateManager'' ...[EOL]
[2026-09-30 09:50:24.991Z][CA][INF][Logger:Roche.Sting.Calculation.Host.Lifecycle.CalculationLifecycleProcessManager][Thread:50]Handling event 'InstrumentStateChanged' from IS with data OldState: 'Service', NewState: 'ShuttingDown', ProcessContext: 'ContextId: 'InstrumentState.InstrumentStateManager'' ...[EOL]
[2026-09-30 09:50:24.991Z][CA][INF][Logger:Roche.Sting.Calculation.Host.Lifecycle.CalculationLifecycleProcessManager][Thread:50]CalculationLifecycleProcessManager StateMachine firing event 'ShuttingDown' ...[EOL]
[2026-09-30 09:50:24.991Z][CA][INF][Logger:Roche.Sting.Calculation.Host.Lifecycle.CalculationLifecycleProcessManager][Thread:50]Publishing unit lifecycle state event 'UnitStateChanged' with data UnitId: 'Roche.C5800.Calculation', OldState: 'Operational', NewState: 'ShuttingDown', ProcessContext: 'ContextId: 'Roche.C5800.Calculation'' ...[EOL]
[2026-09-30 09:50:24.992Z][CA][INF][Logger:Roche.Sting.Calculation.Host.Configuration.CalculationHostModule][Thread:50]On shutting down[EOL]
[2026-09-30 09:50:24.993Z][CA][INF][Logger:Roche.Sting.Calculation.Host.Configuration.CalculationHostModule][Thread:50]Going to shut down all IStartable's.[EOL]
[2026-09-30 09:50:24.993Z][CA][INF][Logger:Roche.Sting.Calculation.Host.Docker.DockerManager][Thread:50]Calling 'docker-compose down' to shutdown all runners and remove all images ...[EOL]
[2026-09-30 09:50:24.993Z][CA][INF][Logger:Roche.Sting.Calculation.Host.Docker.DockerCommandExecutor][Thread:50]Going to start Docker process by executing 'docker-compose' with args 'down --rmi all' ...[EOL]
[2026-09-30 09:50:25.460Z][CA][INF][Logger:Roche.Sting.Calculation.Host.Docker.DockerCommandExecutor][Thread:22]StdErr: Network sting-network is external, skipping[EOL]
[2026-09-30 09:50:25.460Z][CA][INF][Logger:Roche.Sting.Calculation.Host.Docker.DockerCommandExecutor][Thread:22]StdErr: Removing image calculationrunner-x800mtb-rif-inh_1.1.0[EOL]
[2026-09-30 09:50:25.474Z][CA][INF][Logger:Roche.Sting.Calculation.Host.Docker.DockerCommandExecutor][Thread:21]StdErr: Removing image calculationrunner-x800mtb_1.1.0[EOL]
[2026-09-30 09:50:25.488Z][CA][INF][Logger:Roche.Sting.Calculation.Host.Docker.DockerCommandExecutor][Thread:21]StdErr: Removing image calculationrunner-x800mai_1.1.0[EOL]
[2026-09-30 09:50:25.530Z][CA][INF][Logger:Roche.Sting.Calculation.Host.Docker.DockerCommandExecutor][Thread:21]StdErr: [EOL]
[2026-09-30 09:50:25.530Z][CA][INF][Logger:Roche.Sting.Calculation.Host.Docker.DockerCommandExecutor][Thread:17]StdOut: [EOL]
[2026-09-30 09:50:25.531Z][CA][INF][Logger:Roche.Sting.Calculation.Host.Docker.DockerCommandExecutor][Thread:50]Successfully executed 'docker-compose' with args 'down --rmi all'[EOL]
[2026-09-30 09:50:25.532Z][CA][INF][Logger:Roche.Sting.Calculation.Host.Configuration.CalculationHostModule][Thread:50]Shutting down submodule 'CalculationHostModule' ...[EOL]
[2026-09-30 09:50:25.532Z][CA][INF][Logger:Roche.Sting.Calculation.Host.RunnerManagement.RunnerManagementModule][Thread:50]Shutting down submodule 'RunnerManagementModule' ...[EOL]
[2026-09-30 09:50:25.532Z][CA][INF][Logger:Roche.Sting.Calculation.Host.RunnerManagement.RunnerManagementModule][Thread:50]'RunnerManagementModule' submodule successfully shut down[EOL]
[2026-09-30 09:50:25.532Z][CA][INF][Logger:Roche.Sting.Calculation.Host.Docker.DockerModule][Thread:50]Shutting down submodule 'DockerModule' ...[EOL]
[2026-09-30 09:50:25.532Z][CA][INF][Logger:Roche.Sting.Calculation.Host.Docker.DockerModule][Thread:50]'DockerModule' submodule successfully shut down[EOL]
[2026-09-30 09:50:25.532Z][CA][INF][Logger:Roche.Sting.Calculation.Host.Configuration.CalculationHostModule][Thread:50]'CalculationHostModule' submodule successfully shut down[EOL]
[2026-09-30 09:50:25.532Z][CA][INF][Logger:Roche.Sting.Calculation.Host.Lifecycle.CalculationLifecycleProcessManager][Thread:50]CalculationLifecycleProcessManager StateMachine changed from state 'Operational' to 'ShuttingDown'[EOL]
[2026-09-30 09:50:25.532Z][CA][INF][Logger:Roche.Sting.Calculation.Host.Lifecycle.CalculationLifecycleProcessManager][Thread:50]State machine transited to state 'ShuttingDown'[EOL]
[2026-09-30 09:50:25.532Z][CA][INF][Logger:Roche.Sting.Calculation.Host.Lifecycle.CalculationLifecycleProcessManager][Thread:50]CalculationLifecycleProcessManager StateMachine firing event 'ShutDown' ...[EOL]
[2026-09-30 09:50:25.533Z][CA][INF][Logger:Roche.Sting.Calculation.Host.Lifecycle.CalculationLifecycleProcessManager][Thread:50]Publishing unit lifecycle state event 'UnitStateChanged' with data UnitId: 'Roche.C5800.Calculation', OldState: 'ShuttingDown', NewState: 'ShutDown', ProcessContext: 'ContextId: 'Roche.C5800.Calculation'' ...[EOL]
[2026-09-30 09:50:25.550Z][CA][INF][Logger:Roche.Sting.Calculation.Host.Configuration.CalculationHostModule][Thread:50]On shutdown finished[EOL]
[2026-09-30 09:50:25.550Z][CA][INF][Logger:Roche.Sting.Calculation.Host.Lifecycle.CalculationLifecycleProcessManager][Thread:50]CalculationLifecycleProcessManager StateMachine changed from state 'ShuttingDown' to 'ShutDown'[EOL]
[2026-09-30 09:50:25.551Z][CA][INF][Logger:Roche.Sting.Calculation.Host.Lifecycle.CalculationLifecycleProcessManager][Thread:50]State machine transited to state 'ShutDown'[EOL]
[2026-09-30 09:50:25.551Z][CA][INF][Logger:Roche.Sting.Calculation.Host.Program][Thread:6]Unit 'CalculationHost' is shut down[EOL]
[2026-09-30 09:50:25.551Z][CA][INF][Logger:Roche.Sting.Calculation.Host.Lifecycle.CalculationLifecycleProcessManager][Thread:50]CalculationLifecycleProcessManager StateMachine stopped ...[EOL]
[2026-09-30 09:50:25.551Z][CA][INF][Logger:Roche.Sting.Calculation.Host.Bootstrapper][Thread:6]Disposing bootstrapper[EOL]
[2026-09-30 09:50:25.552Z][CA][INF][Logger:Roche.X800.PerformanceMonitoring.PerformanceCounterListener][Thread:6]Shutting down instance ...[EOL]
[2026-09-30 09:50:25.552Z][CA][INF][Logger:Roche.X800.PerformanceMonitoring.EchoSender][Thread:6]Shutting down instance ...[EOL]
[2026-09-30 09:50:25.557Z][CA][INF][Logger:Roche.Sting.Calculation.Host.Program][Thread:6]Going to shut down Logging module.[EOL]
[2026-09-30 10:40:46.154Z][CA][INF][Logger:Roche.Sting.Calculation.Host.Bootstrapper][Thread:1]Configuring unit 'CalculationHost' with version '1.12.1+1043991.d0066b4724a26a9b758cbbf2b6187421343718b4' ...[EOL]
[2026-09-30 10:40:46.418Z][CA][INF][Logger:Roche.Dia.Messaging.RabbitMQ.RabbitMQClient][Thread:1]Initializing Messagebus(SystemMessageBus) ...[EOL]
[2026-09-30 10:40:52.214Z][CA][INF][Logger:Roche.Sting.Calculation.Host.Lifecycle.Configuration.ExceptionHandlingModule][Thread:1]Configuring 'ExceptionHandlingModule' ...[EOL]
[2026-09-30 10:40:52.261Z][CA][INF][Logger:Roche.X800.TestDefinitionData.TestDefinitionDataConfigurator][Thread:1]Configuring 'TestDefinitionDataConfigurator' ...[EOL]
[2026-09-30 10:40:52.262Z][CA][INF][Logger:Roche.X800.TestDefinitionData.TestDefinitionDataConfigurator][Thread:1]'TestDefinitionDataConfigurator' configured[EOL]
[2026-09-30 10:40:52.262Z][CA][INF][Logger:Roche.X800.TestDefinitionData.Instrument.TestDefinitionDataInstrumentConfigurator][Thread:1]Configuring 'TestDefinitionDataInstrumentConfigurator' ...[EOL]
[2026-09-30 10:40:52.277Z][CA][INF][Logger:Roche.X800.TestDefinitionData.Instrument.TestDefinitionDataInstrumentConfigurator][Thread:1]'TestDefinitionDataInstrumentConfigurator' configured[EOL]
[2026-09-30 10:40:52.277Z][CA][INF][Logger:Roche.X800.TestDefinitionData.Calculation.TestDefinitionDataCalculationConfigurator][Thread:1]Configuring 'TestDefinitionDataCalculationConfigurator' ...[EOL]
[2026-09-30 10:40:52.279Z][CA][INF][Logger:Roche.X800.TestDefinitionData.Calculation.TestDefinitionDataCalculationConfigurator][Thread:1]'TestDefinitionDataCalculationConfigurator' configured[EOL]
[2026-09-30 10:40:52.285Z][CA][INF][Logger:Roche.Sting.Calculation.Host.Configuration.CalculationHostModule][Thread:1]Configuring module 'CalculationHostModule' ...[EOL]
[2026-09-30 10:40:52.286Z][CA][INF][Logger:Roche.Sting.Calculation.Host.Configuration.CalculationHostModule][Thread:1]Configuring submodules of 'CalculationHostModule' ...[EOL]
[2026-09-30 10:40:52.292Z][CA][INF][Logger:Roche.Sting.Calculation.Host.Docker.DockerModule][Thread:1]Configuring submodules of 'DockerModule' ...[EOL]
[2026-09-30 10:40:52.292Z][CA][INF][Logger:Roche.Sting.Calculation.Host.Docker.DockerModule][Thread:1]Submodules of 'DockerModule' successfully configured[EOL]
[2026-09-30 10:40:52.294Z][CA][INF][Logger:Roche.Sting.Calculation.Host.RunnerManagement.RunnerManagementModule][Thread:1]Configuring submodules of 'RunnerManagementModule' ...[EOL]
[2026-09-30 10:40:52.294Z][CA][INF][Logger:Roche.Sting.Calculation.Host.RunnerManagement.RunnerManagementModule][Thread:1]Submodules of 'RunnerManagementModule' successfully configured[EOL]
[2026-09-30 10:40:52.294Z][CA][INF][Logger:Roche.Sting.Calculation.Host.Configuration.CalculationHostModule][Thread:1]Submodules of 'CalculationHostModule' successfully configured[EOL]
[2026-09-30 10:40:52.294Z][CA][INF][Logger:Roche.Sting.Calculation.Host.Configuration.CalculationHostModule][Thread:1]'CalculationHostModule' module successfully configured[EOL]
[2026-09-30 10:40:52.316Z][CA][INF][Logger:Roche.Sting.Calculation.Host.Lifecycle.Lifecycle][Thread:1]Configuring 'Lifecycle' ...[EOL]
[2026-09-30 10:40:52.317Z][CA][INF][Logger:Roche.Sting.Calculation.Host.Lifecycle.Lifecycle][Thread:1]'Lifecycle' successfully configured[EOL]
[2026-09-30 10:40:52.318Z][CA][INF][Logger:Roche.Sting.Calculation.Host.Bootstrapper][Thread:1]Starting unit 'CalculationHost' with version '1.12.1+1043991.d0066b4724a26a9b758cbbf2b6187421343718b4' ...[EOL]
[2026-09-30 10:40:52.328Z][CA][INF][Logger:Roche.X800.PerformanceMonitoring.PerformanceCounterListener][Thread:1]Configured instance with 'enabled=True intervalSeconds=30 counters=[System.Runtime.cpu-usage, System.Runtime.working-set, System.Runtime.gc-heap-size, System.Runtime.gc-fragmentation, System.Runtime.alloc-rate, System.Runtime.time-in-gc, System.Runtime.threadpool-queue-length, System.Runtime.threadpool-completed-items-count, System.Runtime.monitor-lock-contention-count, System.Runtime.active-timer-count, System.Runtime.exception-count]'[EOL]
[2026-09-30 10:40:52.330Z][CA][INF][Logger:Roche.X800.PerformanceMonitoring.PerformanceCounterListener][Thread:1]Starting up instance ...[EOL]
[2026-09-30 10:40:52.330Z][CA][INF][Logger:Roche.X800.PerformanceMonitoring.PerformanceCounterListener][Thread:1]Enabling counters of 'System.Runtime' ...[EOL]
[2026-09-30 10:40:52.352Z][CA][INF][Logger:Roche.X800.PerformanceMonitoring.EchoSender][Thread:1]Configured instance with 'unit=Roche.C5800.Calculation'[EOL]
[2026-09-30 10:40:52.352Z][CA][INF][Logger:Roche.X800.PerformanceMonitoring.EchoSender][Thread:1]Starting up instance ...[EOL]
[2026-09-30 10:40:52.378Z][CA][INF][Logger:Roche.Sting.Calculation.Host.Lifecycle.Lifecycle][Thread:1]Starting up 'Lifecycle' ...[EOL]
[2026-09-30 10:40:52.443Z][CA][INF][Logger:Roche.Dia.Messaging.RabbitMQ.RabbitMQClient][Thread:1]Start receiving messages for SystemMessageBus ...[EOL]
[2026-09-30 10:40:52.449Z][CA][INF][Logger:Roche.Sting.Calculation.Host.Lifecycle.CalculationLifecycleProcessManager][Thread:1]CalculationLifecycleProcessManager StateMachine started ...[EOL]
[2026-09-30 10:40:52.449Z][CA][INF][Logger:Roche.Sting.Calculation.Host.Lifecycle.Lifecycle][Thread:1]'Lifecycle' successfully started[EOL]
[2026-09-30 10:40:52.449Z][CA][INF][Logger:Roche.Sting.Calculation.Host.Program][Thread:1]Unit 'CalculationHost' successfully started[EOL]
[2026-09-30 10:40:52.501Z][CA][INF][Logger:Roche.Sting.Calculation.Host.Lifecycle.Configuration.ExceptionHandlingModule][Thread:6]Starting up 'ExceptionHandlingModule' ...[EOL]
[2026-09-30 10:40:52.540Z][CA][INF][Logger:Roche.Sting.Calculation.Host.Lifecycle.CalculationLifecycleProcessManager][Thread:6]CalculationLifecycleProcessManager StateMachine changed from state '<null>' to 'Initial'[EOL]
[2026-09-30 10:40:52.581Z][CA][INF][Logger:Roche.Sting.Calculation.Host.Lifecycle.CalculationLifecycleProcessManager][Thread:6]CalculationLifecycleProcessManager StateMachine firing event 'Configured' ...[EOL]
[2026-09-30 10:40:52.685Z][CA][INF][Logger:Roche.Sting.Calculation.Host.Lifecycle.CalculationLifecycleProcessManager][Thread:6]Publishing unit lifecycle state event 'UnitStateChanged' with data UnitId: 'Roche.C5800.Calculation', OldState: 'Initial', NewState: 'Configured', ProcessContext: 'ContextId: 'Roche.C5800.Calculation'' ...[EOL]
[2026-09-30 10:40:52.906Z][CA][INF][Logger:Roche.Sting.Calculation.Host.Lifecycle.CalculationLifecycleProcessManager][Thread:6]CalculationLifecycleProcessManager StateMachine changed from state 'Initial' to 'Configured'[EOL]
[2026-09-30 10:40:52.907Z][CA][INF][Logger:Roche.Sting.Calculation.Host.Lifecycle.CalculationLifecycleProcessManager][Thread:6]State machine transited to state 'Configured'[EOL]
[2026-09-30 10:40:52.937Z][CA][INF][Logger:Roche.Sting.Calculation.Host.Lifecycle.CalculationLifecycleProcessManager][Thread:10]Handling event 'InstrumentStateChanged' from IS with data OldState: 'PoweredOff', NewState: 'PoweredOff', ProcessContext: 'ContextId: 'InstrumentState.InstrumentStateManager'' ...[EOL]
[2026-09-30 10:40:54.924Z][CA][INF][Logger:Roche.Sting.Calculation.Host.Lifecycle.CalculationLifecycleProcessManager][Thread:12]Handling event 'InstrumentStateChanged' from IS with data OldState: 'PoweredOff', NewState: 'StartingUp', ProcessContext: 'ContextId: 'InstrumentState.InstrumentStateManager'' ...[EOL]
[2026-09-30 10:40:54.925Z][CA][INF][Logger:Roche.Sting.Calculation.Host.Lifecycle.CalculationLifecycleProcessManager][Thread:12]CalculationLifecycleProcessManager StateMachine firing event 'Startup' ...[EOL]
[2026-09-30 10:40:54.925Z][CA][INF][Logger:Roche.Sting.Calculation.Host.Lifecycle.CalculationLifecycleProcessManager][Thread:12]Publishing unit lifecycle state event 'UnitStateChanged' with data UnitId: 'Roche.C5800.Calculation', OldState: 'Configured', NewState: 'StartingUp', ProcessContext: 'ContextId: 'Roche.C5800.Calculation'' ...[EOL]
[2026-09-30 10:40:54.926Z][CA][INF][Logger:Roche.Sting.Calculation.Host.Lifecycle.TestDefinitionDataSynchronizer][Thread:12]Synchronizing test definition data ...[EOL]
[2026-09-30 10:40:55.909Z][CA][INF][Logger:Roche.Sting.Calculation.Host.Lifecycle.TestDefinitionDataSynchronizer][Thread:7]Handling event 'TestDefinitionDataUpdated' from IF with data <none> ...[EOL]
[2026-09-30 10:40:55.909Z][CA][INF][Logger:Roche.Sting.Calculation.Host.Lifecycle.TestDefinitionDataSynchronizer][Thread:12]Test definition data successfully synchronized[EOL]
[2026-09-30 10:40:55.909Z][CA][INF][Logger:Roche.X800.TestDefinitionData.Instrument.TestDefinitionDataInstrumentConfigurator][Thread:12]Loading TestDefinitionData.Instrument from repositories ...[EOL]
[2026-09-30 10:40:55.922Z][CA][INF][Logger:Roche.X800.TestDefinitionData.Repository<Roche.X800.TestDefinitionData.Instrument.PipettingParameterFiles.PipettingParameterFile>][Thread:12]Loading 'PipettingParameterFile_c3891a67-1bd2-48b4-adb4-c27fdfc418d8.xml' ...[EOL]
[2026-09-30 10:40:55.930Z][CA][INF][Logger:Roche.X800.TestDefinitionData.Repository<Roche.X800.TestDefinitionData.Instrument.PipettingParameterFiles.PipettingParameterFile>][Thread:12]Loading 'PipettingParameterFile_c3891a67-1bd2-48b4-adb4-c27fdfc418d8.xml' completed[EOL]
[2026-09-30 10:40:55.931Z][CA][INF][Logger:Roche.X800.TestDefinitionData.Repository<Roche.X800.TestDefinitionData.Instrument.PipettingParameterFiles.PipettingParameterFile>][Thread:12]Loading 'PipettingParameterFile_7035c72f-1e11-4571-9b72-f5e855b36f92.xml' ...[EOL]
[2026-09-30 10:40:55.931Z][CA][INF][Logger:Roche.X800.TestDefinitionData.Repository<Roche.X800.TestDefinitionData.Instrument.PipettingParameterFiles.PipettingParameterFile>][Thread:12]Loading 'PipettingParameterFile_7035c72f-1e11-4571-9b72-f5e855b36f92.xml' completed[EOL]
[2026-09-30 10:40:55.931Z][CA][INF][Logger:Roche.X800.TestDefinitionData.Repository<Roche.X800.TestDefinitionData.Instrument.PipettingParameterFiles.PipettingParameterFile>][Thread:12]Loading 'PipettingParameterFile_6538724d-1f36-43e2-bd8d-52bca4738b3f.xml' ...[EOL]
[2026-09-30 10:40:55.932Z][CA][INF][Logger:Roche.X800.TestDefinitionData.Repository<Roche.X800.TestDefinitionData.Instrument.PipettingParameterFiles.PipettingParameterFile>][Thread:12]Loading 'PipettingParameterFile_6538724d-1f36-43e2-bd8d-52bca4738b3f.xml' completed[EOL]
[2026-09-30 10:40:55.932Z][CA][INF][Logger:Roche.X800.TestDefinitionData.Repository<Roche.X800.TestDefinitionData.Instrument.PipettingParameterFiles.PipettingParameterFile>][Thread:12]Loading 'PipettingParameterFile_95115586-3c2d-4166-9fe7-afca6753a753.xml' ...[EOL]
[2026-09-30 10:40:55.932Z][CA][INF][Logger:Roche.X800.TestDefinitionData.Repository<Roche.X800.TestDefinitionData.Instrument.PipettingParameterFiles.PipettingParameterFile>][Thread:12]Loading 'PipettingParameterFile_95115586-3c2d-4166-9fe7-afca6753a753.xml' completed[EOL]
[2026-09-30 10:40:55.932Z][CA][INF][Logger:Roche.X800.TestDefinitionData.Repository<Roche.X800.TestDefinitionData.Instrument.PipettingParameterFiles.PipettingParameterFile>][Thread:12]Loading 'PipettingParameterFile_cee04257-7a87-48bc-b9e3-3b58c5af1d31.xml' ...[EOL]
[2026-09-30 10:40:55.932Z][CA][INF][Logger:Roche.X800.TestDefinitionData.Repository<Roche.X800.TestDefinitionData.Instrument.PipettingParameterFiles.PipettingParameterFile>][Thread:12]Loading 'PipettingParameterFile_cee04257-7a87-48bc-b9e3-3b58c5af1d31.xml' completed[EOL]
[2026-09-30 10:40:55.932Z][CA][INF][Logger:Roche.X800.TestDefinitionData.Repository<Roche.X800.TestDefinitionData.Instrument.PipettingParameterFiles.PipettingParameterFile>][Thread:12]Loading 'PipettingParameterFile_d49e8732-2028-4264-918f-c520278f02f6.xml' ...[EOL]
[2026-09-30 10:40:55.932Z][CA][INF][Logger:Roche.X800.TestDefinitionData.Repository<Roche.X800.TestDefinitionData.Instrument.PipettingParameterFiles.PipettingParameterFile>][Thread:12]Loading 'PipettingParameterFile_d49e8732-2028-4264-918f-c520278f02f6.xml' completed[EOL]
[2026-09-30 10:40:55.932Z][CA][INF][Logger:Roche.X800.TestDefinitionData.Repository<Roche.X800.TestDefinitionData.Instrument.PipettingParameterFiles.PipettingParameterFile>][Thread:12]Loading 'PipettingParameterFile_5ba50fc9-bbbd-4dee-ab3e-d98540d8d925.xml' ...[EOL]
[2026-09-30 10:40:55.933Z][CA][INF][Logger:Roche.X800.TestDefinitionData.Repository<Roche.X800.TestDefinitionData.Instrument.PipettingParameterFiles.PipettingParameterFile>][Thread:12]Loading 'PipettingParameterFile_5ba50fc9-bbbd-4dee-ab3e-d98540d8d925.xml' completed[EOL]
[2026-09-30 10:40:55.933Z][CA][INF][Logger:Roche.X800.TestDefinitionData.Repository<Roche.X800.TestDefinitionData.Instrument.PipettingParameterFiles.PipettingParameterFile>][Thread:12]Loading 'PipettingParameterFile_49ba4bd0-b7eb-4332-a6e6-a5dcaf8046ee.xml' ...[EOL]
[2026-09-30 10:40:55.933Z][CA][INF][Logger:Roche.X800.TestDefinitionData.Repository<Roche.X800.TestDefinitionData.Instrument.PipettingParameterFiles.PipettingParameterFile>][Thread:12]Loading 'PipettingParameterFile_49ba4bd0-b7eb-4332-a6e6-a5dcaf8046ee.xml' completed[EOL]
[2026-09-30 10:40:55.933Z][CA][INF][Logger:Roche.X800.TestDefinitionData.Repository<Roche.X800.TestDefinitionData.Instrument.PipettingParameterFiles.PipettingParameterFile>][Thread:12]Loading 'PipettingParameterFile_8fb9fb21-1537-44bb-912c-62d9a3df9ed7.xml' ...[EOL]
[2026-09-30 10:40:55.933Z][CA][INF][Logger:Roche.X800.TestDefinitionData.Repository<Roche.X800.TestDefinitionData.Instrument.PipettingParameterFiles.PipettingParameterFile>][Thread:12]Loading 'PipettingParameterFile_8fb9fb21-1537-44bb-912c-62d9a3df9ed7.xml' completed[EOL]
[2026-09-30 10:40:55.933Z][CA][INF][Logger:Roche.X800.TestDefinitionData.Repository<Roche.X800.TestDefinitionData.Instrument.PipettingParameterFiles.PipettingParameterFile>][Thread:12]Loading 'PipettingParameterFile_7068762c-0ed7-4e5b-890f-f75c04a8211a.xml' ...[EOL]
[2026-09-30 10:40:55.933Z][CA][INF][Logger:Roche.X800.TestDefinitionData.Repository<Roche.X800.TestDefinitionData.Instrument.PipettingParameterFiles.PipettingParameterFile>][Thread:12]Loading 'PipettingParameterFile_7068762c-0ed7-4e5b-890f-f75c04a8211a.xml' completed[EOL]
[2026-09-30 10:40:55.933Z][CA][INF][Logger:Roche.X800.TestDefinitionData.Repository<Roche.X800.TestDefinitionData.Instrument.PipettingParameterFiles.PipettingParameterFile>][Thread:12]Loading 'PipettingParameterFile_0d580f62-fa68-440e-9ab6-c1e41dd638ce.xml' ...[EOL]
[2026-09-30 10:40:55.934Z][CA][INF][Logger:Roche.X800.TestDefinitionData.Repository<Roche.X800.TestDefinitionData.Instrument.PipettingParameterFiles.PipettingParameterFile>][Thread:12]Loading 'PipettingParameterFile_0d580f62-fa68-440e-9ab6-c1e41dd638ce.xml' completed[EOL]
[2026-09-30 10:40:55.934Z][CA][INF][Logger:Roche.X800.TestDefinitionData.Repository<Roche.X800.TestDefinitionData.Instrument.PipettingParameterFiles.PipettingParameterFile>][Thread:12]Loading 'PipettingParameterFile_922aff24-f7a7-4173-a432-c3af23b4e421.xml' ...[EOL]
[2026-09-30 10:40:55.934Z][CA][INF][Logger:Roche.X800.TestDefinitionData.Repository<Roche.X800.TestDefinitionData.Instrument.PipettingParameterFiles.PipettingParameterFile>][Thread:12]Loading 'PipettingParameterFile_922aff24-f7a7-4173-a432-c3af23b4e421.xml' completed[EOL]
[2026-09-30 10:40:55.934Z][CA][INF][Logger:Roche.X800.TestDefinitionData.Repository<Roche.X800.TestDefinitionData.Instrument.PipettingParameterFiles.PipettingParameterFile>][Thread:12]Loading 'PipettingParameterFile_ffca514a-9a82-4123-aacc-1de91c8b16fb.xml' ...[EOL]
[2026-09-30 10:40:55.935Z][CA][INF][Logger:Roche.X800.TestDefinitionData.Repository<Roche.X800.TestDefinitionData.Instrument.PipettingParameterFiles.PipettingParameterFile>][Thread:12]Loading 'PipettingParameterFile_ffca514a-9a82-4123-aacc-1de91c8b16fb.xml' completed[EOL]
[2026-09-30 10:40:55.938Z][CA][INF][Logger:Roche.X800.TestDefinitionData.Repository<Roche.X800.TestDefinitionData.Instrument.MediaTypes.MediaType>][Thread:12]Loading 'ControlSet_e006de7b-3ad7-4fe2-b3b2-3881ac6af094.xml' ...[EOL]
[2026-09-30 10:40:55.991Z][CA][INF][Logger:Roche.X800.TestDefinitionData.Repository<Roche.X800.TestDefinitionData.Instrument.MediaTypes.MediaType>][Thread:12]Loading 'ControlSet_e006de7b-3ad7-4fe2-b3b2-3881ac6af094.xml' completed[EOL]
[2026-09-30 10:40:55.991Z][CA][INF][Logger:Roche.X800.TestDefinitionData.Repository<Roche.X800.TestDefinitionData.Instrument.MediaTypes.MediaType>][Thread:12]Loading 'ControlSet_54da66c7-e44d-4a20-ac86-b50071b6a5e3.xml' ...[EOL]
[2026-09-30 10:40:55.991Z][CA][INF][Logger:Roche.X800.TestDefinitionData.Repository<Roche.X800.TestDefinitionData.Instrument.MediaTypes.MediaType>][Thread:12]Loading 'ControlSet_54da66c7-e44d-4a20-ac86-b50071b6a5e3.xml' completed[EOL]
[2026-09-30 10:40:55.992Z][CA][INF][Logger:Roche.X800.TestDefinitionData.Repository<Roche.X800.TestDefinitionData.Instrument.MediaTypes.MediaType>][Thread:12]Loading 'SampleMediaType_5f3e568b-bb3d-4df5-aaf5-ec6906868bc5.xml' ...[EOL]
[2026-09-30 10:40:55.997Z][CA][INF][Logger:Roche.X800.TestDefinitionData.Repository<Roche.X800.TestDefinitionData.Instrument.MediaTypes.MediaType>][Thread:12]Loading 'SampleMediaType_5f3e568b-bb3d-4df5-aaf5-ec6906868bc5.xml' completed[EOL]
[2026-09-30 10:40:55.997Z][CA][INF][Logger:Roche.X800.TestDefinitionData.Repository<Roche.X800.TestDefinitionData.Instrument.MediaTypes.MediaType>][Thread:12]Loading 'SampleMediaType_a6808204-e341-41a5-9f43-4e980828e05b.xml' ...[EOL]
[2026-09-30 10:40:55.998Z][CA][INF][Logger:Roche.X800.TestDefinitionData.Repository<Roche.X800.TestDefinitionData.Instrument.MediaTypes.MediaType>][Thread:12]Loading 'SampleMediaType_a6808204-e341-41a5-9f43-4e980828e05b.xml' completed[EOL]
[2026-09-30 10:40:55.998Z][CA][INF][Logger:Roche.X800.TestDefinitionData.Repository<Roche.X800.TestDefinitionData.Instrument.MediaTypes.MediaType>][Thread:12]Loading 'ControlSet_ba3ed81e-fe35-4186-9cd1-cc8034c3faf5.xml' ...[EOL]
[2026-09-30 10:40:55.998Z][CA][INF][Logger:Roche.X800.TestDefinitionData.Repository<Roche.X800.TestDefinitionData.Instrument.MediaTypes.MediaType>][Thread:12]Loading 'ControlSet_ba3ed81e-fe35-4186-9cd1-cc8034c3faf5.xml' completed[EOL]
[2026-09-30 10:40:55.998Z][CA][INF][Logger:Roche.X800.TestDefinitionData.Repository<Roche.X800.TestDefinitionData.Instrument.MediaTypes.MediaType>][Thread:12]Loading 'ControlSet_96d75535-2a56-4d70-91a7-83d84e9efe0e.xml' ...[EOL]
[2026-09-30 10:40:56.007Z][CA][INF][Logger:Roche.X800.TestDefinitionData.Repository<Roche.X800.TestDefinitionData.Instrument.MediaTypes.MediaType>][Thread:12]Loading 'ControlSet_96d75535-2a56-4d70-91a7-83d84e9efe0e.xml' completed[EOL]
[2026-09-30 10:40:56.011Z][CA][INF][Logger:Roche.X800.TestDefinitionData.Repository<Roche.X800.TestDefinitionData.Instrument.Processes.PcrProcesses.PcrProcess>][Thread:12]Loading 'PcrProcess_d549cab0-683a-479c-bb45-4bd33b143ab3.xml' ...[EOL]
[2026-09-30 10:40:56.096Z][CA][INF][Logger:Roche.X800.TestDefinitionData.Repository<Roche.X800.TestDefinitionData.Instrument.Processes.PcrProcesses.PcrProcess>][Thread:12]Loading 'PcrProcess_d549cab0-683a-479c-bb45-4bd33b143ab3.xml' completed[EOL]
[2026-09-30 10:40:56.098Z][CA][INF][Logger:Roche.X800.TestDefinitionData.Repository<Roche.X800.TestDefinitionData.Instrument.Reagents.ReagentCarrier>][Thread:12]Loading 'ReagentCarrier_c88786eb-7ef0-4386-87a9-f58a8b230817.xml' ...[EOL]
[2026-09-30 10:40:56.112Z][CA][INF][Logger:Roche.X800.TestDefinitionData.Repository<Roche.X800.TestDefinitionData.Instrument.Reagents.ReagentCarrier>][Thread:12]Loading 'ReagentCarrier_c88786eb-7ef0-4386-87a9-f58a8b230817.xml' completed[EOL]
[2026-09-30 10:40:56.112Z][CA][INF][Logger:Roche.X800.TestDefinitionData.Repository<Roche.X800.TestDefinitionData.Instrument.Reagents.ReagentCarrier>][Thread:12]Loading 'ReagentCarrier_43fceed0-664a-49f5-803e-b312f177bf87.xml' ...[EOL]
[2026-09-30 10:40:56.113Z][CA][INF][Logger:Roche.X800.TestDefinitionData.Repository<Roche.X800.TestDefinitionData.Instrument.Reagents.ReagentCarrier>][Thread:12]Loading 'ReagentCarrier_43fceed0-664a-49f5-803e-b312f177bf87.xml' completed[EOL]
[2026-09-30 10:40:56.113Z][CA][INF][Logger:Roche.X800.TestDefinitionData.Repository<Roche.X800.TestDefinitionData.Instrument.Reagents.ReagentCarrier>][Thread:12]Loading 'ReagentCarrier_03a44939-f61a-4fb3-9ad3-b336bc2fc6e5.xml' ...[EOL]
[2026-09-30 10:40:56.114Z][CA][INF][Logger:Roche.X800.TestDefinitionData.Repository<Roche.X800.TestDefinitionData.Instrument.Reagents.ReagentCarrier>][Thread:12]Loading 'ReagentCarrier_03a44939-f61a-4fb3-9ad3-b336bc2fc6e5.xml' completed[EOL]
[2026-09-30 10:40:56.114Z][CA][INF][Logger:Roche.X800.TestDefinitionData.Repository<Roche.X800.TestDefinitionData.Instrument.Reagents.ReagentCarrier>][Thread:12]Loading 'ReagentCarrier_5c988d23-f806-42d4-878e-bf9c4022cec4.xml' ...[EOL]
[2026-09-30 10:40:56.114Z][CA][INF][Logger:Roche.X800.TestDefinitionData.Repository<Roche.X800.TestDefinitionData.Instrument.Reagents.ReagentCarrier>][Thread:12]Loading 'ReagentCarrier_5c988d23-f806-42d4-878e-bf9c4022cec4.xml' completed[EOL]
[2026-09-30 10:40:56.114Z][CA][INF][Logger:Roche.X800.TestDefinitionData.Repository<Roche.X800.TestDefinitionData.Instrument.Reagents.ReagentCarrier>][Thread:12]Loading 'ReagentCarrier_4c5cb5ff-afa2-4c19-96a0-970cdf4b3d7c.xml' ...[EOL]
[2026-09-30 10:40:56.114Z][CA][INF][Logger:Roche.X800.TestDefinitionData.Repository<Roche.X800.TestDefinitionData.Instrument.Reagents.ReagentCarrier>][Thread:12]Loading 'ReagentCarrier_4c5cb5ff-afa2-4c19-96a0-970cdf4b3d7c.xml' completed[EOL]
[2026-09-30 10:40:56.115Z][CA][INF][Logger:Roche.X800.TestDefinitionData.Repository<Roche.X800.TestDefinitionData.Instrument.Reagents.ReagentCarrier>][Thread:12]Loading 'ReagentCarrier_9008167a-e346-4ede-886e-c34dba846ad0.xml' ...[EOL]
[2026-09-30 10:40:56.115Z][CA][INF][Logger:Roche.X800.TestDefinitionData.Repository<Roche.X800.TestDefinitionData.Instrument.Reagents.ReagentCarrier>][Thread:12]Loading 'ReagentCarrier_9008167a-e346-4ede-886e-c34dba846ad0.xml' completed[EOL]
[2026-09-30 10:40:56.118Z][CA][INF][Logger:Roche.X800.TestDefinitionData.Repository<Roche.X800.TestDefinitionData.Instrument.Processes.TransferProcesses.TransferProcess>][Thread:12]Loading 'TransferProcess_e006de7b-3ad7-4fe2-b3b2-3881ac6af094.xml' ...[EOL]
[2026-09-30 10:40:56.137Z][CA][INF][Logger:Roche.X800.TestDefinitionData.Repository<Roche.X800.TestDefinitionData.Instrument.Processes.TransferProcesses.TransferProcess>][Thread:12]Loading 'TransferProcess_e006de7b-3ad7-4fe2-b3b2-3881ac6af094.xml' completed[EOL]
[2026-09-30 10:40:56.137Z][CA][INF][Logger:Roche.X800.TestDefinitionData.Repository<Roche.X800.TestDefinitionData.Instrument.Processes.TransferProcesses.TransferProcess>][Thread:12]Loading 'TransferProcess_54da66c7-e44d-4a20-ac86-b50071b6a5e3.xml' ...[EOL]
[2026-09-30 10:40:56.138Z][CA][INF][Logger:Roche.X800.TestDefinitionData.Repository<Roche.X800.TestDefinitionData.Instrument.Processes.TransferProcesses.TransferProcess>][Thread:12]Loading 'TransferProcess_54da66c7-e44d-4a20-ac86-b50071b6a5e3.xml' completed[EOL]
[2026-09-30 10:40:56.138Z][CA][INF][Logger:Roche.X800.TestDefinitionData.Repository<Roche.X800.TestDefinitionData.Instrument.Processes.TransferProcesses.TransferProcess>][Thread:12]Loading 'TransferProcess_ed01eb86-023e-4d38-996c-173811b446b7.xml' ...[EOL]
[2026-09-30 10:40:56.138Z][CA][INF][Logger:Roche.X800.TestDefinitionData.Repository<Roche.X800.TestDefinitionData.Instrument.Processes.TransferProcesses.TransferProcess>][Thread:12]Loading 'TransferProcess_ed01eb86-023e-4d38-996c-173811b446b7.xml' completed[EOL]
[2026-09-30 10:40:56.138Z][CA][INF][Logger:Roche.X800.TestDefinitionData.Repository<Roche.X800.TestDefinitionData.Instrument.Processes.TransferProcesses.TransferProcess>][Thread:12]Loading 'TransferProcess_d8cfa2f3-16f8-4a15-83fc-1e57c06ad665.xml' ...[EOL]
[2026-09-30 10:40:56.139Z][CA][INF][Logger:Roche.X800.TestDefinitionData.Repository<Roche.X800.TestDefinitionData.Instrument.Processes.TransferProcesses.TransferProcess>][Thread:12]Loading 'TransferProcess_d8cfa2f3-16f8-4a15-83fc-1e57c06ad665.xml' completed[EOL]
[2026-09-30 10:40:56.139Z][CA][INF][Logger:Roche.X800.TestDefinitionData.Repository<Roche.X800.TestDefinitionData.Instrument.Processes.TransferProcesses.TransferProcess>][Thread:12]Loading 'TransferProcess_ba3ed81e-fe35-4186-9cd1-cc8034c3faf5.xml' ...[EOL]
[2026-09-30 10:40:56.139Z][CA][INF][Logger:Roche.X800.TestDefinitionData.Repository<Roche.X800.TestDefinitionData.Instrument.Processes.TransferProcesses.TransferProcess>][Thread:12]Loading 'TransferProcess_ba3ed81e-fe35-4186-9cd1-cc8034c3faf5.xml' completed[EOL]
[2026-09-30 10:40:56.139Z][CA][INF][Logger:Roche.X800.TestDefinitionData.Repository<Roche.X800.TestDefinitionData.Instrument.Processes.TransferProcesses.TransferProcess>][Thread:12]Loading 'TransferProcess_96d75535-2a56-4d70-91a7-83d84e9efe0e.xml' ...[EOL]
[2026-09-30 10:40:56.140Z][CA][INF][Logger:Roche.X800.TestDefinitionData.Repository<Roche.X800.TestDefinitionData.Instrument.Processes.TransferProcesses.TransferProcess>][Thread:12]Loading 'TransferProcess_96d75535-2a56-4d70-91a7-83d84e9efe0e.xml' completed[EOL]
[2026-09-30 10:40:56.142Z][CA][INF][Logger:Roche.X800.TestDefinitionData.Repository<Roche.X800.TestDefinitionData.Instrument.Processes.SamplePreparationProcesses.SamplePreparationProcess>][Thread:12]Loading 'SamplePreparationProcess_a04ee5ad-8f3e-43c1-8008-8c6f038e79ee.xml' ...[EOL]
[2026-09-30 10:40:56.198Z][CA][INF][Logger:Roche.X800.TestDefinitionData.Repository<Roche.X800.TestDefinitionData.Instrument.Processes.SamplePreparationProcesses.SamplePreparationProcess>][Thread:12]Loading 'SamplePreparationProcess_a04ee5ad-8f3e-43c1-8008-8c6f038e79ee.xml' completed[EOL]
[2026-09-30 10:40:56.203Z][CA][INF][Logger:Roche.X800.TestDefinitionData.Repository<Roche.X800.TestDefinitionData.Instrument.Calculations.CalculationPackage>][Thread:12]Loading 'CalculationPackage_1372e566-dfcf-4cc2-98a0-3935f93f94f8.xml' ...[EOL]
[2026-09-30 10:40:56.208Z][CA][INF][Logger:Roche.X800.TestDefinitionData.Repository<Roche.X800.TestDefinitionData.Instrument.Calculations.CalculationPackage>][Thread:12]Loading 'CalculationPackage_1372e566-dfcf-4cc2-98a0-3935f93f94f8.xml' completed[EOL]
[2026-09-30 10:40:56.208Z][CA][INF][Logger:Roche.X800.TestDefinitionData.Repository<Roche.X800.TestDefinitionData.Instrument.Calculations.CalculationPackage>][Thread:12]Loading 'CalculationPackage_1a86c2b0-9b51-4ae8-9fa1-7daf267fffcc.xml' ...[EOL]
[2026-09-30 10:40:56.208Z][CA][INF][Logger:Roche.X800.TestDefinitionData.Repository<Roche.X800.TestDefinitionData.Instrument.Calculations.CalculationPackage>][Thread:12]Loading 'CalculationPackage_1a86c2b0-9b51-4ae8-9fa1-7daf267fffcc.xml' completed[EOL]
[2026-09-30 10:40:56.208Z][CA][INF][Logger:Roche.X800.TestDefinitionData.Repository<Roche.X800.TestDefinitionData.Instrument.Calculations.CalculationPackage>][Thread:12]Loading 'CalculationPackage_c8e41adc-4c70-48fc-a721-45dca7a87130.xml' ...[EOL]
[2026-09-30 10:40:56.208Z][CA][INF][Logger:Roche.X800.TestDefinitionData.Repository<Roche.X800.TestDefinitionData.Instrument.Calculations.CalculationPackage>][Thread:12]Loading 'CalculationPackage_c8e41adc-4c70-48fc-a721-45dca7a87130.xml' completed[EOL]
[2026-09-30 10:40:56.209Z][CA][INF][Logger:Roche.X800.TestDefinitionData.Repository<Roche.X800.TestDefinitionData.Instrument.Assays.Assay>][Thread:12]Loading 'Assay_cedb8eee-7bd5-4519-8627-5dfd077fcd03.xml' ...[EOL]
[2026-09-30 10:40:56.235Z][CA][INF][Logger:Roche.X800.TestDefinitionData.Repository<Roche.X800.TestDefinitionData.Instrument.Assays.Assay>][Thread:12]Loading 'Assay_cedb8eee-7bd5-4519-8627-5dfd077fcd03.xml' completed[EOL]
[2026-09-30 10:40:56.235Z][CA][INF][Logger:Roche.X800.TestDefinitionData.Repository<Roche.X800.TestDefinitionData.Instrument.Assays.Assay>][Thread:12]Loading 'Assay_7a214f38-d555-4417-b943-4d2cf80728e7.xml' ...[EOL]
[2026-09-30 10:40:56.236Z][CA][INF][Logger:Roche.X800.TestDefinitionData.Repository<Roche.X800.TestDefinitionData.Instrument.Assays.Assay>][Thread:12]Loading 'Assay_7a214f38-d555-4417-b943-4d2cf80728e7.xml' completed[EOL]
[2026-09-30 10:40:56.236Z][CA][INF][Logger:Roche.X800.TestDefinitionData.Repository<Roche.X800.TestDefinitionData.Instrument.Assays.Assay>][Thread:12]Loading 'Assay_388a4773-e177-4577-a25e-4b3296fde96a.xml' ...[EOL]
[2026-09-30 10:40:56.236Z][CA][INF][Logger:Roche.X800.TestDefinitionData.Repository<Roche.X800.TestDefinitionData.Instrument.Assays.Assay>][Thread:12]Loading 'Assay_388a4773-e177-4577-a25e-4b3296fde96a.xml' completed[EOL]
[2026-09-30 10:40:56.243Z][CA][INF][Logger:Roche.X800.TestDefinitionData.Instrument.TestDefinitionDataInstrumentConfigurator][Thread:12]Loaded Test Definition Data: 
PipettingParameterFile
  Id: 'c3891a67-1bd2-48b4-adb4-c27fdfc418d8'
  Name: 'STING_ReagentHead_MMx1Pipetting'
  Version: '1.4'
  LastModifiedOn: '29-Jul-2020 12:00'
  TipType: 'STING_RTip'


PipettingParameterFile
  Id: '7035c72f-1e11-4571-9b72-f5e855b36f92'
  Name: 'STING_ReagentHead_MMx2Pipetting'
  Version: '1.2'
  LastModifiedOn: '29-Jul-2020 10:53'
  TipType: 'STING_RTip'


PipettingParameterFile
  Id: '6538724d-1f36-43e2-bd8d-52bca4738b3f'
  Name: 'STING_ReagentHead_EBPipetting'
  Version: '1.2'
  LastModifiedOn: '29-Jul-2020 04:53'
  TipType: 'STING_RTip'


PipettingParameterFile
  Id: '95115586-3c2d-4166-9fe7-afca6753a753'
  Name: 'STING_ReagentHead_ICPipetting'
  Version: '1.2'
  LastModifiedOn: '29-Jul-2020 10:53'
  TipType: 'STING_RTip'


PipettingParameterFile
  Id: 'cee04257-7a87-48bc-b9e3-3b58c5af1d31'
  Name: 'STING_ReagentHead_PASEPipetting_Freedispense'
  Version: '2.2'
  LastModifiedOn: '29-Jul-2020 10:53'
  TipType: 'STING_RTip'


PipettingParameterFile
  Id: 'd49e8732-2028-4264-918f-c520278f02f6'
  Name: 'STING_ProcessHead_LysisMix'
  Version: '1.3'
  LastModifiedOn: '04-Aug-2020 04:32'
  TipType: 'STING_PTip'


PipettingParameterFile
  Id: '5ba50fc9-bbbd-4dee-ab3e-d98540d8d925'
  Name: 'STING_ProcessHead_WashPipMix'
  Version: '2.8'
  LastModifiedOn: '07-Sep-2020 10:53'
  TipType: 'STING_PTip'


PipettingParameterFile
  Id: '49ba4bd0-b7eb-4332-a6e6-a5dcaf8046ee'
  Name: 'STING_ProcessHead_WashPipMix_Leakage_test'
  Version: '0.6'
  LastModifiedOn: '10-Aug-2020 10:17'
  TipType: 'STING_PTip'


PipettingParameterFile
  Id: '8fb9fb21-1537-44bb-912c-62d9a3df9ed7'
  Name: 'STING_ProcessHead_EluateIncubationMix'
  Version: '1.1'
  LastModifiedOn: '07-Oct-2020 09:53'
  TipType: 'STING_ETip'


PipettingParameterFile
  Id: '7068762c-0ed7-4e5b-890f-f75c04a8211a'
  Name: 'STING_ProcessHead_EluateTransferMix'
  Version: '2.0'
  LastModifiedOn: '07-Oct-2020 09:53'
  TipType: 'STING_ETip'


PipettingParameterFile
  Id: '0d580f62-fa68-440e-9ab6-c1e41dd638ce'
  Name: 'SampleHead_CMR'
  Version: '2.1'
  LastModifiedOn: '27-Oct-2020 04:00'
  TipType: 'FilterTip'


PipettingParameterFile
  Id: '922aff24-f7a7-4173-a432-c3af23b4e421'
  Name: 'SampleHead_RawSputum'
  Version: '1.5'
  LastModifiedOn: '13-Oct-2021 02:00'
  TipType: 'FilterTip'


PipettingParameterFile
  Id: 'ffca514a-9a82-4123-aacc-1de91c8b16fb'
  Name: 'SampleHead_Sediment'
  Version: '1.4'
  LastModifiedOn: '25-Oct-2021 02:00'
  TipType: 'FilterTip'



ControlSet
  Id: 'e006de7b-3ad7-4fe2-b3b2-3881ac6af094'
  Name: 'MTB-RIF/INH RMC IVD'
  Version: '1.0.0'
  CreatedOn: '19-Sep-2024 03:32'
  LastModifiedOn: '19-Sep-2024 03:33'
  ControlType: 'Positive'
  MinFillLevel: '1.00e-006 m3 / 1000 ul'
  SapNumber: '9040625190'
  Controls:
    1: 'MTB-RIF/INH (+) C'


ControlSet
  Id: '54da66c7-e44d-4a20-ac86-b50071b6a5e3'
  Name: 'BUFF NEG RMC IVD'
  Version: '10.0.0'
  CreatedOn: '26-Oct-2023 09:41'
  LastModifiedOn: '02-Nov-2023 11:09'
  ControlType: 'Negative'
  MinFillLevel: '1.00e-006 m3 / 1000 ul'
  SapNumber: '9051953190'
  Controls:
    1: '(-) Ctrl'


SampleMediaType
  Id: '5f3e568b-bb3d-4df5-aaf5-ec6906868bc5'
  Name: 'Raw sputum'
  CreatedOn: '10-Mar-2020 04:00'
  LastModifiedOn: '10-Mar-2020 04:00'
  Hl7Code: 'SPTR^rawSputum^99ROC'
  Oid: '2.16.840.1.113995.3.111.9.3.8'


SampleMediaType
  Id: 'a6808204-e341-41a5-9f43-4e980828e05b'
  Name: 'Sediment'
  CreatedOn: '10-Mar-2020 04:00'
  LastModifiedOn: '10-Mar-2020 04:00'
  Hl7Code: 'SED^Sediment^99ROC'
  Oid: '2.16.840.1.113995.3.111.9.3.23'


ControlSet
  Id: 'ba3ed81e-fe35-4186-9cd1-cc8034c3faf5'
  Name: 'MTB RMC IVD'
  Version: '1.0.0'
  CreatedOn: '27-Aug-2024 03:23'
  LastModifiedOn: '27-Aug-2024 03:23'
  ControlType: 'Positive'
  MinFillLevel: '1.00e-006 m3 / 1000 ul'
  SapNumber: '9040587190'
  Controls:
    1: 'MTB (+) C'


ControlSet
  Id: '96d75535-2a56-4d70-91a7-83d84e9efe0e'
  Name: 'MAI RMC IVD'
  Version: '1.0.0'
  CreatedOn: '27-Aug-2024 03:47'
  LastModifiedOn: '27-Aug-2024 03:47'
  ControlType: 'Positive'
  MinFillLevel: '1.00e-006 m3 / 1000 ul'
  SapNumber: '9040609190'
  Controls:
    1: 'MAI (+) C'



PcrProcess
  Id: 'd549cab0-683a-479c-bb45-4bd33b143ab3'
  Name: 'x800 AD Process 2'
  Version: '1.0.0'
  CreatedOn: '06-Nov-2023 11:13'
  LastModifiedOn: '13-Nov-2023 10:33'
  ExecutionTime: '01:08:00'
  PcrTargets:
    Id: '1', FilterId: '1', TemperatureLevel: '1'
    Id: '2', FilterId: '2', TemperatureLevel: '1'
    Id: '3', FilterId: '3', TemperatureLevel: '1'
    Id: '4', FilterId: '4', TemperatureLevel: '1'
    Id: '5', FilterId: '5', TemperatureLevel: '1'



ReagentCarrier
  Id: 'c88786eb-7ef0-4386-87a9-f58a8b230817'
  Name: 'MTB-RIF/INH 192T'
  Version: '1.0.0'
  CreatedOn: '19-Sep-2024 03:34'
  LastModifiedOn: '19-Sep-2024 03:34'
  SapNumber: '9040617190'
  Containers:
    Position: '1', Name: 'MMX1', ReagentContainerType: 'Vessel14MilliLiter', MinFillLevel: '7.50e-006 m3 / 7500 ul', PipettingParameterFile: 'Name: 'STING_ReagentHead_MMx1Pipetting', Version: '1.4', Id: 'c3891a67-1bd2-48b4-adb4-c27fdfc418d8''
    Position: '2', Name: 'MMX2', ReagentContainerType: 'Vessel14MilliLiter', MinFillLevel: '9.70e-006 m3 / 9700 ul', PipettingParameterFile: 'Name: 'STING_ReagentHead_MMx2Pipetting', Version: '1.2', Id: '7035c72f-1e11-4571-9b72-f5e855b36f92''
    Position: '3', Name: 'ElutionReagent', ReagentContainerType: 'Vessel34MilliLiter', MinFillLevel: '2.12e-005 m3 / 21200 ul', PipettingParameterFile: 'Name: 'STING_ReagentHead_EBPipetting', Version: '1.2', Id: '6538724d-1f36-43e2-bd8d-52bca4738b3f''
    Position: '4', Name: 'ICIQS', ReagentContainerType: 'Vessel34MilliLiter', MinFillLevel: '2.12e-005 m3 / 21200 ul', PipettingParameterFile: 'Name: 'STING_ReagentHead_ICPipetting', Version: '1.2', Id: '95115586-3c2d-4166-9fe7-afca6753a753''
    Position: '5', Name: 'Protease', ReagentContainerType: 'Vessel34MilliLiter', MinFillLevel: '2.23e-005 m3 / 22300 ul', PipettingParameterFile: 'Name: 'STING_ReagentHead_PASEPipetting_Freedispense', Version: '2.2', Id: 'cee04257-7a87-48bc-b9e3-3b58c5af1d31''


ReagentCarrier
  Id: '43fceed0-664a-49f5-803e-b312f177bf87'
  Name: 'MTB-RIF/INH 192T EXT'
  Version: '1.0.0'
  CreatedOn: '19-Sep-2024 03:35'
  LastModifiedOn: '19-Sep-2024 03:35'
  SapNumber: '10248718190'
  Containers:
    Position: '1', Name: 'MMX1', ReagentContainerType: 'Vessel14MilliLiter', MinFillLevel: '7.50e-006 m3 / 7500 ul', PipettingParameterFile: 'Name: 'STING_ReagentHead_MMx1Pipetting', Version: '1.4', Id: 'c3891a67-1bd2-48b4-adb4-c27fdfc418d8''
    Position: '2', Name: 'MMX2', ReagentContainerType: 'Vessel14MilliLiter', MinFillLevel: '9.70e-006 m3 / 9700 ul', PipettingParameterFile: 'Name: 'STING_ReagentHead_MMx2Pipetting', Version: '1.2', Id: '7035c72f-1e11-4571-9b72-f5e855b36f92''
    Position: '3', Name: 'ElutionReagent', ReagentContainerType: 'Vessel34MilliLiter', MinFillLevel: '2.12e-005 m3 / 21200 ul', PipettingParameterFile: 'Name: 'STING_ReagentHead_EBPipetting', Version: '1.2', Id: '6538724d-1f36-43e2-bd8d-52bca4738b3f''
    Position: '4', Name: 'ICIQS', ReagentContainerType: 'Vessel34MilliLiter', MinFillLevel: '2.12e-005 m3 / 21200 ul', PipettingParameterFile: 'Name: 'STING_ReagentHead_ICPipetting', Version: '1.2', Id: '95115586-3c2d-4166-9fe7-afca6753a753''
    Position: '5', Name: 'Protease', ReagentContainerType: 'Vessel34MilliLiter', MinFillLevel: '2.23e-005 m3 / 22300 ul', PipettingParameterFile: 'Name: 'STING_ReagentHead_PASEPipetting_Freedispense', Version: '2.2', Id: 'cee04257-7a87-48bc-b9e3-3b58c5af1d31''


ReagentCarrier
  Id: '03a44939-f61a-4fb3-9ad3-b336bc2fc6e5'
  Name: 'MTB 384T'
  Version: '1.0.0'
  CreatedOn: '27-Aug-2024 03:24'
  LastModifiedOn: '27-Aug-2024 03:24'
  SapNumber: '9040579190'
  Containers:
    Position: '1', Name: 'MMX1', ReagentContainerType: 'Vessel34MilliLiter', MinFillLevel: '1.45e-005 m3 / 14500 ul', PipettingParameterFile: 'Name: 'STING_ReagentHead_MMx1Pipetting', Version: '1.4', Id: 'c3891a67-1bd2-48b4-adb4-c27fdfc418d8''
    Position: '2', Name: 'MMX2', ReagentContainerType: 'Vessel34MilliLiter', MinFillLevel: '1.75e-005 m3 / 17500 ul', PipettingParameterFile: 'Name: 'STING_ReagentHead_MMx2Pipetting', Version: '1.2', Id: '7035c72f-1e11-4571-9b72-f5e855b36f92''
    Position: '3', Name: 'ElutionReagent', ReagentContainerType: 'Vessel54MilliLiter', MinFillLevel: '3.80e-005 m3 / 38000 ul', PipettingParameterFile: 'Name: 'STING_ReagentHead_EBPipetting', Version: '1.2', Id: '6538724d-1f36-43e2-bd8d-52bca4738b3f''
    Position: '4', Name: 'ICIQS', ReagentContainerType: 'Vessel54MilliLiter', MinFillLevel: '3.80e-005 m3 / 38000 ul', PipettingParameterFile: 'Name: 'STING_ReagentHead_ICPipetting', Version: '1.2', Id: '95115586-3c2d-4166-9fe7-afca6753a753''
    Position: '5', Name: 'Protease', ReagentContainerType: 'Vessel54MilliLiter', MinFillLevel: '3.80e-005 m3 / 38000 ul', PipettingParameterFile: 'Name: 'STING_ReagentHead_PASEPipetting_Freedispense', Version: '2.2', Id: 'cee04257-7a87-48bc-b9e3-3b58c5af1d31''


ReagentCarrier
  Id: '5c988d23-f806-42d4-878e-bf9c4022cec4'
  Name: 'MTB 384T EXT'
  Version: '1.0.0'
  CreatedOn: '27-Aug-2024 03:25'
  LastModifiedOn: '27-Aug-2024 03:25'
  SapNumber: '10248661190'
  Containers:
    Position: '1', Name: 'MMX1', ReagentContainerType: 'Vessel34MilliLiter', MinFillLevel: '1.45e-005 m3 / 14500 ul', PipettingParameterFile: 'Name: 'STING_ReagentHead_MMx1Pipetting', Version: '1.4', Id: 'c3891a67-1bd2-48b4-adb4-c27fdfc418d8''
    Position: '2', Name: 'MMX2', ReagentContainerType: 'Vessel34MilliLiter', MinFillLevel: '1.75e-005 m3 / 17500 ul', PipettingParameterFile: 'Name: 'STING_ReagentHead_MMx2Pipetting', Version: '1.2', Id: '7035c72f-1e11-4571-9b72-f5e855b36f92''
    Position: '3', Name: 'ElutionReagent', ReagentContainerType: 'Vessel54MilliLiter', MinFillLevel: '3.80e-005 m3 / 38000 ul', PipettingParameterFile: 'Name: 'STING_ReagentHead_EBPipetting', Version: '1.2', Id: '6538724d-1f36-43e2-bd8d-52bca4738b3f''
    Position: '4', Name: 'ICIQS', ReagentContainerType: 'Vessel54MilliLiter', MinFillLevel: '3.80e-005 m3 / 38000 ul', PipettingParameterFile: 'Name: 'STING_ReagentHead_ICPipetting', Version: '1.2', Id: '95115586-3c2d-4166-9fe7-afca6753a753''
    Position: '5', Name: 'Protease', ReagentContainerType: 'Vessel54MilliLiter', MinFillLevel: '3.80e-005 m3 / 38000 ul', PipettingParameterFile: 'Name: 'STING_ReagentHead_PASEPipetting_Freedispense', Version: '2.2', Id: 'cee04257-7a87-48bc-b9e3-3b58c5af1d31''


ReagentCarrier
  Id: '4c5cb5ff-afa2-4c19-96a0-970cdf4b3d7c'
  Name: 'MAI 384T'
  Version: '1.0.0'
  CreatedOn: '27-Aug-2024 03:48'
  LastModifiedOn: '27-Aug-2024 03:48'
  SapNumber: '9040595190'
  Containers:
    Position: '1', Name: 'MMX1', ReagentContainerType: 'Vessel34MilliLiter', MinFillLevel: '1.45e-005 m3 / 14500 ul', PipettingParameterFile: 'Name: 'STING_ReagentHead_MMx1Pipetting', Version: '1.4', Id: 'c3891a67-1bd2-48b4-adb4-c27fdfc418d8''
    Position: '2', Name: 'MMX2', ReagentContainerType: 'Vessel34MilliLiter', MinFillLevel: '1.75e-005 m3 / 17500 ul', PipettingParameterFile: 'Name: 'STING_ReagentHead_MMx2Pipetting', Version: '1.2', Id: '7035c72f-1e11-4571-9b72-f5e855b36f92''
    Position: '3', Name: 'ElutionReagent', ReagentContainerType: 'Vessel54MilliLiter', MinFillLevel: '3.80e-005 m3 / 38000 ul', PipettingParameterFile: 'Name: 'STING_ReagentHead_EBPipetting', Version: '1.2', Id: '6538724d-1f36-43e2-bd8d-52bca4738b3f''
    Position: '4', Name: 'ICIQS', ReagentContainerType: 'Vessel54MilliLiter', MinFillLevel: '3.80e-005 m3 / 38000 ul', PipettingParameterFile: 'Name: 'STING_ReagentHead_ICPipetting', Version: '1.2', Id: '95115586-3c2d-4166-9fe7-afca6753a753''
    Position: '5', Name: 'Protease', ReagentContainerType: 'Vessel54MilliLiter', MinFillLevel: '3.80e-005 m3 / 38000 ul', PipettingParameterFile: 'Name: 'STING_ReagentHead_PASEPipetting_Freedispense', Version: '2.2', Id: 'cee04257-7a87-48bc-b9e3-3b58c5af1d31''


ReagentCarrier
  Id: '9008167a-e346-4ede-886e-c34dba846ad0'
  Name: 'MAI 384T EXT'
  Version: '1.0.0'
  CreatedOn: '27-Aug-2024 03:49'
  LastModifiedOn: '27-Aug-2024 03:49'
  SapNumber: '10248726190'
  Containers:
    Position: '1', Name: 'MMX1', ReagentContainerType: 'Vessel34MilliLiter', MinFillLevel: '1.45e-005 m3 / 14500 ul', PipettingParameterFile: 'Name: 'STING_ReagentHead_MMx1Pipetting', Version: '1.4', Id: 'c3891a67-1bd2-48b4-adb4-c27fdfc418d8''
    Position: '2', Name: 'MMX2', ReagentContainerType: 'Vessel34MilliLiter', MinFillLevel: '1.75e-005 m3 / 17500 ul', PipettingParameterFile: 'Name: 'STING_ReagentHead_MMx2Pipetting', Version: '1.2', Id: '7035c72f-1e11-4571-9b72-f5e855b36f92''
    Position: '3', Name: 'ElutionReagent', ReagentContainerType: 'Vessel54MilliLiter', MinFillLevel: '3.80e-005 m3 / 38000 ul', PipettingParameterFile: 'Name: 'STING_ReagentHead_EBPipetting', Version: '1.2', Id: '6538724d-1f36-43e2-bd8d-52bca4738b3f''
    Position: '4', Name: 'ICIQS', ReagentContainerType: 'Vessel54MilliLiter', MinFillLevel: '3.80e-005 m3 / 38000 ul', PipettingParameterFile: 'Name: 'STING_ReagentHead_ICPipetting', Version: '1.2', Id: '95115586-3c2d-4166-9fe7-afca6753a753''
    Position: '5', Name: 'Protease', ReagentContainerType: 'Vessel54MilliLiter', MinFillLevel: '3.80e-005 m3 / 38000 ul', PipettingParameterFile: 'Name: 'STING_ReagentHead_PASEPipetting_Freedispense', Version: '2.2', Id: 'cee04257-7a87-48bc-b9e3-3b58c5af1d31''



TransferProcess
  Id: 'e006de7b-3ad7-4fe2-b3b2-3881ac6af094'
  Name: 'MTB-RIF/INH RMC IVD'
  Version: '1.0.0'
  CreatedOn: '19-Sep-2024 03:32'
  LastModifiedOn: '19-Sep-2024 03:32'
  Transfers:
    MediaType: 'MTB-RIF/INH RMC IVD', Id: 'e006de7b-3ad7-4fe2-b3b2-3881ac6af094', TransferVolume: '8.50e-007 m3 / 850 ul', WarmAndDryConditionLowerTemperatureLimit: '0', WarmAndDryConditionUpperHumidityLimit: '0', NormalConditionPPF: 'Name: 'SampleHead_CMR', Version: '2.1', Id: '0d580f62-fa68-440e-9ab6-c1e41dd638ce'', WarmAndDryConditionPPF: 'n/a'


TransferProcess
  Id: '54da66c7-e44d-4a20-ac86-b50071b6a5e3'
  Name: 'BUFF NEG RMC IVD'
  Version: '10.0.0'
  CreatedOn: '26-Oct-2023 09:41'
  LastModifiedOn: '26-Oct-2023 09:41'
  Transfers:
    MediaType: 'BUFF NEG RMC IVD', Id: '54da66c7-e44d-4a20-ac86-b50071b6a5e3', TransferVolume: '8.50e-007 m3 / 850 ul', WarmAndDryConditionLowerTemperatureLimit: '0', WarmAndDryConditionUpperHumidityLimit: '0', NormalConditionPPF: 'Name: 'SampleHead_CMR', Version: '2.1', Id: '0d580f62-fa68-440e-9ab6-c1e41dd638ce'', WarmAndDryConditionPPF: 'n/a'
    MediaType: 'BUFF NEG RMC IVD', Id: '54da66c7-e44d-4a20-ac86-b50071b6a5e3', TransferVolume: '5.00e-007 m3 / 500 ul', WarmAndDryConditionLowerTemperatureLimit: '0', WarmAndDryConditionUpperHumidityLimit: '0', NormalConditionPPF: 'Name: 'SampleHead_CMR', Version: '2.1', Id: '0d580f62-fa68-440e-9ab6-c1e41dd638ce'', WarmAndDryConditionPPF: 'n/a'
    MediaType: 'BUFF NEG RMC IVD', Id: '54da66c7-e44d-4a20-ac86-b50071b6a5e3', TransferVolume: '4.00e-007 m3 / 400 ul', WarmAndDryConditionLowerTemperatureLimit: '0', WarmAndDryConditionUpperHumidityLimit: '0', NormalConditionPPF: 'Name: 'SampleHead_CMR', Version: '2.1', Id: '0d580f62-fa68-440e-9ab6-c1e41dd638ce'', WarmAndDryConditionPPF: 'n/a'


TransferProcess
  Id: 'ed01eb86-023e-4d38-996c-173811b446b7'
  Name: 'ST Raw sputum'
  Version: '10.0'
  CreatedOn: '26-Oct-2023 07:52'
  LastModifiedOn: '02-Nov-2023 10:34'
  Transfers:
    MediaType: 'Raw sputum', Id: '5f3e568b-bb3d-4df5-aaf5-ec6906868bc5', TransferVolume: '8.50e-007 m3 / 850 ul', WarmAndDryConditionLowerTemperatureLimit: '27', WarmAndDryConditionUpperHumidityLimit: '30', NormalConditionPPF: 'Name: 'SampleHead_RawSputum', Version: '1.5', Id: '922aff24-f7a7-4173-a432-c3af23b4e421'', WarmAndDryConditionPPF: 'Name: 'SampleHead_RawSputum', Version: '1.5', Id: '922aff24-f7a7-4173-a432-c3af23b4e421''


TransferProcess
  Id: 'd8cfa2f3-16f8-4a15-83fc-1e57c06ad665'
  Name: 'ST Sediment'
  Version: '10.0'
  CreatedOn: '26-Oct-2023 08:01'
  LastModifiedOn: '02-Nov-2023 10:33'
  Transfers:
    MediaType: 'Sediment', Id: 'a6808204-e341-41a5-9f43-4e980828e05b', TransferVolume: '8.50e-007 m3 / 850 ul', WarmAndDryConditionLowerTemperatureLimit: '27', WarmAndDryConditionUpperHumidityLimit: '30', NormalConditionPPF: 'Name: 'SampleHead_Sediment', Version: '1.4', Id: 'ffca514a-9a82-4123-aacc-1de91c8b16fb'', WarmAndDryConditionPPF: 'Name: 'SampleHead_Sediment', Version: '1.4', Id: 'ffca514a-9a82-4123-aacc-1de91c8b16fb''


TransferProcess
  Id: 'ba3ed81e-fe35-4186-9cd1-cc8034c3faf5'
  Name: 'MTB RMC IVD'
  Version: '1.0.0'
  CreatedOn: '27-Aug-2024 03:23'
  LastModifiedOn: '27-Aug-2024 03:23'
  Transfers:
    MediaType: 'MTB RMC IVD', Id: 'ba3ed81e-fe35-4186-9cd1-cc8034c3faf5', TransferVolume: '8.50e-007 m3 / 850 ul', WarmAndDryConditionLowerTemperatureLimit: '0', WarmAndDryConditionUpperHumidityLimit: '0', NormalConditionPPF: 'Name: 'SampleHead_CMR', Version: '2.1', Id: '0d580f62-fa68-440e-9ab6-c1e41dd638ce'', WarmAndDryConditionPPF: 'n/a'


TransferProcess
  Id: '96d75535-2a56-4d70-91a7-83d84e9efe0e'
  Name: 'MAI RMC IVD'
  Version: '1.0.0'
  CreatedOn: '27-Aug-2024 03:47'
  LastModifiedOn: '27-Aug-2024 03:47'
  Transfers:
    MediaType: 'MAI RMC IVD', Id: '96d75535-2a56-4d70-91a7-83d84e9efe0e', TransferVolume: '8.50e-007 m3 / 850 ul', WarmAndDryConditionLowerTemperatureLimit: '0', WarmAndDryConditionUpperHumidityLimit: '0', NormalConditionPPF: 'Name: 'SampleHead_CMR', Version: '2.1', Id: '0d580f62-fa68-440e-9ab6-c1e41dd638ce'', WarmAndDryConditionPPF: 'n/a'



SamplePreparationProcess
  Id: 'a04ee5ad-8f3e-43c1-8008-8c6f038e79ee'
  Name: 'NC Generic Sample Preparation Process'
  Version: '4.0'
  CreatedOn: '05-Nov-2020 12:03'
  LastModifiedOn: '05-Nov-2020 12:20'
  ProcessExecutionTimeForOneCassette: '00:58:00'
  AdditionalProcessExecutionTimeForEachAdditionalCassette: '00:01:30'
  SealingTime: '00:00:01.2000000'
  DilutedProcessVolume: 'DefaultVolume: '8.50e-007 m3 / 850 ul', MinVolume: '1.00e-009 m3 / 1 ul', MaxVolume: '1.50e-006 m3 / 1500 ul''
  RequiredReagents:
    ReagentType: 'Lysis', VariableName: 'Lysis', SelectedVolume: '1.25e-006 m3 / 1250 ul', MinVolume: '1.00e-009 m3 / 1 ul', MaxVolume: '2.00e-006 m3 / 2000 ul', MaxAliquots: '6'
    ReagentType: 'WashReagent', VariableName: 'Wash buffer 1a', SelectedVolume: '9.00e-007 m3 / 900 ul', MinVolume: '1.00e-009 m3 / 1 ul', MaxVolume: '2.00e-006 m3 / 2000 ul', MaxAliquots: '6'
    ReagentType: 'WashReagent', VariableName: 'Wash buffer 1b', SelectedVolume: '1.50e-006 m3 / 1500 ul', MinVolume: '1.00e-009 m3 / 1 ul', MaxVolume: '2.00e-006 m3 / 2000 ul', MaxAliquots: '6'
    ReagentType: 'WashReagent', VariableName: 'Wash buffer 2', SelectedVolume: '2.00e-006 m3 / 2000 ul', MinVolume: '1.00e-009 m3 / 1 ul', MaxVolume: '2.50e-006 m3 / 2500 ul', MaxAliquots: '6'
    ReagentType: 'MGP', VariableName: 'MGP', SelectedVolume: '1.00e-007 m3 / 100 ul', MinVolume: '1.00e-009 m3 / 1 ul', MaxVolume: '1.50e-007 m3 / 150 ul', MaxAliquots: '6'
    ReagentType: 'ICIQS', VariableName: 'IC/QS', SelectedVolume: '5.00e-008 m3 / 50 ul', MinVolume: '0.00e+000 m3 / 0 ul', MaxVolume: '1.00e-007 m3 / 100 ul', MaxAliquots: '6'
    ReagentType: 'Protease', VariableName: 'Protease', SelectedVolume: '5.00e-008 m3 / 50 ul', MinVolume: '0.00e+000 m3 / 0 ul', MaxVolume: '1.00e-007 m3 / 100 ul', MaxAliquots: '6'
    ReagentType: 'ElutionReagent', VariableName: 'Elution Buffer', SelectedVolume: '5.00e-008 m3 / 50 ul', MinVolume: '0.00e+000 m3 / 0 ul', MaxVolume: '1.00e-007 m3 / 100 ul', MaxAliquots: '6'
    ReagentType: 'MMX2', VariableName: 'MasterMix2', SelectedVolume: '1.50e-008 m3 / 15 ul', MinVolume: '0.00e+000 m3 / 0 ul', MaxVolume: '5.00e-008 m3 / 50 ul', MaxAliquots: '6'
    ReagentType: 'MMX1', VariableName: 'MasterMix1', SelectedVolume: '1.00e-008 m3 / 10 ul', MinVolume: '0.00e+000 m3 / 0 ul', MaxVolume: '5.00e-008 m3 / 50 ul', MaxAliquots: '6'
  NeedleWashDefinitions:
    WashFluid: 'Lysis', VariableName: 'Lysis Wash-Reagent Pipetting', WashStation: 'Hazardous', NeedleWashFrequency: 'PerRun', UsageCount: '1', AirVolume: '0.00e+000 m3 / 0 ul', InnerWashVolume: '5.00e-008 m3 / 50 ul', OuterWashVolume: '0'
    WashFluid: 'Diluent', VariableName: 'Diluent Wash-Reagent Pipetting', WashStation: 'NonHazardous', NeedleWashFrequency: 'PerRun', UsageCount: '1', AirVolume: '0.00e+000 m3 / 0 ul', InnerWashVolume: '5.00e-006 m3 / 5000 ul', OuterWashVolume: '5000'
    WashFluid: 'WashReagent', VariableName: 'Wash Buffer-Reagent Pipetting', WashStation: 'NonHazardous', NeedleWashFrequency: 'PerRun', UsageCount: '2', AirVolume: '0.00e+000 m3 / 0 ul', InnerWashVolume: '0.00e+000 m3 / 0 ul', OuterWashVolume: '5000'
    WashFluid: 'WashReagent', VariableName: 'Wash Buffer-MGP Pipetting', WashStation: 'Hazardous', NeedleWashFrequency: 'PerRun', UsageCount: '1', AirVolume: '0.00e+000 m3 / 0 ul', InnerWashVolume: '1.50e-006 m3 / 1500 ul', OuterWashVolume: '5000'
    WashFluid: 'Lysis', VariableName: 'Lysis Wash-Lysis Pipetting', WashStation: 'Hazardous', NeedleWashFrequency: 'PerRun', UsageCount: '1', AirVolume: '0.00e+000 m3 / 0 ul', InnerWashVolume: '3.00e-006 m3 / 3000 ul', OuterWashVolume: '5000'
    WashFluid: 'WashReagent', VariableName: 'Wash-Buffer-Reagent Pipetting I', WashStation: 'Hazardous', NeedleWashFrequency: 'PerRun', UsageCount: '1', AirVolume: '2.00e-006 m3 / 2000 ul', InnerWashVolume: '5.00e-006 m3 / 5000 ul', OuterWashVolume: '5000'
    WashFluid: 'WashReagent', VariableName: 'Wash-Buffer-Pre-Lysis-Pipetting', WashStation: 'Hazardous', NeedleWashFrequency: 'PerRun', UsageCount: '1', AirVolume: '2.00e-006 m3 / 2000 ul', InnerWashVolume: '3.00e-006 m3 / 3000 ul', OuterWashVolume: '0'
    WashFluid: 'WashReagent', VariableName: 'Wash-Buffer-Wash-2', WashStation: 'NonHazardous', NeedleWashFrequency: 'PerRun', UsageCount: '3', AirVolume: '0.00e+000 m3 / 0 ul', InnerWashVolume: '0.00e+000 m3 / 0 ul', OuterWashVolume: '200'
    WashFluid: 'WashReagent', VariableName: 'SpecDil Prepare', WashStation: 'Hazardous', NeedleWashFrequency: 'PerRun', UsageCount: '1', AirVolume: '2.00e-006 m3 / 2000 ul', InnerWashVolume: '3.00e-006 m3 / 3000 ul', OuterWashVolume: '0'
    WashFluid: 'WashReagent', VariableName: 'Wash-IC/QS Pipetting', WashStation: 'NonHazardous', NeedleWashFrequency: 'PerCassette', UsageCount: '1', AirVolume: '0.00e+000 m3 / 0 ul', InnerWashVolume: '1.50e-006 m3 / 1500 ul', OuterWashVolume: '1500'
    WashFluid: 'WashReagent', VariableName: 'Wash-Pase Pipetting', WashStation: 'Hazardous', NeedleWashFrequency: 'PerCassette', UsageCount: '1', AirVolume: '0.00e+000 m3 / 0 ul', InnerWashVolume: '1.50e-006 m3 / 1500 ul', OuterWashVolume: '1500'
    WashFluid: 'WashReagent', VariableName: 'Wash-EB Pipetting', WashStation: 'NonHazardous', NeedleWashFrequency: 'PerCassette', UsageCount: '1', AirVolume: '0.00e+000 m3 / 0 ul', InnerWashVolume: '1.50e-006 m3 / 1500 ul', OuterWashVolume: '5000'
    WashFluid: 'WashReagent', VariableName: 'Wash-MMX Pipetting', WashStation: 'NonHazardous', NeedleWashFrequency: 'PerCassette', UsageCount: '2', AirVolume: '0.00e+000 m3 / 0 ul', InnerWashVolume: '1.50e-006 m3 / 1500 ul', OuterWashVolume: '5000'
    WashFluid: 'Lysis', VariableName: 'Wash Buffer-Lysis Pipetting', WashStation: 'Hazardous', NeedleWashFrequency: 'PerRun', UsageCount: '1', WashVolume: '1.33e-006 m3 / 1330 ul', AirVolume: '2.00e-007 m3 / 200 ul', WashSegmentVolume: '2.00e-007 m3 / 200 ul', NumberOfWashSegments: '3'
  PipettingParameterFiles:
    Name: 'STING_ProcessHead_LysisMix', Version: '1.3', Id: 'd49e8732-2028-4264-918f-c520278f02f6'
    Name: 'STING_ProcessHead_WashPipMix', Version: '2.8', Id: '5ba50fc9-bbbd-4dee-ab3e-d98540d8d925'
    Name: 'STING_ProcessHead_WashPipMix_Leakage_test', Version: '0.6', Id: '49ba4bd0-b7eb-4332-a6e6-a5dcaf8046ee'
    Name: 'STING_ProcessHead_EluateIncubationMix', Version: '1.1', Id: '8fb9fb21-1537-44bb-912c-62d9a3df9ed7'
    Name: 'STING_ReagentHead_MMx1Pipetting', Version: '1.4', Id: 'c3891a67-1bd2-48b4-adb4-c27fdfc418d8'
    Name: 'STING_ProcessHead_EluateTransferMix', Version: '2.0', Id: '7068762c-0ed7-4e5b-890f-f75c04a8211a'



CalculationPackage
  Id: '1372e566-dfcf-4cc2-98a0-3935f93f94f8'
  Name: 'MTBRIFINH x800'
  Version: '1.1.0.20009'
  CreatedOn: '29-Aug-2024 08:51'
  LastModifiedOn: '29-Aug-2024 08:51'
  FileName: 'X800.Calculator.MTBRIFINH_1.1.0.20009.zip'


CalculationPackage
  Id: '1a86c2b0-9b51-4ae8-9fa1-7daf267fffcc'
  Name: 'MTB x800'
  Version: '1.2.0.20003'
  CreatedOn: '03-Jun-2024 01:39'
  LastModifiedOn: '03-Jun-2024 01:34'
  FileName: 'X800.Calculator.MTB_1.2.0.20003.zip'


CalculationPackage
  Id: 'c8e41adc-4c70-48fc-a721-45dca7a87130'
  Name: 'MAI x800'
  Version: '1.1.0.20003'
  CreatedOn: '25-Jul-2024 07:44'
  LastModifiedOn: '25-Jul-2024 07:42'
  FileName: 'X800.Calculator.MAI_1.1.0.20003.zip'



Assay
  Id: 'cedb8eee-7bd5-4519-8627-5dfd077fcd03'
  Name: 'x800 MTB-RIF/INH'
  Version: '1.1.0'
  Description: 'TDT 1.0.2.1 / ACT 1.0.2.6 (RC-05)'
  CreatedOn: '19-Sep-2024 03:36'
  LastModifiedOn: '19-Sep-2024 03:37'
  AssayType: 'Conventional'
  AsapFileName: 'x800 MTB-RIF-INH'
  PackageType:'Asap'

  ControlTransferProcessAssignments:
    MediaType: 'Name: 'MTB-RIF/INH RMC IVD, Id: 'e006de7b-3ad7-4fe2-b3b2-3881ac6af094''
    TransferProcess: 'Name: 'MTB-RIF/INH RMC IVD', Version: '1.0.0', Id: 'e006de7b-3ad7-4fe2-b3b2-3881ac6af094''
    TransferVolume: '8.50e-007 m3 / 850 ul'
    DilutionFactor: '1'
    
    MediaType: 'Name: 'BUFF NEG RMC IVD, Id: '54da66c7-e44d-4a20-ac86-b50071b6a5e3''
    TransferProcess: 'Name: 'BUFF NEG RMC IVD', Version: '10.0.0', Id: '54da66c7-e44d-4a20-ac86-b50071b6a5e3''
    TransferVolume: '8.50e-007 m3 / 850 ul'
    DilutionFactor: '1'
    
  SampleTransferProcessAssignments:
    MediaType: 'Name: 'Raw sputum, Id: '5f3e568b-bb3d-4df5-aaf5-ec6906868bc5''
    TransferProcess: 'Name: 'ST Raw sputum', Version: '10.0', Id: 'ed01eb86-023e-4d38-996c-173811b446b7''
    TransferVolume: '8.50e-007 m3 / 850 ul'
    DilutionFactor: '1'
    
    MediaType: 'Name: 'Sediment, Id: 'a6808204-e341-41a5-9f43-4e980828e05b''
    TransferProcess: 'Name: 'ST Sediment', Version: '10.0', Id: 'd8cfa2f3-16f8-4a15-83fc-1e57c06ad665''
    TransferVolume: '8.50e-007 m3 / 850 ul'
    DilutionFactor: '1'
    
  SamplePreparationProcessAssignment:
    SamplePreparationProcess: 'Name: 'NC Generic Sample Preparation Process', Version: '4.0', Id: 'a04ee5ad-8f3e-43c1-8008-8c6f038e79ee''
    DilutedProcessVolumeParameter: '8.50e-007 m3 / 850 ul'
    
    ReagentCassetteAssignments:
        Name: 'MTB-RIF/INH 192T', Version: '1.0.0', Id: 'c88786eb-7ef0-4386-87a9-f58a8b230817'
        Name: 'MTB-RIF/INH 192T EXT', Version: '1.0.0', Id: '43fceed0-664a-49f5-803e-b312f177bf87'
    
    PipettingVolumeParameters:
        Name: 'Lysis', Volume: '1.25e-006 m3 / 1250 ul'
        Name: 'Wash buffer 1a', Volume: '9.00e-007 m3 / 900 ul'
        Name: 'Wash buffer 1b', Volume: '1.50e-006 m3 / 1500 ul'
        Name: 'Wash buffer 2', Volume: '2.00e-006 m3 / 2000 ul'
        Name: 'MGP', Volume: '1.00e-007 m3 / 100 ul'
        Name: 'IC/QS', Volume: '5.00e-008 m3 / 50 ul'
        Name: 'Protease', Volume: '5.00e-008 m3 / 50 ul'
        Name: 'Elution Buffer', Volume: '5.00e-008 m3 / 50 ul'
        Name: 'MasterMix2', Volume: '1.50e-008 m3 / 15 ul'
        Name: 'MasterMix1', Volume: '1.00e-008 m3 / 10 ul'
    
  PcrProcessAssignment:
    PcrProcess: 'Name: 'x800 AD Process 2', Version: '1.0.0', Id: 'd549cab0-683a-479c-bb45-4bd33b143ab3'
    
    CalculationPackage: 'Name: 'MTBRIFINH x800', Version: '1.1.0.20009', Id: '1372e566-dfcf-4cc2-98a0-3935f93f94f8''
    
    AssayPcrTargets:
        Id: '1', TargetName: 'INH'
        Id: '2', TargetName: 'RIF1'
        Id: '3', TargetName: 'RIF2'
        Id: '4', TargetName: 'RIF3'
        Id: '5', TargetName: ''
    
    

Assay
  Id: '7a214f38-d555-4417-b943-4d2cf80728e7'
  Name: 'x800 MTB'
  Version: '1.1.0'
  Description: 'TDT 1.0.2.1 / ACT 1.0.2.6 (RC-05)'
  CreatedOn: '27-Aug-2024 03:26'
  LastModifiedOn: '27-Aug-2024 03:27'
  AssayType: 'Conventional'
  AsapFileName: 'x800 MTB'
  PackageType:'Asap'

  ControlTransferProcessAssignments:
    MediaType: 'Name: 'MTB RMC IVD, Id: 'ba3ed81e-fe35-4186-9cd1-cc8034c3faf5''
    TransferProcess: 'Name: 'MTB RMC IVD', Version: '1.0.0', Id: 'ba3ed81e-fe35-4186-9cd1-cc8034c3faf5''
    TransferVolume: '8.50e-007 m3 / 850 ul'
    DilutionFactor: '1'
    
    MediaType: 'Name: 'BUFF NEG RMC IVD, Id: '54da66c7-e44d-4a20-ac86-b50071b6a5e3''
    TransferProcess: 'Name: 'BUFF NEG RMC IVD', Version: '10.0.0', Id: '54da66c7-e44d-4a20-ac86-b50071b6a5e3''
    TransferVolume: '8.50e-007 m3 / 850 ul'
    DilutionFactor: '1'
    
  SampleTransferProcessAssignments:
    MediaType: 'Name: 'Raw sputum, Id: '5f3e568b-bb3d-4df5-aaf5-ec6906868bc5''
    TransferProcess: 'Name: 'ST Raw sputum', Version: '10.0', Id: 'ed01eb86-023e-4d38-996c-173811b446b7''
    TransferVolume: '8.50e-007 m3 / 850 ul'
    DilutionFactor: '1'
    
    MediaType: 'Name: 'Sediment, Id: 'a6808204-e341-41a5-9f43-4e980828e05b''
    TransferProcess: 'Name: 'ST Sediment', Version: '10.0', Id: 'd8cfa2f3-16f8-4a15-83fc-1e57c06ad665''
    TransferVolume: '8.50e-007 m3 / 850 ul'
    DilutionFactor: '1'
    
  SamplePreparationProcessAssignment:
    SamplePreparationProcess: 'Name: 'NC Generic Sample Preparation Process', Version: '4.0', Id: 'a04ee5ad-8f3e-43c1-8008-8c6f038e79ee''
    DilutedProcessVolumeParameter: '8.50e-007 m3 / 850 ul'
    
    ReagentCassetteAssignments:
        Name: 'MTB 384T', Version: '1.0.0', Id: '03a44939-f61a-4fb3-9ad3-b336bc2fc6e5'
        Name: 'MTB 384T EXT', Version: '1.0.0', Id: '5c988d23-f806-42d4-878e-bf9c4022cec4'
    
    PipettingVolumeParameters:
        Name: 'Lysis', Volume: '1.25e-006 m3 / 1250 ul'
        Name: 'Wash buffer 1a', Volume: '9.00e-007 m3 / 900 ul'
        Name: 'Wash buffer 1b', Volume: '1.50e-006 m3 / 1500 ul'
        Name: 'Wash buffer 2', Volume: '2.00e-006 m3 / 2000 ul'
        Name: 'MGP', Volume: '1.00e-007 m3 / 100 ul'
        Name: 'IC/QS', Volume: '5.00e-008 m3 / 50 ul'
        Name: 'Protease', Volume: '5.00e-008 m3 / 50 ul'
        Name: 'Elution Buffer', Volume: '5.00e-008 m3 / 50 ul'
        Name: 'MasterMix2', Volume: '1.50e-008 m3 / 15 ul'
        Name: 'MasterMix1', Volume: '1.00e-008 m3 / 10 ul'
    
  PcrProcessAssignment:
    PcrProcess: 'Name: 'x800 AD Process 2', Version: '1.0.0', Id: 'd549cab0-683a-479c-bb45-4bd33b143ab3'
    
    CalculationPackage: 'Name: 'MTB x800', Version: '1.2.0.20003', Id: '1a86c2b0-9b51-4ae8-9fa1-7daf267fffcc''
    
    AssayPcrTargets:
        Id: '1', TargetName: ''
        Id: '2', TargetName: 'MTB'
        Id: '3', TargetName: ''
        Id: '4', TargetName: ''
        Id: '5', TargetName: ''
    
    

Assay
  Id: '388a4773-e177-4577-a25e-4b3296fde96a'
  Name: 'x800 MAI'
  Version: '1.1.0'
  Description: 'TDT 1.0.2.1 / ACT 1.0.2.6 (RC-05)'
  CreatedOn: '27-Aug-2024 03:50'
  LastModifiedOn: '27-Aug-2024 03:51'
  AssayType: 'Conventional'
  AsapFileName: 'x800 MAI'
  PackageType:'Asap'

  ControlTransferProcessAssignments:
    MediaType: 'Name: 'MAI RMC IVD, Id: '96d75535-2a56-4d70-91a7-83d84e9efe0e''
    TransferProcess: 'Name: 'MAI RMC IVD', Version: '1.0.0', Id: '96d75535-2a56-4d70-91a7-83d84e9efe0e''
    TransferVolume: '8.50e-007 m3 / 850 ul'
    DilutionFactor: '1'
    
    MediaType: 'Name: 'BUFF NEG RMC IVD, Id: '54da66c7-e44d-4a20-ac86-b50071b6a5e3''
    TransferProcess: 'Name: 'BUFF NEG RMC IVD', Version: '10.0.0', Id: '54da66c7-e44d-4a20-ac86-b50071b6a5e3''
    TransferVolume: '8.50e-007 m3 / 850 ul'
    DilutionFactor: '1'
    
  SampleTransferProcessAssignments:
    MediaType: 'Name: 'Raw sputum, Id: '5f3e568b-bb3d-4df5-aaf5-ec6906868bc5''
    TransferProcess: 'Name: 'ST Raw sputum', Version: '10.0', Id: 'ed01eb86-023e-4d38-996c-173811b446b7''
    TransferVolume: '8.50e-007 m3 / 850 ul'
    DilutionFactor: '1'
    
    MediaType: 'Name: 'Sediment, Id: 'a6808204-e341-41a5-9f43-4e980828e05b''
    TransferProcess: 'Name: 'ST Sediment', Version: '10.0', Id: 'd8cfa2f3-16f8-4a15-83fc-1e57c06ad665''
    TransferVolume: '8.50e-007 m3 / 850 ul'
    DilutionFactor: '1'
    
  SamplePreparationProcessAssignment:
    SamplePreparationProcess: 'Name: 'NC Generic Sample Preparation Process', Version: '4.0', Id: 'a04ee5ad-8f3e-43c1-8008-8c6f038e79ee''
    DilutedProcessVolumeParameter: '8.50e-007 m3 / 850 ul'
    
    ReagentCassetteAssignments:
        Name: 'MAI 384T', Version: '1.0.0', Id: '4c5cb5ff-afa2-4c19-96a0-970cdf4b3d7c'
        Name: 'MAI 384T EXT', Version: '1.0.0', Id: '9008167a-e346-4ede-886e-c34dba846ad0'
    
    PipettingVolumeParameters:
        Name: 'Lysis', Volume: '1.25e-006 m3 / 1250 ul'
        Name: 'Wash buffer 1a', Volume: '9.00e-007 m3 / 900 ul'
        Name: 'Wash buffer 1b', Volume: '1.50e-006 m3 / 1500 ul'
        Name: 'Wash buffer 2', Volume: '2.00e-006 m3 / 2000 ul'
        Name: 'MGP', Volume: '1.00e-007 m3 / 100 ul'
        Name: 'IC/QS', Volume: '5.00e-008 m3 / 50 ul'
        Name: 'Protease', Volume: '5.00e-008 m3 / 50 ul'
        Name: 'Elution Buffer', Volume: '5.00e-008 m3 / 50 ul'
        Name: 'MasterMix2', Volume: '1.50e-008 m3 / 15 ul'
        Name: 'MasterMix1', Volume: '1.00e-008 m3 / 10 ul'
    
  PcrProcessAssignment:
    PcrProcess: 'Name: 'x800 AD Process 2', Version: '1.0.0', Id: 'd549cab0-683a-479c-bb45-4bd33b143ab3'
    
    CalculationPackage: 'Name: 'MAI x800', Version: '1.1.0.20003', Id: 'c8e41adc-4c70-48fc-a721-45dca7a87130''
    
    AssayPcrTargets:
        Id: '1', TargetName: ''
        Id: '2', TargetName: 'MIN'
        Id: '3', TargetName: 'MAV'
        Id: '4', TargetName: ''
        Id: '5', TargetName: ''
    
    



[EOL]
[2026-09-30 10:40:56.243Z][CA][INF][Logger:Roche.X800.TestDefinitionData.Instrument.TestDefinitionDataInstrumentConfigurator][Thread:12]TestDefinitionData.Instrument successfully loaded[EOL]
[2026-09-30 10:40:56.244Z][CA][INF][Logger:Roche.Sting.Calculation.Host.Configuration.ConfigurationExtensions][Thread:12]Starting CalculationHost ...[EOL]
[2026-09-30 10:40:56.250Z][CA][INF][Logger:Roche.Sting.Calculation.Host.Configuration.CalculationHostModule][Thread:12]Starting module 'CalculationHostModule' ...[EOL]
[2026-09-30 10:40:56.251Z][CA][INF][Logger:Roche.Sting.Calculation.Host.Configuration.CalculationHostModule][Thread:12]Starting up submodules of 'CalculationHostModule' ...[EOL]
[2026-09-30 10:40:56.251Z][CA][INF][Logger:Roche.Sting.Calculation.Host.Docker.DockerModule][Thread:12]Starting up submodules of 'DockerModule' ...[EOL]
[2026-09-30 10:40:56.251Z][CA][INF][Logger:Roche.Sting.Calculation.Host.Docker.DockerModule][Thread:12]Submodules of 'DockerModule' successfully started[EOL]
[2026-09-30 10:40:56.251Z][CA][INF][Logger:Roche.Sting.Calculation.Host.RunnerManagement.RunnerManagementModule][Thread:12]Starting up submodules of 'RunnerManagementModule' ...[EOL]
[2026-09-30 10:40:56.251Z][CA][INF][Logger:Roche.Sting.Calculation.Host.RunnerManagement.RunnerManagementModule][Thread:12]Submodules of 'RunnerManagementModule' successfully started[EOL]
[2026-09-30 10:40:56.251Z][CA][INF][Logger:Roche.Sting.Calculation.Host.Configuration.CalculationHostModule][Thread:12]Submodules of 'CalculationHostModule' successfully started[EOL]
[2026-09-30 10:40:56.261Z][CA][INF][Logger:Roche.Sting.Calculation.Host.RunnerManagement.CalculationRunnerImagesBuilder][Thread:12]Starting 'CalculationRunnerImagesBuilder' ...[EOL]
[2026-09-30 10:40:56.263Z][CA][INF][Logger:Roche.Sting.Calculation.Host.RunnerManagement.CalculationRunnerImagesBuilder][Thread:12]Going to build all CalculationRunner images with RootDirectory: '/build'
                        RunnerDirectory: 'runner'
                        TestDefinitionDataDirectory: 'shared-data/TestDefinitionData'
                        RabbitMqHostname: 'im-rabbitmq'
                        RabbitMqExchangeName: 'roche.events.tx'
                        RabbitMqEventQueueName: 'roche.sting.calculation.q' ...[EOL]
[2026-09-30 10:40:56.367Z][CA][INF][Logger:Roche.Sting.Calculation.Host.RunnerManagement.CalculationRunnerImagesBuilder][Thread:12]Copying 'shared-data/TestDefinitionData/Calculation/CalculationPackages/X800.Calculator.MTBRIFINH_1.1.0.20009.zip' to '/build/CalculationPackages/X800.Calculator.MTBRIFINH_1.1.0.20009.zip' ...[EOL]
[2026-09-30 10:40:56.369Z][CA][INF][Logger:Roche.Sting.Calculation.Host.RunnerManagement.CalculationRunnerImagesBuilder][Thread:12]No UcCalculationConfiguration file found 'shared-data/TestDefinitionData/Calculation/UcCalculationConfigurations/UcCalculationConfiguration_cedb8eee-7bd5-4519-8627-5dfd077fcd03.xml'. Assuming that this is an ASAP.[EOL]
[2026-09-30 10:40:56.371Z][CA][INF][Logger:Roche.Sting.Calculation.Host.RunnerManagement.CalculationRunnerImagesBuilder][Thread:12]Creating CalculationRunner 'calculationrunner-x800mtb-rif-inh_1.1.0' ...[EOL]
[2026-09-30 10:40:56.371Z][CA][INF][Logger:Roche.Sting.Calculation.Host.RunnerManagement.CalculationRunnerImagesBuilder][Thread:12]Calculation Runner Docker id: 'calculationrunner-x800mtb-rif-inh_1.1.0'[EOL]
[2026-09-30 10:40:56.382Z][CA][INF][Logger:Roche.Sting.Calculation.Host.RunnerManagement.CalculationRunnerImagesBuilder][Thread:12]My container found (b29fdfbc0295)[EOL]
[2026-09-30 10:40:56.383Z][CA][INF][Logger:Roche.Sting.Calculation.Host.RunnerManagement.CalculationRunnerImagesBuilder][Thread:12]Logs mounted from: '/opt/roche/var/lib/c5800/logs'[EOL]
[2026-09-30 10:40:56.384Z][CA][INF][Logger:Roche.Sting.Calculation.Host.RunnerManagement.CalculationRunnerImagesBuilder][Thread:12]Dockerfile: 'Dockerfile-calculationrunner-x800mtb-rif-inh_1.1.0'[EOL]
[2026-09-30 10:40:56.384Z][CA][INF][Logger:Roche.Sting.Calculation.Host.RunnerManagement.CalculationRunnerImagesBuilder][Thread:12]Dockerfile content:
FROM nugetprod.emea.roche.com/rmd.sting.docker/sting/dotnet:5.0
WORKDIR /calc
COPY CalculationPackages/X800.Calculator.MTBRIFINH_1.1.0.20009.zip ./
WORKDIR /app
COPY runner .
RUN sed -i s/CalculatePreliminaryResult_CalculatorId/CalculatePreliminaryResult_calculationrunner-x800mtb-rif-inh_1.1.0/g Roche.Sting.Calculation.Runner.dll.config
RUN sed -i s/im-rabbitmq/im-rabbitmq/g Roche.Sting.Calculation.Runner.dll.config
RUN sed -i s/calcID/calculationrunner-x800mtb-rif-inh_1.1.0/g serilog.json
ENTRYPOINT ["dotnet", "Roche.Sting.Calculation.Runner.dll"]
[EOL]
[2026-09-30 10:40:56.384Z][CA][INF][Logger:Roche.Sting.Calculation.Host.RunnerManagement.CalculationRunnerImagesBuilder][Thread:12]Adding calculator 'calculationrunner-x800mtb-rif-inh_1.1.0' ...[EOL]
[2026-09-30 10:40:56.384Z][CA][INF][Logger:Roche.Sting.Calculation.Host.RunnerManagement.CalculationRunnerImagesBuilder][Thread:12]Copying 'shared-data/TestDefinitionData/Calculation/CalculationPackages/X800.Calculator.MTB_1.2.0.20003.zip' to '/build/CalculationPackages/X800.Calculator.MTB_1.2.0.20003.zip' ...[EOL]
[2026-09-30 10:40:56.385Z][CA][INF][Logger:Roche.Sting.Calculation.Host.RunnerManagement.CalculationRunnerImagesBuilder][Thread:12]No UcCalculationConfiguration file found 'shared-data/TestDefinitionData/Calculation/UcCalculationConfigurations/UcCalculationConfiguration_7a214f38-d555-4417-b943-4d2cf80728e7.xml'. Assuming that this is an ASAP.[EOL]
[2026-09-30 10:40:56.385Z][CA][INF][Logger:Roche.Sting.Calculation.Host.RunnerManagement.CalculationRunnerImagesBuilder][Thread:12]Creating CalculationRunner 'calculationrunner-x800mtb_1.1.0' ...[EOL]
[2026-09-30 10:40:56.385Z][CA][INF][Logger:Roche.Sting.Calculation.Host.RunnerManagement.CalculationRunnerImagesBuilder][Thread:12]Calculation Runner Docker id: 'calculationrunner-x800mtb_1.1.0'[EOL]
[2026-09-30 10:40:56.386Z][CA][INF][Logger:Roche.Sting.Calculation.Host.RunnerManagement.CalculationRunnerImagesBuilder][Thread:12]My container found (b29fdfbc0295)[EOL]
[2026-09-30 10:40:56.387Z][CA][INF][Logger:Roche.Sting.Calculation.Host.RunnerManagement.CalculationRunnerImagesBuilder][Thread:12]Logs mounted from: '/opt/roche/var/lib/c5800/logs'[EOL]
[2026-09-30 10:40:56.387Z][CA][INF][Logger:Roche.Sting.Calculation.Host.RunnerManagement.CalculationRunnerImagesBuilder][Thread:12]Dockerfile: 'Dockerfile-calculationrunner-x800mtb_1.1.0'[EOL]
[2026-09-30 10:40:56.387Z][CA][INF][Logger:Roche.Sting.Calculation.Host.RunnerManagement.CalculationRunnerImagesBuilder][Thread:12]Dockerfile content:
FROM nugetprod.emea.roche.com/rmd.sting.docker/sting/dotnet:5.0
WORKDIR /calc
COPY CalculationPackages/X800.Calculator.MTB_1.2.0.20003.zip ./
WORKDIR /app
COPY runner .
RUN sed -i s/CalculatePreliminaryResult_CalculatorId/CalculatePreliminaryResult_calculationrunner-x800mtb_1.1.0/g Roche.Sting.Calculation.Runner.dll.config
RUN sed -i s/im-rabbitmq/im-rabbitmq/g Roche.Sting.Calculation.Runner.dll.config
RUN sed -i s/calcID/calculationrunner-x800mtb_1.1.0/g serilog.json
ENTRYPOINT ["dotnet", "Roche.Sting.Calculation.Runner.dll"]
[EOL]
[2026-09-30 10:40:56.387Z][CA][INF][Logger:Roche.Sting.Calculation.Host.RunnerManagement.CalculationRunnerImagesBuilder][Thread:12]Adding calculator 'calculationrunner-x800mtb_1.1.0' ...[EOL]
[2026-09-30 10:40:56.387Z][CA][INF][Logger:Roche.Sting.Calculation.Host.RunnerManagement.CalculationRunnerImagesBuilder][Thread:12]Copying 'shared-data/TestDefinitionData/Calculation/CalculationPackages/X800.Calculator.MAI_1.1.0.20003.zip' to '/build/CalculationPackages/X800.Calculator.MAI_1.1.0.20003.zip' ...[EOL]
[2026-09-30 10:40:56.388Z][CA][INF][Logger:Roche.Sting.Calculation.Host.RunnerManagement.CalculationRunnerImagesBuilder][Thread:12]No UcCalculationConfiguration file found 'shared-data/TestDefinitionData/Calculation/UcCalculationConfigurations/UcCalculationConfiguration_388a4773-e177-4577-a25e-4b3296fde96a.xml'. Assuming that this is an ASAP.[EOL]
[2026-09-30 10:40:56.388Z][CA][INF][Logger:Roche.Sting.Calculation.Host.RunnerManagement.CalculationRunnerImagesBuilder][Thread:12]Creating CalculationRunner 'calculationrunner-x800mai_1.1.0' ...[EOL]
[2026-09-30 10:40:56.388Z][CA][INF][Logger:Roche.Sting.Calculation.Host.RunnerManagement.CalculationRunnerImagesBuilder][Thread:12]Calculation Runner Docker id: 'calculationrunner-x800mai_1.1.0'[EOL]
[2026-09-30 10:40:56.389Z][CA][INF][Logger:Roche.Sting.Calculation.Host.RunnerManagement.CalculationRunnerImagesBuilder][Thread:12]My container found (b29fdfbc0295)[EOL]
[2026-09-30 10:40:56.389Z][CA][INF][Logger:Roche.Sting.Calculation.Host.RunnerManagement.CalculationRunnerImagesBuilder][Thread:12]Logs mounted from: '/opt/roche/var/lib/c5800/logs'[EOL]
[2026-09-30 10:40:56.390Z][CA][INF][Logger:Roche.Sting.Calculation.Host.RunnerManagement.CalculationRunnerImagesBuilder][Thread:12]Dockerfile: 'Dockerfile-calculationrunner-x800mai_1.1.0'[EOL]
[2026-09-30 10:40:56.390Z][CA][INF][Logger:Roche.Sting.Calculation.Host.RunnerManagement.CalculationRunnerImagesBuilder][Thread:12]Dockerfile content:
FROM nugetprod.emea.roche.com/rmd.sting.docker/sting/dotnet:5.0
WORKDIR /calc
COPY CalculationPackages/X800.Calculator.MAI_1.1.0.20003.zip ./
WORKDIR /app
COPY runner .
RUN sed -i s/CalculatePreliminaryResult_CalculatorId/CalculatePreliminaryResult_calculationrunner-x800mai_1.1.0/g Roche.Sting.Calculation.Runner.dll.config
RUN sed -i s/im-rabbitmq/im-rabbitmq/g Roche.Sting.Calculation.Runner.dll.config
RUN sed -i s/calcID/calculationrunner-x800mai_1.1.0/g serilog.json
ENTRYPOINT ["dotnet", "Roche.Sting.Calculation.Runner.dll"]
[EOL]
[2026-09-30 10:40:56.390Z][CA][INF][Logger:Roche.Sting.Calculation.Host.RunnerManagement.CalculationRunnerImagesBuilder][Thread:12]Adding calculator 'calculationrunner-x800mai_1.1.0' ...[EOL]
[2026-09-30 10:40:56.390Z][CA][INF][Logger:Roche.Sting.Calculation.Host.RunnerManagement.CalculationRunnerImagesBuilder][Thread:12]Docker compose file: 'docker-compose.yml'[EOL]
[2026-09-30 10:40:56.390Z][CA][INF][Logger:Roche.Sting.Calculation.Host.RunnerManagement.CalculationRunnerImagesBuilder][Thread:12]Docker compose file content:
version: '3.4'

networks:
  default:
    external:
      name: sting-network

services:
  calculationrunner-x800mtb-rif-inh_1.1.0:
    image: calculationrunner-x800mtb-rif-inh_1.1.0
    build:
      dockerfile: /app/Dockerfile-calculationrunner-x800mtb-rif-inh_1.1.0
      context: /build
    container_name: calculationrunner-x800mtb-rif-inh_1.1.0
    volumes:
    - /opt/roche/var/lib/c5800/logs:/app/shared-data/logs
    environment:
    - CalculatorPath=/Calculator
    env_file:
     - /app/device.identifier.env
  calculationrunner-x800mtb_1.1.0:
    image: calculationrunner-x800mtb_1.1.0
    build:
      dockerfile: /app/Dockerfile-calculationrunner-x800mtb_1.1.0
      context: /build
    container_name: calculationrunner-x800mtb_1.1.0
    volumes:
    - /opt/roche/var/lib/c5800/logs:/app/shared-data/logs
    environment:
    - CalculatorPath=/Calculator
    env_file:
     - /app/device.identifier.env
  calculationrunner-x800mai_1.1.0:
    image: calculationrunner-x800mai_1.1.0
    build:
      dockerfile: /app/Dockerfile-calculationrunner-x800mai_1.1.0
      context: /build
    container_name: calculationrunner-x800mai_1.1.0
    volumes:
    - /opt/roche/var/lib/c5800/logs:/app/shared-data/logs
    environment:
    - CalculatorPath=/Calculator
    env_file:
     - /app/device.identifier.env
[EOL]
[2026-09-30 10:40:56.390Z][CA][INF][Logger:Roche.Sting.Calculation.Host.Docker.DockerManager][Thread:12]Calling 'docker-compose build' to create all runners ...[EOL]
[2026-09-30 10:40:56.391Z][CA][INF][Logger:Roche.Sting.Calculation.Host.Docker.DockerCommandExecutor][Thread:12]Going to start Docker process by executing 'docker-compose' with args 'down --rmi all' ...[EOL]
[2026-09-30 10:40:56.847Z][CA][INF][Logger:Roche.Sting.Calculation.Host.Docker.DockerCommandExecutor][Thread:14]StdErr: Network sting-network is external, skipping[EOL]
[2026-09-30 10:40:56.848Z][CA][INF][Logger:Roche.Sting.Calculation.Host.Docker.DockerCommandExecutor][Thread:14]StdErr: Removing image calculationrunner-x800mtb-rif-inh_1.1.0[EOL]
[2026-09-30 10:40:56.848Z][CA][INF][Logger:Roche.Sting.Calculation.Host.Docker.DockerCommandExecutor][Thread:14]StdErr: Failed to remove image for service calculationrunner-x800mtb-rif-inh_1.1.0: 404 Client Error: Not Found ("No such image: calculationrunner-x800mtb-rif-inh_1.1.0:latest")[EOL]
[2026-09-30 10:40:56.848Z][CA][INF][Logger:Roche.Sting.Calculation.Host.Docker.DockerCommandExecutor][Thread:14]StdErr: Removing image calculationrunner-x800mtb_1.1.0[EOL]
[2026-09-30 10:40:56.850Z][CA][INF][Logger:Roche.Sting.Calculation.Host.Docker.DockerCommandExecutor][Thread:9]StdErr: Failed to remove image for service calculationrunner-x800mtb_1.1.0: 404 Client Error: Not Found ("No such image: calculationrunner-x800mtb_1.1.0:latest")[EOL]
[2026-09-30 10:40:56.850Z][CA][INF][Logger:Roche.Sting.Calculation.Host.Docker.DockerCommandExecutor][Thread:9]StdErr: Removing image calculationrunner-x800mai_1.1.0[EOL]
[2026-09-30 10:40:56.852Z][CA][INF][Logger:Roche.Sting.Calculation.Host.Docker.DockerCommandExecutor][Thread:9]StdErr: Failed to remove image for service calculationrunner-x800mai_1.1.0: 404 Client Error: Not Found ("No such image: calculationrunner-x800mai_1.1.0:latest")[EOL]
[2026-09-30 10:40:56.878Z][CA][INF][Logger:Roche.Sting.Calculation.Host.Docker.DockerCommandExecutor][Thread:9]StdErr: [EOL]
[2026-09-30 10:40:56.878Z][CA][INF][Logger:Roche.Sting.Calculation.Host.Docker.DockerCommandExecutor][Thread:4]StdOut: [EOL]
[2026-09-30 10:40:56.879Z][CA][INF][Logger:Roche.Sting.Calculation.Host.Docker.DockerCommandExecutor][Thread:12]Successfully executed 'docker-compose' with args 'down --rmi all'[EOL]
[2026-09-30 10:40:56.879Z][CA][INF][Logger:Roche.Sting.Calculation.Host.Docker.DockerCommandExecutor][Thread:12]Going to start Docker process by executing 'docker-compose' with args 'build' ...[EOL]
[2026-09-30 10:40:57.072Z][CA][INF][Logger:Roche.Sting.Calculation.Host.Docker.DockerCommandExecutor][Thread:14]StdErr: Building calculationrunner-x800mtb-rif-inh_1.1.0[EOL]
[2026-09-30 10:40:57.174Z][CA][INF][Logger:Roche.Sting.Calculation.Host.Docker.DockerCommandExecutor][Thread:10]StdOut: Step 1/9 : FROM nugetprod.emea.roche.com/rmd.sting.docker/sting/dotnet:5.0[EOL]
[2026-09-30 10:40:57.174Z][CA][INF][Logger:Roche.Sting.Calculation.Host.Docker.DockerCommandExecutor][Thread:10]StdOut:  ---> f3a276b03a53[EOL]
[2026-09-30 10:40:57.174Z][CA][INF][Logger:Roche.Sting.Calculation.Host.Docker.DockerCommandExecutor][Thread:4]StdOut: Step 2/9 : WORKDIR /calc[EOL]
[2026-09-30 10:40:57.309Z][CA][INF][Logger:Roche.Sting.Calculation.Host.Docker.DockerCommandExecutor][Thread:4]StdOut:  ---> Running in 6ccba1f1f06f[EOL]
[2026-09-30 10:40:57.366Z][CA][INF][Logger:Roche.Sting.Calculation.Host.Docker.DockerCommandExecutor][Thread:13]StdOut: Removing intermediate container 6ccba1f1f06f[EOL]
[2026-09-30 10:40:57.366Z][CA][INF][Logger:Roche.Sting.Calculation.Host.Docker.DockerCommandExecutor][Thread:13]StdOut:  ---> e0a238434414[EOL]
[2026-09-30 10:40:57.366Z][CA][INF][Logger:Roche.Sting.Calculation.Host.Docker.DockerCommandExecutor][Thread:13]StdOut: Step 3/9 : COPY CalculationPackages/X800.Calculator.MTBRIFINH_1.1.0.20009.zip ./[EOL]
[2026-09-30 10:40:57.448Z][CA][INF][Logger:Roche.Sting.Calculation.Host.Docker.DockerCommandExecutor][Thread:13]StdOut:  ---> 38bda655790c[EOL]
[2026-09-30 10:40:57.448Z][CA][INF][Logger:Roche.Sting.Calculation.Host.Docker.DockerCommandExecutor][Thread:13]StdOut: Step 4/9 : WORKDIR /app[EOL]
[2026-09-30 10:40:57.473Z][CA][INF][Logger:Roche.Sting.Calculation.Host.Docker.DockerCommandExecutor][Thread:13]StdOut:  ---> Running in 486a28d09765[EOL]
[2026-09-30 10:40:57.550Z][CA][INF][Logger:Roche.Sting.Calculation.Host.Docker.DockerCommandExecutor][Thread:13]StdOut: Removing intermediate container 486a28d09765[EOL]
[2026-09-30 10:40:57.550Z][CA][INF][Logger:Roche.Sting.Calculation.Host.Docker.DockerCommandExecutor][Thread:13]StdOut:  ---> 100273c52717[EOL]
[2026-09-30 10:40:57.550Z][CA][INF][Logger:Roche.Sting.Calculation.Host.Docker.DockerCommandExecutor][Thread:9]StdOut: Step 5/9 : COPY runner .[EOL]
[2026-09-30 10:40:57.696Z][CA][INF][Logger:Roche.Sting.Calculation.Host.Docker.DockerCommandExecutor][Thread:9]StdOut:  ---> 32ffaa84569f[EOL]
[2026-09-30 10:40:57.696Z][CA][INF][Logger:Roche.Sting.Calculation.Host.Docker.DockerCommandExecutor][Thread:13]StdOut: Step 6/9 : RUN sed -i s/CalculatePreliminaryResult_CalculatorId/CalculatePreliminaryResult_calculationrunner-x800mtb-rif-inh_1.1.0/g Roche.Sting.Calculation.Runner.dll.config[EOL]
[2026-09-30 10:40:57.719Z][CA][INF][Logger:Roche.Sting.Calculation.Host.Docker.DockerCommandExecutor][Thread:13]StdOut:  ---> Running in 98f4d2b7e6cf[EOL]
[2026-09-30 10:40:57.920Z][CA][INF][Logger:Roche.Sting.Calculation.Host.Docker.DockerCommandExecutor][Thread:13]StdOut: Removing intermediate container 98f4d2b7e6cf[EOL]
[2026-09-30 10:40:57.920Z][CA][INF][Logger:Roche.Sting.Calculation.Host.Docker.DockerCommandExecutor][Thread:13]StdOut:  ---> f99dcf0adbff[EOL]
[2026-09-30 10:40:57.921Z][CA][INF][Logger:Roche.Sting.Calculation.Host.Docker.DockerCommandExecutor][Thread:10]StdOut: Step 7/9 : RUN sed -i s/im-rabbitmq/im-rabbitmq/g Roche.Sting.Calculation.Runner.dll.config[EOL]
[2026-09-30 10:40:57.955Z][CA][INF][Logger:Roche.Sting.Calculation.Host.Docker.DockerCommandExecutor][Thread:10]StdOut:  ---> Running in 34d27c375110[EOL]
[2026-09-30 10:40:58.157Z][CA][INF][Logger:Roche.Sting.Calculation.Host.Docker.DockerCommandExecutor][Thread:10]StdOut: Removing intermediate container 34d27c375110[EOL]
[2026-09-30 10:40:58.158Z][CA][INF][Logger:Roche.Sting.Calculation.Host.Docker.DockerCommandExecutor][Thread:10]StdOut:  ---> d56b550ec21f[EOL]
[2026-09-30 10:40:58.158Z][CA][INF][Logger:Roche.Sting.Calculation.Host.Docker.DockerCommandExecutor][Thread:10]StdOut: Step 8/9 : RUN sed -i s/calcID/calculationrunner-x800mtb-rif-inh_1.1.0/g serilog.json[EOL]
[2026-09-30 10:40:58.176Z][CA][INF][Logger:Roche.Sting.Calculation.Host.Docker.DockerCommandExecutor][Thread:9]StdOut:  ---> Running in 15e9c4819a23[EOL]
[2026-09-30 10:40:58.343Z][CA][INF][Logger:Roche.Sting.Calculation.Host.Docker.DockerCommandExecutor][Thread:9]StdOut: Removing intermediate container 15e9c4819a23[EOL]
[2026-09-30 10:40:58.343Z][CA][INF][Logger:Roche.Sting.Calculation.Host.Docker.DockerCommandExecutor][Thread:9]StdOut:  ---> 66b0a450ee3d[EOL]
[2026-09-30 10:40:58.343Z][CA][INF][Logger:Roche.Sting.Calculation.Host.Docker.DockerCommandExecutor][Thread:9]StdOut: Step 9/9 : ENTRYPOINT ["dotnet", "Roche.Sting.Calculation.Runner.dll"][EOL]
[2026-09-30 10:40:58.385Z][CA][INF][Logger:Roche.Sting.Calculation.Host.Docker.DockerCommandExecutor][Thread:9]StdOut:  ---> Running in 06d64de99a27[EOL]
[2026-09-30 10:40:58.447Z][CA][INF][Logger:Roche.Sting.Calculation.Host.Docker.DockerCommandExecutor][Thread:9]StdOut: Removing intermediate container 06d64de99a27[EOL]
[2026-09-30 10:40:58.447Z][CA][INF][Logger:Roche.Sting.Calculation.Host.Docker.DockerCommandExecutor][Thread:9]StdOut:  ---> 16282b801006[EOL]
[2026-09-30 10:40:58.447Z][CA][INF][Logger:Roche.Sting.Calculation.Host.Docker.DockerCommandExecutor][Thread:9]StdOut: [EOL]
[2026-09-30 10:40:58.450Z][CA][INF][Logger:Roche.Sting.Calculation.Host.Docker.DockerCommandExecutor][Thread:9]StdOut: Successfully built 16282b801006[EOL]
[2026-09-30 10:40:58.451Z][CA][INF][Logger:Roche.Sting.Calculation.Host.Docker.DockerCommandExecutor][Thread:9]StdOut: Successfully tagged calculationrunner-x800mtb-rif-inh_1.1.0:latest[EOL]
[2026-09-30 10:40:58.452Z][CA][INF][Logger:Roche.Sting.Calculation.Host.Docker.DockerCommandExecutor][Thread:14]StdErr: Building calculationrunner-x800mtb_1.1.0[EOL]
[2026-09-30 10:40:58.538Z][CA][INF][Logger:Roche.Sting.Calculation.Host.Docker.DockerCommandExecutor][Thread:9]StdOut: Step 1/9 : FROM nugetprod.emea.roche.com/rmd.sting.docker/sting/dotnet:5.0[EOL]
[2026-09-30 10:40:58.538Z][CA][INF][Logger:Roche.Sting.Calculation.Host.Docker.DockerCommandExecutor][Thread:9]StdOut:  ---> f3a276b03a53[EOL]
[2026-09-30 10:40:58.538Z][CA][INF][Logger:Roche.Sting.Calculation.Host.Docker.DockerCommandExecutor][Thread:9]StdOut: Step 2/9 : WORKDIR /calc[EOL]
[2026-09-30 10:40:58.538Z][CA][INF][Logger:Roche.Sting.Calculation.Host.Docker.DockerCommandExecutor][Thread:9]StdOut:  ---> Using cache[EOL]
[2026-09-30 10:40:58.538Z][CA][INF][Logger:Roche.Sting.Calculation.Host.Docker.DockerCommandExecutor][Thread:9]StdOut:  ---> e0a238434414[EOL]
[2026-09-30 10:40:58.538Z][CA][INF][Logger:Roche.Sting.Calculation.Host.Docker.DockerCommandExecutor][Thread:9]StdOut: Step 3/9 : COPY CalculationPackages/X800.Calculator.MTB_1.2.0.20003.zip ./[EOL]
[2026-09-30 10:40:58.681Z][CA][INF][Logger:Roche.Sting.Calculation.Host.Docker.DockerCommandExecutor][Thread:9]StdOut:  ---> 21791c71a978[EOL]
[2026-09-30 10:40:58.681Z][CA][INF][Logger:Roche.Sting.Calculation.Host.Docker.DockerCommandExecutor][Thread:9]StdOut: Step 4/9 : WORKDIR /app[EOL]
[2026-09-30 10:40:58.711Z][CA][INF][Logger:Roche.Sting.Calculation.Host.Docker.DockerCommandExecutor][Thread:9]StdOut:  ---> Running in bd1e30687929[EOL]
[2026-09-30 10:40:58.800Z][CA][INF][Logger:Roche.Sting.Calculation.Host.Docker.DockerCommandExecutor][Thread:9]StdOut: Removing intermediate container bd1e30687929[EOL]
[2026-09-30 10:40:58.800Z][CA][INF][Logger:Roche.Sting.Calculation.Host.Docker.DockerCommandExecutor][Thread:9]StdOut:  ---> 869efcc3fc5e[EOL]
[2026-09-30 10:40:58.800Z][CA][INF][Logger:Roche.Sting.Calculation.Host.Docker.DockerCommandExecutor][Thread:9]StdOut: Step 5/9 : COPY runner .[EOL]
[2026-09-30 10:40:58.943Z][CA][INF][Logger:Roche.Sting.Calculation.Host.Docker.DockerCommandExecutor][Thread:9]StdOut:  ---> b50c7576cd41[EOL]
[2026-09-30 10:40:58.943Z][CA][INF][Logger:Roche.Sting.Calculation.Host.Docker.DockerCommandExecutor][Thread:9]StdOut: Step 6/9 : RUN sed -i s/CalculatePreliminaryResult_CalculatorId/CalculatePreliminaryResult_calculationrunner-x800mtb_1.1.0/g Roche.Sting.Calculation.Runner.dll.config[EOL]
[2026-09-30 10:40:58.991Z][CA][INF][Logger:Roche.Sting.Calculation.Host.Docker.DockerCommandExecutor][Thread:9]StdOut:  ---> Running in f5081f457cfa[EOL]
[2026-09-30 10:40:59.258Z][CA][INF][Logger:Roche.Sting.Calculation.Host.Docker.DockerCommandExecutor][Thread:9]StdOut: Removing intermediate container f5081f457cfa[EOL]
[2026-09-30 10:40:59.259Z][CA][INF][Logger:Roche.Sting.Calculation.Host.Docker.DockerCommandExecutor][Thread:9]StdOut:  ---> f898ebd4715b[EOL]
[2026-09-30 10:40:59.259Z][CA][INF][Logger:Roche.Sting.Calculation.Host.Docker.DockerCommandExecutor][Thread:9]StdOut: Step 7/9 : RUN sed -i s/im-rabbitmq/im-rabbitmq/g Roche.Sting.Calculation.Runner.dll.config[EOL]
[2026-09-30 10:40:59.276Z][CA][INF][Logger:Roche.Sting.Calculation.Host.Docker.DockerCommandExecutor][Thread:9]StdOut:  ---> Running in 3006344365c0[EOL]
[2026-09-30 10:40:59.417Z][CA][INF][Logger:Roche.Sting.Calculation.Host.Docker.DockerCommandExecutor][Thread:9]StdOut: Removing intermediate container 3006344365c0[EOL]
[2026-09-30 10:40:59.417Z][CA][INF][Logger:Roche.Sting.Calculation.Host.Docker.DockerCommandExecutor][Thread:9]StdOut:  ---> 528dab23bc07[EOL]
[2026-09-30 10:40:59.418Z][CA][INF][Logger:Roche.Sting.Calculation.Host.Docker.DockerCommandExecutor][Thread:9]StdOut: Step 8/9 : RUN sed -i s/calcID/calculationrunner-x800mtb_1.1.0/g serilog.json[EOL]
[2026-09-30 10:40:59.433Z][CA][INF][Logger:Roche.Sting.Calculation.Host.Docker.DockerCommandExecutor][Thread:9]StdOut:  ---> Running in 261cbad74749[EOL]
[2026-09-30 10:40:59.626Z][CA][INF][Logger:Roche.Sting.Calculation.Host.Docker.DockerCommandExecutor][Thread:9]StdOut: Removing intermediate container 261cbad74749[EOL]
[2026-09-30 10:40:59.627Z][CA][INF][Logger:Roche.Sting.Calculation.Host.Docker.DockerCommandExecutor][Thread:9]StdOut:  ---> fda3725abf8a[EOL]
[2026-09-30 10:40:59.627Z][CA][INF][Logger:Roche.Sting.Calculation.Host.Docker.DockerCommandExecutor][Thread:9]StdOut: Step 9/9 : ENTRYPOINT ["dotnet", "Roche.Sting.Calculation.Runner.dll"][EOL]
[2026-09-30 10:40:59.643Z][CA][INF][Logger:Roche.Sting.Calculation.Host.Docker.DockerCommandExecutor][Thread:9]StdOut:  ---> Running in d861bea8ce5d[EOL]
[2026-09-30 10:40:59.693Z][CA][INF][Logger:Roche.Sting.Calculation.Host.Docker.DockerCommandExecutor][Thread:9]StdOut: Removing intermediate container d861bea8ce5d[EOL]
[2026-09-30 10:40:59.694Z][CA][INF][Logger:Roche.Sting.Calculation.Host.Docker.DockerCommandExecutor][Thread:9]StdOut:  ---> e09e2db57ff6[EOL]
[2026-09-30 10:40:59.694Z][CA][INF][Logger:Roche.Sting.Calculation.Host.Docker.DockerCommandExecutor][Thread:9]StdOut: [EOL]
[2026-09-30 10:40:59.696Z][CA][INF][Logger:Roche.Sting.Calculation.Host.Docker.DockerCommandExecutor][Thread:9]StdOut: Successfully built e09e2db57ff6[EOL]
[2026-09-30 10:40:59.697Z][CA][INF][Logger:Roche.Sting.Calculation.Host.Docker.DockerCommandExecutor][Thread:9]StdOut: Successfully tagged calculationrunner-x800mtb_1.1.0:latest[EOL]
[2026-09-30 10:40:59.697Z][CA][INF][Logger:Roche.Sting.Calculation.Host.Docker.DockerCommandExecutor][Thread:14]StdErr: Building calculationrunner-x800mai_1.1.0[EOL]
[2026-09-30 10:40:59.781Z][CA][INF][Logger:Roche.Sting.Calculation.Host.Docker.DockerCommandExecutor][Thread:9]StdOut: Step 1/9 : FROM nugetprod.emea.roche.com/rmd.sting.docker/sting/dotnet:5.0[EOL]
[2026-09-30 10:40:59.781Z][CA][INF][Logger:Roche.Sting.Calculation.Host.Docker.DockerCommandExecutor][Thread:9]StdOut:  ---> f3a276b03a53[EOL]
[2026-09-30 10:40:59.781Z][CA][INF][Logger:Roche.Sting.Calculation.Host.Docker.DockerCommandExecutor][Thread:9]StdOut: Step 2/9 : WORKDIR /calc[EOL]
[2026-09-30 10:40:59.781Z][CA][INF][Logger:Roche.Sting.Calculation.Host.Docker.DockerCommandExecutor][Thread:9]StdOut:  ---> Using cache[EOL]
[2026-09-30 10:40:59.781Z][CA][INF][Logger:Roche.Sting.Calculation.Host.Docker.DockerCommandExecutor][Thread:9]StdOut:  ---> e0a238434414[EOL]
[2026-09-30 10:40:59.781Z][CA][INF][Logger:Roche.Sting.Calculation.Host.Docker.DockerCommandExecutor][Thread:9]StdOut: Step 3/9 : COPY CalculationPackages/X800.Calculator.MAI_1.1.0.20003.zip ./[EOL]
[2026-09-30 10:40:59.906Z][CA][INF][Logger:Roche.Sting.Calculation.Host.Docker.DockerCommandExecutor][Thread:9]StdOut:  ---> aa11a38a0849[EOL]
[2026-09-30 10:40:59.906Z][CA][INF][Logger:Roche.Sting.Calculation.Host.Docker.DockerCommandExecutor][Thread:9]StdOut: Step 4/9 : WORKDIR /app[EOL]
[2026-09-30 10:40:59.928Z][CA][INF][Logger:Roche.Sting.Calculation.Host.Docker.DockerCommandExecutor][Thread:9]StdOut:  ---> Running in 43b1c70bb70a[EOL]
[2026-09-30 10:40:59.989Z][CA][INF][Logger:Roche.Sting.Calculation.Host.Docker.DockerCommandExecutor][Thread:9]StdOut: Removing intermediate container 43b1c70bb70a[EOL]
[2026-09-30 10:40:59.989Z][CA][INF][Logger:Roche.Sting.Calculation.Host.Docker.DockerCommandExecutor][Thread:9]StdOut:  ---> 985f9e10981d[EOL]
[2026-09-30 10:40:59.989Z][CA][INF][Logger:Roche.Sting.Calculation.Host.Docker.DockerCommandExecutor][Thread:9]StdOut: Step 5/9 : COPY runner .[EOL]
[2026-09-30 10:41:00.164Z][CA][INF][Logger:Roche.Sting.Calculation.Host.Docker.DockerCommandExecutor][Thread:9]StdOut:  ---> ad1a3b4ddd88[EOL]
[2026-09-30 10:41:00.164Z][CA][INF][Logger:Roche.Sting.Calculation.Host.Docker.DockerCommandExecutor][Thread:9]StdOut: Step 6/9 : RUN sed -i s/CalculatePreliminaryResult_CalculatorId/CalculatePreliminaryResult_calculationrunner-x800mai_1.1.0/g Roche.Sting.Calculation.Runner.dll.config[EOL]
[2026-09-30 10:41:00.188Z][CA][INF][Logger:Roche.Sting.Calculation.Host.Docker.DockerCommandExecutor][Thread:9]StdOut:  ---> Running in 6275c22ad030[EOL]
[2026-09-30 10:41:00.407Z][CA][INF][Logger:Roche.Sting.Calculation.Host.Docker.DockerCommandExecutor][Thread:9]StdOut: Removing intermediate container 6275c22ad030[EOL]
[2026-09-30 10:41:00.407Z][CA][INF][Logger:Roche.Sting.Calculation.Host.Docker.DockerCommandExecutor][Thread:9]StdOut:  ---> 0542c489c57d[EOL]
[2026-09-30 10:41:00.407Z][CA][INF][Logger:Roche.Sting.Calculation.Host.Docker.DockerCommandExecutor][Thread:9]StdOut: Step 7/9 : RUN sed -i s/im-rabbitmq/im-rabbitmq/g Roche.Sting.Calculation.Runner.dll.config[EOL]
[2026-09-30 10:41:00.425Z][CA][INF][Logger:Roche.Sting.Calculation.Host.Docker.DockerCommandExecutor][Thread:9]StdOut:  ---> Running in f3677b9f04b9[EOL]
[2026-09-30 10:41:00.612Z][CA][INF][Logger:Roche.Sting.Calculation.Host.Docker.DockerCommandExecutor][Thread:9]StdOut: Removing intermediate container f3677b9f04b9[EOL]
[2026-09-30 10:41:00.613Z][CA][INF][Logger:Roche.Sting.Calculation.Host.Docker.DockerCommandExecutor][Thread:6]StdOut:  ---> aadec62602d1[EOL]
[2026-09-30 10:41:00.613Z][CA][INF][Logger:Roche.Sting.Calculation.Host.Docker.DockerCommandExecutor][Thread:6]StdOut: Step 8/9 : RUN sed -i s/calcID/calculationrunner-x800mai_1.1.0/g serilog.json[EOL]
[2026-09-30 10:41:00.636Z][CA][INF][Logger:Roche.Sting.Calculation.Host.Docker.DockerCommandExecutor][Thread:6]StdOut:  ---> Running in 7248ddb8232a[EOL]
[2026-09-30 10:41:00.977Z][CA][INF][Logger:Roche.Sting.Calculation.Host.Docker.DockerCommandExecutor][Thread:6]StdOut: Removing intermediate container 7248ddb8232a[EOL]
[2026-09-30 10:41:00.977Z][CA][INF][Logger:Roche.Sting.Calculation.Host.Docker.DockerCommandExecutor][Thread:6]StdOut:  ---> 8c16117f1300[EOL]
[2026-09-30 10:41:00.978Z][CA][INF][Logger:Roche.Sting.Calculation.Host.Docker.DockerCommandExecutor][Thread:6]StdOut: Step 9/9 : ENTRYPOINT ["dotnet", "Roche.Sting.Calculation.Runner.dll"][EOL]
[2026-09-30 10:41:00.996Z][CA][INF][Logger:Roche.Sting.Calculation.Host.Docker.DockerCommandExecutor][Thread:6]StdOut:  ---> Running in 21c37167b2d6[EOL]
[2026-09-30 10:41:01.054Z][CA][INF][Logger:Roche.Sting.Calculation.Host.Docker.DockerCommandExecutor][Thread:6]StdOut: Removing intermediate container 21c37167b2d6[EOL]
[2026-09-30 10:41:01.054Z][CA][INF][Logger:Roche.Sting.Calculation.Host.Docker.DockerCommandExecutor][Thread:6]StdOut:  ---> d62b2a1726b9[EOL]
[2026-09-30 10:41:01.054Z][CA][INF][Logger:Roche.Sting.Calculation.Host.Docker.DockerCommandExecutor][Thread:6]StdOut: [EOL]
[2026-09-30 10:41:01.066Z][CA][INF][Logger:Roche.Sting.Calculation.Host.Docker.DockerCommandExecutor][Thread:6]StdOut: Successfully built d62b2a1726b9[EOL]
[2026-09-30 10:41:01.070Z][CA][INF][Logger:Roche.Sting.Calculation.Host.Docker.DockerCommandExecutor][Thread:6]StdOut: Successfully tagged calculationrunner-x800mai_1.1.0:latest[EOL]
[2026-09-30 10:41:01.106Z][CA][INF][Logger:Roche.Sting.Calculation.Host.Docker.DockerCommandExecutor][Thread:14]StdErr: [EOL]
[2026-09-30 10:41:01.106Z][CA][INF][Logger:Roche.Sting.Calculation.Host.Docker.DockerCommandExecutor][Thread:6]StdOut: [EOL]
[2026-09-30 10:41:01.106Z][CA][INF][Logger:Roche.Sting.Calculation.Host.Docker.DockerCommandExecutor][Thread:12]Successfully executed 'docker-compose' with args 'build'[EOL]
[2026-09-30 10:41:01.134Z][CA][INF][Logger:Roche.Sting.Calculation.Host.RunnerManagement.CalculationRunnerImagesBuilder][Thread:12]Preparing removal of orphaned calculation runner images. Existing images: ''[EOL]
[2026-09-30 10:41:01.134Z][CA][INF][Logger:Roche.Sting.Calculation.Host.RunnerManagement.CalculationRunnerImagesBuilder][Thread:12]Preparing removal of orphaned calculation runner images. Expected images: 'calculationrunner-x800mtb-rif-inh_1.1.0:latest, calculationrunner-x800mtb_1.1.0:latest, calculationrunner-x800mai_1.1.0:latest'[EOL]
[2026-09-30 10:41:01.134Z][CA][INF][Logger:Roche.Sting.Calculation.Host.RunnerManagement.CalculationRunnerImagesBuilder][Thread:12]Removal of orphaned calcualtion runner images finished.[EOL]
[2026-09-30 10:41:01.134Z][CA][INF][Logger:Roche.Sting.Calculation.Host.RunnerManagement.CalculationRunnerImagesBuilder][Thread:12]'CalculationRunnerImagesBuilder' successfully started[EOL]
[2026-09-30 10:41:01.135Z][CA][INF][Logger:Roche.Sting.Calculation.Host.RunnerManagement.CalculatePreliminaryResultHandler][Thread:12]Starting 'CalculatePreliminaryResultHandler' ...[EOL]
[2026-09-30 10:41:01.136Z][CA][INF][Logger:Roche.Sting.Calculation.Host.RunnerManagement.CalculationRunnerManager][Thread:12]Created CalculationRunnerManager for CalculationRunner 'calculationrunner-x800mtb-rif-inh_1.1.0' with IdleTimeBeforeShutdownInMinutes = '00:20:00' ...[EOL]
[2026-09-30 10:41:01.137Z][CA][INF][Logger:Roche.Sting.Calculation.Host.RunnerManagement.CalculationRunnerManager][Thread:12]Created CalculationRunnerManager for CalculationRunner 'calculationrunner-x800mtb_1.1.0' with IdleTimeBeforeShutdownInMinutes = '00:20:00' ...[EOL]
[2026-09-30 10:41:01.137Z][CA][INF][Logger:Roche.Sting.Calculation.Host.RunnerManagement.CalculationRunnerManager][Thread:12]Created CalculationRunnerManager for CalculationRunner 'calculationrunner-x800mai_1.1.0' with IdleTimeBeforeShutdownInMinutes = '00:20:00' ...[EOL]
[2026-09-30 10:41:01.153Z][CA][INF][Logger:Roche.Sting.Calculation.Host.RunnerManagement.CalculatePreliminaryResultListener][Thread:12]Start to listen for events on exchange 'roche.events.tx' on host 'im-rabbitmq' ...[EOL]
[2026-09-30 10:41:01.157Z][CA][INF][Logger:Roche.Sting.Calculation.Host.RunnerManagement.CalculatePreliminaryResultListener][Thread:12]Successfully created connection on endpoint 'amqp://im-rabbitmq:5672'[EOL]
[2026-09-30 10:41:01.158Z][CA][INF][Logger:Roche.Sting.Calculation.Host.RunnerManagement.CalculatePreliminaryResultListener][Thread:12]Successfully created channel 'Session#1:Connection(86da5d45-92c5-4092-ae76-2df7920e749b,amqp://im-rabbitmq:5672)'[EOL]
[2026-09-30 10:41:01.164Z][CA][INF][Logger:Roche.Sting.Calculation.Host.RunnerManagement.CalculatePreliminaryResultHandler][Thread:12]'CalculatePreliminaryResultHandler' successfully started[EOL]
[2026-09-30 10:41:01.164Z][CA][INF][Logger:Roche.Sting.Calculation.Host.Configuration.CalculationHostModule][Thread:12]'CalculationHostModule' module successfully started[EOL]
[2026-09-30 10:41:01.164Z][CA][INF][Logger:Roche.Sting.Calculation.Host.Configuration.ConfigurationExtensions][Thread:12]CalculationHost was successfully started[EOL]
[2026-09-30 10:41:01.164Z][CA][INF][Logger:Roche.Sting.Calculation.Host.Lifecycle.CalculationLifecycleProcessManager][Thread:12]CalculationLifecycleProcessManager StateMachine changed from state 'Configured' to 'StartingUp'[EOL]
[2026-09-30 10:41:01.164Z][CA][INF][Logger:Roche.Sting.Calculation.Host.Lifecycle.CalculationLifecycleProcessManager][Thread:12]State machine transited to state 'StartingUp'[EOL]
[2026-09-30 10:41:01.164Z][CA][INF][Logger:Roche.Sting.Calculation.Host.Lifecycle.CalculationLifecycleProcessManager][Thread:12]CalculationLifecycleProcessManager StateMachine firing event 'StartedUp' ...[EOL]
[2026-09-30 10:41:01.164Z][CA][INF][Logger:Roche.Sting.Calculation.Host.Lifecycle.CalculationLifecycleProcessManager][Thread:12]Publishing unit lifecycle state event 'UnitStateChanged' with data UnitId: 'Roche.C5800.Calculation', OldState: 'StartingUp', NewState: 'Operational', ProcessContext: 'ContextId: 'Roche.C5800.Calculation'' ...[EOL]
[2026-09-30 10:41:01.164Z][CA][INF][Logger:Roche.Sting.Calculation.Host.Lifecycle.CalculationLifecycleProcessManager][Thread:12]CalculationLifecycleProcessManager StateMachine changed from state 'StartingUp' to 'Operational'[EOL]
[2026-09-30 10:41:01.164Z][CA][INF][Logger:Roche.Sting.Calculation.Host.Lifecycle.CalculationLifecycleProcessManager][Thread:12]State machine transited to state 'Operational'[EOL]
[2026-09-30 10:44:02.909Z][CA][INF][Logger:Roche.Sting.Calculation.Host.Lifecycle.CalculationLifecycleProcessManager][Thread:21]Handling event 'InstrumentStateChanged' from IS with data OldState: 'StartingUp', NewState: 'Initializing', ProcessContext: 'ContextId: 'InstrumentState.InstrumentStateManager'' ...[EOL]
[2026-09-30 10:48:40.275Z][CA][INF][Logger:Roche.Sting.Calculation.Host.Lifecycle.CalculationLifecycleProcessManager][Thread:35]Handling event 'InstrumentStateChanged' from IS with data OldState: 'Initializing', NewState: 'Standby', ProcessContext: 'ContextId: 'InstrumentState.InstrumentStateManager'' ...[EOL]
[2026-09-30 10:49:05.569Z][CA][INF][Logger:Roche.Sting.Calculation.Host.Lifecycle.CalculationLifecycleProcessManager][Thread:27]Handling event 'InstrumentStateChanged' from IS with data OldState: 'Standby', NewState: 'Service', ProcessContext: 'ContextId: 'InstrumentState.InstrumentStateManager'' ...[EOL]
[2026-09-30 11:38:08.018Z][CA][INF][Logger:Roche.Sting.Calculation.Host.Lifecycle.CalculationLifecycleProcessManager][Thread:6]Handling event 'InstrumentStateChanged' from IS with data OldState: 'Service', NewState: 'ShuttingDown', ProcessContext: 'ContextId: 'InstrumentState.InstrumentStateManager'' ...[EOL]
[2026-09-30 11:38:08.018Z][CA][INF][Logger:Roche.Sting.Calculation.Host.Lifecycle.CalculationLifecycleProcessManager][Thread:6]CalculationLifecycleProcessManager StateMachine firing event 'ShuttingDown' ...[EOL]
[2026-09-30 11:38:08.018Z][CA][INF][Logger:Roche.Sting.Calculation.Host.Lifecycle.CalculationLifecycleProcessManager][Thread:6]Publishing unit lifecycle state event 'UnitStateChanged' with data UnitId: 'Roche.C5800.Calculation', OldState: 'Operational', NewState: 'ShuttingDown', ProcessContext: 'ContextId: 'Roche.C5800.Calculation'' ...[EOL]
[2026-09-30 11:38:08.020Z][CA][INF][Logger:Roche.Sting.Calculation.Host.Configuration.CalculationHostModule][Thread:6]On shutting down[EOL]
[2026-09-30 11:38:08.020Z][CA][INF][Logger:Roche.Sting.Calculation.Host.Configuration.CalculationHostModule][Thread:6]Going to shut down all IStartable's.[EOL]
[2026-09-30 11:38:08.021Z][CA][INF][Logger:Roche.Sting.Calculation.Host.Docker.DockerManager][Thread:6]Calling 'docker-compose down' to shutdown all runners and remove all images ...[EOL]
[2026-09-30 11:38:08.021Z][CA][INF][Logger:Roche.Sting.Calculation.Host.Docker.DockerCommandExecutor][Thread:6]Going to start Docker process by executing 'docker-compose' with args 'down --rmi all' ...[EOL]
[2026-09-30 11:38:08.475Z][CA][INF][Logger:Roche.Sting.Calculation.Host.Docker.DockerCommandExecutor][Thread:16]StdErr: Network sting-network is external, skipping[EOL]
[2026-09-30 11:38:08.475Z][CA][INF][Logger:Roche.Sting.Calculation.Host.Docker.DockerCommandExecutor][Thread:16]StdErr: Removing image calculationrunner-x800mtb-rif-inh_1.1.0[EOL]
[2026-09-30 11:38:08.488Z][CA][INF][Logger:Roche.Sting.Calculation.Host.Docker.DockerCommandExecutor][Thread:16]StdErr: Removing image calculationrunner-x800mtb_1.1.0[EOL]
[2026-09-30 11:38:08.502Z][CA][INF][Logger:Roche.Sting.Calculation.Host.Docker.DockerCommandExecutor][Thread:16]StdErr: Removing image calculationrunner-x800mai_1.1.0[EOL]
[2026-09-30 11:38:08.546Z][CA][INF][Logger:Roche.Sting.Calculation.Host.Docker.DockerCommandExecutor][Thread:16]StdErr: [EOL]
[2026-09-30 11:38:08.546Z][CA][INF][Logger:Roche.Sting.Calculation.Host.Docker.DockerCommandExecutor][Thread:17]StdOut: [EOL]
[2026-09-30 11:38:08.546Z][CA][INF][Logger:Roche.Sting.Calculation.Host.Docker.DockerCommandExecutor][Thread:6]Successfully executed 'docker-compose' with args 'down --rmi all'[EOL]
[2026-09-30 11:38:08.547Z][CA][INF][Logger:Roche.Sting.Calculation.Host.Configuration.CalculationHostModule][Thread:6]Shutting down submodule 'CalculationHostModule' ...[EOL]
[2026-09-30 11:38:08.547Z][CA][INF][Logger:Roche.Sting.Calculation.Host.RunnerManagement.RunnerManagementModule][Thread:6]Shutting down submodule 'RunnerManagementModule' ...[EOL]
[2026-09-30 11:38:08.547Z][CA][INF][Logger:Roche.Sting.Calculation.Host.RunnerManagement.RunnerManagementModule][Thread:6]'RunnerManagementModule' submodule successfully shut down[EOL]
[2026-09-30 11:38:08.547Z][CA][INF][Logger:Roche.Sting.Calculation.Host.Docker.DockerModule][Thread:6]Shutting down submodule 'DockerModule' ...[EOL]
[2026-09-30 11:38:08.548Z][CA][INF][Logger:Roche.Sting.Calculation.Host.Docker.DockerModule][Thread:6]'DockerModule' submodule successfully shut down[EOL]
[2026-09-30 11:38:08.548Z][CA][INF][Logger:Roche.Sting.Calculation.Host.Configuration.CalculationHostModule][Thread:6]'CalculationHostModule' submodule successfully shut down[EOL]
[2026-09-30 11:38:08.548Z][CA][INF][Logger:Roche.Sting.Calculation.Host.Lifecycle.CalculationLifecycleProcessManager][Thread:6]CalculationLifecycleProcessManager StateMachine changed from state 'Operational' to 'ShuttingDown'[EOL]
[2026-09-30 11:38:08.548Z][CA][INF][Logger:Roche.Sting.Calculation.Host.Lifecycle.CalculationLifecycleProcessManager][Thread:6]State machine transited to state 'ShuttingDown'[EOL]
[2026-09-30 11:38:08.548Z][CA][INF][Logger:Roche.Sting.Calculation.Host.Lifecycle.CalculationLifecycleProcessManager][Thread:6]CalculationLifecycleProcessManager StateMachine firing event 'ShutDown' ...[EOL]
[2026-09-30 11:38:08.548Z][CA][INF][Logger:Roche.Sting.Calculation.Host.Lifecycle.CalculationLifecycleProcessManager][Thread:6]Publishing unit lifecycle state event 'UnitStateChanged' with data UnitId: 'Roche.C5800.Calculation', OldState: 'ShuttingDown', NewState: 'ShutDown', ProcessContext: 'ContextId: 'Roche.C5800.Calculation'' ...[EOL]
[2026-09-30 11:38:08.566Z][CA][INF][Logger:Roche.Sting.Calculation.Host.Configuration.CalculationHostModule][Thread:6]On shutdown finished[EOL]
[2026-09-30 11:38:08.566Z][CA][INF][Logger:Roche.Sting.Calculation.Host.Lifecycle.CalculationLifecycleProcessManager][Thread:6]CalculationLifecycleProcessManager StateMachine changed from state 'ShuttingDown' to 'ShutDown'[EOL]
[2026-09-30 11:38:08.566Z][CA][INF][Logger:Roche.Sting.Calculation.Host.Lifecycle.CalculationLifecycleProcessManager][Thread:6]State machine transited to state 'ShutDown'[EOL]
[2026-09-30 11:38:08.567Z][CA][INF][Logger:Roche.Sting.Calculation.Host.Program][Thread:8]Unit 'CalculationHost' is shut down[EOL]
[2026-09-30 11:38:08.567Z][CA][INF][Logger:Roche.Sting.Calculation.Host.Bootstrapper][Thread:8]Disposing bootstrapper[EOL]
[2026-09-30 11:38:08.567Z][CA][INF][Logger:Roche.Sting.Calculation.Host.Lifecycle.CalculationLifecycleProcessManager][Thread:6]CalculationLifecycleProcessManager StateMachine stopped ...[EOL]
[2026-09-30 11:38:08.568Z][CA][INF][Logger:Roche.X800.PerformanceMonitoring.PerformanceCounterListener][Thread:8]Shutting down instance ...[EOL]
[2026-09-30 11:38:08.568Z][CA][INF][Logger:Roche.X800.PerformanceMonitoring.EchoSender][Thread:8]Shutting down instance ...[EOL]
[2026-09-30 11:38:08.574Z][CA][INF][Logger:Roche.Sting.Calculation.Host.Program][Thread:8]Going to shut down Logging module.[EOL]
[2026-09-30 11:41:01.008Z][CA][INF][Logger:Roche.Sting.Calculation.Host.Bootstrapper][Thread:1]Configuring unit 'CalculationHost' with version '1.12.1+1043991.d0066b4724a26a9b758cbbf2b6187421343718b4' ...[EOL]
[2026-09-30 11:41:01.353Z][CA][INF][Logger:Roche.Dia.Messaging.RabbitMQ.RabbitMQClient][Thread:1]Initializing Messagebus(SystemMessageBus) ...[EOL]
[2026-09-30 11:41:07.661Z][CA][INF][Logger:Roche.Sting.Calculation.Host.Lifecycle.Configuration.ExceptionHandlingModule][Thread:1]Configuring 'ExceptionHandlingModule' ...[EOL]
[2026-09-30 11:41:07.717Z][CA][INF][Logger:Roche.X800.TestDefinitionData.TestDefinitionDataConfigurator][Thread:1]Configuring 'TestDefinitionDataConfigurator' ...[EOL]
[2026-09-30 11:41:07.717Z][CA][INF][Logger:Roche.X800.TestDefinitionData.TestDefinitionDataConfigurator][Thread:1]'TestDefinitionDataConfigurator' configured[EOL]
[2026-09-30 11:41:07.717Z][CA][INF][Logger:Roche.X800.TestDefinitionData.Instrument.TestDefinitionDataInstrumentConfigurator][Thread:1]Configuring 'TestDefinitionDataInstrumentConfigurator' ...[EOL]
[2026-09-30 11:41:07.736Z][CA][INF][Logger:Roche.X800.TestDefinitionData.Instrument.TestDefinitionDataInstrumentConfigurator][Thread:1]'TestDefinitionDataInstrumentConfigurator' configured[EOL]
[2026-09-30 11:41:07.739Z][CA][INF][Logger:Roche.X800.TestDefinitionData.Calculation.TestDefinitionDataCalculationConfigurator][Thread:1]Configuring 'TestDefinitionDataCalculationConfigurator' ...[EOL]
[2026-09-30 11:41:07.741Z][CA][INF][Logger:Roche.X800.TestDefinitionData.Calculation.TestDefinitionDataCalculationConfigurator][Thread:1]'TestDefinitionDataCalculationConfigurator' configured[EOL]
[2026-09-30 11:41:07.743Z][CA][INF][Logger:Roche.Sting.Calculation.Host.Configuration.CalculationHostModule][Thread:1]Configuring module 'CalculationHostModule' ...[EOL]
[2026-09-30 11:41:07.744Z][CA][INF][Logger:Roche.Sting.Calculation.Host.Configuration.CalculationHostModule][Thread:1]Configuring submodules of 'CalculationHostModule' ...[EOL]
[2026-09-30 11:41:07.750Z][CA][INF][Logger:Roche.Sting.Calculation.Host.Docker.DockerModule][Thread:1]Configuring submodules of 'DockerModule' ...[EOL]
[2026-09-30 11:41:07.750Z][CA][INF][Logger:Roche.Sting.Calculation.Host.Docker.DockerModule][Thread:1]Submodules of 'DockerModule' successfully configured[EOL]
[2026-09-30 11:41:07.751Z][CA][INF][Logger:Roche.Sting.Calculation.Host.RunnerManagement.RunnerManagementModule][Thread:1]Configuring submodules of 'RunnerManagementModule' ...[EOL]
[2026-09-30 11:41:07.751Z][CA][INF][Logger:Roche.Sting.Calculation.Host.RunnerManagement.RunnerManagementModule][Thread:1]Submodules of 'RunnerManagementModule' successfully configured[EOL]
[2026-09-30 11:41:07.752Z][CA][INF][Logger:Roche.Sting.Calculation.Host.Configuration.CalculationHostModule][Thread:1]Submodules of 'CalculationHostModule' successfully configured[EOL]
[2026-09-30 11:41:07.752Z][CA][INF][Logger:Roche.Sting.Calculation.Host.Configuration.CalculationHostModule][Thread:1]'CalculationHostModule' module successfully configured[EOL]
[2026-09-30 11:41:07.763Z][CA][INF][Logger:Roche.Sting.Calculation.Host.Lifecycle.Lifecycle][Thread:1]Configuring 'Lifecycle' ...[EOL]
[2026-09-30 11:41:07.763Z][CA][INF][Logger:Roche.Sting.Calculation.Host.Lifecycle.Lifecycle][Thread:1]'Lifecycle' successfully configured[EOL]
[2026-09-30 11:41:07.764Z][CA][INF][Logger:Roche.Sting.Calculation.Host.Bootstrapper][Thread:1]Starting unit 'CalculationHost' with version '1.12.1+1043991.d0066b4724a26a9b758cbbf2b6187421343718b4' ...[EOL]
[2026-09-30 11:41:07.771Z][CA][INF][Logger:Roche.X800.PerformanceMonitoring.PerformanceCounterListener][Thread:1]Configured instance with 'enabled=True intervalSeconds=30 counters=[System.Runtime.cpu-usage, System.Runtime.working-set, System.Runtime.gc-heap-size, System.Runtime.gc-fragmentation, System.Runtime.alloc-rate, System.Runtime.time-in-gc, System.Runtime.threadpool-queue-length, System.Runtime.threadpool-completed-items-count, System.Runtime.monitor-lock-contention-count, System.Runtime.active-timer-count, System.Runtime.exception-count]'[EOL]
[2026-09-30 11:41:07.773Z][CA][INF][Logger:Roche.X800.PerformanceMonitoring.PerformanceCounterListener][Thread:1]Starting up instance ...[EOL]
[2026-09-30 11:41:07.773Z][CA][INF][Logger:Roche.X800.PerformanceMonitoring.PerformanceCounterListener][Thread:1]Enabling counters of 'System.Runtime' ...[EOL]
[2026-09-30 11:41:07.779Z][CA][INF][Logger:Roche.X800.PerformanceMonitoring.EchoSender][Thread:1]Configured instance with 'unit=Roche.C5800.Calculation'[EOL]
[2026-09-30 11:41:07.779Z][CA][INF][Logger:Roche.X800.PerformanceMonitoring.EchoSender][Thread:1]Starting up instance ...[EOL]
[2026-09-30 11:41:07.795Z][CA][INF][Logger:Roche.Sting.Calculation.Host.Lifecycle.Lifecycle][Thread:1]Starting up 'Lifecycle' ...[EOL]
[2026-09-30 11:41:07.896Z][CA][INF][Logger:Roche.Dia.Messaging.RabbitMQ.RabbitMQClient][Thread:1]Start receiving messages for SystemMessageBus ...[EOL]
[2026-09-30 11:41:07.906Z][CA][INF][Logger:Roche.Sting.Calculation.Host.Lifecycle.CalculationLifecycleProcessManager][Thread:1]CalculationLifecycleProcessManager StateMachine started ...[EOL]
[2026-09-30 11:41:07.906Z][CA][INF][Logger:Roche.Sting.Calculation.Host.Lifecycle.Lifecycle][Thread:1]'Lifecycle' successfully started[EOL]
[2026-09-30 11:41:07.907Z][CA][INF][Logger:Roche.Sting.Calculation.Host.Program][Thread:1]Unit 'CalculationHost' successfully started[EOL]
[2026-09-30 11:41:07.981Z][CA][INF][Logger:Roche.Sting.Calculation.Host.Lifecycle.Configuration.ExceptionHandlingModule][Thread:7]Starting up 'ExceptionHandlingModule' ...[EOL]
[2026-09-30 11:41:08.010Z][CA][INF][Logger:Roche.Sting.Calculation.Host.Lifecycle.CalculationLifecycleProcessManager][Thread:7]CalculationLifecycleProcessManager StateMachine changed from state '<null>' to 'Initial'[EOL]
[2026-09-30 11:41:08.028Z][CA][INF][Logger:Roche.Sting.Calculation.Host.Lifecycle.CalculationLifecycleProcessManager][Thread:7]CalculationLifecycleProcessManager StateMachine firing event 'Configured' ...[EOL]
[2026-09-30 11:41:08.086Z][CA][INF][Logger:Roche.Sting.Calculation.Host.Lifecycle.CalculationLifecycleProcessManager][Thread:7]Publishing unit lifecycle state event 'UnitStateChanged' with data UnitId: 'Roche.C5800.Calculation', OldState: 'Initial', NewState: 'Configured', ProcessContext: 'ContextId: 'Roche.C5800.Calculation'' ...[EOL]
[2026-09-30 11:41:08.460Z][CA][INF][Logger:Roche.Sting.Calculation.Host.Lifecycle.CalculationLifecycleProcessManager][Thread:7]CalculationLifecycleProcessManager StateMachine changed from state 'Initial' to 'Configured'[EOL]
[2026-09-30 11:41:08.473Z][CA][INF][Logger:Roche.Sting.Calculation.Host.Lifecycle.CalculationLifecycleProcessManager][Thread:7]State machine transited to state 'Configured'[EOL]
[2026-09-30 11:41:08.582Z][CA][INF][Logger:Roche.Sting.Calculation.Host.Lifecycle.CalculationLifecycleProcessManager][Thread:8]Handling event 'InstrumentStateChanged' from IS with data OldState: 'PoweredOff', NewState: 'PoweredOff', ProcessContext: 'ContextId: 'InstrumentState.InstrumentStateManager'' ...[EOL]
[2026-09-30 11:41:10.482Z][CA][INF][Logger:Roche.Sting.Calculation.Host.Lifecycle.CalculationLifecycleProcessManager][Thread:6]Handling event 'InstrumentStateChanged' from IS with data OldState: 'PoweredOff', NewState: 'StartingUp', ProcessContext: 'ContextId: 'InstrumentState.InstrumentStateManager'' ...[EOL]
[2026-09-30 11:41:10.483Z][CA][INF][Logger:Roche.Sting.Calculation.Host.Lifecycle.CalculationLifecycleProcessManager][Thread:6]CalculationLifecycleProcessManager StateMachine firing event 'Startup' ...[EOL]
[2026-09-30 11:41:10.484Z][CA][INF][Logger:Roche.Sting.Calculation.Host.Lifecycle.CalculationLifecycleProcessManager][Thread:6]Publishing unit lifecycle state event 'UnitStateChanged' with data UnitId: 'Roche.C5800.Calculation', OldState: 'Configured', NewState: 'StartingUp', ProcessContext: 'ContextId: 'Roche.C5800.Calculation'' ...[EOL]
[2026-09-30 11:41:10.488Z][CA][INF][Logger:Roche.Sting.Calculation.Host.Lifecycle.TestDefinitionDataSynchronizer][Thread:6]Synchronizing test definition data ...[EOL]
[2026-09-30 11:41:11.491Z][CA][INF][Logger:Roche.Sting.Calculation.Host.Lifecycle.TestDefinitionDataSynchronizer][Thread:13]Handling event 'TestDefinitionDataUpdated' from IF with data <none> ...[EOL]
[2026-09-30 11:41:11.491Z][CA][INF][Logger:Roche.Sting.Calculation.Host.Lifecycle.TestDefinitionDataSynchronizer][Thread:6]Test definition data successfully synchronized[EOL]
[2026-09-30 11:41:11.492Z][CA][INF][Logger:Roche.X800.TestDefinitionData.Instrument.TestDefinitionDataInstrumentConfigurator][Thread:6]Loading TestDefinitionData.Instrument from repositories ...[EOL]
[2026-09-30 11:41:11.504Z][CA][INF][Logger:Roche.X800.TestDefinitionData.Repository<Roche.X800.TestDefinitionData.Instrument.PipettingParameterFiles.PipettingParameterFile>][Thread:6]Loading 'PipettingParameterFile_c3891a67-1bd2-48b4-adb4-c27fdfc418d8.xml' ...[EOL]
[2026-09-30 11:41:11.512Z][CA][INF][Logger:Roche.X800.TestDefinitionData.Repository<Roche.X800.TestDefinitionData.Instrument.PipettingParameterFiles.PipettingParameterFile>][Thread:6]Loading 'PipettingParameterFile_c3891a67-1bd2-48b4-adb4-c27fdfc418d8.xml' completed[EOL]
[2026-09-30 11:41:11.512Z][CA][INF][Logger:Roche.X800.TestDefinitionData.Repository<Roche.X800.TestDefinitionData.Instrument.PipettingParameterFiles.PipettingParameterFile>][Thread:6]Loading 'PipettingParameterFile_7035c72f-1e11-4571-9b72-f5e855b36f92.xml' ...[EOL]
[2026-09-30 11:41:11.513Z][CA][INF][Logger:Roche.X800.TestDefinitionData.Repository<Roche.X800.TestDefinitionData.Instrument.PipettingParameterFiles.PipettingParameterFile>][Thread:6]Loading 'PipettingParameterFile_7035c72f-1e11-4571-9b72-f5e855b36f92.xml' completed[EOL]
[2026-09-30 11:41:11.513Z][CA][INF][Logger:Roche.X800.TestDefinitionData.Repository<Roche.X800.TestDefinitionData.Instrument.PipettingParameterFiles.PipettingParameterFile>][Thread:6]Loading 'PipettingParameterFile_6538724d-1f36-43e2-bd8d-52bca4738b3f.xml' ...[EOL]
[2026-09-30 11:41:11.514Z][CA][INF][Logger:Roche.X800.TestDefinitionData.Repository<Roche.X800.TestDefinitionData.Instrument.PipettingParameterFiles.PipettingParameterFile>][Thread:6]Loading 'PipettingParameterFile_6538724d-1f36-43e2-bd8d-52bca4738b3f.xml' completed[EOL]
[2026-09-30 11:41:11.514Z][CA][INF][Logger:Roche.X800.TestDefinitionData.Repository<Roche.X800.TestDefinitionData.Instrument.PipettingParameterFiles.PipettingParameterFile>][Thread:6]Loading 'PipettingParameterFile_95115586-3c2d-4166-9fe7-afca6753a753.xml' ...[EOL]
[2026-09-30 11:41:11.514Z][CA][INF][Logger:Roche.X800.TestDefinitionData.Repository<Roche.X800.TestDefinitionData.Instrument.PipettingParameterFiles.PipettingParameterFile>][Thread:6]Loading 'PipettingParameterFile_95115586-3c2d-4166-9fe7-afca6753a753.xml' completed[EOL]
[2026-09-30 11:41:11.514Z][CA][INF][Logger:Roche.X800.TestDefinitionData.Repository<Roche.X800.TestDefinitionData.Instrument.PipettingParameterFiles.PipettingParameterFile>][Thread:6]Loading 'PipettingParameterFile_cee04257-7a87-48bc-b9e3-3b58c5af1d31.xml' ...[EOL]
[2026-09-30 11:41:11.514Z][CA][INF][Logger:Roche.X800.TestDefinitionData.Repository<Roche.X800.TestDefinitionData.Instrument.PipettingParameterFiles.PipettingParameterFile>][Thread:6]Loading 'PipettingParameterFile_cee04257-7a87-48bc-b9e3-3b58c5af1d31.xml' completed[EOL]
[2026-09-30 11:41:11.514Z][CA][INF][Logger:Roche.X800.TestDefinitionData.Repository<Roche.X800.TestDefinitionData.Instrument.PipettingParameterFiles.PipettingParameterFile>][Thread:6]Loading 'PipettingParameterFile_d49e8732-2028-4264-918f-c520278f02f6.xml' ...[EOL]
[2026-09-30 11:41:11.514Z][CA][INF][Logger:Roche.X800.TestDefinitionData.Repository<Roche.X800.TestDefinitionData.Instrument.PipettingParameterFiles.PipettingParameterFile>][Thread:6]Loading 'PipettingParameterFile_d49e8732-2028-4264-918f-c520278f02f6.xml' completed[EOL]
[2026-09-30 11:41:11.514Z][CA][INF][Logger:Roche.X800.TestDefinitionData.Repository<Roche.X800.TestDefinitionData.Instrument.PipettingParameterFiles.PipettingParameterFile>][Thread:6]Loading 'PipettingParameterFile_5ba50fc9-bbbd-4dee-ab3e-d98540d8d925.xml' ...[EOL]
[2026-09-30 11:41:11.515Z][CA][INF][Logger:Roche.X800.TestDefinitionData.Repository<Roche.X800.TestDefinitionData.Instrument.PipettingParameterFiles.PipettingParameterFile>][Thread:6]Loading 'PipettingParameterFile_5ba50fc9-bbbd-4dee-ab3e-d98540d8d925.xml' completed[EOL]
[2026-09-30 11:41:11.515Z][CA][INF][Logger:Roche.X800.TestDefinitionData.Repository<Roche.X800.TestDefinitionData.Instrument.PipettingParameterFiles.PipettingParameterFile>][Thread:6]Loading 'PipettingParameterFile_49ba4bd0-b7eb-4332-a6e6-a5dcaf8046ee.xml' ...[EOL]
[2026-09-30 11:41:11.515Z][CA][INF][Logger:Roche.X800.TestDefinitionData.Repository<Roche.X800.TestDefinitionData.Instrument.PipettingParameterFiles.PipettingParameterFile>][Thread:6]Loading 'PipettingParameterFile_49ba4bd0-b7eb-4332-a6e6-a5dcaf8046ee.xml' completed[EOL]
[2026-09-30 11:41:11.515Z][CA][INF][Logger:Roche.X800.TestDefinitionData.Repository<Roche.X800.TestDefinitionData.Instrument.PipettingParameterFiles.PipettingParameterFile>][Thread:6]Loading 'PipettingParameterFile_8fb9fb21-1537-44bb-912c-62d9a3df9ed7.xml' ...[EOL]
[2026-09-30 11:41:11.516Z][CA][INF][Logger:Roche.X800.TestDefinitionData.Repository<Roche.X800.TestDefinitionData.Instrument.PipettingParameterFiles.PipettingParameterFile>][Thread:6]Loading 'PipettingParameterFile_8fb9fb21-1537-44bb-912c-62d9a3df9ed7.xml' completed[EOL]
[2026-09-30 11:41:11.516Z][CA][INF][Logger:Roche.X800.TestDefinitionData.Repository<Roche.X800.TestDefinitionData.Instrument.PipettingParameterFiles.PipettingParameterFile>][Thread:6]Loading 'PipettingParameterFile_7068762c-0ed7-4e5b-890f-f75c04a8211a.xml' ...[EOL]
[2026-09-30 11:41:11.516Z][CA][INF][Logger:Roche.X800.TestDefinitionData.Repository<Roche.X800.TestDefinitionData.Instrument.PipettingParameterFiles.PipettingParameterFile>][Thread:6]Loading 'PipettingParameterFile_7068762c-0ed7-4e5b-890f-f75c04a8211a.xml' completed[EOL]
[2026-09-30 11:41:11.516Z][CA][INF][Logger:Roche.X800.TestDefinitionData.Repository<Roche.X800.TestDefinitionData.Instrument.PipettingParameterFiles.PipettingParameterFile>][Thread:6]Loading 'PipettingParameterFile_0d580f62-fa68-440e-9ab6-c1e41dd638ce.xml' ...[EOL]
[2026-09-30 11:41:11.517Z][CA][INF][Logger:Roche.X800.TestDefinitionData.Repository<Roche.X800.TestDefinitionData.Instrument.PipettingParameterFiles.PipettingParameterFile>][Thread:6]Loading 'PipettingParameterFile_0d580f62-fa68-440e-9ab6-c1e41dd638ce.xml' completed[EOL]
[2026-09-30 11:41:11.517Z][CA][INF][Logger:Roche.X800.TestDefinitionData.Repository<Roche.X800.TestDefinitionData.Instrument.PipettingParameterFiles.PipettingParameterFile>][Thread:6]Loading 'PipettingParameterFile_922aff24-f7a7-4173-a432-c3af23b4e421.xml' ...[EOL]
[2026-09-30 11:41:11.517Z][CA][INF][Logger:Roche.X800.TestDefinitionData.Repository<Roche.X800.TestDefinitionData.Instrument.PipettingParameterFiles.PipettingParameterFile>][Thread:6]Loading 'PipettingParameterFile_922aff24-f7a7-4173-a432-c3af23b4e421.xml' completed[EOL]
[2026-09-30 11:41:11.517Z][CA][INF][Logger:Roche.X800.TestDefinitionData.Repository<Roche.X800.TestDefinitionData.Instrument.PipettingParameterFiles.PipettingParameterFile>][Thread:6]Loading 'PipettingParameterFile_ffca514a-9a82-4123-aacc-1de91c8b16fb.xml' ...[EOL]
[2026-09-30 11:41:11.518Z][CA][INF][Logger:Roche.X800.TestDefinitionData.Repository<Roche.X800.TestDefinitionData.Instrument.PipettingParameterFiles.PipettingParameterFile>][Thread:6]Loading 'PipettingParameterFile_ffca514a-9a82-4123-aacc-1de91c8b16fb.xml' completed[EOL]
[2026-09-30 11:41:11.522Z][CA][INF][Logger:Roche.X800.TestDefinitionData.Repository<Roche.X800.TestDefinitionData.Instrument.MediaTypes.MediaType>][Thread:6]Loading 'ControlSet_e006de7b-3ad7-4fe2-b3b2-3881ac6af094.xml' ...[EOL]
[2026-09-30 11:41:11.555Z][CA][INF][Logger:Roche.X800.TestDefinitionData.Repository<Roche.X800.TestDefinitionData.Instrument.MediaTypes.MediaType>][Thread:6]Loading 'ControlSet_e006de7b-3ad7-4fe2-b3b2-3881ac6af094.xml' completed[EOL]
[2026-09-30 11:41:11.555Z][CA][INF][Logger:Roche.X800.TestDefinitionData.Repository<Roche.X800.TestDefinitionData.Instrument.MediaTypes.MediaType>][Thread:6]Loading 'ControlSet_54da66c7-e44d-4a20-ac86-b50071b6a5e3.xml' ...[EOL]
[2026-09-30 11:41:11.556Z][CA][INF][Logger:Roche.X800.TestDefinitionData.Repository<Roche.X800.TestDefinitionData.Instrument.MediaTypes.MediaType>][Thread:6]Loading 'ControlSet_54da66c7-e44d-4a20-ac86-b50071b6a5e3.xml' completed[EOL]
[2026-09-30 11:41:11.556Z][CA][INF][Logger:Roche.X800.TestDefinitionData.Repository<Roche.X800.TestDefinitionData.Instrument.MediaTypes.MediaType>][Thread:6]Loading 'SampleMediaType_5f3e568b-bb3d-4df5-aaf5-ec6906868bc5.xml' ...[EOL]
[2026-09-30 11:41:11.560Z][CA][INF][Logger:Roche.X800.TestDefinitionData.Repository<Roche.X800.TestDefinitionData.Instrument.MediaTypes.MediaType>][Thread:6]Loading 'SampleMediaType_5f3e568b-bb3d-4df5-aaf5-ec6906868bc5.xml' completed[EOL]
[2026-09-30 11:41:11.560Z][CA][INF][Logger:Roche.X800.TestDefinitionData.Repository<Roche.X800.TestDefinitionData.Instrument.MediaTypes.MediaType>][Thread:6]Loading 'SampleMediaType_a6808204-e341-41a5-9f43-4e980828e05b.xml' ...[EOL]
[2026-09-30 11:41:11.560Z][CA][INF][Logger:Roche.X800.TestDefinitionData.Repository<Roche.X800.TestDefinitionData.Instrument.MediaTypes.MediaType>][Thread:6]Loading 'SampleMediaType_a6808204-e341-41a5-9f43-4e980828e05b.xml' completed[EOL]
[2026-09-30 11:41:11.560Z][CA][INF][Logger:Roche.X800.TestDefinitionData.Repository<Roche.X800.TestDefinitionData.Instrument.MediaTypes.MediaType>][Thread:6]Loading 'ControlSet_ba3ed81e-fe35-4186-9cd1-cc8034c3faf5.xml' ...[EOL]
[2026-09-30 11:41:11.560Z][CA][INF][Logger:Roche.X800.TestDefinitionData.Repository<Roche.X800.TestDefinitionData.Instrument.MediaTypes.MediaType>][Thread:6]Loading 'ControlSet_ba3ed81e-fe35-4186-9cd1-cc8034c3faf5.xml' completed[EOL]
[2026-09-30 11:41:11.560Z][CA][INF][Logger:Roche.X800.TestDefinitionData.Repository<Roche.X800.TestDefinitionData.Instrument.MediaTypes.MediaType>][Thread:6]Loading 'ControlSet_96d75535-2a56-4d70-91a7-83d84e9efe0e.xml' ...[EOL]
[2026-09-30 11:41:11.561Z][CA][INF][Logger:Roche.X800.TestDefinitionData.Repository<Roche.X800.TestDefinitionData.Instrument.MediaTypes.MediaType>][Thread:6]Loading 'ControlSet_96d75535-2a56-4d70-91a7-83d84e9efe0e.xml' completed[EOL]
[2026-09-30 11:41:11.563Z][CA][INF][Logger:Roche.X800.TestDefinitionData.Repository<Roche.X800.TestDefinitionData.Instrument.Processes.PcrProcesses.PcrProcess>][Thread:6]Loading 'PcrProcess_d549cab0-683a-479c-bb45-4bd33b143ab3.xml' ...[EOL]
[2026-09-30 11:41:11.629Z][CA][INF][Logger:Roche.X800.TestDefinitionData.Repository<Roche.X800.TestDefinitionData.Instrument.Processes.PcrProcesses.PcrProcess>][Thread:6]Loading 'PcrProcess_d549cab0-683a-479c-bb45-4bd33b143ab3.xml' completed[EOL]
[2026-09-30 11:41:11.631Z][CA][INF][Logger:Roche.X800.TestDefinitionData.Repository<Roche.X800.TestDefinitionData.Instrument.Reagents.ReagentCarrier>][Thread:6]Loading 'ReagentCarrier_c88786eb-7ef0-4386-87a9-f58a8b230817.xml' ...[EOL]
[2026-09-30 11:41:11.642Z][CA][INF][Logger:Roche.X800.TestDefinitionData.Repository<Roche.X800.TestDefinitionData.Instrument.Reagents.ReagentCarrier>][Thread:6]Loading 'ReagentCarrier_c88786eb-7ef0-4386-87a9-f58a8b230817.xml' completed[EOL]
[2026-09-30 11:41:11.642Z][CA][INF][Logger:Roche.X800.TestDefinitionData.Repository<Roche.X800.TestDefinitionData.Instrument.Reagents.ReagentCarrier>][Thread:6]Loading 'ReagentCarrier_43fceed0-664a-49f5-803e-b312f177bf87.xml' ...[EOL]
[2026-09-30 11:41:11.642Z][CA][INF][Logger:Roche.X800.TestDefinitionData.Repository<Roche.X800.TestDefinitionData.Instrument.Reagents.ReagentCarrier>][Thread:6]Loading 'ReagentCarrier_43fceed0-664a-49f5-803e-b312f177bf87.xml' completed[EOL]
[2026-09-30 11:41:11.642Z][CA][INF][Logger:Roche.X800.TestDefinitionData.Repository<Roche.X800.TestDefinitionData.Instrument.Reagents.ReagentCarrier>][Thread:6]Loading 'ReagentCarrier_03a44939-f61a-4fb3-9ad3-b336bc2fc6e5.xml' ...[EOL]
[2026-09-30 11:41:11.642Z][CA][INF][Logger:Roche.X800.TestDefinitionData.Repository<Roche.X800.TestDefinitionData.Instrument.Reagents.ReagentCarrier>][Thread:6]Loading 'ReagentCarrier_03a44939-f61a-4fb3-9ad3-b336bc2fc6e5.xml' completed[EOL]
[2026-09-30 11:41:11.642Z][CA][INF][Logger:Roche.X800.TestDefinitionData.Repository<Roche.X800.TestDefinitionData.Instrument.Reagents.ReagentCarrier>][Thread:6]Loading 'ReagentCarrier_5c988d23-f806-42d4-878e-bf9c4022cec4.xml' ...[EOL]
[2026-09-30 11:41:11.643Z][CA][INF][Logger:Roche.X800.TestDefinitionData.Repository<Roche.X800.TestDefinitionData.Instrument.Reagents.ReagentCarrier>][Thread:6]Loading 'ReagentCarrier_5c988d23-f806-42d4-878e-bf9c4022cec4.xml' completed[EOL]
[2026-09-30 11:41:11.643Z][CA][INF][Logger:Roche.X800.TestDefinitionData.Repository<Roche.X800.TestDefinitionData.Instrument.Reagents.ReagentCarrier>][Thread:6]Loading 'ReagentCarrier_4c5cb5ff-afa2-4c19-96a0-970cdf4b3d7c.xml' ...[EOL]
[2026-09-30 11:41:11.643Z][CA][INF][Logger:Roche.X800.TestDefinitionData.Repository<Roche.X800.TestDefinitionData.Instrument.Reagents.ReagentCarrier>][Thread:6]Loading 'ReagentCarrier_4c5cb5ff-afa2-4c19-96a0-970cdf4b3d7c.xml' completed[EOL]
[2026-09-30 11:41:11.643Z][CA][INF][Logger:Roche.X800.TestDefinitionData.Repository<Roche.X800.TestDefinitionData.Instrument.Reagents.ReagentCarrier>][Thread:6]Loading 'ReagentCarrier_9008167a-e346-4ede-886e-c34dba846ad0.xml' ...[EOL]
[2026-09-30 11:41:11.643Z][CA][INF][Logger:Roche.X800.TestDefinitionData.Repository<Roche.X800.TestDefinitionData.Instrument.Reagents.ReagentCarrier>][Thread:6]Loading 'ReagentCarrier_9008167a-e346-4ede-886e-c34dba846ad0.xml' completed[EOL]
[2026-09-30 11:41:11.645Z][CA][INF][Logger:Roche.X800.TestDefinitionData.Repository<Roche.X800.TestDefinitionData.Instrument.Processes.TransferProcesses.TransferProcess>][Thread:6]Loading 'TransferProcess_e006de7b-3ad7-4fe2-b3b2-3881ac6af094.xml' ...[EOL]
[2026-09-30 11:41:11.665Z][CA][INF][Logger:Roche.X800.TestDefinitionData.Repository<Roche.X800.TestDefinitionData.Instrument.Processes.TransferProcesses.TransferProcess>][Thread:6]Loading 'TransferProcess_e006de7b-3ad7-4fe2-b3b2-3881ac6af094.xml' completed[EOL]
[2026-09-30 11:41:11.665Z][CA][INF][Logger:Roche.X800.TestDefinitionData.Repository<Roche.X800.TestDefinitionData.Instrument.Processes.TransferProcesses.TransferProcess>][Thread:6]Loading 'TransferProcess_54da66c7-e44d-4a20-ac86-b50071b6a5e3.xml' ...[EOL]
[2026-09-30 11:41:11.665Z][CA][INF][Logger:Roche.X800.TestDefinitionData.Repository<Roche.X800.TestDefinitionData.Instrument.Processes.TransferProcesses.TransferProcess>][Thread:6]Loading 'TransferProcess_54da66c7-e44d-4a20-ac86-b50071b6a5e3.xml' completed[EOL]
[2026-09-30 11:41:11.665Z][CA][INF][Logger:Roche.X800.TestDefinitionData.Repository<Roche.X800.TestDefinitionData.Instrument.Processes.TransferProcesses.TransferProcess>][Thread:6]Loading 'TransferProcess_ed01eb86-023e-4d38-996c-173811b446b7.xml' ...[EOL]
[2026-09-30 11:41:11.666Z][CA][INF][Logger:Roche.X800.TestDefinitionData.Repository<Roche.X800.TestDefinitionData.Instrument.Processes.TransferProcesses.TransferProcess>][Thread:6]Loading 'TransferProcess_ed01eb86-023e-4d38-996c-173811b446b7.xml' completed[EOL]
[2026-09-30 11:41:11.666Z][CA][INF][Logger:Roche.X800.TestDefinitionData.Repository<Roche.X800.TestDefinitionData.Instrument.Processes.TransferProcesses.TransferProcess>][Thread:6]Loading 'TransferProcess_d8cfa2f3-16f8-4a15-83fc-1e57c06ad665.xml' ...[EOL]
[2026-09-30 11:41:11.666Z][CA][INF][Logger:Roche.X800.TestDefinitionData.Repository<Roche.X800.TestDefinitionData.Instrument.Processes.TransferProcesses.TransferProcess>][Thread:6]Loading 'TransferProcess_d8cfa2f3-16f8-4a15-83fc-1e57c06ad665.xml' completed[EOL]
[2026-09-30 11:41:11.666Z][CA][INF][Logger:Roche.X800.TestDefinitionData.Repository<Roche.X800.TestDefinitionData.Instrument.Processes.TransferProcesses.TransferProcess>][Thread:6]Loading 'TransferProcess_ba3ed81e-fe35-4186-9cd1-cc8034c3faf5.xml' ...[EOL]
[2026-09-30 11:41:11.666Z][CA][INF][Logger:Roche.X800.TestDefinitionData.Repository<Roche.X800.TestDefinitionData.Instrument.Processes.TransferProcesses.TransferProcess>][Thread:6]Loading 'TransferProcess_ba3ed81e-fe35-4186-9cd1-cc8034c3faf5.xml' completed[EOL]
[2026-09-30 11:41:11.666Z][CA][INF][Logger:Roche.X800.TestDefinitionData.Repository<Roche.X800.TestDefinitionData.Instrument.Processes.TransferProcesses.TransferProcess>][Thread:6]Loading 'TransferProcess_96d75535-2a56-4d70-91a7-83d84e9efe0e.xml' ...[EOL]
[2026-09-30 11:41:11.666Z][CA][INF][Logger:Roche.X800.TestDefinitionData.Repository<Roche.X800.TestDefinitionData.Instrument.Processes.TransferProcesses.TransferProcess>][Thread:6]Loading 'TransferProcess_96d75535-2a56-4d70-91a7-83d84e9efe0e.xml' completed[EOL]
[2026-09-30 11:41:11.668Z][CA][INF][Logger:Roche.X800.TestDefinitionData.Repository<Roche.X800.TestDefinitionData.Instrument.Processes.SamplePreparationProcesses.SamplePreparationProcess>][Thread:6]Loading 'SamplePreparationProcess_a04ee5ad-8f3e-43c1-8008-8c6f038e79ee.xml' ...[EOL]
[2026-09-30 11:41:11.707Z][CA][INF][Logger:Roche.X800.TestDefinitionData.Repository<Roche.X800.TestDefinitionData.Instrument.Processes.SamplePreparationProcesses.SamplePreparationProcess>][Thread:6]Loading 'SamplePreparationProcess_a04ee5ad-8f3e-43c1-8008-8c6f038e79ee.xml' completed[EOL]
[2026-09-30 11:41:11.712Z][CA][INF][Logger:Roche.X800.TestDefinitionData.Repository<Roche.X800.TestDefinitionData.Instrument.Calculations.CalculationPackage>][Thread:6]Loading 'CalculationPackage_1372e566-dfcf-4cc2-98a0-3935f93f94f8.xml' ...[EOL]
[2026-09-30 11:41:11.716Z][CA][INF][Logger:Roche.X800.TestDefinitionData.Repository<Roche.X800.TestDefinitionData.Instrument.Calculations.CalculationPackage>][Thread:6]Loading 'CalculationPackage_1372e566-dfcf-4cc2-98a0-3935f93f94f8.xml' completed[EOL]
[2026-09-30 11:41:11.716Z][CA][INF][Logger:Roche.X800.TestDefinitionData.Repository<Roche.X800.TestDefinitionData.Instrument.Calculations.CalculationPackage>][Thread:6]Loading 'CalculationPackage_1a86c2b0-9b51-4ae8-9fa1-7daf267fffcc.xml' ...[EOL]
[2026-09-30 11:41:11.717Z][CA][INF][Logger:Roche.X800.TestDefinitionData.Repository<Roche.X800.TestDefinitionData.Instrument.Calculations.CalculationPackage>][Thread:6]Loading 'CalculationPackage_1a86c2b0-9b51-4ae8-9fa1-7daf267fffcc.xml' completed[EOL]
[2026-09-30 11:41:11.717Z][CA][INF][Logger:Roche.X800.TestDefinitionData.Repository<Roche.X800.TestDefinitionData.Instrument.Calculations.CalculationPackage>][Thread:6]Loading 'CalculationPackage_c8e41adc-4c70-48fc-a721-45dca7a87130.xml' ...[EOL]
[2026-09-30 11:41:11.717Z][CA][INF][Logger:Roche.X800.TestDefinitionData.Repository<Roche.X800.TestDefinitionData.Instrument.Calculations.CalculationPackage>][Thread:6]Loading 'CalculationPackage_c8e41adc-4c70-48fc-a721-45dca7a87130.xml' completed[EOL]
[2026-09-30 11:41:11.718Z][CA][INF][Logger:Roche.X800.TestDefinitionData.Repository<Roche.X800.TestDefinitionData.Instrument.Assays.Assay>][Thread:6]Loading 'Assay_cedb8eee-7bd5-4519-8627-5dfd077fcd03.xml' ...[EOL]
[2026-09-30 11:41:11.737Z][CA][INF][Logger:Roche.X800.TestDefinitionData.Repository<Roche.X800.TestDefinitionData.Instrument.Assays.Assay>][Thread:6]Loading 'Assay_cedb8eee-7bd5-4519-8627-5dfd077fcd03.xml' completed[EOL]
[2026-09-30 11:41:11.737Z][CA][INF][Logger:Roche.X800.TestDefinitionData.Repository<Roche.X800.TestDefinitionData.Instrument.Assays.Assay>][Thread:6]Loading 'Assay_7a214f38-d555-4417-b943-4d2cf80728e7.xml' ...[EOL]
[2026-09-30 11:41:11.738Z][CA][INF][Logger:Roche.X800.TestDefinitionData.Repository<Roche.X800.TestDefinitionData.Instrument.Assays.Assay>][Thread:6]Loading 'Assay_7a214f38-d555-4417-b943-4d2cf80728e7.xml' completed[EOL]
[2026-09-30 11:41:11.738Z][CA][INF][Logger:Roche.X800.TestDefinitionData.Repository<Roche.X800.TestDefinitionData.Instrument.Assays.Assay>][Thread:6]Loading 'Assay_388a4773-e177-4577-a25e-4b3296fde96a.xml' ...[EOL]
[2026-09-30 11:41:11.738Z][CA][INF][Logger:Roche.X800.TestDefinitionData.Repository<Roche.X800.TestDefinitionData.Instrument.Assays.Assay>][Thread:6]Loading 'Assay_388a4773-e177-4577-a25e-4b3296fde96a.xml' completed[EOL]
[2026-09-30 11:41:11.743Z][CA][INF][Logger:Roche.X800.TestDefinitionData.Instrument.TestDefinitionDataInstrumentConfigurator][Thread:6]Loaded Test Definition Data: 
PipettingParameterFile
  Id: 'c3891a67-1bd2-48b4-adb4-c27fdfc418d8'
  Name: 'STING_ReagentHead_MMx1Pipetting'
  Version: '1.4'
  LastModifiedOn: '29-Jul-2020 12:00'
  TipType: 'STING_RTip'


PipettingParameterFile
  Id: '7035c72f-1e11-4571-9b72-f5e855b36f92'
  Name: 'STING_ReagentHead_MMx2Pipetting'
  Version: '1.2'
  LastModifiedOn: '29-Jul-2020 10:53'
  TipType: 'STING_RTip'


PipettingParameterFile
  Id: '6538724d-1f36-43e2-bd8d-52bca4738b3f'
  Name: 'STING_ReagentHead_EBPipetting'
  Version: '1.2'
  LastModifiedOn: '29-Jul-2020 04:53'
  TipType: 'STING_RTip'


PipettingParameterFile
  Id: '95115586-3c2d-4166-9fe7-afca6753a753'
  Name: 'STING_ReagentHead_ICPipetting'
  Version: '1.2'
  LastModifiedOn: '29-Jul-2020 10:53'
  TipType: 'STING_RTip'


PipettingParameterFile
  Id: 'cee04257-7a87-48bc-b9e3-3b58c5af1d31'
  Name: 'STING_ReagentHead_PASEPipetting_Freedispense'
  Version: '2.2'
  LastModifiedOn: '29-Jul-2020 10:53'
  TipType: 'STING_RTip'


PipettingParameterFile
  Id: 'd49e8732-2028-4264-918f-c520278f02f6'
  Name: 'STING_ProcessHead_LysisMix'
  Version: '1.3'
  LastModifiedOn: '04-Aug-2020 04:32'
  TipType: 'STING_PTip'


PipettingParameterFile
  Id: '5ba50fc9-bbbd-4dee-ab3e-d98540d8d925'
  Name: 'STING_ProcessHead_WashPipMix'
  Version: '2.8'
  LastModifiedOn: '07-Sep-2020 10:53'
  TipType: 'STING_PTip'


PipettingParameterFile
  Id: '49ba4bd0-b7eb-4332-a6e6-a5dcaf8046ee'
  Name: 'STING_ProcessHead_WashPipMix_Leakage_test'
  Version: '0.6'
  LastModifiedOn: '10-Aug-2020 10:17'
  TipType: 'STING_PTip'


PipettingParameterFile
  Id: '8fb9fb21-1537-44bb-912c-62d9a3df9ed7'
  Name: 'STING_ProcessHead_EluateIncubationMix'
  Version: '1.1'
  LastModifiedOn: '07-Oct-2020 09:53'
  TipType: 'STING_ETip'


PipettingParameterFile
  Id: '7068762c-0ed7-4e5b-890f-f75c04a8211a'
  Name: 'STING_ProcessHead_EluateTransferMix'
  Version: '2.0'
  LastModifiedOn: '07-Oct-2020 09:53'
  TipType: 'STING_ETip'


PipettingParameterFile
  Id: '0d580f62-fa68-440e-9ab6-c1e41dd638ce'
  Name: 'SampleHead_CMR'
  Version: '2.1'
  LastModifiedOn: '27-Oct-2020 04:00'
  TipType: 'FilterTip'


PipettingParameterFile
  Id: '922aff24-f7a7-4173-a432-c3af23b4e421'
  Name: 'SampleHead_RawSputum'
  Version: '1.5'
  LastModifiedOn: '13-Oct-2021 02:00'
  TipType: 'FilterTip'


PipettingParameterFile
  Id: 'ffca514a-9a82-4123-aacc-1de91c8b16fb'
  Name: 'SampleHead_Sediment'
  Version: '1.4'
  LastModifiedOn: '25-Oct-2021 02:00'
  TipType: 'FilterTip'



ControlSet
  Id: 'e006de7b-3ad7-4fe2-b3b2-3881ac6af094'
  Name: 'MTB-RIF/INH RMC IVD'
  Version: '1.0.0'
  CreatedOn: '19-Sep-2024 03:32'
  LastModifiedOn: '19-Sep-2024 03:33'
  ControlType: 'Positive'
  MinFillLevel: '1.00e-006 m3 / 1000 ul'
  SapNumber: '9040625190'
  Controls:
    1: 'MTB-RIF/INH (+) C'


ControlSet
  Id: '54da66c7-e44d-4a20-ac86-b50071b6a5e3'
  Name: 'BUFF NEG RMC IVD'
  Version: '10.0.0'
  CreatedOn: '26-Oct-2023 09:41'
  LastModifiedOn: '02-Nov-2023 11:09'
  ControlType: 'Negative'
  MinFillLevel: '1.00e-006 m3 / 1000 ul'
  SapNumber: '9051953190'
  Controls:
    1: '(-) Ctrl'


SampleMediaType
  Id: '5f3e568b-bb3d-4df5-aaf5-ec6906868bc5'
  Name: 'Raw sputum'
  CreatedOn: '10-Mar-2020 04:00'
  LastModifiedOn: '10-Mar-2020 04:00'
  Hl7Code: 'SPTR^rawSputum^99ROC'
  Oid: '2.16.840.1.113995.3.111.9.3.8'


SampleMediaType
  Id: 'a6808204-e341-41a5-9f43-4e980828e05b'
  Name: 'Sediment'
  CreatedOn: '10-Mar-2020 04:00'
  LastModifiedOn: '10-Mar-2020 04:00'
  Hl7Code: 'SED^Sediment^99ROC'
  Oid: '2.16.840.1.113995.3.111.9.3.23'


ControlSet
  Id: 'ba3ed81e-fe35-4186-9cd1-cc8034c3faf5'
  Name: 'MTB RMC IVD'
  Version: '1.0.0'
  CreatedOn: '27-Aug-2024 03:23'
  LastModifiedOn: '27-Aug-2024 03:23'
  ControlType: 'Positive'
  MinFillLevel: '1.00e-006 m3 / 1000 ul'
  SapNumber: '9040587190'
  Controls:
    1: 'MTB (+) C'


ControlSet
  Id: '96d75535-2a56-4d70-91a7-83d84e9efe0e'
  Name: 'MAI RMC IVD'
  Version: '1.0.0'
  CreatedOn: '27-Aug-2024 03:47'
  LastModifiedOn: '27-Aug-2024 03:47'
  ControlType: 'Positive'
  MinFillLevel: '1.00e-006 m3 / 1000 ul'
  SapNumber: '9040609190'
  Controls:
    1: 'MAI (+) C'



PcrProcess
  Id: 'd549cab0-683a-479c-bb45-4bd33b143ab3'
  Name: 'x800 AD Process 2'
  Version: '1.0.0'
  CreatedOn: '06-Nov-2023 11:13'
  LastModifiedOn: '13-Nov-2023 10:33'
  ExecutionTime: '01:08:00'
  PcrTargets:
    Id: '1', FilterId: '1', TemperatureLevel: '1'
    Id: '2', FilterId: '2', TemperatureLevel: '1'
    Id: '3', FilterId: '3', TemperatureLevel: '1'
    Id: '4', FilterId: '4', TemperatureLevel: '1'
    Id: '5', FilterId: '5', TemperatureLevel: '1'



ReagentCarrier
  Id: 'c88786eb-7ef0-4386-87a9-f58a8b230817'
  Name: 'MTB-RIF/INH 192T'
  Version: '1.0.0'
  CreatedOn: '19-Sep-2024 03:34'
  LastModifiedOn: '19-Sep-2024 03:34'
  SapNumber: '9040617190'
  Containers:
    Position: '1', Name: 'MMX1', ReagentContainerType: 'Vessel14MilliLiter', MinFillLevel: '7.50e-006 m3 / 7500 ul', PipettingParameterFile: 'Name: 'STING_ReagentHead_MMx1Pipetting', Version: '1.4', Id: 'c3891a67-1bd2-48b4-adb4-c27fdfc418d8''
    Position: '2', Name: 'MMX2', ReagentContainerType: 'Vessel14MilliLiter', MinFillLevel: '9.70e-006 m3 / 9700 ul', PipettingParameterFile: 'Name: 'STING_ReagentHead_MMx2Pipetting', Version: '1.2', Id: '7035c72f-1e11-4571-9b72-f5e855b36f92''
    Position: '3', Name: 'ElutionReagent', ReagentContainerType: 'Vessel34MilliLiter', MinFillLevel: '2.12e-005 m3 / 21200 ul', PipettingParameterFile: 'Name: 'STING_ReagentHead_EBPipetting', Version: '1.2', Id: '6538724d-1f36-43e2-bd8d-52bca4738b3f''
    Position: '4', Name: 'ICIQS', ReagentContainerType: 'Vessel34MilliLiter', MinFillLevel: '2.12e-005 m3 / 21200 ul', PipettingParameterFile: 'Name: 'STING_ReagentHead_ICPipetting', Version: '1.2', Id: '95115586-3c2d-4166-9fe7-afca6753a753''
    Position: '5', Name: 'Protease', ReagentContainerType: 'Vessel34MilliLiter', MinFillLevel: '2.23e-005 m3 / 22300 ul', PipettingParameterFile: 'Name: 'STING_ReagentHead_PASEPipetting_Freedispense', Version: '2.2', Id: 'cee04257-7a87-48bc-b9e3-3b58c5af1d31''


ReagentCarrier
  Id: '43fceed0-664a-49f5-803e-b312f177bf87'
  Name: 'MTB-RIF/INH 192T EXT'
  Version: '1.0.0'
  CreatedOn: '19-Sep-2024 03:35'
  LastModifiedOn: '19-Sep-2024 03:35'
  SapNumber: '10248718190'
  Containers:
    Position: '1', Name: 'MMX1', ReagentContainerType: 'Vessel14MilliLiter', MinFillLevel: '7.50e-006 m3 / 7500 ul', PipettingParameterFile: 'Name: 'STING_ReagentHead_MMx1Pipetting', Version: '1.4', Id: 'c3891a67-1bd2-48b4-adb4-c27fdfc418d8''
    Position: '2', Name: 'MMX2', ReagentContainerType: 'Vessel14MilliLiter', MinFillLevel: '9.70e-006 m3 / 9700 ul', PipettingParameterFile: 'Name: 'STING_ReagentHead_MMx2Pipetting', Version: '1.2', Id: '7035c72f-1e11-4571-9b72-f5e855b36f92''
    Position: '3', Name: 'ElutionReagent', ReagentContainerType: 'Vessel34MilliLiter', MinFillLevel: '2.12e-005 m3 / 21200 ul', PipettingParameterFile: 'Name: 'STING_ReagentHead_EBPipetting', Version: '1.2', Id: '6538724d-1f36-43e2-bd8d-52bca4738b3f''
    Position: '4', Name: 'ICIQS', ReagentContainerType: 'Vessel34MilliLiter', MinFillLevel: '2.12e-005 m3 / 21200 ul', PipettingParameterFile: 'Name: 'STING_ReagentHead_ICPipetting', Version: '1.2', Id: '95115586-3c2d-4166-9fe7-afca6753a753''
    Position: '5', Name: 'Protease', ReagentContainerType: 'Vessel34MilliLiter', MinFillLevel: '2.23e-005 m3 / 22300 ul', PipettingParameterFile: 'Name: 'STING_ReagentHead_PASEPipetting_Freedispense', Version: '2.2', Id: 'cee04257-7a87-48bc-b9e3-3b58c5af1d31''


ReagentCarrier
  Id: '03a44939-f61a-4fb3-9ad3-b336bc2fc6e5'
  Name: 'MTB 384T'
  Version: '1.0.0'
  CreatedOn: '27-Aug-2024 03:24'
  LastModifiedOn: '27-Aug-2024 03:24'
  SapNumber: '9040579190'
  Containers:
    Position: '1', Name: 'MMX1', ReagentContainerType: 'Vessel34MilliLiter', MinFillLevel: '1.45e-005 m3 / 14500 ul', PipettingParameterFile: 'Name: 'STING_ReagentHead_MMx1Pipetting', Version: '1.4', Id: 'c3891a67-1bd2-48b4-adb4-c27fdfc418d8''
    Position: '2', Name: 'MMX2', ReagentContainerType: 'Vessel34MilliLiter', MinFillLevel: '1.75e-005 m3 / 17500 ul', PipettingParameterFile: 'Name: 'STING_ReagentHead_MMx2Pipetting', Version: '1.2', Id: '7035c72f-1e11-4571-9b72-f5e855b36f92''
    Position: '3', Name: 'ElutionReagent', ReagentContainerType: 'Vessel54MilliLiter', MinFillLevel: '3.80e-005 m3 / 38000 ul', PipettingParameterFile: 'Name: 'STING_ReagentHead_EBPipetting', Version: '1.2', Id: '6538724d-1f36-43e2-bd8d-52bca4738b3f''
    Position: '4', Name: 'ICIQS', ReagentContainerType: 'Vessel54MilliLiter', MinFillLevel: '3.80e-005 m3 / 38000 ul', PipettingParameterFile: 'Name: 'STING_ReagentHead_ICPipetting', Version: '1.2', Id: '95115586-3c2d-4166-9fe7-afca6753a753''
    Position: '5', Name: 'Protease', ReagentContainerType: 'Vessel54MilliLiter', MinFillLevel: '3.80e-005 m3 / 38000 ul', PipettingParameterFile: 'Name: 'STING_ReagentHead_PASEPipetting_Freedispense', Version: '2.2', Id: 'cee04257-7a87-48bc-b9e3-3b58c5af1d31''


ReagentCarrier
  Id: '5c988d23-f806-42d4-878e-bf9c4022cec4'
  Name: 'MTB 384T EXT'
  Version: '1.0.0'
  CreatedOn: '27-Aug-2024 03:25'
  LastModifiedOn: '27-Aug-2024 03:25'
  SapNumber: '10248661190'
  Containers:
    Position: '1', Name: 'MMX1', ReagentContainerType: 'Vessel34MilliLiter', MinFillLevel: '1.45e-005 m3 / 14500 ul', PipettingParameterFile: 'Name: 'STING_ReagentHead_MMx1Pipetting', Version: '1.4', Id: 'c3891a67-1bd2-48b4-adb4-c27fdfc418d8''
    Position: '2', Name: 'MMX2', ReagentContainerType: 'Vessel34MilliLiter', MinFillLevel: '1.75e-005 m3 / 17500 ul', PipettingParameterFile: 'Name: 'STING_ReagentHead_MMx2Pipetting', Version: '1.2', Id: '7035c72f-1e11-4571-9b72-f5e855b36f92''
    Position: '3', Name: 'ElutionReagent', ReagentContainerType: 'Vessel54MilliLiter', MinFillLevel: '3.80e-005 m3 / 38000 ul', PipettingParameterFile: 'Name: 'STING_ReagentHead_EBPipetting', Version: '1.2', Id: '6538724d-1f36-43e2-bd8d-52bca4738b3f''
    Position: '4', Name: 'ICIQS', ReagentContainerType: 'Vessel54MilliLiter', MinFillLevel: '3.80e-005 m3 / 38000 ul', PipettingParameterFile: 'Name: 'STING_ReagentHead_ICPipetting', Version: '1.2', Id: '95115586-3c2d-4166-9fe7-afca6753a753''
    Position: '5', Name: 'Protease', ReagentContainerType: 'Vessel54MilliLiter', MinFillLevel: '3.80e-005 m3 / 38000 ul', PipettingParameterFile: 'Name: 'STING_ReagentHead_PASEPipetting_Freedispense', Version: '2.2', Id: 'cee04257-7a87-48bc-b9e3-3b58c5af1d31''


ReagentCarrier
  Id: '4c5cb5ff-afa2-4c19-96a0-970cdf4b3d7c'
  Name: 'MAI 384T'
  Version: '1.0.0'
  CreatedOn: '27-Aug-2024 03:48'
  LastModifiedOn: '27-Aug-2024 03:48'
  SapNumber: '9040595190'
  Containers:
    Position: '1', Name: 'MMX1', ReagentContainerType: 'Vessel34MilliLiter', MinFillLevel: '1.45e-005 m3 / 14500 ul', PipettingParameterFile: 'Name: 'STING_ReagentHead_MMx1Pipetting', Version: '1.4', Id: 'c3891a67-1bd2-48b4-adb4-c27fdfc418d8''
    Position: '2', Name: 'MMX2', ReagentContainerType: 'Vessel34MilliLiter', MinFillLevel: '1.75e-005 m3 / 17500 ul', PipettingParameterFile: 'Name: 'STING_ReagentHead_MMx2Pipetting', Version: '1.2', Id: '7035c72f-1e11-4571-9b72-f5e855b36f92''
    Position: '3', Name: 'ElutionReagent', ReagentContainerType: 'Vessel54MilliLiter', MinFillLevel: '3.80e-005 m3 / 38000 ul', PipettingParameterFile: 'Name: 'STING_ReagentHead_EBPipetting', Version: '1.2', Id: '6538724d-1f36-43e2-bd8d-52bca4738b3f''
    Position: '4', Name: 'ICIQS', ReagentContainerType: 'Vessel54MilliLiter', MinFillLevel: '3.80e-005 m3 / 38000 ul', PipettingParameterFile: 'Name: 'STING_ReagentHead_ICPipetting', Version: '1.2', Id: '95115586-3c2d-4166-9fe7-afca6753a753''
    Position: '5', Name: 'Protease', ReagentContainerType: 'Vessel54MilliLiter', MinFillLevel: '3.80e-005 m3 / 38000 ul', PipettingParameterFile: 'Name: 'STING_ReagentHead_PASEPipetting_Freedispense', Version: '2.2', Id: 'cee04257-7a87-48bc-b9e3-3b58c5af1d31''


ReagentCarrier
  Id: '9008167a-e346-4ede-886e-c34dba846ad0'
  Name: 'MAI 384T EXT'
  Version: '1.0.0'
  CreatedOn: '27-Aug-2024 03:49'
  LastModifiedOn: '27-Aug-2024 03:49'
  SapNumber: '10248726190'
  Containers:
    Position: '1', Name: 'MMX1', ReagentContainerType: 'Vessel34MilliLiter', MinFillLevel: '1.45e-005 m3 / 14500 ul', PipettingParameterFile: 'Name: 'STING_ReagentHead_MMx1Pipetting', Version: '1.4', Id: 'c3891a67-1bd2-48b4-adb4-c27fdfc418d8''
    Position: '2', Name: 'MMX2', ReagentContainerType: 'Vessel34MilliLiter', MinFillLevel: '1.75e-005 m3 / 17500 ul', PipettingParameterFile: 'Name: 'STING_ReagentHead_MMx2Pipetting', Version: '1.2', Id: '7035c72f-1e11-4571-9b72-f5e855b36f92''
    Position: '3', Name: 'ElutionReagent', ReagentContainerType: 'Vessel54MilliLiter', MinFillLevel: '3.80e-005 m3 / 38000 ul', PipettingParameterFile: 'Name: 'STING_ReagentHead_EBPipetting', Version: '1.2', Id: '6538724d-1f36-43e2-bd8d-52bca4738b3f''
    Position: '4', Name: 'ICIQS', ReagentContainerType: 'Vessel54MilliLiter', MinFillLevel: '3.80e-005 m3 / 38000 ul', PipettingParameterFile: 'Name: 'STING_ReagentHead_ICPipetting', Version: '1.2', Id: '95115586-3c2d-4166-9fe7-afca6753a753''
    Position: '5', Name: 'Protease', ReagentContainerType: 'Vessel54MilliLiter', MinFillLevel: '3.80e-005 m3 / 38000 ul', PipettingParameterFile: 'Name: 'STING_ReagentHead_PASEPipetting_Freedispense', Version: '2.2', Id: 'cee04257-7a87-48bc-b9e3-3b58c5af1d31''



TransferProcess
  Id: 'e006de7b-3ad7-4fe2-b3b2-3881ac6af094'
  Name: 'MTB-RIF/INH RMC IVD'
  Version: '1.0.0'
  CreatedOn: '19-Sep-2024 03:32'
  LastModifiedOn: '19-Sep-2024 03:32'
  Transfers:
    MediaType: 'MTB-RIF/INH RMC IVD', Id: 'e006de7b-3ad7-4fe2-b3b2-3881ac6af094', TransferVolume: '8.50e-007 m3 / 850 ul', WarmAndDryConditionLowerTemperatureLimit: '0', WarmAndDryConditionUpperHumidityLimit: '0', NormalConditionPPF: 'Name: 'SampleHead_CMR', Version: '2.1', Id: '0d580f62-fa68-440e-9ab6-c1e41dd638ce'', WarmAndDryConditionPPF: 'n/a'


TransferProcess
  Id: '54da66c7-e44d-4a20-ac86-b50071b6a5e3'
  Name: 'BUFF NEG RMC IVD'
  Version: '10.0.0'
  CreatedOn: '26-Oct-2023 09:41'
  LastModifiedOn: '26-Oct-2023 09:41'
  Transfers:
    MediaType: 'BUFF NEG RMC IVD', Id: '54da66c7-e44d-4a20-ac86-b50071b6a5e3', TransferVolume: '8.50e-007 m3 / 850 ul', WarmAndDryConditionLowerTemperatureLimit: '0', WarmAndDryConditionUpperHumidityLimit: '0', NormalConditionPPF: 'Name: 'SampleHead_CMR', Version: '2.1', Id: '0d580f62-fa68-440e-9ab6-c1e41dd638ce'', WarmAndDryConditionPPF: 'n/a'
    MediaType: 'BUFF NEG RMC IVD', Id: '54da66c7-e44d-4a20-ac86-b50071b6a5e3', TransferVolume: '5.00e-007 m3 / 500 ul', WarmAndDryConditionLowerTemperatureLimit: '0', WarmAndDryConditionUpperHumidityLimit: '0', NormalConditionPPF: 'Name: 'SampleHead_CMR', Version: '2.1', Id: '0d580f62-fa68-440e-9ab6-c1e41dd638ce'', WarmAndDryConditionPPF: 'n/a'
    MediaType: 'BUFF NEG RMC IVD', Id: '54da66c7-e44d-4a20-ac86-b50071b6a5e3', TransferVolume: '4.00e-007 m3 / 400 ul', WarmAndDryConditionLowerTemperatureLimit: '0', WarmAndDryConditionUpperHumidityLimit: '0', NormalConditionPPF: 'Name: 'SampleHead_CMR', Version: '2.1', Id: '0d580f62-fa68-440e-9ab6-c1e41dd638ce'', WarmAndDryConditionPPF: 'n/a'


TransferProcess
  Id: 'ed01eb86-023e-4d38-996c-173811b446b7'
  Name: 'ST Raw sputum'
  Version: '10.0'
  CreatedOn: '26-Oct-2023 07:52'
  LastModifiedOn: '02-Nov-2023 10:34'
  Transfers:
    MediaType: 'Raw sputum', Id: '5f3e568b-bb3d-4df5-aaf5-ec6906868bc5', TransferVolume: '8.50e-007 m3 / 850 ul', WarmAndDryConditionLowerTemperatureLimit: '27', WarmAndDryConditionUpperHumidityLimit: '30', NormalConditionPPF: 'Name: 'SampleHead_RawSputum', Version: '1.5', Id: '922aff24-f7a7-4173-a432-c3af23b4e421'', WarmAndDryConditionPPF: 'Name: 'SampleHead_RawSputum', Version: '1.5', Id: '922aff24-f7a7-4173-a432-c3af23b4e421''


TransferProcess
  Id: 'd8cfa2f3-16f8-4a15-83fc-1e57c06ad665'
  Name: 'ST Sediment'
  Version: '10.0'
  CreatedOn: '26-Oct-2023 08:01'
  LastModifiedOn: '02-Nov-2023 10:33'
  Transfers:
    MediaType: 'Sediment', Id: 'a6808204-e341-41a5-9f43-4e980828e05b', TransferVolume: '8.50e-007 m3 / 850 ul', WarmAndDryConditionLowerTemperatureLimit: '27', WarmAndDryConditionUpperHumidityLimit: '30', NormalConditionPPF: 'Name: 'SampleHead_Sediment', Version: '1.4', Id: 'ffca514a-9a82-4123-aacc-1de91c8b16fb'', WarmAndDryConditionPPF: 'Name: 'SampleHead_Sediment', Version: '1.4', Id: 'ffca514a-9a82-4123-aacc-1de91c8b16fb''


TransferProcess
  Id: 'ba3ed81e-fe35-4186-9cd1-cc8034c3faf5'
  Name: 'MTB RMC IVD'
  Version: '1.0.0'
  CreatedOn: '27-Aug-2024 03:23'
  LastModifiedOn: '27-Aug-2024 03:23'
  Transfers:
    MediaType: 'MTB RMC IVD', Id: 'ba3ed81e-fe35-4186-9cd1-cc8034c3faf5', TransferVolume: '8.50e-007 m3 / 850 ul', WarmAndDryConditionLowerTemperatureLimit: '0', WarmAndDryConditionUpperHumidityLimit: '0', NormalConditionPPF: 'Name: 'SampleHead_CMR', Version: '2.1', Id: '0d580f62-fa68-440e-9ab6-c1e41dd638ce'', WarmAndDryConditionPPF: 'n/a'


TransferProcess
  Id: '96d75535-2a56-4d70-91a7-83d84e9efe0e'
  Name: 'MAI RMC IVD'
  Version: '1.0.0'
  CreatedOn: '27-Aug-2024 03:47'
  LastModifiedOn: '27-Aug-2024 03:47'
  Transfers:
    MediaType: 'MAI RMC IVD', Id: '96d75535-2a56-4d70-91a7-83d84e9efe0e', TransferVolume: '8.50e-007 m3 / 850 ul', WarmAndDryConditionLowerTemperatureLimit: '0', WarmAndDryConditionUpperHumidityLimit: '0', NormalConditionPPF: 'Name: 'SampleHead_CMR', Version: '2.1', Id: '0d580f62-fa68-440e-9ab6-c1e41dd638ce'', WarmAndDryConditionPPF: 'n/a'



SamplePreparationProcess
  Id: 'a04ee5ad-8f3e-43c1-8008-8c6f038e79ee'
  Name: 'NC Generic Sample Preparation Process'
  Version: '4.0'
  CreatedOn: '05-Nov-2020 12:03'
  LastModifiedOn: '05-Nov-2020 12:20'
  ProcessExecutionTimeForOneCassette: '00:58:00'
  AdditionalProcessExecutionTimeForEachAdditionalCassette: '00:01:30'
  SealingTime: '00:00:01.2000000'
  DilutedProcessVolume: 'DefaultVolume: '8.50e-007 m3 / 850 ul', MinVolume: '1.00e-009 m3 / 1 ul', MaxVolume: '1.50e-006 m3 / 1500 ul''
  RequiredReagents:
    ReagentType: 'Lysis', VariableName: 'Lysis', SelectedVolume: '1.25e-006 m3 / 1250 ul', MinVolume: '1.00e-009 m3 / 1 ul', MaxVolume: '2.00e-006 m3 / 2000 ul', MaxAliquots: '6'
    ReagentType: 'WashReagent', VariableName: 'Wash buffer 1a', SelectedVolume: '9.00e-007 m3 / 900 ul', MinVolume: '1.00e-009 m3 / 1 ul', MaxVolume: '2.00e-006 m3 / 2000 ul', MaxAliquots: '6'
    ReagentType: 'WashReagent', VariableName: 'Wash buffer 1b', SelectedVolume: '1.50e-006 m3 / 1500 ul', MinVolume: '1.00e-009 m3 / 1 ul', MaxVolume: '2.00e-006 m3 / 2000 ul', MaxAliquots: '6'
    ReagentType: 'WashReagent', VariableName: 'Wash buffer 2', SelectedVolume: '2.00e-006 m3 / 2000 ul', MinVolume: '1.00e-009 m3 / 1 ul', MaxVolume: '2.50e-006 m3 / 2500 ul', MaxAliquots: '6'
    ReagentType: 'MGP', VariableName: 'MGP', SelectedVolume: '1.00e-007 m3 / 100 ul', MinVolume: '1.00e-009 m3 / 1 ul', MaxVolume: '1.50e-007 m3 / 150 ul', MaxAliquots: '6'
    ReagentType: 'ICIQS', VariableName: 'IC/QS', SelectedVolume: '5.00e-008 m3 / 50 ul', MinVolume: '0.00e+000 m3 / 0 ul', MaxVolume: '1.00e-007 m3 / 100 ul', MaxAliquots: '6'
    ReagentType: 'Protease', VariableName: 'Protease', SelectedVolume: '5.00e-008 m3 / 50 ul', MinVolume: '0.00e+000 m3 / 0 ul', MaxVolume: '1.00e-007 m3 / 100 ul', MaxAliquots: '6'
    ReagentType: 'ElutionReagent', VariableName: 'Elution Buffer', SelectedVolume: '5.00e-008 m3 / 50 ul', MinVolume: '0.00e+000 m3 / 0 ul', MaxVolume: '1.00e-007 m3 / 100 ul', MaxAliquots: '6'
    ReagentType: 'MMX2', VariableName: 'MasterMix2', SelectedVolume: '1.50e-008 m3 / 15 ul', MinVolume: '0.00e+000 m3 / 0 ul', MaxVolume: '5.00e-008 m3 / 50 ul', MaxAliquots: '6'
    ReagentType: 'MMX1', VariableName: 'MasterMix1', SelectedVolume: '1.00e-008 m3 / 10 ul', MinVolume: '0.00e+000 m3 / 0 ul', MaxVolume: '5.00e-008 m3 / 50 ul', MaxAliquots: '6'
  NeedleWashDefinitions:
    WashFluid: 'Lysis', VariableName: 'Lysis Wash-Reagent Pipetting', WashStation: 'Hazardous', NeedleWashFrequency: 'PerRun', UsageCount: '1', AirVolume: '0.00e+000 m3 / 0 ul', InnerWashVolume: '5.00e-008 m3 / 50 ul', OuterWashVolume: '0'
    WashFluid: 'Diluent', VariableName: 'Diluent Wash-Reagent Pipetting', WashStation: 'NonHazardous', NeedleWashFrequency: 'PerRun', UsageCount: '1', AirVolume: '0.00e+000 m3 / 0 ul', InnerWashVolume: '5.00e-006 m3 / 5000 ul', OuterWashVolume: '5000'
    WashFluid: 'WashReagent', VariableName: 'Wash Buffer-Reagent Pipetting', WashStation: 'NonHazardous', NeedleWashFrequency: 'PerRun', UsageCount: '2', AirVolume: '0.00e+000 m3 / 0 ul', InnerWashVolume: '0.00e+000 m3 / 0 ul', OuterWashVolume: '5000'
    WashFluid: 'WashReagent', VariableName: 'Wash Buffer-MGP Pipetting', WashStation: 'Hazardous', NeedleWashFrequency: 'PerRun', UsageCount: '1', AirVolume: '0.00e+000 m3 / 0 ul', InnerWashVolume: '1.50e-006 m3 / 1500 ul', OuterWashVolume: '5000'
    WashFluid: 'Lysis', VariableName: 'Lysis Wash-Lysis Pipetting', WashStation: 'Hazardous', NeedleWashFrequency: 'PerRun', UsageCount: '1', AirVolume: '0.00e+000 m3 / 0 ul', InnerWashVolume: '3.00e-006 m3 / 3000 ul', OuterWashVolume: '5000'
    WashFluid: 'WashReagent', VariableName: 'Wash-Buffer-Reagent Pipetting I', WashStation: 'Hazardous', NeedleWashFrequency: 'PerRun', UsageCount: '1', AirVolume: '2.00e-006 m3 / 2000 ul', InnerWashVolume: '5.00e-006 m3 / 5000 ul', OuterWashVolume: '5000'
    WashFluid: 'WashReagent', VariableName: 'Wash-Buffer-Pre-Lysis-Pipetting', WashStation: 'Hazardous', NeedleWashFrequency: 'PerRun', UsageCount: '1', AirVolume: '2.00e-006 m3 / 2000 ul', InnerWashVolume: '3.00e-006 m3 / 3000 ul', OuterWashVolume: '0'
    WashFluid: 'WashReagent', VariableName: 'Wash-Buffer-Wash-2', WashStation: 'NonHazardous', NeedleWashFrequency: 'PerRun', UsageCount: '3', AirVolume: '0.00e+000 m3 / 0 ul', InnerWashVolume: '0.00e+000 m3 / 0 ul', OuterWashVolume: '200'
    WashFluid: 'WashReagent', VariableName: 'SpecDil Prepare', WashStation: 'Hazardous', NeedleWashFrequency: 'PerRun', UsageCount: '1', AirVolume: '2.00e-006 m3 / 2000 ul', InnerWashVolume: '3.00e-006 m3 / 3000 ul', OuterWashVolume: '0'
    WashFluid: 'WashReagent', VariableName: 'Wash-IC/QS Pipetting', WashStation: 'NonHazardous', NeedleWashFrequency: 'PerCassette', UsageCount: '1', AirVolume: '0.00e+000 m3 / 0 ul', InnerWashVolume: '1.50e-006 m3 / 1500 ul', OuterWashVolume: '1500'
    WashFluid: 'WashReagent', VariableName: 'Wash-Pase Pipetting', WashStation: 'Hazardous', NeedleWashFrequency: 'PerCassette', UsageCount: '1', AirVolume: '0.00e+000 m3 / 0 ul', InnerWashVolume: '1.50e-006 m3 / 1500 ul', OuterWashVolume: '1500'
    WashFluid: 'WashReagent', VariableName: 'Wash-EB Pipetting', WashStation: 'NonHazardous', NeedleWashFrequency: 'PerCassette', UsageCount: '1', AirVolume: '0.00e+000 m3 / 0 ul', InnerWashVolume: '1.50e-006 m3 / 1500 ul', OuterWashVolume: '5000'
    WashFluid: 'WashReagent', VariableName: 'Wash-MMX Pipetting', WashStation: 'NonHazardous', NeedleWashFrequency: 'PerCassette', UsageCount: '2', AirVolume: '0.00e+000 m3 / 0 ul', InnerWashVolume: '1.50e-006 m3 / 1500 ul', OuterWashVolume: '5000'
    WashFluid: 'Lysis', VariableName: 'Wash Buffer-Lysis Pipetting', WashStation: 'Hazardous', NeedleWashFrequency: 'PerRun', UsageCount: '1', WashVolume: '1.33e-006 m3 / 1330 ul', AirVolume: '2.00e-007 m3 / 200 ul', WashSegmentVolume: '2.00e-007 m3 / 200 ul', NumberOfWashSegments: '3'
  PipettingParameterFiles:
    Name: 'STING_ProcessHead_LysisMix', Version: '1.3', Id: 'd49e8732-2028-4264-918f-c520278f02f6'
    Name: 'STING_ProcessHead_WashPipMix', Version: '2.8', Id: '5ba50fc9-bbbd-4dee-ab3e-d98540d8d925'
    Name: 'STING_ProcessHead_WashPipMix_Leakage_test', Version: '0.6', Id: '49ba4bd0-b7eb-4332-a6e6-a5dcaf8046ee'
    Name: 'STING_ProcessHead_EluateIncubationMix', Version: '1.1', Id: '8fb9fb21-1537-44bb-912c-62d9a3df9ed7'
    Name: 'STING_ReagentHead_MMx1Pipetting', Version: '1.4', Id: 'c3891a67-1bd2-48b4-adb4-c27fdfc418d8'
    Name: 'STING_ProcessHead_EluateTransferMix', Version: '2.0', Id: '7068762c-0ed7-4e5b-890f-f75c04a8211a'



CalculationPackage
  Id: '1372e566-dfcf-4cc2-98a0-3935f93f94f8'
  Name: 'MTBRIFINH x800'
  Version: '1.1.0.20009'
  CreatedOn: '29-Aug-2024 08:51'
  LastModifiedOn: '29-Aug-2024 08:51'
  FileName: 'X800.Calculator.MTBRIFINH_1.1.0.20009.zip'


CalculationPackage
  Id: '1a86c2b0-9b51-4ae8-9fa1-7daf267fffcc'
  Name: 'MTB x800'
  Version: '1.2.0.20003'
  CreatedOn: '03-Jun-2024 01:39'
  LastModifiedOn: '03-Jun-2024 01:34'
  FileName: 'X800.Calculator.MTB_1.2.0.20003.zip'


CalculationPackage
  Id: 'c8e41adc-4c70-48fc-a721-45dca7a87130'
  Name: 'MAI x800'
  Version: '1.1.0.20003'
  CreatedOn: '25-Jul-2024 07:44'
  LastModifiedOn: '25-Jul-2024 07:42'
  FileName: 'X800.Calculator.MAI_1.1.0.20003.zip'



Assay
  Id: 'cedb8eee-7bd5-4519-8627-5dfd077fcd03'
  Name: 'x800 MTB-RIF/INH'
  Version: '1.1.0'
  Description: 'TDT 1.0.2.1 / ACT 1.0.2.6 (RC-05)'
  CreatedOn: '19-Sep-2024 03:36'
  LastModifiedOn: '19-Sep-2024 03:37'
  AssayType: 'Conventional'
  AsapFileName: 'x800 MTB-RIF-INH'
  PackageType:'Asap'

  ControlTransferProcessAssignments:
    MediaType: 'Name: 'MTB-RIF/INH RMC IVD, Id: 'e006de7b-3ad7-4fe2-b3b2-3881ac6af094''
    TransferProcess: 'Name: 'MTB-RIF/INH RMC IVD', Version: '1.0.0', Id: 'e006de7b-3ad7-4fe2-b3b2-3881ac6af094''
    TransferVolume: '8.50e-007 m3 / 850 ul'
    DilutionFactor: '1'
    
    MediaType: 'Name: 'BUFF NEG RMC IVD, Id: '54da66c7-e44d-4a20-ac86-b50071b6a5e3''
    TransferProcess: 'Name: 'BUFF NEG RMC IVD', Version: '10.0.0', Id: '54da66c7-e44d-4a20-ac86-b50071b6a5e3''
    TransferVolume: '8.50e-007 m3 / 850 ul'
    DilutionFactor: '1'
    
  SampleTransferProcessAssignments:
    MediaType: 'Name: 'Raw sputum, Id: '5f3e568b-bb3d-4df5-aaf5-ec6906868bc5''
    TransferProcess: 'Name: 'ST Raw sputum', Version: '10.0', Id: 'ed01eb86-023e-4d38-996c-173811b446b7''
    TransferVolume: '8.50e-007 m3 / 850 ul'
    DilutionFactor: '1'
    
    MediaType: 'Name: 'Sediment, Id: 'a6808204-e341-41a5-9f43-4e980828e05b''
    TransferProcess: 'Name: 'ST Sediment', Version: '10.0', Id: 'd8cfa2f3-16f8-4a15-83fc-1e57c06ad665''
    TransferVolume: '8.50e-007 m3 / 850 ul'
    DilutionFactor: '1'
    
  SamplePreparationProcessAssignment:
    SamplePreparationProcess: 'Name: 'NC Generic Sample Preparation Process', Version: '4.0', Id: 'a04ee5ad-8f3e-43c1-8008-8c6f038e79ee''
    DilutedProcessVolumeParameter: '8.50e-007 m3 / 850 ul'
    
    ReagentCassetteAssignments:
        Name: 'MTB-RIF/INH 192T', Version: '1.0.0', Id: 'c88786eb-7ef0-4386-87a9-f58a8b230817'
        Name: 'MTB-RIF/INH 192T EXT', Version: '1.0.0', Id: '43fceed0-664a-49f5-803e-b312f177bf87'
    
    PipettingVolumeParameters:
        Name: 'Lysis', Volume: '1.25e-006 m3 / 1250 ul'
        Name: 'Wash buffer 1a', Volume: '9.00e-007 m3 / 900 ul'
        Name: 'Wash buffer 1b', Volume: '1.50e-006 m3 / 1500 ul'
        Name: 'Wash buffer 2', Volume: '2.00e-006 m3 / 2000 ul'
        Name: 'MGP', Volume: '1.00e-007 m3 / 100 ul'
        Name: 'IC/QS', Volume: '5.00e-008 m3 / 50 ul'
        Name: 'Protease', Volume: '5.00e-008 m3 / 50 ul'
        Name: 'Elution Buffer', Volume: '5.00e-008 m3 / 50 ul'
        Name: 'MasterMix2', Volume: '1.50e-008 m3 / 15 ul'
        Name: 'MasterMix1', Volume: '1.00e-008 m3 / 10 ul'
    
  PcrProcessAssignment:
    PcrProcess: 'Name: 'x800 AD Process 2', Version: '1.0.0', Id: 'd549cab0-683a-479c-bb45-4bd33b143ab3'
    
    CalculationPackage: 'Name: 'MTBRIFINH x800', Version: '1.1.0.20009', Id: '1372e566-dfcf-4cc2-98a0-3935f93f94f8''
    
    AssayPcrTargets:
        Id: '1', TargetName: 'INH'
        Id: '2', TargetName: 'RIF1'
        Id: '3', TargetName: 'RIF2'
        Id: '4', TargetName: 'RIF3'
        Id: '5', TargetName: ''
    
    

Assay
  Id: '7a214f38-d555-4417-b943-4d2cf80728e7'
  Name: 'x800 MTB'
  Version: '1.1.0'
  Description: 'TDT 1.0.2.1 / ACT 1.0.2.6 (RC-05)'
  CreatedOn: '27-Aug-2024 03:26'
  LastModifiedOn: '27-Aug-2024 03:27'
  AssayType: 'Conventional'
  AsapFileName: 'x800 MTB'
  PackageType:'Asap'

  ControlTransferProcessAssignments:
    MediaType: 'Name: 'MTB RMC IVD, Id: 'ba3ed81e-fe35-4186-9cd1-cc8034c3faf5''
    TransferProcess: 'Name: 'MTB RMC IVD', Version: '1.0.0', Id: 'ba3ed81e-fe35-4186-9cd1-cc8034c3faf5''
    TransferVolume: '8.50e-007 m3 / 850 ul'
    DilutionFactor: '1'
    
    MediaType: 'Name: 'BUFF NEG RMC IVD, Id: '54da66c7-e44d-4a20-ac86-b50071b6a5e3''
    TransferProcess: 'Name: 'BUFF NEG RMC IVD', Version: '10.0.0', Id: '54da66c7-e44d-4a20-ac86-b50071b6a5e3''
    TransferVolume: '8.50e-007 m3 / 850 ul'
    DilutionFactor: '1'
    
  SampleTransferProcessAssignments:
    MediaType: 'Name: 'Raw sputum, Id: '5f3e568b-bb3d-4df5-aaf5-ec6906868bc5''
    TransferProcess: 'Name: 'ST Raw sputum', Version: '10.0', Id: 'ed01eb86-023e-4d38-996c-173811b446b7''
    TransferVolume: '8.50e-007 m3 / 850 ul'
    DilutionFactor: '1'
    
    MediaType: 'Name: 'Sediment, Id: 'a6808204-e341-41a5-9f43-4e980828e05b''
    TransferProcess: 'Name: 'ST Sediment', Version: '10.0', Id: 'd8cfa2f3-16f8-4a15-83fc-1e57c06ad665''
    TransferVolume: '8.50e-007 m3 / 850 ul'
    DilutionFactor: '1'
    
  SamplePreparationProcessAssignment:
    SamplePreparationProcess: 'Name: 'NC Generic Sample Preparation Process', Version: '4.0', Id: 'a04ee5ad-8f3e-43c1-8008-8c6f038e79ee''
    DilutedProcessVolumeParameter: '8.50e-007 m3 / 850 ul'
    
    ReagentCassetteAssignments:
        Name: 'MTB 384T', Version: '1.0.0', Id: '03a44939-f61a-4fb3-9ad3-b336bc2fc6e5'
        Name: 'MTB 384T EXT', Version: '1.0.0', Id: '5c988d23-f806-42d4-878e-bf9c4022cec4'
    
    PipettingVolumeParameters:
        Name: 'Lysis', Volume: '1.25e-006 m3 / 1250 ul'
        Name: 'Wash buffer 1a', Volume: '9.00e-007 m3 / 900 ul'
        Name: 'Wash buffer 1b', Volume: '1.50e-006 m3 / 1500 ul'
        Name: 'Wash buffer 2', Volume: '2.00e-006 m3 / 2000 ul'
        Name: 'MGP', Volume: '1.00e-007 m3 / 100 ul'
        Name: 'IC/QS', Volume: '5.00e-008 m3 / 50 ul'
        Name: 'Protease', Volume: '5.00e-008 m3 / 50 ul'
        Name: 'Elution Buffer', Volume: '5.00e-008 m3 / 50 ul'
        Name: 'MasterMix2', Volume: '1.50e-008 m3 / 15 ul'
        Name: 'MasterMix1', Volume: '1.00e-008 m3 / 10 ul'
    
  PcrProcessAssignment:
    PcrProcess: 'Name: 'x800 AD Process 2', Version: '1.0.0', Id: 'd549cab0-683a-479c-bb45-4bd33b143ab3'
    
    CalculationPackage: 'Name: 'MTB x800', Version: '1.2.0.20003', Id: '1a86c2b0-9b51-4ae8-9fa1-7daf267fffcc''
    
    AssayPcrTargets:
        Id: '1', TargetName: ''
        Id: '2', TargetName: 'MTB'
        Id: '3', TargetName: ''
        Id: '4', TargetName: ''
        Id: '5', TargetName: ''
    
    

Assay
  Id: '388a4773-e177-4577-a25e-4b3296fde96a'
  Name: 'x800 MAI'
  Version: '1.1.0'
  Description: 'TDT 1.0.2.1 / ACT 1.0.2.6 (RC-05)'
  CreatedOn: '27-Aug-2024 03:50'
  LastModifiedOn: '27-Aug-2024 03:51'
  AssayType: 'Conventional'
  AsapFileName: 'x800 MAI'
  PackageType:'Asap'

  ControlTransferProcessAssignments:
    MediaType: 'Name: 'MAI RMC IVD, Id: '96d75535-2a56-4d70-91a7-83d84e9efe0e''
    TransferProcess: 'Name: 'MAI RMC IVD', Version: '1.0.0', Id: '96d75535-2a56-4d70-91a7-83d84e9efe0e''
    TransferVolume: '8.50e-007 m3 / 850 ul'
    DilutionFactor: '1'
    
    MediaType: 'Name: 'BUFF NEG RMC IVD, Id: '54da66c7-e44d-4a20-ac86-b50071b6a5e3''
    TransferProcess: 'Name: 'BUFF NEG RMC IVD', Version: '10.0.0', Id: '54da66c7-e44d-4a20-ac86-b50071b6a5e3''
    TransferVolume: '8.50e-007 m3 / 850 ul'
    DilutionFactor: '1'
    
  SampleTransferProcessAssignments:
    MediaType: 'Name: 'Raw sputum, Id: '5f3e568b-bb3d-4df5-aaf5-ec6906868bc5''
    TransferProcess: 'Name: 'ST Raw sputum', Version: '10.0', Id: 'ed01eb86-023e-4d38-996c-173811b446b7''
    TransferVolume: '8.50e-007 m3 / 850 ul'
    DilutionFactor: '1'
    
    MediaType: 'Name: 'Sediment, Id: 'a6808204-e341-41a5-9f43-4e980828e05b''
    TransferProcess: 'Name: 'ST Sediment', Version: '10.0', Id: 'd8cfa2f3-16f8-4a15-83fc-1e57c06ad665''
    TransferVolume: '8.50e-007 m3 / 850 ul'
    DilutionFactor: '1'
    
  SamplePreparationProcessAssignment:
    SamplePreparationProcess: 'Name: 'NC Generic Sample Preparation Process', Version: '4.0', Id: 'a04ee5ad-8f3e-43c1-8008-8c6f038e79ee''
    DilutedProcessVolumeParameter: '8.50e-007 m3 / 850 ul'
    
    ReagentCassetteAssignments:
        Name: 'MAI 384T', Version: '1.0.0', Id: '4c5cb5ff-afa2-4c19-96a0-970cdf4b3d7c'
        Name: 'MAI 384T EXT', Version: '1.0.0', Id: '9008167a-e346-4ede-886e-c34dba846ad0'
    
    PipettingVolumeParameters:
        Name: 'Lysis', Volume: '1.25e-006 m3 / 1250 ul'
        Name: 'Wash buffer 1a', Volume: '9.00e-007 m3 / 900 ul'
        Name: 'Wash buffer 1b', Volume: '1.50e-006 m3 / 1500 ul'
        Name: 'Wash buffer 2', Volume: '2.00e-006 m3 / 2000 ul'
        Name: 'MGP', Volume: '1.00e-007 m3 / 100 ul'
        Name: 'IC/QS', Volume: '5.00e-008 m3 / 50 ul'
        Name: 'Protease', Volume: '5.00e-008 m3 / 50 ul'
        Name: 'Elution Buffer', Volume: '5.00e-008 m3 / 50 ul'
        Name: 'MasterMix2', Volume: '1.50e-008 m3 / 15 ul'
        Name: 'MasterMix1', Volume: '1.00e-008 m3 / 10 ul'
    
  PcrProcessAssignment:
    PcrProcess: 'Name: 'x800 AD Process 2', Version: '1.0.0', Id: 'd549cab0-683a-479c-bb45-4bd33b143ab3'
    
    CalculationPackage: 'Name: 'MAI x800', Version: '1.1.0.20003', Id: 'c8e41adc-4c70-48fc-a721-45dca7a87130''
    
    AssayPcrTargets:
        Id: '1', TargetName: ''
        Id: '2', TargetName: 'MIN'
        Id: '3', TargetName: 'MAV'
        Id: '4', TargetName: ''
        Id: '5', TargetName: ''
    
    



[EOL]
[2026-09-30 11:41:11.743Z][CA][INF][Logger:Roche.X800.TestDefinitionData.Instrument.TestDefinitionDataInstrumentConfigurator][Thread:6]TestDefinitionData.Instrument successfully loaded[EOL]
[2026-09-30 11:41:11.743Z][CA][INF][Logger:Roche.Sting.Calculation.Host.Configuration.ConfigurationExtensions][Thread:6]Starting CalculationHost ...[EOL]
[2026-09-30 11:41:11.744Z][CA][INF][Logger:Roche.Sting.Calculation.Host.Configuration.CalculationHostModule][Thread:6]Starting module 'CalculationHostModule' ...[EOL]
[2026-09-30 11:41:11.744Z][CA][INF][Logger:Roche.Sting.Calculation.Host.Configuration.CalculationHostModule][Thread:6]Starting up submodules of 'CalculationHostModule' ...[EOL]
[2026-09-30 11:41:11.744Z][CA][INF][Logger:Roche.Sting.Calculation.Host.Docker.DockerModule][Thread:6]Starting up submodules of 'DockerModule' ...[EOL]
[2026-09-30 11:41:11.744Z][CA][INF][Logger:Roche.Sting.Calculation.Host.Docker.DockerModule][Thread:6]Submodules of 'DockerModule' successfully started[EOL]
[2026-09-30 11:41:11.744Z][CA][INF][Logger:Roche.Sting.Calculation.Host.RunnerManagement.RunnerManagementModule][Thread:6]Starting up submodules of 'RunnerManagementModule' ...[EOL]
[2026-09-30 11:41:11.744Z][CA][INF][Logger:Roche.Sting.Calculation.Host.RunnerManagement.RunnerManagementModule][Thread:6]Submodules of 'RunnerManagementModule' successfully started[EOL]
[2026-09-30 11:41:11.744Z][CA][INF][Logger:Roche.Sting.Calculation.Host.Configuration.CalculationHostModule][Thread:6]Submodules of 'CalculationHostModule' successfully started[EOL]
[2026-09-30 11:41:11.759Z][CA][INF][Logger:Roche.Sting.Calculation.Host.RunnerManagement.CalculationRunnerImagesBuilder][Thread:6]Starting 'CalculationRunnerImagesBuilder' ...[EOL]
[2026-09-30 11:41:11.761Z][CA][INF][Logger:Roche.Sting.Calculation.Host.RunnerManagement.CalculationRunnerImagesBuilder][Thread:6]Going to build all CalculationRunner images with RootDirectory: '/build'
                        RunnerDirectory: 'runner'
                        TestDefinitionDataDirectory: 'shared-data/TestDefinitionData'
                        RabbitMqHostname: 'im-rabbitmq'
                        RabbitMqExchangeName: 'roche.events.tx'
                        RabbitMqEventQueueName: 'roche.sting.calculation.q' ...[EOL]
[2026-09-30 11:41:11.857Z][CA][INF][Logger:Roche.Sting.Calculation.Host.RunnerManagement.CalculationRunnerImagesBuilder][Thread:6]Copying 'shared-data/TestDefinitionData/Calculation/CalculationPackages/X800.Calculator.MTBRIFINH_1.1.0.20009.zip' to '/build/CalculationPackages/X800.Calculator.MTBRIFINH_1.1.0.20009.zip' ...[EOL]
[2026-09-30 11:41:11.858Z][CA][INF][Logger:Roche.Sting.Calculation.Host.RunnerManagement.CalculationRunnerImagesBuilder][Thread:6]No UcCalculationConfiguration file found 'shared-data/TestDefinitionData/Calculation/UcCalculationConfigurations/UcCalculationConfiguration_cedb8eee-7bd5-4519-8627-5dfd077fcd03.xml'. Assuming that this is an ASAP.[EOL]
[2026-09-30 11:41:11.860Z][CA][INF][Logger:Roche.Sting.Calculation.Host.RunnerManagement.CalculationRunnerImagesBuilder][Thread:6]Creating CalculationRunner 'calculationrunner-x800mtb-rif-inh_1.1.0' ...[EOL]
[2026-09-30 11:41:11.860Z][CA][INF][Logger:Roche.Sting.Calculation.Host.RunnerManagement.CalculationRunnerImagesBuilder][Thread:6]Calculation Runner Docker id: 'calculationrunner-x800mtb-rif-inh_1.1.0'[EOL]
[2026-09-30 11:41:11.869Z][CA][INF][Logger:Roche.Sting.Calculation.Host.RunnerManagement.CalculationRunnerImagesBuilder][Thread:6]My container found (42c4376108f8)[EOL]
[2026-09-30 11:41:11.869Z][CA][INF][Logger:Roche.Sting.Calculation.Host.RunnerManagement.CalculationRunnerImagesBuilder][Thread:6]Logs mounted from: '/opt/roche/var/lib/c5800/logs'[EOL]
[2026-09-30 11:41:11.870Z][CA][INF][Logger:Roche.Sting.Calculation.Host.RunnerManagement.CalculationRunnerImagesBuilder][Thread:6]Dockerfile: 'Dockerfile-calculationrunner-x800mtb-rif-inh_1.1.0'[EOL]
[2026-09-30 11:41:11.870Z][CA][INF][Logger:Roche.Sting.Calculation.Host.RunnerManagement.CalculationRunnerImagesBuilder][Thread:6]Dockerfile content:
FROM nugetprod.emea.roche.com/rmd.sting.docker/sting/dotnet:5.0
WORKDIR /calc
COPY CalculationPackages/X800.Calculator.MTBRIFINH_1.1.0.20009.zip ./
WORKDIR /app
COPY runner .
RUN sed -i s/CalculatePreliminaryResult_CalculatorId/CalculatePreliminaryResult_calculationrunner-x800mtb-rif-inh_1.1.0/g Roche.Sting.Calculation.Runner.dll.config
RUN sed -i s/im-rabbitmq/im-rabbitmq/g Roche.Sting.Calculation.Runner.dll.config
RUN sed -i s/calcID/calculationrunner-x800mtb-rif-inh_1.1.0/g serilog.json
ENTRYPOINT ["dotnet", "Roche.Sting.Calculation.Runner.dll"]
[EOL]
[2026-09-30 11:41:11.870Z][CA][INF][Logger:Roche.Sting.Calculation.Host.RunnerManagement.CalculationRunnerImagesBuilder][Thread:6]Adding calculator 'calculationrunner-x800mtb-rif-inh_1.1.0' ...[EOL]
[2026-09-30 11:41:11.870Z][CA][INF][Logger:Roche.Sting.Calculation.Host.RunnerManagement.CalculationRunnerImagesBuilder][Thread:6]Copying 'shared-data/TestDefinitionData/Calculation/CalculationPackages/X800.Calculator.MTB_1.2.0.20003.zip' to '/build/CalculationPackages/X800.Calculator.MTB_1.2.0.20003.zip' ...[EOL]
[2026-09-30 11:41:11.870Z][CA][INF][Logger:Roche.Sting.Calculation.Host.RunnerManagement.CalculationRunnerImagesBuilder][Thread:6]No UcCalculationConfiguration file found 'shared-data/TestDefinitionData/Calculation/UcCalculationConfigurations/UcCalculationConfiguration_7a214f38-d555-4417-b943-4d2cf80728e7.xml'. Assuming that this is an ASAP.[EOL]
[2026-09-30 11:41:11.870Z][CA][INF][Logger:Roche.Sting.Calculation.Host.RunnerManagement.CalculationRunnerImagesBuilder][Thread:6]Creating CalculationRunner 'calculationrunner-x800mtb_1.1.0' ...[EOL]
[2026-09-30 11:41:11.870Z][CA][INF][Logger:Roche.Sting.Calculation.Host.RunnerManagement.CalculationRunnerImagesBuilder][Thread:6]Calculation Runner Docker id: 'calculationrunner-x800mtb_1.1.0'[EOL]
[2026-09-30 11:41:11.872Z][CA][INF][Logger:Roche.Sting.Calculation.Host.RunnerManagement.CalculationRunnerImagesBuilder][Thread:6]My container found (42c4376108f8)[EOL]
[2026-09-30 11:41:11.872Z][CA][INF][Logger:Roche.Sting.Calculation.Host.RunnerManagement.CalculationRunnerImagesBuilder][Thread:6]Logs mounted from: '/opt/roche/var/lib/c5800/logs'[EOL]
[2026-09-30 11:41:11.872Z][CA][INF][Logger:Roche.Sting.Calculation.Host.RunnerManagement.CalculationRunnerImagesBuilder][Thread:6]Dockerfile: 'Dockerfile-calculationrunner-x800mtb_1.1.0'[EOL]
[2026-09-30 11:41:11.872Z][CA][INF][Logger:Roche.Sting.Calculation.Host.RunnerManagement.CalculationRunnerImagesBuilder][Thread:6]Dockerfile content:
FROM nugetprod.emea.roche.com/rmd.sting.docker/sting/dotnet:5.0
WORKDIR /calc
COPY CalculationPackages/X800.Calculator.MTB_1.2.0.20003.zip ./
WORKDIR /app
COPY runner .
RUN sed -i s/CalculatePreliminaryResult_CalculatorId/CalculatePreliminaryResult_calculationrunner-x800mtb_1.1.0/g Roche.Sting.Calculation.Runner.dll.config
RUN sed -i s/im-rabbitmq/im-rabbitmq/g Roche.Sting.Calculation.Runner.dll.config
RUN sed -i s/calcID/calculationrunner-x800mtb_1.1.0/g serilog.json
ENTRYPOINT ["dotnet", "Roche.Sting.Calculation.Runner.dll"]
[EOL]
[2026-09-30 11:41:11.872Z][CA][INF][Logger:Roche.Sting.Calculation.Host.RunnerManagement.CalculationRunnerImagesBuilder][Thread:6]Adding calculator 'calculationrunner-x800mtb_1.1.0' ...[EOL]
[2026-09-30 11:41:11.872Z][CA][INF][Logger:Roche.Sting.Calculation.Host.RunnerManagement.CalculationRunnerImagesBuilder][Thread:6]Copying 'shared-data/TestDefinitionData/Calculation/CalculationPackages/X800.Calculator.MAI_1.1.0.20003.zip' to '/build/CalculationPackages/X800.Calculator.MAI_1.1.0.20003.zip' ...[EOL]
[2026-09-30 11:41:11.873Z][CA][INF][Logger:Roche.Sting.Calculation.Host.RunnerManagement.CalculationRunnerImagesBuilder][Thread:6]No UcCalculationConfiguration file found 'shared-data/TestDefinitionData/Calculation/UcCalculationConfigurations/UcCalculationConfiguration_388a4773-e177-4577-a25e-4b3296fde96a.xml'. Assuming that this is an ASAP.[EOL]
[2026-09-30 11:41:11.873Z][CA][INF][Logger:Roche.Sting.Calculation.Host.RunnerManagement.CalculationRunnerImagesBuilder][Thread:6]Creating CalculationRunner 'calculationrunner-x800mai_1.1.0' ...[EOL]
[2026-09-30 11:41:11.873Z][CA][INF][Logger:Roche.Sting.Calculation.Host.RunnerManagement.CalculationRunnerImagesBuilder][Thread:6]Calculation Runner Docker id: 'calculationrunner-x800mai_1.1.0'[EOL]
[2026-09-30 11:41:11.874Z][CA][INF][Logger:Roche.Sting.Calculation.Host.RunnerManagement.CalculationRunnerImagesBuilder][Thread:6]My container found (42c4376108f8)[EOL]
[2026-09-30 11:41:11.874Z][CA][INF][Logger:Roche.Sting.Calculation.Host.RunnerManagement.CalculationRunnerImagesBuilder][Thread:6]Logs mounted from: '/opt/roche/var/lib/c5800/logs'[EOL]
[2026-09-30 11:41:11.874Z][CA][INF][Logger:Roche.Sting.Calculation.Host.RunnerManagement.CalculationRunnerImagesBuilder][Thread:6]Dockerfile: 'Dockerfile-calculationrunner-x800mai_1.1.0'[EOL]
[2026-09-30 11:41:11.874Z][CA][INF][Logger:Roche.Sting.Calculation.Host.RunnerManagement.CalculationRunnerImagesBuilder][Thread:6]Dockerfile content:
FROM nugetprod.emea.roche.com/rmd.sting.docker/sting/dotnet:5.0
WORKDIR /calc
COPY CalculationPackages/X800.Calculator.MAI_1.1.0.20003.zip ./
WORKDIR /app
COPY runner .
RUN sed -i s/CalculatePreliminaryResult_CalculatorId/CalculatePreliminaryResult_calculationrunner-x800mai_1.1.0/g Roche.Sting.Calculation.Runner.dll.config
RUN sed -i s/im-rabbitmq/im-rabbitmq/g Roche.Sting.Calculation.Runner.dll.config
RUN sed -i s/calcID/calculationrunner-x800mai_1.1.0/g serilog.json
ENTRYPOINT ["dotnet", "Roche.Sting.Calculation.Runner.dll"]
[EOL]
[2026-09-30 11:41:11.874Z][CA][INF][Logger:Roche.Sting.Calculation.Host.RunnerManagement.CalculationRunnerImagesBuilder][Thread:6]Adding calculator 'calculationrunner-x800mai_1.1.0' ...[EOL]
[2026-09-30 11:41:11.874Z][CA][INF][Logger:Roche.Sting.Calculation.Host.RunnerManagement.CalculationRunnerImagesBuilder][Thread:6]Docker compose file: 'docker-compose.yml'[EOL]
[2026-09-30 11:41:11.874Z][CA][INF][Logger:Roche.Sting.Calculation.Host.RunnerManagement.CalculationRunnerImagesBuilder][Thread:6]Docker compose file content:
version: '3.4'

networks:
  default:
    external:
      name: sting-network

services:
  calculationrunner-x800mtb-rif-inh_1.1.0:
    image: calculationrunner-x800mtb-rif-inh_1.1.0
    build:
      dockerfile: /app/Dockerfile-calculationrunner-x800mtb-rif-inh_1.1.0
      context: /build
    container_name: calculationrunner-x800mtb-rif-inh_1.1.0
    volumes:
    - /opt/roche/var/lib/c5800/logs:/app/shared-data/logs
    environment:
    - CalculatorPath=/Calculator
    env_file:
     - /app/device.identifier.env
  calculationrunner-x800mtb_1.1.0:
    image: calculationrunner-x800mtb_1.1.0
    build:
      dockerfile: /app/Dockerfile-calculationrunner-x800mtb_1.1.0
      context: /build
    container_name: calculationrunner-x800mtb_1.1.0
    volumes:
    - /opt/roche/var/lib/c5800/logs:/app/shared-data/logs
    environment:
    - CalculatorPath=/Calculator
    env_file:
     - /app/device.identifier.env
  calculationrunner-x800mai_1.1.0:
    image: calculationrunner-x800mai_1.1.0
    build:
      dockerfile: /app/Dockerfile-calculationrunner-x800mai_1.1.0
      context: /build
    container_name: calculationrunner-x800mai_1.1.0
    volumes:
    - /opt/roche/var/lib/c5800/logs:/app/shared-data/logs
    environment:
    - CalculatorPath=/Calculator
    env_file:
     - /app/device.identifier.env
[EOL]
[2026-09-30 11:41:11.875Z][CA][INF][Logger:Roche.Sting.Calculation.Host.Docker.DockerManager][Thread:6]Calling 'docker-compose build' to create all runners ...[EOL]
[2026-09-30 11:41:11.875Z][CA][INF][Logger:Roche.Sting.Calculation.Host.Docker.DockerCommandExecutor][Thread:6]Going to start Docker process by executing 'docker-compose' with args 'down --rmi all' ...[EOL]
[2026-09-30 11:41:12.264Z][CA][INF][Logger:Roche.Sting.Calculation.Host.Docker.DockerCommandExecutor][Thread:8]StdErr: Network sting-network is external, skipping[EOL]
[2026-09-30 11:41:12.264Z][CA][INF][Logger:Roche.Sting.Calculation.Host.Docker.DockerCommandExecutor][Thread:10]StdErr: Removing image calculationrunner-x800mtb-rif-inh_1.1.0[EOL]
[2026-09-30 11:41:12.265Z][CA][INF][Logger:Roche.Sting.Calculation.Host.Docker.DockerCommandExecutor][Thread:10]StdErr: Failed to remove image for service calculationrunner-x800mtb-rif-inh_1.1.0: 404 Client Error: Not Found ("No such image: calculationrunner-x800mtb-rif-inh_1.1.0:latest")[EOL]
[2026-09-30 11:41:12.265Z][CA][INF][Logger:Roche.Sting.Calculation.Host.Docker.DockerCommandExecutor][Thread:10]StdErr: Removing image calculationrunner-x800mtb_1.1.0[EOL]
[2026-09-30 11:41:12.266Z][CA][INF][Logger:Roche.Sting.Calculation.Host.Docker.DockerCommandExecutor][Thread:8]StdErr: Failed to remove image for service calculationrunner-x800mtb_1.1.0: 404 Client Error: Not Found ("No such image: calculationrunner-x800mtb_1.1.0:latest")[EOL]
[2026-09-30 11:41:12.266Z][CA][INF][Logger:Roche.Sting.Calculation.Host.Docker.DockerCommandExecutor][Thread:8]StdErr: Removing image calculationrunner-x800mai_1.1.0[EOL]
[2026-09-30 11:41:12.267Z][CA][INF][Logger:Roche.Sting.Calculation.Host.Docker.DockerCommandExecutor][Thread:10]StdErr: Failed to remove image for service calculationrunner-x800mai_1.1.0: 404 Client Error: Not Found ("No such image: calculationrunner-x800mai_1.1.0:latest")[EOL]
[2026-09-30 11:41:12.292Z][CA][INF][Logger:Roche.Sting.Calculation.Host.Docker.DockerCommandExecutor][Thread:10]StdErr: [EOL]
[2026-09-30 11:41:12.292Z][CA][INF][Logger:Roche.Sting.Calculation.Host.Docker.DockerCommandExecutor][Thread:4]StdOut: [EOL]
[2026-09-30 11:41:12.293Z][CA][INF][Logger:Roche.Sting.Calculation.Host.Docker.DockerCommandExecutor][Thread:6]Successfully executed 'docker-compose' with args 'down --rmi all'[EOL]
[2026-09-30 11:41:12.293Z][CA][INF][Logger:Roche.Sting.Calculation.Host.Docker.DockerCommandExecutor][Thread:6]Going to start Docker process by executing 'docker-compose' with args 'build' ...[EOL]
[2026-09-30 11:41:12.519Z][CA][INF][Logger:Roche.Sting.Calculation.Host.Docker.DockerCommandExecutor][Thread:10]StdErr: Building calculationrunner-x800mtb-rif-inh_1.1.0[EOL]
[2026-09-30 11:41:12.623Z][CA][INF][Logger:Roche.Sting.Calculation.Host.Docker.DockerCommandExecutor][Thread:8]StdOut: Step 1/9 : FROM nugetprod.emea.roche.com/rmd.sting.docker/sting/dotnet:5.0[EOL]
[2026-09-30 11:41:12.623Z][CA][INF][Logger:Roche.Sting.Calculation.Host.Docker.DockerCommandExecutor][Thread:8]StdOut:  ---> f3a276b03a53[EOL]
[2026-09-30 11:41:12.623Z][CA][INF][Logger:Roche.Sting.Calculation.Host.Docker.DockerCommandExecutor][Thread:4]StdOut: Step 2/9 : WORKDIR /calc[EOL]
[2026-09-30 11:41:12.755Z][CA][INF][Logger:Roche.Sting.Calculation.Host.Docker.DockerCommandExecutor][Thread:13]StdOut:  ---> Running in 06e7ed692ebe[EOL]
[2026-09-30 11:41:12.826Z][CA][INF][Logger:Roche.Sting.Calculation.Host.Docker.DockerCommandExecutor][Thread:13]StdOut: Removing intermediate container 06e7ed692ebe[EOL]
[2026-09-30 11:41:12.826Z][CA][INF][Logger:Roche.Sting.Calculation.Host.Docker.DockerCommandExecutor][Thread:8]StdOut:  ---> acbb49ce2d0e[EOL]
[2026-09-30 11:41:12.826Z][CA][INF][Logger:Roche.Sting.Calculation.Host.Docker.DockerCommandExecutor][Thread:8]StdOut: Step 3/9 : COPY CalculationPackages/X800.Calculator.MTBRIFINH_1.1.0.20009.zip ./[EOL]
[2026-09-30 11:41:12.910Z][CA][INF][Logger:Roche.Sting.Calculation.Host.Docker.DockerCommandExecutor][Thread:13]StdOut:  ---> 1870dd59466e[EOL]
[2026-09-30 11:41:12.910Z][CA][INF][Logger:Roche.Sting.Calculation.Host.Docker.DockerCommandExecutor][Thread:13]StdOut: Step 4/9 : WORKDIR /app[EOL]
[2026-09-30 11:41:12.926Z][CA][INF][Logger:Roche.Sting.Calculation.Host.Docker.DockerCommandExecutor][Thread:13]StdOut:  ---> Running in b51144a5c567[EOL]
[2026-09-30 11:41:12.975Z][CA][INF][Logger:Roche.Sting.Calculation.Host.Docker.DockerCommandExecutor][Thread:13]StdOut: Removing intermediate container b51144a5c567[EOL]
[2026-09-30 11:41:12.975Z][CA][INF][Logger:Roche.Sting.Calculation.Host.Docker.DockerCommandExecutor][Thread:13]StdOut:  ---> c2f0359261f4[EOL]
[2026-09-30 11:41:12.975Z][CA][INF][Logger:Roche.Sting.Calculation.Host.Docker.DockerCommandExecutor][Thread:13]StdOut: Step 5/9 : COPY runner .[EOL]
[2026-09-30 11:41:13.128Z][CA][INF][Logger:Roche.Sting.Calculation.Host.Docker.DockerCommandExecutor][Thread:8]StdOut:  ---> 4e9f07b29019[EOL]
[2026-09-30 11:41:13.129Z][CA][INF][Logger:Roche.Sting.Calculation.Host.Docker.DockerCommandExecutor][Thread:8]StdOut: Step 6/9 : RUN sed -i s/CalculatePreliminaryResult_CalculatorId/CalculatePreliminaryResult_calculationrunner-x800mtb-rif-inh_1.1.0/g Roche.Sting.Calculation.Runner.dll.config[EOL]
[2026-09-30 11:41:13.152Z][CA][INF][Logger:Roche.Sting.Calculation.Host.Docker.DockerCommandExecutor][Thread:4]StdOut:  ---> Running in e36fa978c478[EOL]
[2026-09-30 11:41:13.338Z][CA][INF][Logger:Roche.Sting.Calculation.Host.Docker.DockerCommandExecutor][Thread:4]StdOut: Removing intermediate container e36fa978c478[EOL]
[2026-09-30 11:41:13.338Z][CA][INF][Logger:Roche.Sting.Calculation.Host.Docker.DockerCommandExecutor][Thread:4]StdOut:  ---> 1e8a524de9ca[EOL]
[2026-09-30 11:41:13.338Z][CA][INF][Logger:Roche.Sting.Calculation.Host.Docker.DockerCommandExecutor][Thread:4]StdOut: Step 7/9 : RUN sed -i s/im-rabbitmq/im-rabbitmq/g Roche.Sting.Calculation.Runner.dll.config[EOL]
[2026-09-30 11:41:13.354Z][CA][INF][Logger:Roche.Sting.Calculation.Host.Docker.DockerCommandExecutor][Thread:8]StdOut:  ---> Running in a051f6465672[EOL]
[2026-09-30 11:41:13.558Z][CA][INF][Logger:Roche.Sting.Calculation.Host.Docker.DockerCommandExecutor][Thread:8]StdOut: Removing intermediate container a051f6465672[EOL]
[2026-09-30 11:41:13.558Z][CA][INF][Logger:Roche.Sting.Calculation.Host.Docker.DockerCommandExecutor][Thread:8]StdOut:  ---> d5e49d9559d7[EOL]
[2026-09-30 11:41:13.558Z][CA][INF][Logger:Roche.Sting.Calculation.Host.Docker.DockerCommandExecutor][Thread:8]StdOut: Step 8/9 : RUN sed -i s/calcID/calculationrunner-x800mtb-rif-inh_1.1.0/g serilog.json[EOL]
[2026-09-30 11:41:13.590Z][CA][INF][Logger:Roche.Sting.Calculation.Host.Docker.DockerCommandExecutor][Thread:8]StdOut:  ---> Running in fd338095330f[EOL]
[2026-09-30 11:41:13.825Z][CA][INF][Logger:Roche.Sting.Calculation.Host.Docker.DockerCommandExecutor][Thread:8]StdOut: Removing intermediate container fd338095330f[EOL]
[2026-09-30 11:41:13.825Z][CA][INF][Logger:Roche.Sting.Calculation.Host.Docker.DockerCommandExecutor][Thread:8]StdOut:  ---> 74d0a05dbc42[EOL]
[2026-09-30 11:41:13.825Z][CA][INF][Logger:Roche.Sting.Calculation.Host.Docker.DockerCommandExecutor][Thread:13]StdOut: Step 9/9 : ENTRYPOINT ["dotnet", "Roche.Sting.Calculation.Runner.dll"][EOL]
[2026-09-30 11:41:13.842Z][CA][INF][Logger:Roche.Sting.Calculation.Host.Docker.DockerCommandExecutor][Thread:13]StdOut:  ---> Running in bb2e12d99f45[EOL]
[2026-09-30 11:41:13.891Z][CA][INF][Logger:Roche.Sting.Calculation.Host.Docker.DockerCommandExecutor][Thread:13]StdOut: Removing intermediate container bb2e12d99f45[EOL]
[2026-09-30 11:41:13.891Z][CA][INF][Logger:Roche.Sting.Calculation.Host.Docker.DockerCommandExecutor][Thread:13]StdOut:  ---> 619fa7cfd817[EOL]
[2026-09-30 11:41:13.891Z][CA][INF][Logger:Roche.Sting.Calculation.Host.Docker.DockerCommandExecutor][Thread:13]StdOut: [EOL]
[2026-09-30 11:41:13.894Z][CA][INF][Logger:Roche.Sting.Calculation.Host.Docker.DockerCommandExecutor][Thread:13]StdOut: Successfully built 619fa7cfd817[EOL]
[2026-09-30 11:41:13.896Z][CA][INF][Logger:Roche.Sting.Calculation.Host.Docker.DockerCommandExecutor][Thread:13]StdOut: Successfully tagged calculationrunner-x800mtb-rif-inh_1.1.0:latest[EOL]
[2026-09-30 11:41:13.896Z][CA][INF][Logger:Roche.Sting.Calculation.Host.Docker.DockerCommandExecutor][Thread:10]StdErr: Building calculationrunner-x800mtb_1.1.0[EOL]
[2026-09-30 11:41:13.981Z][CA][INF][Logger:Roche.Sting.Calculation.Host.Docker.DockerCommandExecutor][Thread:13]StdOut: Step 1/9 : FROM nugetprod.emea.roche.com/rmd.sting.docker/sting/dotnet:5.0[EOL]
[2026-09-30 11:41:13.981Z][CA][INF][Logger:Roche.Sting.Calculation.Host.Docker.DockerCommandExecutor][Thread:13]StdOut:  ---> f3a276b03a53[EOL]
[2026-09-30 11:41:13.981Z][CA][INF][Logger:Roche.Sting.Calculation.Host.Docker.DockerCommandExecutor][Thread:13]StdOut: Step 2/9 : WORKDIR /calc[EOL]
[2026-09-30 11:41:13.981Z][CA][INF][Logger:Roche.Sting.Calculation.Host.Docker.DockerCommandExecutor][Thread:13]StdOut:  ---> Using cache[EOL]
[2026-09-30 11:41:13.981Z][CA][INF][Logger:Roche.Sting.Calculation.Host.Docker.DockerCommandExecutor][Thread:13]StdOut:  ---> acbb49ce2d0e[EOL]
[2026-09-30 11:41:13.981Z][CA][INF][Logger:Roche.Sting.Calculation.Host.Docker.DockerCommandExecutor][Thread:13]StdOut: Step 3/9 : COPY CalculationPackages/X800.Calculator.MTB_1.2.0.20003.zip ./[EOL]
[2026-09-30 11:41:14.095Z][CA][INF][Logger:Roche.Sting.Calculation.Host.Docker.DockerCommandExecutor][Thread:13]StdOut:  ---> 625f156401bb[EOL]
[2026-09-30 11:41:14.096Z][CA][INF][Logger:Roche.Sting.Calculation.Host.Docker.DockerCommandExecutor][Thread:13]StdOut: Step 4/9 : WORKDIR /app[EOL]
[2026-09-30 11:41:14.119Z][CA][INF][Logger:Roche.Sting.Calculation.Host.Docker.DockerCommandExecutor][Thread:7]StdOut:  ---> Running in e98fa3184aad[EOL]
[2026-09-30 11:41:14.177Z][CA][INF][Logger:Roche.Sting.Calculation.Host.Docker.DockerCommandExecutor][Thread:7]StdOut: Removing intermediate container e98fa3184aad[EOL]
[2026-09-30 11:41:14.177Z][CA][INF][Logger:Roche.Sting.Calculation.Host.Docker.DockerCommandExecutor][Thread:7]StdOut:  ---> 4843b2f06bd8[EOL]
[2026-09-30 11:41:14.177Z][CA][INF][Logger:Roche.Sting.Calculation.Host.Docker.DockerCommandExecutor][Thread:7]StdOut: Step 5/9 : COPY runner .[EOL]
[2026-09-30 11:41:14.389Z][CA][INF][Logger:Roche.Sting.Calculation.Host.Docker.DockerCommandExecutor][Thread:7]StdOut:  ---> 8b7f3a856f4e[EOL]
[2026-09-30 11:41:14.390Z][CA][INF][Logger:Roche.Sting.Calculation.Host.Docker.DockerCommandExecutor][Thread:7]StdOut: Step 6/9 : RUN sed -i s/CalculatePreliminaryResult_CalculatorId/CalculatePreliminaryResult_calculationrunner-x800mtb_1.1.0/g Roche.Sting.Calculation.Runner.dll.config[EOL]
[2026-09-30 11:41:14.414Z][CA][INF][Logger:Roche.Sting.Calculation.Host.Docker.DockerCommandExecutor][Thread:7]StdOut:  ---> Running in f22ed1dbc0c6[EOL]
[2026-09-30 11:41:14.589Z][CA][INF][Logger:Roche.Sting.Calculation.Host.Docker.DockerCommandExecutor][Thread:7]StdOut: Removing intermediate container f22ed1dbc0c6[EOL]
[2026-09-30 11:41:14.589Z][CA][INF][Logger:Roche.Sting.Calculation.Host.Docker.DockerCommandExecutor][Thread:7]StdOut:  ---> dece46a406fd[EOL]
[2026-09-30 11:41:14.589Z][CA][INF][Logger:Roche.Sting.Calculation.Host.Docker.DockerCommandExecutor][Thread:7]StdOut: Step 7/9 : RUN sed -i s/im-rabbitmq/im-rabbitmq/g Roche.Sting.Calculation.Runner.dll.config[EOL]
[2026-09-30 11:41:14.605Z][CA][INF][Logger:Roche.Sting.Calculation.Host.Docker.DockerCommandExecutor][Thread:7]StdOut:  ---> Running in d8d5a8173361[EOL]
[2026-09-30 11:41:14.803Z][CA][INF][Logger:Roche.Sting.Calculation.Host.Docker.DockerCommandExecutor][Thread:7]StdOut: Removing intermediate container d8d5a8173361[EOL]
[2026-09-30 11:41:14.803Z][CA][INF][Logger:Roche.Sting.Calculation.Host.Docker.DockerCommandExecutor][Thread:7]StdOut:  ---> 8f5a18a8c7ed[EOL]
[2026-09-30 11:41:14.803Z][CA][INF][Logger:Roche.Sting.Calculation.Host.Docker.DockerCommandExecutor][Thread:7]StdOut: Step 8/9 : RUN sed -i s/calcID/calculationrunner-x800mtb_1.1.0/g serilog.json[EOL]
[2026-09-30 11:41:14.824Z][CA][INF][Logger:Roche.Sting.Calculation.Host.Docker.DockerCommandExecutor][Thread:7]StdOut:  ---> Running in f348e685dd38[EOL]
[2026-09-30 11:41:15.077Z][CA][INF][Logger:Roche.Sting.Calculation.Host.Docker.DockerCommandExecutor][Thread:7]StdOut: Removing intermediate container f348e685dd38[EOL]
[2026-09-30 11:41:15.077Z][CA][INF][Logger:Roche.Sting.Calculation.Host.Docker.DockerCommandExecutor][Thread:7]StdOut:  ---> 44a19e40ec7e[EOL]
[2026-09-30 11:41:15.077Z][CA][INF][Logger:Roche.Sting.Calculation.Host.Docker.DockerCommandExecutor][Thread:7]StdOut: Step 9/9 : ENTRYPOINT ["dotnet", "Roche.Sting.Calculation.Runner.dll"][EOL]
[2026-09-30 11:41:15.100Z][CA][INF][Logger:Roche.Sting.Calculation.Host.Docker.DockerCommandExecutor][Thread:7]StdOut:  ---> Running in 482326443fbc[EOL]
[2026-09-30 11:41:15.164Z][CA][INF][Logger:Roche.Sting.Calculation.Host.Docker.DockerCommandExecutor][Thread:7]StdOut: Removing intermediate container 482326443fbc[EOL]
[2026-09-30 11:41:15.164Z][CA][INF][Logger:Roche.Sting.Calculation.Host.Docker.DockerCommandExecutor][Thread:7]StdOut:  ---> ad0f831481cf[EOL]
[2026-09-30 11:41:15.164Z][CA][INF][Logger:Roche.Sting.Calculation.Host.Docker.DockerCommandExecutor][Thread:8]StdOut: [EOL]
[2026-09-30 11:41:15.166Z][CA][INF][Logger:Roche.Sting.Calculation.Host.Docker.DockerCommandExecutor][Thread:8]StdOut: Successfully built ad0f831481cf[EOL]
[2026-09-30 11:41:15.167Z][CA][INF][Logger:Roche.Sting.Calculation.Host.Docker.DockerCommandExecutor][Thread:8]StdOut: Successfully tagged calculationrunner-x800mtb_1.1.0:latest[EOL]
[2026-09-30 11:41:15.168Z][CA][INF][Logger:Roche.Sting.Calculation.Host.Docker.DockerCommandExecutor][Thread:10]StdErr: Building calculationrunner-x800mai_1.1.0[EOL]
[2026-09-30 11:41:15.253Z][CA][INF][Logger:Roche.Sting.Calculation.Host.Docker.DockerCommandExecutor][Thread:8]StdOut: Step 1/9 : FROM nugetprod.emea.roche.com/rmd.sting.docker/sting/dotnet:5.0[EOL]
[2026-09-30 11:41:15.253Z][CA][INF][Logger:Roche.Sting.Calculation.Host.Docker.DockerCommandExecutor][Thread:8]StdOut:  ---> f3a276b03a53[EOL]
[2026-09-30 11:41:15.253Z][CA][INF][Logger:Roche.Sting.Calculation.Host.Docker.DockerCommandExecutor][Thread:7]StdOut: Step 2/9 : WORKDIR /calc[EOL]
[2026-09-30 11:41:15.253Z][CA][INF][Logger:Roche.Sting.Calculation.Host.Docker.DockerCommandExecutor][Thread:7]StdOut:  ---> Using cache[EOL]
[2026-09-30 11:41:15.253Z][CA][INF][Logger:Roche.Sting.Calculation.Host.Docker.DockerCommandExecutor][Thread:7]StdOut:  ---> acbb49ce2d0e[EOL]
[2026-09-30 11:41:15.253Z][CA][INF][Logger:Roche.Sting.Calculation.Host.Docker.DockerCommandExecutor][Thread:7]StdOut: Step 3/9 : COPY CalculationPackages/X800.Calculator.MAI_1.1.0.20003.zip ./[EOL]
[2026-09-30 11:41:15.397Z][CA][INF][Logger:Roche.Sting.Calculation.Host.Docker.DockerCommandExecutor][Thread:7]StdOut:  ---> c588f741ec08[EOL]
[2026-09-30 11:41:15.397Z][CA][INF][Logger:Roche.Sting.Calculation.Host.Docker.DockerCommandExecutor][Thread:7]StdOut: Step 4/9 : WORKDIR /app[EOL]
[2026-09-30 11:41:15.415Z][CA][INF][Logger:Roche.Sting.Calculation.Host.Docker.DockerCommandExecutor][Thread:7]StdOut:  ---> Running in 8cafec570c0d[EOL]
[2026-09-30 11:41:15.468Z][CA][INF][Logger:Roche.Sting.Calculation.Host.Docker.DockerCommandExecutor][Thread:7]StdOut: Removing intermediate container 8cafec570c0d[EOL]
[2026-09-30 11:41:15.468Z][CA][INF][Logger:Roche.Sting.Calculation.Host.Docker.DockerCommandExecutor][Thread:7]StdOut:  ---> c057b73caebe[EOL]
[2026-09-30 11:41:15.468Z][CA][INF][Logger:Roche.Sting.Calculation.Host.Docker.DockerCommandExecutor][Thread:7]StdOut: Step 5/9 : COPY runner .[EOL]
[2026-09-30 11:41:15.632Z][CA][INF][Logger:Roche.Sting.Calculation.Host.Docker.DockerCommandExecutor][Thread:7]StdOut:  ---> 2b11436c72dd[EOL]
[2026-09-30 11:41:15.632Z][CA][INF][Logger:Roche.Sting.Calculation.Host.Docker.DockerCommandExecutor][Thread:7]StdOut: Step 6/9 : RUN sed -i s/CalculatePreliminaryResult_CalculatorId/CalculatePreliminaryResult_calculationrunner-x800mai_1.1.0/g Roche.Sting.Calculation.Runner.dll.config[EOL]
[2026-09-30 11:41:15.662Z][CA][INF][Logger:Roche.Sting.Calculation.Host.Docker.DockerCommandExecutor][Thread:7]StdOut:  ---> Running in 87ab3998b40c[EOL]
[2026-09-30 11:41:15.872Z][CA][INF][Logger:Roche.Sting.Calculation.Host.Docker.DockerCommandExecutor][Thread:7]StdOut: Removing intermediate container 87ab3998b40c[EOL]
[2026-09-30 11:41:15.872Z][CA][INF][Logger:Roche.Sting.Calculation.Host.Docker.DockerCommandExecutor][Thread:7]StdOut:  ---> 5dd12577f063[EOL]
[2026-09-30 11:41:15.872Z][CA][INF][Logger:Roche.Sting.Calculation.Host.Docker.DockerCommandExecutor][Thread:7]StdOut: Step 7/9 : RUN sed -i s/im-rabbitmq/im-rabbitmq/g Roche.Sting.Calculation.Runner.dll.config[EOL]
[2026-09-30 11:41:15.898Z][CA][INF][Logger:Roche.Sting.Calculation.Host.Docker.DockerCommandExecutor][Thread:7]StdOut:  ---> Running in dff367402296[EOL]
[2026-09-30 11:41:16.104Z][CA][INF][Logger:Roche.Sting.Calculation.Host.Docker.DockerCommandExecutor][Thread:7]StdOut: Removing intermediate container dff367402296[EOL]
[2026-09-30 11:41:16.105Z][CA][INF][Logger:Roche.Sting.Calculation.Host.Docker.DockerCommandExecutor][Thread:7]StdOut:  ---> af91bc5d2bf1[EOL]
[2026-09-30 11:41:16.105Z][CA][INF][Logger:Roche.Sting.Calculation.Host.Docker.DockerCommandExecutor][Thread:7]StdOut: Step 8/9 : RUN sed -i s/calcID/calculationrunner-x800mai_1.1.0/g serilog.json[EOL]
[2026-09-30 11:41:16.242Z][CA][INF][Logger:Roche.Sting.Calculation.Host.Docker.DockerCommandExecutor][Thread:7]StdOut:  ---> Running in 26b06b2695d6[EOL]
[2026-09-30 11:41:16.495Z][CA][INF][Logger:Roche.Sting.Calculation.Host.Docker.DockerCommandExecutor][Thread:7]StdOut: Removing intermediate container 26b06b2695d6[EOL]
[2026-09-30 11:41:16.496Z][CA][INF][Logger:Roche.Sting.Calculation.Host.Docker.DockerCommandExecutor][Thread:7]StdOut:  ---> f55eb071f128[EOL]
[2026-09-30 11:41:16.496Z][CA][INF][Logger:Roche.Sting.Calculation.Host.Docker.DockerCommandExecutor][Thread:7]StdOut: Step 9/9 : ENTRYPOINT ["dotnet", "Roche.Sting.Calculation.Runner.dll"][EOL]
[2026-09-30 11:41:16.518Z][CA][INF][Logger:Roche.Sting.Calculation.Host.Docker.DockerCommandExecutor][Thread:7]StdOut:  ---> Running in 1ad20058ea69[EOL]
[2026-09-30 11:41:16.568Z][CA][INF][Logger:Roche.Sting.Calculation.Host.Docker.DockerCommandExecutor][Thread:7]StdOut: Removing intermediate container 1ad20058ea69[EOL]
[2026-09-30 11:41:16.568Z][CA][INF][Logger:Roche.Sting.Calculation.Host.Docker.DockerCommandExecutor][Thread:7]StdOut:  ---> 3c8b547d9a58[EOL]
[2026-09-30 11:41:16.568Z][CA][INF][Logger:Roche.Sting.Calculation.Host.Docker.DockerCommandExecutor][Thread:7]StdOut: [EOL]
[2026-09-30 11:41:16.571Z][CA][INF][Logger:Roche.Sting.Calculation.Host.Docker.DockerCommandExecutor][Thread:7]StdOut: Successfully built 3c8b547d9a58[EOL]
[2026-09-30 11:41:16.572Z][CA][INF][Logger:Roche.Sting.Calculation.Host.Docker.DockerCommandExecutor][Thread:7]StdOut: Successfully tagged calculationrunner-x800mai_1.1.0:latest[EOL]
[2026-09-30 11:41:16.596Z][CA][INF][Logger:Roche.Sting.Calculation.Host.Docker.DockerCommandExecutor][Thread:7]StdOut: [EOL]
[2026-09-30 11:41:16.596Z][CA][INF][Logger:Roche.Sting.Calculation.Host.Docker.DockerCommandExecutor][Thread:10]StdErr: [EOL]
[2026-09-30 11:41:16.596Z][CA][INF][Logger:Roche.Sting.Calculation.Host.Docker.DockerCommandExecutor][Thread:6]Successfully executed 'docker-compose' with args 'build'[EOL]
[2026-09-30 11:41:16.620Z][CA][INF][Logger:Roche.Sting.Calculation.Host.RunnerManagement.CalculationRunnerImagesBuilder][Thread:6]Preparing removal of orphaned calculation runner images. Existing images: ''[EOL]
[2026-09-30 11:41:16.620Z][CA][INF][Logger:Roche.Sting.Calculation.Host.RunnerManagement.CalculationRunnerImagesBuilder][Thread:6]Preparing removal of orphaned calculation runner images. Expected images: 'calculationrunner-x800mtb-rif-inh_1.1.0:latest, calculationrunner-x800mtb_1.1.0:latest, calculationrunner-x800mai_1.1.0:latest'[EOL]
[2026-09-30 11:41:16.620Z][CA][INF][Logger:Roche.Sting.Calculation.Host.RunnerManagement.CalculationRunnerImagesBuilder][Thread:6]Removal of orphaned calcualtion runner images finished.[EOL]
[2026-09-30 11:41:16.620Z][CA][INF][Logger:Roche.Sting.Calculation.Host.RunnerManagement.CalculationRunnerImagesBuilder][Thread:6]'CalculationRunnerImagesBuilder' successfully started[EOL]
[2026-09-30 11:41:16.621Z][CA][INF][Logger:Roche.Sting.Calculation.Host.RunnerManagement.CalculatePreliminaryResultHandler][Thread:6]Starting 'CalculatePreliminaryResultHandler' ...[EOL]
[2026-09-30 11:41:16.622Z][CA][INF][Logger:Roche.Sting.Calculation.Host.RunnerManagement.CalculationRunnerManager][Thread:6]Created CalculationRunnerManager for CalculationRunner 'calculationrunner-x800mtb-rif-inh_1.1.0' with IdleTimeBeforeShutdownInMinutes = '00:20:00' ...[EOL]
[2026-09-30 11:41:16.622Z][CA][INF][Logger:Roche.Sting.Calculation.Host.RunnerManagement.CalculationRunnerManager][Thread:6]Created CalculationRunnerManager for CalculationRunner 'calculationrunner-x800mtb_1.1.0' with IdleTimeBeforeShutdownInMinutes = '00:20:00' ...[EOL]
[2026-09-30 11:41:16.622Z][CA][INF][Logger:Roche.Sting.Calculation.Host.RunnerManagement.CalculationRunnerManager][Thread:6]Created CalculationRunnerManager for CalculationRunner 'calculationrunner-x800mai_1.1.0' with IdleTimeBeforeShutdownInMinutes = '00:20:00' ...[EOL]
[2026-09-30 11:41:16.629Z][CA][INF][Logger:Roche.Sting.Calculation.Host.RunnerManagement.CalculatePreliminaryResultListener][Thread:6]Start to listen for events on exchange 'roche.events.tx' on host 'im-rabbitmq' ...[EOL]
[2026-09-30 11:41:16.632Z][CA][INF][Logger:Roche.Sting.Calculation.Host.RunnerManagement.CalculatePreliminaryResultListener][Thread:6]Successfully created connection on endpoint 'amqp://im-rabbitmq:5672'[EOL]
[2026-09-30 11:41:16.633Z][CA][INF][Logger:Roche.Sting.Calculation.Host.RunnerManagement.CalculatePreliminaryResultListener][Thread:6]Successfully created channel 'Session#1:Connection(58491e90-ef5d-4aa9-b320-38b61a3f281d,amqp://im-rabbitmq:5672)'[EOL]
[2026-09-30 11:41:16.636Z][CA][INF][Logger:Roche.Sting.Calculation.Host.RunnerManagement.CalculatePreliminaryResultHandler][Thread:6]'CalculatePreliminaryResultHandler' successfully started[EOL]
[2026-09-30 11:41:16.636Z][CA][INF][Logger:Roche.Sting.Calculation.Host.Configuration.CalculationHostModule][Thread:6]'CalculationHostModule' module successfully started[EOL]
[2026-09-30 11:41:16.636Z][CA][INF][Logger:Roche.Sting.Calculation.Host.Configuration.ConfigurationExtensions][Thread:6]CalculationHost was successfully started[EOL]
[2026-09-30 11:41:16.636Z][CA][INF][Logger:Roche.Sting.Calculation.Host.Lifecycle.CalculationLifecycleProcessManager][Thread:6]CalculationLifecycleProcessManager StateMachine changed from state 'Configured' to 'StartingUp'[EOL]
[2026-09-30 11:41:16.636Z][CA][INF][Logger:Roche.Sting.Calculation.Host.Lifecycle.CalculationLifecycleProcessManager][Thread:6]State machine transited to state 'StartingUp'[EOL]
[2026-09-30 11:41:16.636Z][CA][INF][Logger:Roche.Sting.Calculation.Host.Lifecycle.CalculationLifecycleProcessManager][Thread:6]CalculationLifecycleProcessManager StateMachine firing event 'StartedUp' ...[EOL]
[2026-09-30 11:41:16.636Z][CA][INF][Logger:Roche.Sting.Calculation.Host.Lifecycle.CalculationLifecycleProcessManager][Thread:6]Publishing unit lifecycle state event 'UnitStateChanged' with data UnitId: 'Roche.C5800.Calculation', OldState: 'StartingUp', NewState: 'Operational', ProcessContext: 'ContextId: 'Roche.C5800.Calculation'' ...[EOL]
[2026-09-30 11:41:16.636Z][CA][INF][Logger:Roche.Sting.Calculation.Host.Lifecycle.CalculationLifecycleProcessManager][Thread:6]CalculationLifecycleProcessManager StateMachine changed from state 'StartingUp' to 'Operational'[EOL]
[2026-09-30 11:41:16.636Z][CA][INF][Logger:Roche.Sting.Calculation.Host.Lifecycle.CalculationLifecycleProcessManager][Thread:6]State machine transited to state 'Operational'[EOL]
[2026-09-30 11:41:51.624Z][CA][INF][Logger:Roche.Sting.Calculation.Host.Lifecycle.CalculationLifecycleProcessManager][Thread:17]Handling event 'InstrumentStateChanged' from IS with data OldState: 'StartingUp', NewState: 'Initializing', ProcessContext: 'ContextId: 'InstrumentState.InstrumentStateManager'' ...[EOL]
[2026-09-30 11:46:40.588Z][CA][INF][Logger:Roche.Sting.Calculation.Host.Lifecycle.CalculationLifecycleProcessManager][Thread:28]Handling event 'InstrumentStateChanged' from IS with data OldState: 'Initializing', NewState: 'Standby', ProcessContext: 'ContextId: 'InstrumentState.InstrumentStateManager'' ...[EOL]
[2026-09-30 12:51:59.082Z][CA][INF][Logger:Roche.Sting.Calculation.Host.Lifecycle.CalculationLifecycleProcessManager][Thread:68]Handling event 'InstrumentStateChanged' from IS with data OldState: 'Standby', NewState: 'Preparing', ProcessContext: 'ContextId: 'InstrumentState.InstrumentStateManager'' ...[EOL]
[2026-09-30 12:56:38.355Z][CA][INF][Logger:Roche.Sting.Calculation.Host.Lifecycle.CalculationLifecycleProcessManager][Thread:59]Handling event 'InstrumentStateChanged' from IS with data OldState: 'Preparing', NewState: 'Ready', ProcessContext: 'ContextId: 'InstrumentState.InstrumentStateManager'' ...[EOL]
[2026-09-30 13:03:45.807Z][CA][INF][Logger:Roche.Sting.Calculation.Host.Lifecycle.CalculationLifecycleProcessManager][Thread:31]Handling event 'InstrumentStateChanged' from IS with data OldState: 'Ready', NewState: 'Processing', ProcessContext: 'ContextId: 'InstrumentState.InstrumentStateManager'' ...[EOL]
[2026-09-30 15:13:35.081Z][CA][INF][Logger:Roche.Sting.Calculation.Host.RunnerManagement.CalculatePreliminaryResultListener][Thread:54]Handling request 'CalculatePreliminaryResult' with data AsapId: '7a214f38-d555-4417-b943-4d2cf80728e7', WorkOrderId: '5cb643f9-df71-4aea-9d95-9b0dcd29bf0c', CorrelationId: 'd9a29a82-ad3c-4824-ac37-df6d98a67868' ...[EOL]
[2026-09-30 15:13:35.081Z][CA][INF][Logger:Roche.Sting.Calculation.Host.RunnerManagement.CalculatePreliminaryResultHandler][Thread:54]Handling request 'CalculatePreliminaryResult' with data AsapId: '7a214f38-d555-4417-b943-4d2cf80728e7', WorkOrderId: '5cb643f9-df71-4aea-9d95-9b0dcd29bf0c', CorrelationId: 'd9a29a82-ad3c-4824-ac37-df6d98a67868' ...[EOL]
[2026-09-30 15:13:35.082Z][CA][INF][Logger:Roche.Sting.Calculation.Host.RunnerManagement.CalculationRunnerManager][Thread:54]Starting CalculationRunner 'calculationrunner-x800mtb_1.1.0' with service name 'calculationrunner-x800mtb_1.1.0' on container 'calculationrunner-x800mtb_1.1.0' ...[EOL]
[2026-09-30 15:13:35.082Z][CA][INF][Logger:Roche.Sting.Calculation.Host.Docker.DockerManager][Thread:54]Calling 'docker-compose up' to start runner 'calculationrunner-x800mtb_1.1.0' ...[EOL]
[2026-09-30 15:13:35.082Z][CA][INF][Logger:Roche.Sting.Calculation.Host.Docker.DockerCommandExecutor][Thread:54]Going to start Docker process by executing 'docker-compose' with args 'up -d calculationrunner-x800mtb_1.1.0' ...[EOL]
[2026-09-30 15:13:35.274Z][CA][INF][Logger:Roche.Sting.Calculation.Host.Docker.DockerCommandExecutor][Thread:39]StdErr: Creating calculationrunner-x800mtb_1.1.0 ... [EOL]
[2026-09-30 15:13:35.806Z][CA][INF][Logger:Roche.Sting.Calculation.Host.Docker.DockerCommandExecutor][Thread:39]StdErr: [1A[2K[EOL]
[2026-09-30 15:13:35.807Z][CA][INF][Logger:Roche.Sting.Calculation.Host.Docker.DockerCommandExecutor][Thread:39]StdErr: Creating calculationrunner-x800mtb_1.1.0 ... [32mdone[0m[EOL]
[2026-09-30 15:13:35.832Z][CA][INF][Logger:Roche.Sting.Calculation.Host.Docker.DockerCommandExecutor][Thread:39]StdErr: [1B[EOL]
[2026-09-30 15:13:35.832Z][CA][INF][Logger:Roche.Sting.Calculation.Host.Docker.DockerCommandExecutor][Thread:67]StdOut: [EOL]
[2026-09-30 15:13:35.832Z][CA][INF][Logger:Roche.Sting.Calculation.Host.Docker.DockerCommandExecutor][Thread:39]StdErr: [EOL]
[2026-09-30 15:13:35.832Z][CA][INF][Logger:Roche.Sting.Calculation.Host.Docker.DockerCommandExecutor][Thread:54]Successfully executed 'docker-compose' with args 'up -d calculationrunner-x800mtb_1.1.0'[EOL]
[2026-09-30 15:13:35.844Z][CA][INF][Logger:Roche.Sting.Calculation.Host.RunnerManagement.CalculationRunnerManager][Thread:54]Forwarding request 'CalculatePreliminaryResult' on queue 'CalculatePreliminaryResult_calculationrunner-x800mtb_1.1.0' with data '{"schema":"http://roche.com/rmd/X800/messages/CalculatePreliminaryResult.json","asapId":"7a214f38-d555-4417-b943-4d2cf80728e7","workOrderId":"5cb643f9-df71-4aea-9d95-9b0dcd29bf0c","correlationId":"d9a29a82-ad3c-4824-ac37-df6d98a67868","calculationRequest":{"schema":"http://roche.com/rmd/X800/calculation/CalculationRequest-1.json","requestedTargets":["MTB"],"measurementData":{"schema":"http://roche.com/rmd/X800/types/MeasurementData.json","positionName":"A3","channels":[{"channelNumber":1,"temperatureLevel":1,"segments":[{"temperatureStepId":2001,"excitationFilterId":1,"id":1002,"emissionFilterId":6},{"temperatureStepId":3001,"excitationFilterId":1,"id":1003,"emissionFilterId":6}]},{"channelNumber":2,"temperatureLevel":1,"segments":[{"temperatureStepId":2001,"excitationFilterId":2,"id":2002,"emissionFilterId":7},{"temperatureStepId":3001,"excitationFilterId":2,"id":2003,"emissionFilterId":7}]},{"channelNumber":3,"temperatureLevel":1,"segments":[{"temperatureStepId":2001,"excitationFilterId":3,"id":3002,"emissionFilterId":8},{"temperatureStepId":3001,"excitationFilterId":3,"id":3003,"emissionFilterId":8}]},{"channelNumber":4,"temperatureLevel":1,"segments":[{"temperatureStepId":2001,"excitationFilterId":4,"id":4002,"emissionFilterId":9},{"temperatureStepId":3001,"excitationFilterId":4,"id":4003,"emissionFilterId":9}]},{"channelNumber":5,"temperatureLevel":1,"segments":[{"temperatureStepId":2001,"excitationFilterId":5,"id":5002,"emissionFilterId":10},{"temperatureStepId":3001,"excitationFilterId":5,"id":5003,"emissionFilterId":10}]}],"specimen":{"inputVolumeInCubicmeter":8.5E-07,"dilutionFactor":1,"sampleType":"2.16.840.1.113995.3.111.9.3.23","discriminator":"SampleInformation"},"hasCriticalFlag":false,"curveSegments":[{"segmentId":1002,"acquisitions":[{"deltaTime":223540,"flags":[],"measuredTemperature":54.95730972290039,"cycle":1,"measuredValue":2.193294048309326},{"deltaTime":307494,"flags":[],"measuredTemperature":54.95835494995117,"cycle":2,"measuredValue":2.138209581375122},{"deltaTime":391452,"flags":[],"measuredTemperature":54.951908111572266,"cycle":3,"measuredValue":2.1135025024414062},{"deltaTime":475406,"flags":[],"measuredTemperature":54.94743347167969,"cycle":4,"measuredValue":2.0942327976226807},{"deltaTime":559362,"flags":[],"measuredTemperature":54.930030822753906,"cycle":5,"measuredValue":2.0785717964172363}],"pcrMeasurementType":"Quantification"},{"segmentId":1003,"acquisitions":[{"deltaTime":633868,"flags":[],"measuredTemperature":57.93416976928711,"cycle":1,"measuredValue":2.0363149642944336},{"deltaTime":707673,"flags":[],"measuredTemperature":57.93605422973633,"cycle":2,"measuredValue":2.0258829593658447},{"deltaTime":781478,"flags":[],"measuredTemperature":57.93128204345703,"cycle":3,"measuredValue":2.021609306335449},{"deltaTime":855283,"flags":[],"measuredTemperature":57.9255485534668,"cycle":4,"measuredValue":2.0130128860473633},{"deltaTime":929089,"flags":[],"measuredTemperature":57.92839813232422,"cycle":5,"measuredValue":2.0062453746795654},{"deltaTime":1002894,"flags":[],"measuredTemperature":57.930816650390625,"cycle":6,"measuredValue":2.0036118030548096},{"deltaTime":1076699,"flags":[],"measuredTemperature":57.925540924072266,"cycle":7,"measuredValue":1.9964203834533691},{"deltaTime":1150505,"flags":[],"measuredTemperature":57.92935562133789,"cycle":8,"measuredValue":1.9934170246124268},{"deltaTime":1224310,"flags":[],"measuredTemperature":57.93369674682617,"cycle":9,"measuredValue":1.9891412258148193},{"deltaTime":1298118,"flags":[],"measuredTemperature":57.932228088378906,"cycle":10,"measuredValue":1.986809492111206},{"deltaTime":1371922,"flags":[],"measuredTemperature":57.93030548095703,"cycle":11,"measuredValue":1.9810283184051514},{"deltaTime":1445728,"flags":[],"measuredTemperature":57.936065673828125,"cycle":12,"measuredValue":1.9808155298233032},{"deltaTime":1519533,"flags":[],"measuredTemperature":57.92887878417969,"cycle":13,"measuredValue":1.9748642444610596},{"deltaTime":1593338,"flags":[],"measuredTemperature":57.9260139465332,"cycle":14,"measuredValue":1.9657936096191406},{"deltaTime":1667143,"flags":[],"measuredTemperature":57.925533294677734,"cycle":15,"measuredValue":1.9682705402374268},{"deltaTime":1740949,"flags":[],"measuredTemperature":57.93510437011719,"cycle":16,"measuredValue":1.9589934349060059},{"deltaTime":1814755,"flags":[],"measuredTemperature":57.92887496948242,"cycle":17,"measuredValue":1.961059808731079},{"deltaTime":1888559,"flags":[],"measuredTemperature":57.937503814697266,"cycle":18,"measuredValue":1.9538192749023438},{"deltaTime":1962369,"flags":[],"measuredTemperature":57.92790222167969,"cycle":19,"measuredValue":1.9546128511428833},{"deltaTime":2036173,"flags":[],"measuredTemperature":57.92265701293945,"cycle":20,"measuredValue":1.9491961002349854},{"deltaTime":2109977,"flags":[],"measuredTemperature":57.925994873046875,"cycle":21,"measuredValue":1.9467394351959229},{"deltaTime":2183783,"flags":[],"measuredTemperature":57.929832458496094,"cycle":22,"measuredValue":1.9454798698425293},{"deltaTime":2257589,"flags":[],"measuredTemperature":57.93843078613281,"cycle":23,"measuredValue":1.943339228630066},{"deltaTime":2331394,"flags":[],"measuredTemperature":57.932716369628906,"cycle":24,"measuredValue":1.9411524534225464},{"deltaTime":2405199,"flags":[],"measuredTemperature":57.928855895996094,"cycle":25,"measuredValue":1.935235619544983},{"deltaTime":2479004,"flags":[],"measuredTemperature":57.927921295166016,"cycle":26,"measuredValue":1.9315983057022095},{"deltaTime":2552810,"flags":[],"measuredTemperature":57.92311096191406,"cycle":27,"measuredValue":1.931298851966858},{"deltaTime":2626616,"flags":[],"measuredTemperature":57.927921295166016,"cycle":28,"measuredValue":1.9304380416870117},{"deltaTime":2700421,"flags":[],"measuredTemperature":57.92647171020508,"cycle":29,"measuredValue":1.9271693229675293},{"deltaTime":2774228,"flags":[],"measuredTemperature":57.92790985107422,"cycle":30,"measuredValue":1.924932599067688},{"deltaTime":2848033,"flags":[],"measuredTemperature":57.925506591796875,"cycle":31,"measuredValue":1.925149917602539},{"deltaTime":2921838,"flags":[],"measuredTemperature":57.92888641357422,"cycle":32,"measuredValue":1.9229172468185425},{"deltaTime":2995644,"flags":[],"measuredTemperature":57.92551803588867,"cycle":33,"measuredValue":1.9202945232391357},{"deltaTime":3069448,"flags":[],"measuredTemperature":57.92936706542969,"cycle":34,"measuredValue":1.9169182777404785},{"deltaTime":3143253,"flags":[],"measuredTemperature":57.924072265625,"cycle":35,"measuredValue":1.9143869876861572},{"deltaTime":3217060,"flags":[],"measuredTemperature":57.92600631713867,"cycle":36,"measuredValue":1.9183330535888672},{"deltaTime":3290866,"flags":[],"measuredTemperature":57.92025375366211,"cycle":37,"measuredValue":1.911964774131775},{"deltaTime":3364671,"flags":[],"measuredTemperature":57.92887496948242,"cycle":38,"measuredValue":1.910223126411438},{"deltaTime":3438478,"flags":[],"measuredTemperature":57.93366241455078,"cycle":39,"measuredValue":1.9128166437149048},{"deltaTime":3512283,"flags":[],"measuredTemperature":57.9255256652832,"cycle":40,"measuredValue":1.9051295518875122},{"deltaTime":3586088,"flags":[],"measuredTemperature":57.935115814208984,"cycle":41,"measuredValue":1.9039998054504395},{"deltaTime":3659893,"flags":[],"measuredTemperature":57.925987243652344,"cycle":42,"measuredValue":1.9069491624832153},{"deltaTime":3733699,"flags":[],"measuredTemperature":57.931270599365234,"cycle":43,"measuredValue":1.8998860120773315},{"deltaTime":3807504,"flags":[],"measuredTemperature":57.93224334716797,"cycle":44,"measuredValue":1.9023492336273193},{"deltaTime":3881310,"flags":[],"measuredTemperature":57.92935562133789,"cycle":45,"measuredValue":1.8947339057922363}],"pcrMeasurementType":"Quantification"},{"segmentId":2002,"acquisitions":[{"deltaTime":223950,"flags":[],"measuredTemperature":54.959815979003906,"cycle":1,"measuredValue":4.963237285614014},{"deltaTime":307904,"flags":[],"measuredTemperature":54.966285705566406,"cycle":2,"measuredValue":4.92414665222168},{"deltaTime":391861,"flags":[],"measuredTemperature":54.951416015625,"cycle":3,"measuredValue":4.912261009216309},{"deltaTime":475816,"flags":[],"measuredTemperature":54.94743347167969,"cycle":4,"measuredValue":4.897850036621094},{"deltaTime":559771,"flags":[],"measuredTemperature":54.93250274658203,"cycle":5,"measuredValue":4.896610260009766}],"pcrMeasurementType":"Quantification"},{"segmentId":2003,"acquisitions":[{"deltaTime":634277,"flags":[],"measuredTemperature":57.929359436035156,"cycle":1,"measuredValue":4.732934474945068},{"deltaTime":708083,"flags":[],"measuredTemperature":57.93415451049805,"cycle":2,"measuredValue":4.732954978942871},{"deltaTime":781887,"flags":[],"measuredTemperature":57.93079376220703,"cycle":3,"measuredValue":4.727365493774414},{"deltaTime":855692,"flags":[],"measuredTemperature":57.92938232421875,"cycle":4,"measuredValue":4.729766845703125},{"deltaTime":929499,"flags":[],"measuredTemperature":57.93269348144531,"cycle":5,"measuredValue":4.725399017333984},{"deltaTime":1003304,"flags":[],"measuredTemperature":57.928428649902344,"cycle":6,"measuredValue":4.726359844207764},{"deltaTime":1077109,"flags":[],"measuredTemperature":57.929840087890625,"cycle":7,"measuredValue":4.7276997566223145},{"deltaTime":1150915,"flags":[],"measuredTemperature":57.92887878417969,"cycle":8,"measuredValue":4.72883415222168},{"deltaTime":1224720,"flags":[],"measuredTemperature":57.93511962890625,"cycle":9,"measuredValue":4.7271013259887695},{"deltaTime":1298527,"flags":[],"measuredTemperature":57.93222427368164,"cycle":10,"measuredValue":4.728382587432861},{"deltaTime":1372332,"flags":[],"measuredTemperature":57.93317794799805,"cycle":11,"measuredValue":4.732733726501465},{"deltaTime":1446137,"flags":[],"measuredTemperature":57.940372467041016,"cycle":12,"measuredValue":4.719493389129639},{"deltaTime":1519943,"flags":[],"measuredTemperature":57.927921295166016,"cycle":13,"measuredValue":4.720514297485352},{"deltaTime":1593748,"flags":[],"measuredTemperature":57.93606948852539,"cycle":14,"measuredValue":4.721891403198242},{"deltaTime":1667553,"flags":[],"measuredTemperature":57.93412780761719,"cycle":15,"measuredValue":4.72587776184082},{"deltaTime":1741359,"flags":[],"measuredTemperature":57.93988800048828,"cycle":16,"measuredValue":4.7277302742004395},{"deltaTime":1815165,"flags":[],"measuredTemperature":57.93030548095703,"cycle":17,"measuredValue":4.730709552764893},{"deltaTime":1888969,"flags":[],"measuredTemperature":57.93844985961914,"cycle":18,"measuredValue":4.735267639160156},{"deltaTime":1962778,"flags":[],"measuredTemperature":57.926475524902344,"cycle":19,"measuredValue":4.73888635635376},{"deltaTime":2036582,"flags":[],"measuredTemperature":57.93270492553711,"cycle":20,"measuredValue":4.737462997436523},{"deltaTime":2110386,"flags":[],"measuredTemperature":57.933170318603516,"cycle":21,"measuredValue":4.738523006439209},{"deltaTime":2184192,"flags":[],"measuredTemperature":57.93796157836914,"cycle":22,"measuredValue":4.738492012023926},{"deltaTime":2257999,"flags":[],"measuredTemperature":57.93126678466797,"cycle":23,"measuredValue":4.730358123779297},{"deltaTime":2331804,"flags":[],"measuredTemperature":57.929351806640625,"cycle":24,"measuredValue":4.744680881500244},{"deltaTime":2405609,"flags":[],"measuredTemperature":57.925994873046875,"cycle":25,"measuredValue":4.753389835357666},{"deltaTime":2479414,"flags":[],"measuredTemperature":57.93415832519531,"cycle":26,"measuredValue":4.741593360900879},{"deltaTime":2553220,"flags":[],"measuredTemperature":57.9312629699707,"cycle":27,"measuredValue":4.743901252746582},{"deltaTime":2627026,"flags":[],"measuredTemperature":57.935569763183594,"cycle":28,"measuredValue":4.741538047790527},{"deltaTime":2700831,"flags":[],"measuredTemperature":57.924560546875,"cycle":29,"measuredValue":4.747528553009033},{"deltaTime":2774637,"flags":[],"measuredTemperature":57.93318176269531,"cycle":30,"measuredValue":4.746149063110352},{"deltaTime":2848443,"flags":[],"measuredTemperature":57.933170318603516,"cycle":31,"measuredValue":4.754602432250977},{"deltaTime":2922247,"flags":[],"measuredTemperature":57.93415069580078,"cycle":32,"measuredValue":4.750512599945068},{"deltaTime":2996054,"flags":[],"measuredTemperature":57.92742919921875,"cycle":33,"measuredValue":4.755779266357422},{"deltaTime":3069858,"flags":[],"measuredTemperature":57.928871154785156,"cycle":34,"measuredValue":4.749680519104004},{"deltaTime":3143663,"flags":[],"measuredTemperature":57.927921295166016,"cycle":35,"measuredValue":4.764655113220215},{"deltaTime":3217470,"flags":[],"measuredTemperature":57.936058044433594,"cycle":36,"measuredValue":4.75827169418335},{"deltaTime":3291276,"flags":[],"measuredTemperature":57.925533294677734,"cycle":37,"measuredValue":4.759095668792725},{"deltaTime":3365081,"flags":[],"measuredTemperature":57.929359436035156,"cycle":38,"measuredValue":4.759873390197754},{"deltaTime":3438887,"flags":[],"measuredTemperature":57.93462371826172,"cycle":39,"measuredValue":4.764095783233643},{"deltaTime":3512692,"flags":[],"measuredTemperature":57.92792510986328,"cycle":40,"measuredValue":4.763365268707275},{"deltaTime":3586497,"flags":[],"measuredTemperature":57.92888259887695,"cycle":41,"measuredValue":4.761062145233154},{"deltaTime":3660303,"flags":[],"measuredTemperature":57.93174743652344,"cycle":42,"measuredValue":4.767271518707275},{"deltaTime":3734109,"flags":[],"measuredTemperature":57.93796157836914,"cycle":43,"measuredValue":4.773592472076416},{"deltaTime":3807914,"flags":[],"measuredTemperature":57.932228088378906,"cycle":44,"measuredValue":4.772888660430908},{"deltaTime":3881720,"flags":[],"measuredTemperature":57.929351806640625,"cycle":45,"measuredValue":4.772425174713135}],"pcrMeasurementType":"Quantification"},{"segmentId":3002,"acquisitions":[{"deltaTime":224501,"flags":[],"measuredTemperature":54.964271545410156,"cycle":1,"measuredValue":0.20899072289466858},{"deltaTime":308455,"flags":[],"measuredTemperature":54.96428680419922,"cycle":2,"measuredValue":0.20059360563755035},{"deltaTime":392411,"flags":[],"measuredTemperature":54.95936584472656,"cycle":3,"measuredValue":0.20064127445220947},{"deltaTime":476366,"flags":[],"measuredTemperature":54.953880310058594,"cycle":4,"measuredValue":0.19968365132808685},{"deltaTime":560322,"flags":[],"measuredTemperature":54.942466735839844,"cycle":5,"measuredValue":0.1952856332063675}],"pcrMeasurementType":"Quantification"},{"segmentId":3003,"acquisitions":[{"deltaTime":634828,"flags":[],"measuredTemperature":57.93416976928711,"cycle":1,"measuredValue":0.1941739171743393},{"deltaTime":708634,"flags":[],"measuredTemperature":57.927467346191406,"cycle":2,"measuredValue":0.19483186304569244},{"deltaTime":782437,"flags":[],"measuredTemperature":57.93511199951172,"cycle":3,"measuredValue":0.19260911643505096},{"deltaTime":856242,"flags":[],"measuredTemperature":57.9317741394043,"cycle":4,"measuredValue":0.19246791303157806},{"deltaTime":930050,"flags":[],"measuredTemperature":57.93701171875,"cycle":5,"measuredValue":0.19364938139915466},{"deltaTime":1003855,"flags":[],"measuredTemperature":57.93464279174805,"cycle":6,"measuredValue":0.1890333741903305},{"deltaTime":1077659,"flags":[],"measuredTemperature":57.93222427368164,"cycle":7,"measuredValue":0.19176174700260162},{"deltaTime":1151465,"flags":[],"measuredTemperature":57.927452087402344,"cycle":8,"measuredValue":0.19075633585453033},{"deltaTime":1225271,"flags":[],"measuredTemperature":57.936561584472656,"cycle":9,"measuredValue":0.19269976019859314},{"deltaTime":1299078,"flags":[],"measuredTemperature":57.933197021484375,"cycle":10,"measuredValue":0.19762738049030304},{"deltaTime":1372883,"flags":[],"measuredTemperature":57.93368148803711,"cycle":11,"measuredValue":0.1930515170097351},{"deltaTime":1446688,"flags":[],"measuredTemperature":57.93560028076172,"cycle":12,"measuredValue":0.19055059552192688},{"deltaTime":1520494,"flags":[],"measuredTemperature":57.926475524902344,"cycle":13,"measuredValue":0.19278520345687866},{"deltaTime":1594298,"flags":[],"measuredTemperature":57.94419479370117,"cycle":14,"measuredValue":0.1922054886817932},{"deltaTime":1668104,"flags":[],"measuredTemperature":57.93461608886719,"cycle":15,"measuredValue":0.19074591994285583},{"deltaTime":1741910,"flags":[],"measuredTemperature":57.93367004394531,"cycle":16,"measuredValue":0.1936420351266861},{"deltaTime":1815715,"flags":[],"measuredTemperature":57.92887878417969,"cycle":17,"measuredValue":0.19417649507522583},{"deltaTime":1889520,"flags":[],"measuredTemperature":57.932716369628906,"cycle":18,"measuredValue":0.19438326358795166},{"deltaTime":1963329,"flags":[],"measuredTemperature":57.935089111328125,"cycle":19,"measuredValue":0.19274866580963135},{"deltaTime":2037133,"flags":[],"measuredTemperature":57.93893814086914,"cycle":20,"measuredValue":0.19377315044403076},{"deltaTime":2110936,"flags":[],"measuredTemperature":57.93891906738281,"cycle":21,"measuredValue":0.19061514735221863},{"deltaTime":2184742,"flags":[],"measuredTemperature":57.93414306640625,"cycle":22,"measuredValue":0.19350086152553558},{"deltaTime":2258550,"flags":[],"measuredTemperature":57.926490783691406,"cycle":23,"measuredValue":0.19130651652812958},{"deltaTime":2332355,"flags":[],"measuredTemperature":57.93223571777344,"cycle":24,"measuredValue":0.18957915902137756},{"deltaTime":2406160,"flags":[],"measuredTemperature":57.932228088378906,"cycle":25,"measuredValue":0.19435718655586243},{"deltaTime":2479964,"flags":[],"measuredTemperature":57.93989181518555,"cycle":26,"measuredValue":0.19227337837219238},{"deltaTime":2553771,"flags":[],"measuredTemperature":57.932220458984375,"cycle":27,"measuredValue":0.19217047095298767},{"deltaTime":2627576,"flags":[],"measuredTemperature":57.94275665283203,"cycle":28,"measuredValue":0.19289608299732208},{"deltaTime":2701382,"flags":[],"measuredTemperature":57.92648696899414,"cycle":29,"measuredValue":0.1932184100151062},{"deltaTime":2775188,"flags":[],"measuredTemperature":57.9379768371582,"cycle":30,"measuredValue":0.19190897047519684},{"deltaTime":2848993,"flags":[],"measuredTemperature":57.93651580810547,"cycle":31,"measuredValue":0.19210559129714966},{"deltaTime":2922798,"flags":[],"measuredTemperature":57.935585021972656,"cycle":32,"measuredValue":0.19506926834583282},{"deltaTime":2996605,"flags":[],"measuredTemperature":57.939388275146484,"cycle":33,"measuredValue":0.19450493156909943},{"deltaTime":3070409,"flags":[],"measuredTemperature":57.93844223022461,"cycle":34,"measuredValue":0.19611772894859314},{"deltaTime":3144213,"flags":[],"measuredTemperature":57.93462371826172,"cycle":35,"measuredValue":0.1970592737197876},{"deltaTime":3218021,"flags":[],"measuredTemperature":57.93559265136719,"cycle":36,"measuredValue":0.19772543013095856},{"deltaTime":3291827,"flags":[],"measuredTemperature":57.93747329711914,"cycle":37,"measuredValue":0.1967843621969223},{"deltaTime":3365632,"flags":[],"measuredTemperature":57.93798828125,"cycle":38,"measuredValue":0.19694744050502777},{"deltaTime":3439438,"flags":[],"measuredTemperature":57.93606948852539,"cycle":39,"measuredValue":0.19475212693214417},{"deltaTime":3513242,"flags":[],"measuredTemperature":57.92839813232422,"cycle":40,"measuredValue":0.19537729024887085},{"deltaTime":3587048,"flags":[],"measuredTemperature":57.932701110839844,"cycle":41,"measuredValue":0.1959953010082245},{"deltaTime":3660854,"flags":[],"measuredTemperature":57.92982482910156,"cycle":42,"measuredValue":0.19480285048484802},{"deltaTime":3734660,"flags":[],"measuredTemperature":57.93605041503906,"cycle":43,"measuredValue":0.1952425092458725},{"deltaTime":3808464,"flags":[],"measuredTemperature":57.94228744506836,"cycle":44,"measuredValue":0.19506210088729858},{"deltaTime":3882270,"flags":[],"measuredTemperature":57.931243896484375,"cycle":45,"measuredValue":0.1954014152288437}],"pcrMeasurementType":"Quantification"},{"segmentId":4002,"acquisitions":[{"deltaTime":224910,"flags":[],"measuredTemperature":54.969730377197266,"cycle":1,"measuredValue":0.06388150900602341},{"deltaTime":308865,"flags":[],"measuredTemperature":54.96528625488281,"cycle":2,"measuredValue":0.06275513768196106},{"deltaTime":392821,"flags":[],"measuredTemperature":54.95986557006836,"cycle":3,"measuredValue":0.06389331817626953},{"deltaTime":476775,"flags":[],"measuredTemperature":54.95635986328125,"cycle":4,"measuredValue":0.06245017424225807},{"deltaTime":560732,"flags":[],"measuredTemperature":54.946434020996094,"cycle":5,"measuredValue":0.06156409531831741}],"pcrMeasurementType":"Quantification"},{"segmentId":4003,"acquisitions":[{"deltaTime":635238,"flags":[],"measuredTemperature":57.939422607421875,"cycle":1,"measuredValue":0.06051713600754738},{"deltaTime":709044,"flags":[],"measuredTemperature":57.926025390625,"cycle":2,"measuredValue":0.06262198835611343},{"deltaTime":782846,"flags":[],"measuredTemperature":57.93463134765625,"cycle":3,"measuredValue":0.0607365258038044},{"deltaTime":856651,"flags":[],"measuredTemperature":57.9255485534668,"cycle":4,"measuredValue":0.06279134750366211},{"deltaTime":930460,"flags":[],"measuredTemperature":57.93605041503906,"cycle":5,"measuredValue":0.061969149857759476},{"deltaTime":1004265,"flags":[],"measuredTemperature":57.93703079223633,"cycle":6,"measuredValue":0.06135354936122894},{"deltaTime":1078069,"flags":[],"measuredTemperature":57.941322326660156,"cycle":7,"measuredValue":0.060337770730257034},{"deltaTime":1151874,"flags":[],"measuredTemperature":57.930320739746094,"cycle":8,"measuredValue":0.05965247377753258},{"deltaTime":1225681,"flags":[],"measuredTemperature":57.94563293457031,"cycle":9,"measuredValue":0.06091735139489174},{"deltaTime":1299488,"flags":[],"measuredTemperature":57.93510818481445,"cycle":10,"measuredValue":0.057939786463975906},{"deltaTime":1373293,"flags":[],"measuredTemperature":57.93606185913086,"cycle":11,"measuredValue":0.059889085590839386},{"deltaTime":1447097,"flags":[],"measuredTemperature":57.94275665283203,"cycle":12,"measuredValue":0.06074231490492821},{"deltaTime":1520904,"flags":[],"measuredTemperature":57.93416213989258,"cycle":13,"measuredValue":0.05856470391154289},{"deltaTime":1594708,"flags":[],"measuredTemperature":57.9432373046875,"cycle":14,"measuredValue":0.0610387958586216},{"deltaTime":1668514,"flags":[],"measuredTemperature":57.93079376220703,"cycle":15,"measuredValue":0.061965201050043106},{"deltaTime":1742320,"flags":[],"measuredTemperature":57.93846130371094,"cycle":16,"measuredValue":0.06148776784539223},{"deltaTime":1816124,"flags":[],"measuredTemperature":57.936065673828125,"cycle":17,"measuredValue":0.06177579239010811},{"deltaTime":1889930,"flags":[],"measuredTemperature":57.937503814697266,"cycle":18,"measuredValue":0.06055818870663643},{"deltaTime":1963738,"flags":[],"measuredTemperature":57.93459701538086,"cycle":19,"measuredValue":0.06051664054393768},{"deltaTime":2037543,"flags":[],"measuredTemperature":57.93703079223633,"cycle":20,"measuredValue":0.06279086321592331},{"deltaTime":2111346,"flags":[],"measuredTemperature":57.92791748046875,"cycle":21,"measuredValue":0.05987287312746048},{"deltaTime":2185151,"flags":[],"measuredTemperature":57.93318557739258,"cycle":22,"measuredValue":0.060587622225284576},{"deltaTime":2258960,"flags":[],"measuredTemperature":57.932701110839844,"cycle":23,"measuredValue":0.06093119457364082},{"deltaTime":2332765,"flags":[],"measuredTemperature":57.939884185791016,"cycle":24,"measuredValue":0.058955807238817215},{"deltaTime":2406570,"flags":[],"measuredTemperature":57.94132614135742,"cycle":25,"measuredValue":0.06278455257415771},{"deltaTime":2480374,"flags":[],"measuredTemperature":57.94131851196289,"cycle":26,"measuredValue":0.06414332985877991},{"deltaTime":2554181,"flags":[],"measuredTemperature":57.92935562133789,"cycle":27,"measuredValue":0.06652142852544785},{"deltaTime":2627986,"flags":[],"measuredTemperature":57.93846130371094,"cycle":28,"measuredValue":0.0676950141787529},{"deltaTime":2701792,"flags":[],"measuredTemperature":57.93796157836914,"cycle":29,"measuredValue":0.07351338863372803},{"deltaTime":2775598,"flags":[],"measuredTemperature":57.94227600097656,"cycle":30,"measuredValue":0.08020951598882675},{"deltaTime":2849402,"flags":[],"measuredTemperature":57.93414306640625,"cycle":31,"measuredValue":0.09100333601236343},{"deltaTime":2923208,"flags":[],"measuredTemperature":57.94276428222656,"cycle":32,"measuredValue":0.10032686591148376},{"deltaTime":2997015,"flags":[],"measuredTemperature":57.93891525268555,"cycle":33,"measuredValue":0.10544579476118088},{"deltaTime":3070819,"flags":[],"measuredTemperature":57.942283630371094,"cycle":34,"measuredValue":0.11114958673715591},{"deltaTime":3144622,"flags":[],"measuredTemperature":57.932220458984375,"cycle":35,"measuredValue":0.11740114539861679},{"deltaTime":3218430,"flags":[],"measuredTemperature":57.936546325683594,"cycle":36,"measuredValue":0.1234479546546936},{"deltaTime":3292237,"flags":[],"measuredTemperature":57.93556213378906,"cycle":37,"measuredValue":0.12382294237613678},{"deltaTime":3366042,"flags":[],"measuredTemperature":57.939414978027344,"cycle":38,"measuredValue":0.12610767781734467},{"deltaTime":3439848,"flags":[],"measuredTemperature":57.94037628173828,"cycle":39,"measuredValue":0.12944498658180237},{"deltaTime":3513651,"flags":[],"measuredTemperature":57.93606185913086,"cycle":40,"measuredValue":0.1271377056837082},{"deltaTime":3587458,"flags":[],"measuredTemperature":57.938941955566406,"cycle":41,"measuredValue":0.13163672387599945},{"deltaTime":3661264,"flags":[],"measuredTemperature":57.93412780761719,"cycle":42,"measuredValue":0.12958405911922455},{"deltaTime":3735070,"flags":[],"measuredTemperature":57.93846130371094,"cycle":43,"measuredValue":0.13156075775623322},{"deltaTime":3808874,"flags":[],"measuredTemperature":57.9432373046875,"cycle":44,"measuredValue":0.1325109601020813},{"deltaTime":3882679,"flags":[],"measuredTemperature":57.92935562133789,"cycle":45,"measuredValue":0.1319703608751297}],"pcrMeasurementType":"Quantification"},{"segmentId":5002,"acquisitions":[{"deltaTime":225280,"flags":[],"measuredTemperature":54.966251373291016,"cycle":1,"measuredValue":1.1890263557434082},{"deltaTime":309236,"flags":[],"measuredTemperature":54.96479415893555,"cycle":2,"measuredValue":1.172408938407898},{"deltaTime":393192,"flags":[],"measuredTemperature":54.95638656616211,"cycle":3,"measuredValue":1.1644715070724487},{"deltaTime":477146,"flags":[],"measuredTemperature":54.9538688659668,"cycle":4,"measuredValue":1.1576879024505615},{"deltaTime":561102,"flags":[],"measuredTemperature":54.95038604736328,"cycle":5,"measuredValue":1.1572833061218262}],"pcrMeasurementType":"Quantification"},{"segmentId":5003,"acquisitions":[{"deltaTime":635609,"flags":[],"measuredTemperature":57.94037628173828,"cycle":1,"measuredValue":1.0721112489700317},{"deltaTime":709415,"flags":[],"measuredTemperature":57.93606948852539,"cycle":2,"measuredValue":1.0692936182022095},{"deltaTime":783216,"flags":[],"measuredTemperature":57.93750762939453,"cycle":3,"measuredValue":1.0695732831954956},{"deltaTime":857022,"flags":[],"measuredTemperature":57.931270599365234,"cycle":4,"measuredValue":1.0687122344970703},{"deltaTime":930831,"flags":[],"measuredTemperature":57.935577392578125,"cycle":5,"measuredValue":1.0667887926101685},{"deltaTime":1004636,"flags":[],"measuredTemperature":57.945640563964844,"cycle":6,"measuredValue":1.0669069290161133},{"deltaTime":1078439,"flags":[],"measuredTemperature":57.94563293457031,"cycle":7,"measuredValue":1.069474220275879},{"deltaTime":1152245,"flags":[],"measuredTemperature":57.94036865234375,"cycle":8,"measuredValue":1.0673450231552124},{"deltaTime":1226052,"flags":[],"measuredTemperature":57.94371032714844,"cycle":9,"measuredValue":1.0673792362213135},{"deltaTime":1299859,"flags":[],"measuredTemperature":57.938446044921875,"cycle":10,"measuredValue":1.0663390159606934},{"deltaTime":1373664,"flags":[],"measuredTemperature":57.937496185302734,"cycle":11,"measuredValue":1.0659502744674683},{"deltaTime":1447467,"flags":[],"measuredTemperature":57.93989562988281,"cycle":12,"measuredValue":1.065438985824585},{"deltaTime":1521275,"flags":[],"measuredTemperature":57.934608459472656,"cycle":13,"measuredValue":1.0676774978637695},{"deltaTime":1595079,"flags":[],"measuredTemperature":57.93989181518555,"cycle":14,"measuredValue":1.06538724899292},{"deltaTime":1668885,"flags":[],"measuredTemperature":57.929840087890625,"cycle":15,"measuredValue":1.0657066106796265},{"deltaTime":1742690,"flags":[],"measuredTemperature":57.93941116333008,"cycle":16,"measuredValue":1.0675803422927856},{"deltaTime":1816495,"flags":[],"measuredTemperature":57.942264556884766,"cycle":17,"measuredValue":1.0681251287460327},{"deltaTime":1890301,"flags":[],"measuredTemperature":57.938941955566406,"cycle":18,"measuredValue":1.0686695575714111},{"deltaTime":1964109,"flags":[],"measuredTemperature":57.94227600097656,"cycle":19,"measuredValue":1.068860650062561},{"deltaTime":2037914,"flags":[],"measuredTemperature":57.94133758544922,"cycle":20,"measuredValue":1.0714646577835083},{"deltaTime":2111716,"flags":[],"measuredTemperature":57.92744445800781,"cycle":21,"measuredValue":1.0778993368148804},{"deltaTime":2185522,"flags":[],"measuredTemperature":57.93462371826172,"cycle":22,"measuredValue":1.0854430198669434},{"deltaTime":2259331,"flags":[],"measuredTemperature":57.935577392578125,"cycle":23,"measuredValue":1.1052906513214111},{"deltaTime":2333136,"flags":[],"measuredTemperature":57.94132614135742,"cycle":24,"measuredValue":1.145013451576233},{"deltaTime":2406940,"flags":[],"measuredTemperature":57.94227600097656,"cycle":25,"measuredValue":1.215303897857666},{"deltaTime":2480745,"flags":[],"measuredTemperature":57.93989181518555,"cycle":26,"measuredValue":1.3484742641448975},{"deltaTime":2554552,"flags":[],"measuredTemperature":57.93748474121094,"cycle":27,"measuredValue":1.5925039052963257},{"deltaTime":2628357,"flags":[],"measuredTemperature":57.94036865234375,"cycle":28,"measuredValue":2.011749029159546},{"deltaTime":2702163,"flags":[],"measuredTemperature":57.93939971923828,"cycle":29,"measuredValue":2.6509268283843994},{"deltaTime":2775969,"flags":[],"measuredTemperature":57.93988800048828,"cycle":30,"measuredValue":3.4983129501342773},{"deltaTime":2849773,"flags":[],"measuredTemperature":57.93510055541992,"cycle":31,"measuredValue":4.441628456115723},{"deltaTime":2923579,"flags":[],"measuredTemperature":57.93988800048828,"cycle":32,"measuredValue":5.391760349273682},{"deltaTime":2997386,"flags":[],"measuredTemperature":57.93605041503906,"cycle":33,"measuredValue":6.296761989593506},{"deltaTime":3071189,"flags":[],"measuredTemperature":57.937503814697266,"cycle":34,"measuredValue":7.106898307800293},{"deltaTime":3144992,"flags":[],"measuredTemperature":57.93893051147461,"cycle":35,"measuredValue":7.780320644378662},{"deltaTime":3218801,"flags":[],"measuredTemperature":57.945152282714844,"cycle":36,"measuredValue":8.286352157592773},{"deltaTime":3292608,"flags":[],"measuredTemperature":57.930789947509766,"cycle":37,"measuredValue":8.64802074432373},{"deltaTime":3366413,"flags":[],"measuredTemperature":57.944664001464844,"cycle":38,"measuredValue":8.895588874816895},{"deltaTime":3440219,"flags":[],"measuredTemperature":57.94466018676758,"cycle":39,"measuredValue":9.062759399414062},{"deltaTime":3514021,"flags":[],"measuredTemperature":57.93606948852539,"cycle":40,"measuredValue":9.175413131713867},{"deltaTime":3587829,"flags":[],"measuredTemperature":57.94324493408203,"cycle":41,"measuredValue":9.261527061462402},{"deltaTime":3661635,"flags":[],"measuredTemperature":57.93988037109375,"cycle":42,"measuredValue":9.325329780578613},{"deltaTime":3735441,"flags":[],"measuredTemperature":57.93655014038086,"cycle":43,"measuredValue":9.368450164794922},{"deltaTime":3809244,"flags":[],"measuredTemperature":57.937984466552734,"cycle":44,"measuredValue":9.408631324768066},{"deltaTime":3883050,"flags":[],"measuredTemperature":57.937503814697266,"cycle":45,"measuredValue":9.445345878601074}],"pcrMeasurementType":"Quantification"}],"filters":[{"name":"Ex-435","id":1,"position":1,"discriminator":"ExcitationFilter"},{"name":"Ex-495","id":2,"position":2,"discriminator":"ExcitationFilter"},{"name":"Ex-540","id":3,"position":3,"discriminator":"ExcitationFilter"},{"name":"Ex-610","id":4,"position":4,"discriminator":"ExcitationFilter"},{"name":"Ex-680","id":5,"position":5,"discriminator":"ExcitationFilter"},{"name":"Em-470","id":6,"position":1,"discriminator":"EmissionFilter"},{"name":"Em-521","id":7,"position":2,"discriminator":"EmissionFilter"},{"name":"Em-580","id":8,"position":3,"discriminator":"EmissionFilter"},{"name":"Em-645","id":9,"position":4,"discriminator":"EmissionFilter"},{"name":"Em-700","id":10,"position":5,"discriminator":"EmissionFilter"}],"programs":[{"sequenceNumber":2,"temperatureSteps":[{"targetTemperature":55,"id":2001}],"name":"2 Step Amplification"},{"sequenceNumber":3,"temperatureSteps":[{"targetTemperature":58,"id":3001}],"name":"2 Step Amplification"}],"measurementId":"679d7e83-8358-478a-b933-70c655c40295","reagentCalibrationValues":[{"index":0,"value":0},{"index":1,"value":0},{"index":2,"value":0},{"index":3,"value":0}]},"correlationId":"9caa103d-556b-49fc-ba8b-f85e874d620d"},"Origin":"STING.3429","Timestamp":"2026-09-30T15:13:35.077724Z"}' ...[EOL]
[2026-09-30 15:13:35.863Z][CA][INF][Logger:Roche.Sting.Calculation.Host.RunnerManagement.CalculatePreliminaryResultListener][Thread:54]Handling request 'CalculatePreliminaryResult' with data AsapId: '7a214f38-d555-4417-b943-4d2cf80728e7', WorkOrderId: '0e3022b6-f5be-4800-a9e0-be4a57ca5e48', CorrelationId: 'dddc5225-c465-4275-ae97-41e3a7974a1f' ...[EOL]
[2026-09-30 15:13:35.863Z][CA][INF][Logger:Roche.Sting.Calculation.Host.RunnerManagement.CalculatePreliminaryResultHandler][Thread:54]Handling request 'CalculatePreliminaryResult' with data AsapId: '7a214f38-d555-4417-b943-4d2cf80728e7', WorkOrderId: '0e3022b6-f5be-4800-a9e0-be4a57ca5e48', CorrelationId: 'dddc5225-c465-4275-ae97-41e3a7974a1f' ...[EOL]
[2026-09-30 15:13:35.863Z][CA][INF][Logger:Roche.Sting.Calculation.Host.RunnerManagement.CalculationRunnerManager][Thread:54]Starting CalculationRunner 'calculationrunner-x800mtb_1.1.0' with service name 'calculationrunner-x800mtb_1.1.0' on container 'calculationrunner-x800mtb_1.1.0' ...[EOL]
[2026-09-30 15:13:35.863Z][CA][INF][Logger:Roche.Sting.Calculation.Host.Docker.DockerManager][Thread:54]Calling 'docker-compose up' to start runner 'calculationrunner-x800mtb_1.1.0' ...[EOL]
[2026-09-30 15:13:35.863Z][CA][INF][Logger:Roche.Sting.Calculation.Host.Docker.DockerCommandExecutor][Thread:54]Going to start Docker process by executing 'docker-compose' with args 'up -d calculationrunner-x800mtb_1.1.0' ...[EOL]
[2026-09-30 15:13:36.064Z][CA][INF][Logger:Roche.Sting.Calculation.Host.Docker.DockerCommandExecutor][Thread:67]StdErr: calculationrunner-x800mtb_1.1.0 is up-to-date[EOL]
[2026-09-30 15:13:36.087Z][CA][INF][Logger:Roche.Sting.Calculation.Host.Docker.DockerCommandExecutor][Thread:39]StdOut: [EOL]
[2026-09-30 15:13:36.087Z][CA][INF][Logger:Roche.Sting.Calculation.Host.Docker.DockerCommandExecutor][Thread:52]StdErr: [EOL]
[2026-09-30 15:13:36.087Z][CA][INF][Logger:Roche.Sting.Calculation.Host.Docker.DockerCommandExecutor][Thread:54]Successfully executed 'docker-compose' with args 'up -d calculationrunner-x800mtb_1.1.0'[EOL]
[2026-09-30 15:13:36.091Z][CA][INF][Logger:Roche.Sting.Calculation.Host.RunnerManagement.CalculationRunnerManager][Thread:54]Forwarding request 'CalculatePreliminaryResult' on queue 'CalculatePreliminaryResult_calculationrunner-x800mtb_1.1.0' with data '{"schema":"http://roche.com/rmd/X800/messages/CalculatePreliminaryResult.json","asapId":"7a214f38-d555-4417-b943-4d2cf80728e7","workOrderId":"0e3022b6-f5be-4800-a9e0-be4a57ca5e48","correlationId":"dddc5225-c465-4275-ae97-41e3a7974a1f","calculationRequest":{"schema":"http://roche.com/rmd/X800/calculation/CalculationRequest-1.json","requestedTargets":["MTB"],"measurementData":{"schema":"http://roche.com/rmd/X800/types/MeasurementData.json","positionName":"A5","channels":[{"channelNumber":1,"temperatureLevel":1,"segments":[{"temperatureStepId":2001,"excitationFilterId":1,"id":1002,"emissionFilterId":6},{"temperatureStepId":3001,"excitationFilterId":1,"id":1003,"emissionFilterId":6}]},{"channelNumber":2,"temperatureLevel":1,"segments":[{"temperatureStepId":2001,"excitationFilterId":2,"id":2002,"emissionFilterId":7},{"temperatureStepId":3001,"excitationFilterId":2,"id":2003,"emissionFilterId":7}]},{"channelNumber":3,"temperatureLevel":1,"segments":[{"temperatureStepId":2001,"excitationFilterId":3,"id":3002,"emissionFilterId":8},{"temperatureStepId":3001,"excitationFilterId":3,"id":3003,"emissionFilterId":8}]},{"channelNumber":4,"temperatureLevel":1,"segments":[{"temperatureStepId":2001,"excitationFilterId":4,"id":4002,"emissionFilterId":9},{"temperatureStepId":3001,"excitationFilterId":4,"id":4003,"emissionFilterId":9}]},{"channelNumber":5,"temperatureLevel":1,"segments":[{"temperatureStepId":2001,"excitationFilterId":5,"id":5002,"emissionFilterId":10},{"temperatureStepId":3001,"excitationFilterId":5,"id":5003,"emissionFilterId":10}]}],"specimen":{"inputVolumeInCubicmeter":8.5E-07,"dilutionFactor":1,"sampleType":"2.16.840.1.113995.3.111.9.3.23","discriminator":"SampleInformation"},"hasCriticalFlag":false,"curveSegments":[{"segmentId":1002,"acquisitions":[{"deltaTime":223540,"flags":[],"measuredTemperature":54.95730972290039,"cycle":1,"measuredValue":2.1071386337280273},{"deltaTime":307494,"flags":[],"measuredTemperature":54.95835494995117,"cycle":2,"measuredValue":2.039292097091675},{"deltaTime":391452,"flags":[],"measuredTemperature":54.951908111572266,"cycle":3,"measuredValue":2.0046348571777344},{"deltaTime":475406,"flags":[],"measuredTemperature":54.94743347167969,"cycle":4,"measuredValue":1.9770735502243042},{"deltaTime":559362,"flags":[],"measuredTemperature":54.930030822753906,"cycle":5,"measuredValue":1.9656987190246582}],"pcrMeasurementType":"Quantification"},{"segmentId":1003,"acquisitions":[{"deltaTime":633868,"flags":[],"measuredTemperature":57.93416976928711,"cycle":1,"measuredValue":1.9066309928894043},{"deltaTime":707673,"flags":[],"measuredTemperature":57.93605422973633,"cycle":2,"measuredValue":1.8990191221237183},{"deltaTime":781478,"flags":[],"measuredTemperature":57.93128204345703,"cycle":3,"measuredValue":1.8924665451049805},{"deltaTime":855283,"flags":[],"measuredTemperature":57.9255485534668,"cycle":4,"measuredValue":1.8899885416030884},{"deltaTime":929089,"flags":[],"measuredTemperature":57.92839813232422,"cycle":5,"measuredValue":1.8825575113296509},{"deltaTime":1002894,"flags":[],"measuredTemperature":57.930816650390625,"cycle":6,"measuredValue":1.8804221153259277},{"deltaTime":1076699,"flags":[],"measuredTemperature":57.925540924072266,"cycle":7,"measuredValue":1.8733032941818237},{"deltaTime":1150505,"flags":[],"measuredTemperature":57.92935562133789,"cycle":8,"measuredValue":1.8681809902191162},{"deltaTime":1224310,"flags":[],"measuredTemperature":57.93369674682617,"cycle":9,"measuredValue":1.8644400835037231},{"deltaTime":1298118,"flags":[],"measuredTemperature":57.932228088378906,"cycle":10,"measuredValue":1.862939476966858},{"deltaTime":1371922,"flags":[],"measuredTemperature":57.93030548095703,"cycle":11,"measuredValue":1.8522722721099854},{"deltaTime":1445728,"flags":[],"measuredTemperature":57.936065673828125,"cycle":12,"measuredValue":1.8554749488830566},{"deltaTime":1519533,"flags":[],"measuredTemperature":57.92887878417969,"cycle":13,"measuredValue":1.852294683456421},{"deltaTime":1593338,"flags":[],"measuredTemperature":57.9260139465332,"cycle":14,"measuredValue":1.847577691078186},{"deltaTime":1667143,"flags":[],"measuredTemperature":57.925533294677734,"cycle":15,"measuredValue":1.8429518938064575},{"deltaTime":1740949,"flags":[],"measuredTemperature":57.93510437011719,"cycle":16,"measuredValue":1.8392788171768188},{"deltaTime":1814755,"flags":[],"measuredTemperature":57.92887496948242,"cycle":17,"measuredValue":1.83594810962677},{"deltaTime":1888559,"flags":[],"measuredTemperature":57.937503814697266,"cycle":18,"measuredValue":1.838647484779358},{"deltaTime":1962369,"flags":[],"measuredTemperature":57.92790222167969,"cycle":19,"measuredValue":1.828894019126892},{"deltaTime":2036173,"flags":[],"measuredTemperature":57.92265701293945,"cycle":20,"measuredValue":1.8317033052444458},{"deltaTime":2109977,"flags":[],"measuredTemperature":57.925994873046875,"cycle":21,"measuredValue":1.8292359113693237},{"deltaTime":2183783,"flags":[],"measuredTemperature":57.929832458496094,"cycle":22,"measuredValue":1.8295928239822388},{"deltaTime":2257589,"flags":[],"measuredTemperature":57.93843078613281,"cycle":23,"measuredValue":1.8232548236846924},{"deltaTime":2331394,"flags":[],"measuredTemperature":57.932716369628906,"cycle":24,"measuredValue":1.8219919204711914},{"deltaTime":2405199,"flags":[],"measuredTemperature":57.928855895996094,"cycle":25,"measuredValue":1.823970079421997},{"deltaTime":2479004,"flags":[],"measuredTemperature":57.927921295166016,"cycle":26,"measuredValue":1.8218075037002563},{"deltaTime":2552810,"flags":[],"measuredTemperature":57.92311096191406,"cycle":27,"measuredValue":1.8137452602386475},{"deltaTime":2626616,"flags":[],"measuredTemperature":57.927921295166016,"cycle":28,"measuredValue":1.815451979637146},{"deltaTime":2700421,"flags":[],"measuredTemperature":57.92647171020508,"cycle":29,"measuredValue":1.8096928596496582},{"deltaTime":2774228,"flags":[],"measuredTemperature":57.92790985107422,"cycle":30,"measuredValue":1.8091888427734375},{"deltaTime":2848033,"flags":[],"measuredTemperature":57.925506591796875,"cycle":31,"measuredValue":1.8091585636138916},{"deltaTime":2921838,"flags":[],"measuredTemperature":57.92888641357422,"cycle":32,"measuredValue":1.8103584051132202},{"deltaTime":2995644,"flags":[],"measuredTemperature":57.92551803588867,"cycle":33,"measuredValue":1.8030728101730347},{"deltaTime":3069448,"flags":[],"measuredTemperature":57.92936706542969,"cycle":34,"measuredValue":1.804595947265625},{"deltaTime":3143253,"flags":[],"measuredTemperature":57.924072265625,"cycle":35,"measuredValue":1.8018189668655396},{"deltaTime":3217060,"flags":[],"measuredTemperature":57.92600631713867,"cycle":36,"measuredValue":1.7988518476486206},{"deltaTime":3290866,"flags":[],"measuredTemperature":57.92025375366211,"cycle":37,"measuredValue":1.799198865890503},{"deltaTime":3364671,"flags":[],"measuredTemperature":57.92887496948242,"cycle":38,"measuredValue":1.7967448234558105},{"deltaTime":3438478,"flags":[],"measuredTemperature":57.93366241455078,"cycle":39,"measuredValue":1.7932173013687134},{"deltaTime":3512283,"flags":[],"measuredTemperature":57.9255256652832,"cycle":40,"measuredValue":1.7967594861984253},{"deltaTime":3586088,"flags":[],"measuredTemperature":57.935115814208984,"cycle":41,"measuredValue":1.7909517288208008},{"deltaTime":3659893,"flags":[],"measuredTemperature":57.925987243652344,"cycle":42,"measuredValue":1.79119873046875},{"deltaTime":3733699,"flags":[],"measuredTemperature":57.931270599365234,"cycle":43,"measuredValue":1.7867491245269775},{"deltaTime":3807504,"flags":[],"measuredTemperature":57.93224334716797,"cycle":44,"measuredValue":1.7882825136184692},{"deltaTime":3881310,"flags":[],"measuredTemperature":57.92935562133789,"cycle":45,"measuredValue":1.7894171476364136}],"pcrMeasurementType":"Quantification"},{"segmentId":2002,"acquisitions":[{"deltaTime":223950,"flags":[],"measuredTemperature":54.959815979003906,"cycle":1,"measuredValue":4.830974102020264},{"deltaTime":307904,"flags":[],"measuredTemperature":54.966285705566406,"cycle":2,"measuredValue":4.7542243003845215},{"deltaTime":391861,"flags":[],"measuredTemperature":54.951416015625,"cycle":3,"measuredValue":4.705594062805176},{"deltaTime":475816,"flags":[],"measuredTemperature":54.94743347167969,"cycle":4,"measuredValue":4.689723014831543},{"deltaTime":559771,"flags":[],"measuredTemperature":54.93250274658203,"cycle":5,"measuredValue":4.68025541305542}],"pcrMeasurementType":"Quantification"},{"segmentId":2003,"acquisitions":[{"deltaTime":634277,"flags":[],"measuredTemperature":57.929359436035156,"cycle":1,"measuredValue":4.501913547515869},{"deltaTime":708083,"flags":[],"measuredTemperature":57.93415451049805,"cycle":2,"measuredValue":4.5029215812683105},{"deltaTime":781887,"flags":[],"measuredTemperature":57.93079376220703,"cycle":3,"measuredValue":4.492629528045654},{"deltaTime":855692,"flags":[],"measuredTemperature":57.92938232421875,"cycle":4,"measuredValue":4.495334625244141},{"deltaTime":929499,"flags":[],"measuredTemperature":57.93269348144531,"cycle":5,"measuredValue":4.498507022857666},{"deltaTime":1003304,"flags":[],"measuredTemperature":57.928428649902344,"cycle":6,"measuredValue":4.501959323883057},{"deltaTime":1077109,"flags":[],"measuredTemperature":57.929840087890625,"cycle":7,"measuredValue":4.5035080909729},{"deltaTime":1150915,"flags":[],"measuredTemperature":57.92887878417969,"cycle":8,"measuredValue":4.500144004821777},{"deltaTime":1224720,"flags":[],"measuredTemperature":57.93511962890625,"cycle":9,"measuredValue":4.5050129890441895},{"deltaTime":1298527,"flags":[],"measuredTemperature":57.93222427368164,"cycle":10,"measuredValue":4.504291534423828},{"deltaTime":1372332,"flags":[],"measuredTemperature":57.93317794799805,"cycle":11,"measuredValue":4.509209156036377},{"deltaTime":1446137,"flags":[],"measuredTemperature":57.940372467041016,"cycle":12,"measuredValue":4.50354528427124},{"deltaTime":1519943,"flags":[],"measuredTemperature":57.927921295166016,"cycle":13,"measuredValue":4.500785827636719},{"deltaTime":1593748,"flags":[],"measuredTemperature":57.93606948852539,"cycle":14,"measuredValue":4.507205486297607},{"deltaTime":1667553,"flags":[],"measuredTemperature":57.93412780761719,"cycle":15,"measuredValue":4.501849174499512},{"deltaTime":1741359,"flags":[],"measuredTemperature":57.93988800048828,"cycle":16,"measuredValue":4.505370140075684},{"deltaTime":1815165,"flags":[],"measuredTemperature":57.93030548095703,"cycle":17,"measuredValue":4.5093512535095215},{"deltaTime":1888969,"flags":[],"measuredTemperature":57.93844985961914,"cycle":18,"measuredValue":4.515695571899414},{"deltaTime":1962778,"flags":[],"measuredTemperature":57.926475524902344,"cycle":19,"measuredValue":4.516857624053955},{"deltaTime":2036582,"flags":[],"measuredTemperature":57.93270492553711,"cycle":20,"measuredValue":4.516060829162598},{"deltaTime":2110386,"flags":[],"measuredTemperature":57.933170318603516,"cycle":21,"measuredValue":4.518178462982178},{"deltaTime":2184192,"flags":[],"measuredTemperature":57.93796157836914,"cycle":22,"measuredValue":4.528581142425537},{"deltaTime":2257999,"flags":[],"measuredTemperature":57.93126678466797,"cycle":23,"measuredValue":4.511044502258301},{"deltaTime":2331804,"flags":[],"measuredTemperature":57.929351806640625,"cycle":24,"measuredValue":4.5226006507873535},{"deltaTime":2405609,"flags":[],"measuredTemperature":57.925994873046875,"cycle":25,"measuredValue":4.5261454582214355},{"deltaTime":2479414,"flags":[],"measuredTemperature":57.93415832519531,"cycle":26,"measuredValue":4.522056579589844},{"deltaTime":2553220,"flags":[],"measuredTemperature":57.9312629699707,"cycle":27,"measuredValue":4.52424955368042},{"deltaTime":2627026,"flags":[],"measuredTemperature":57.935569763183594,"cycle":28,"measuredValue":4.529759407043457},{"deltaTime":2700831,"flags":[],"measuredTemperature":57.924560546875,"cycle":29,"measuredValue":4.531453609466553},{"deltaTime":2774637,"flags":[],"measuredTemperature":57.93318176269531,"cycle":30,"measuredValue":4.537302494049072},{"deltaTime":2848443,"flags":[],"measuredTemperature":57.933170318603516,"cycle":31,"measuredValue":4.540881156921387},{"deltaTime":2922247,"flags":[],"measuredTemperature":57.93415069580078,"cycle":32,"measuredValue":4.537698268890381},{"deltaTime":2996054,"flags":[],"measuredTemperature":57.92742919921875,"cycle":33,"measuredValue":4.543973445892334},{"deltaTime":3069858,"flags":[],"measuredTemperature":57.928871154785156,"cycle":34,"measuredValue":4.540778636932373},{"deltaTime":3143663,"flags":[],"measuredTemperature":57.927921295166016,"cycle":35,"measuredValue":4.547004222869873},{"deltaTime":3217470,"flags":[],"measuredTemperature":57.936058044433594,"cycle":36,"measuredValue":4.548641204833984},{"deltaTime":3291276,"flags":[],"measuredTemperature":57.925533294677734,"cycle":37,"measuredValue":4.549668788909912},{"deltaTime":3365081,"flags":[],"measuredTemperature":57.929359436035156,"cycle":38,"measuredValue":4.552042007446289},{"deltaTime":3438887,"flags":[],"measuredTemperature":57.93462371826172,"cycle":39,"measuredValue":4.55461311340332},{"deltaTime":3512692,"flags":[],"measuredTemperature":57.92792510986328,"cycle":40,"measuredValue":4.558823108673096},{"deltaTime":3586497,"flags":[],"measuredTemperature":57.92888259887695,"cycle":41,"measuredValue":4.558856964111328},{"deltaTime":3660303,"flags":[],"measuredTemperature":57.93174743652344,"cycle":42,"measuredValue":4.559272289276123},{"deltaTime":3734109,"flags":[],"measuredTemperature":57.93796157836914,"cycle":43,"measuredValue":4.56112003326416},{"deltaTime":3807914,"flags":[],"measuredTemperature":57.932228088378906,"cycle":44,"measuredValue":4.562069416046143},{"deltaTime":3881720,"flags":[],"measuredTemperature":57.929351806640625,"cycle":45,"measuredValue":4.570587158203125}],"pcrMeasurementType":"Quantification"},{"segmentId":3002,"acquisitions":[{"deltaTime":224501,"flags":[],"measuredTemperature":54.964271545410156,"cycle":1,"measuredValue":0.2022840827703476},{"deltaTime":308455,"flags":[],"measuredTemperature":54.96428680419922,"cycle":2,"measuredValue":0.19587485492229462},{"deltaTime":392411,"flags":[],"measuredTemperature":54.95936584472656,"cycle":3,"measuredValue":0.193170428276062},{"deltaTime":476366,"flags":[],"measuredTemperature":54.953880310058594,"cycle":4,"measuredValue":0.1905837208032608},{"deltaTime":560322,"flags":[],"measuredTemperature":54.942466735839844,"cycle":5,"measuredValue":0.1877163201570511}],"pcrMeasurementType":"Quantification"},{"segmentId":3003,"acquisitions":[{"deltaTime":634828,"flags":[],"measuredTemperature":57.93416976928711,"cycle":1,"measuredValue":0.1851913034915924},{"deltaTime":708634,"flags":[],"measuredTemperature":57.927467346191406,"cycle":2,"measuredValue":0.1852092146873474},{"deltaTime":782437,"flags":[],"measuredTemperature":57.93511199951172,"cycle":3,"measuredValue":0.1849115937948227},{"deltaTime":856242,"flags":[],"measuredTemperature":57.9317741394043,"cycle":4,"measuredValue":0.18580129742622375},{"deltaTime":930050,"flags":[],"measuredTemperature":57.93701171875,"cycle":5,"measuredValue":0.18280301988124847},{"deltaTime":1003855,"flags":[],"measuredTemperature":57.93464279174805,"cycle":6,"measuredValue":0.1833765208721161},{"deltaTime":1077659,"flags":[],"measuredTemperature":57.93222427368164,"cycle":7,"measuredValue":0.18319660425186157},{"deltaTime":1151465,"flags":[],"measuredTemperature":57.927452087402344,"cycle":8,"measuredValue":0.18260641396045685},{"deltaTime":1225271,"flags":[],"measuredTemperature":57.936561584472656,"cycle":9,"measuredValue":0.185735821723938},{"deltaTime":1299078,"flags":[],"measuredTemperature":57.933197021484375,"cycle":10,"measuredValue":0.1857011318206787},{"deltaTime":1372883,"flags":[],"measuredTemperature":57.93368148803711,"cycle":11,"measuredValue":0.18558692932128906},{"deltaTime":1446688,"flags":[],"measuredTemperature":57.93560028076172,"cycle":12,"measuredValue":0.1836596131324768},{"deltaTime":1520494,"flags":[],"measuredTemperature":57.926475524902344,"cycle":13,"measuredValue":0.1850450485944748},{"deltaTime":1594298,"flags":[],"measuredTemperature":57.94419479370117,"cycle":14,"measuredValue":0.18260273337364197},{"deltaTime":1668104,"flags":[],"measuredTemperature":57.93461608886719,"cycle":15,"measuredValue":0.18280479311943054},{"deltaTime":1741910,"flags":[],"measuredTemperature":57.93367004394531,"cycle":16,"measuredValue":0.184006929397583},{"deltaTime":1815715,"flags":[],"measuredTemperature":57.92887878417969,"cycle":17,"measuredValue":0.18523584306240082},{"deltaTime":1889520,"flags":[],"measuredTemperature":57.932716369628906,"cycle":18,"measuredValue":0.18580599129199982},{"deltaTime":1963329,"flags":[],"measuredTemperature":57.935089111328125,"cycle":19,"measuredValue":0.18366916477680206},{"deltaTime":2037133,"flags":[],"measuredTemperature":57.93893814086914,"cycle":20,"measuredValue":0.18485857546329498},{"deltaTime":2110936,"flags":[],"measuredTemperature":57.93891906738281,"cycle":21,"measuredValue":0.18052268028259277},{"deltaTime":2184742,"flags":[],"measuredTemperature":57.93414306640625,"cycle":22,"measuredValue":0.18466642498970032},{"deltaTime":2258550,"flags":[],"measuredTemperature":57.926490783691406,"cycle":23,"measuredValue":0.1832384616136551},{"deltaTime":2332355,"flags":[],"measuredTemperature":57.93223571777344,"cycle":24,"measuredValue":0.1798935830593109},{"deltaTime":2406160,"flags":[],"measuredTemperature":57.932228088378906,"cycle":25,"measuredValue":0.1839858591556549},{"deltaTime":2479964,"flags":[],"measuredTemperature":57.93989181518555,"cycle":26,"measuredValue":0.18356895446777344},{"deltaTime":2553771,"flags":[],"measuredTemperature":57.932220458984375,"cycle":27,"measuredValue":0.18245381116867065},{"deltaTime":2627576,"flags":[],"measuredTemperature":57.94275665283203,"cycle":28,"measuredValue":0.18364423513412476},{"deltaTime":2701382,"flags":[],"measuredTemperature":57.92648696899414,"cycle":29,"measuredValue":0.1844402700662613},{"deltaTime":2775188,"flags":[],"measuredTemperature":57.9379768371582,"cycle":30,"measuredValue":0.18334536254405975},{"deltaTime":2848993,"flags":[],"measuredTemperature":57.93651580810547,"cycle":31,"measuredValue":0.1827569454908371},{"deltaTime":2922798,"flags":[],"measuredTemperature":57.935585021972656,"cycle":32,"measuredValue":0.1865083873271942},{"deltaTime":2996605,"flags":[],"measuredTemperature":57.939388275146484,"cycle":33,"measuredValue":0.18481729924678802},{"deltaTime":3070409,"flags":[],"measuredTemperature":57.93844223022461,"cycle":34,"measuredValue":0.1865563988685608},{"deltaTime":3144213,"flags":[],"measuredTemperature":57.93462371826172,"cycle":35,"measuredValue":0.18624959886074066},{"deltaTime":3218021,"flags":[],"measuredTemperature":57.93559265136719,"cycle":36,"measuredValue":0.18890529870986938},{"deltaTime":3291827,"flags":[],"measuredTemperature":57.93747329711914,"cycle":37,"measuredValue":0.18588107824325562},{"deltaTime":3365632,"flags":[],"measuredTemperature":57.93798828125,"cycle":38,"measuredValue":0.18758107721805573},{"deltaTime":3439438,"flags":[],"measuredTemperature":57.93606948852539,"cycle":39,"measuredValue":0.18660974502563477},{"deltaTime":3513242,"flags":[],"measuredTemperature":57.92839813232422,"cycle":40,"measuredValue":0.1848992556333542},{"deltaTime":3587048,"flags":[],"measuredTemperature":57.932701110839844,"cycle":41,"measuredValue":0.18567615747451782},{"deltaTime":3660854,"flags":[],"measuredTemperature":57.92982482910156,"cycle":42,"measuredValue":0.1858549565076828},{"deltaTime":3734660,"flags":[],"measuredTemperature":57.93605041503906,"cycle":43,"measuredValue":0.1863275170326233},{"deltaTime":3808464,"flags":[],"measuredTemperature":57.94228744506836,"cycle":44,"measuredValue":0.187329962849617},{"deltaTime":3882270,"flags":[],"measuredTemperature":57.931243896484375,"cycle":45,"measuredValue":0.18693606555461884}],"pcrMeasurementType":"Quantification"},{"segmentId":4002,"acquisitions":[{"deltaTime":224910,"flags":[],"measuredTemperature":54.969730377197266,"cycle":1,"measuredValue":0.060732923448085785},{"deltaTime":308865,"flags":[],"measuredTemperature":54.96528625488281,"cycle":2,"measuredValue":0.05854010954499245},{"deltaTime":392821,"flags":[],"measuredTemperature":54.95986557006836,"cycle":3,"measuredValue":0.059474777430295944},{"deltaTime":476775,"flags":[],"measuredTemperature":54.95635986328125,"cycle":4,"measuredValue":0.05774929001927376},{"deltaTime":560732,"flags":[],"measuredTemperature":54.946434020996094,"cycle":5,"measuredValue":0.05650216341018677}],"pcrMeasurementType":"Quantification"},{"segmentId":4003,"acquisitions":[{"deltaTime":635238,"flags":[],"measuredTemperature":57.939422607421875,"cycle":1,"measuredValue":0.05614171922206879},{"deltaTime":709044,"flags":[],"measuredTemperature":57.926025390625,"cycle":2,"measuredValue":0.05663682147860527},{"deltaTime":782846,"flags":[],"measuredTemperature":57.93463134765625,"cycle":3,"measuredValue":0.056193772703409195},{"deltaTime":856651,"flags":[],"measuredTemperature":57.9255485534668,"cycle":4,"measuredValue":0.05733480304479599},{"deltaTime":930460,"flags":[],"measuredTemperature":57.93605041503906,"cycle":5,"measuredValue":0.05663210526108742},{"deltaTime":1004265,"flags":[],"measuredTemperature":57.93703079223633,"cycle":6,"measuredValue":0.05737645551562309},{"deltaTime":1078069,"flags":[],"measuredTemperature":57.941322326660156,"cycle":7,"measuredValue":0.05671033263206482},{"deltaTime":1151874,"flags":[],"measuredTemperature":57.930320739746094,"cycle":8,"measuredValue":0.056919459253549576},{"deltaTime":1225681,"flags":[],"measuredTemperature":57.94563293457031,"cycle":9,"measuredValue":0.05606989562511444},{"deltaTime":1299488,"flags":[],"measuredTemperature":57.93510818481445,"cycle":10,"measuredValue":0.053334686905145645},{"deltaTime":1373293,"flags":[],"measuredTemperature":57.93606185913086,"cycle":11,"measuredValue":0.05399895831942558},{"deltaTime":1447097,"flags":[],"measuredTemperature":57.94275665283203,"cycle":12,"measuredValue":0.05712905526161194},{"deltaTime":1520904,"flags":[],"measuredTemperature":57.93416213989258,"cycle":13,"measuredValue":0.054756633937358856},{"deltaTime":1594708,"flags":[],"measuredTemperature":57.9432373046875,"cycle":14,"measuredValue":0.056979045271873474},{"deltaTime":1668514,"flags":[],"measuredTemperature":57.93079376220703,"cycle":15,"measuredValue":0.055752042680978775},{"deltaTime":1742320,"flags":[],"measuredTemperature":57.93846130371094,"cycle":16,"measuredValue":0.057267528027296066},{"deltaTime":1816124,"flags":[],"measuredTemperature":57.936065673828125,"cycle":17,"measuredValue":0.057819515466690063},{"deltaTime":1889930,"flags":[],"measuredTemperature":57.937503814697266,"cycle":18,"measuredValue":0.055644307285547256},{"deltaTime":1963738,"flags":[],"measuredTemperature":57.93459701538086,"cycle":19,"measuredValue":0.0560816191136837},{"deltaTime":2037543,"flags":[],"measuredTemperature":57.93703079223633,"cycle":20,"measuredValue":0.05724690109491348},{"deltaTime":2111346,"flags":[],"measuredTemperature":57.92791748046875,"cycle":21,"measuredValue":0.05657641589641571},{"deltaTime":2185151,"flags":[],"measuredTemperature":57.93318557739258,"cycle":22,"measuredValue":0.05780472233891487},{"deltaTime":2258960,"flags":[],"measuredTemperature":57.932701110839844,"cycle":23,"measuredValue":0.05541611835360527},{"deltaTime":2332765,"flags":[],"measuredTemperature":57.939884185791016,"cycle":24,"measuredValue":0.055891253054142},{"deltaTime":2406570,"flags":[],"measuredTemperature":57.94132614135742,"cycle":25,"measuredValue":0.05882567539811134},{"deltaTime":2480374,"flags":[],"measuredTemperature":57.94131851196289,"cycle":26,"measuredValue":0.05866168066859245},{"deltaTime":2554181,"flags":[],"measuredTemperature":57.92935562133789,"cycle":27,"measuredValue":0.06110062822699547},{"deltaTime":2627986,"flags":[],"measuredTemperature":57.93846130371094,"cycle":28,"measuredValue":0.06384909898042679},{"deltaTime":2701792,"flags":[],"measuredTemperature":57.93796157836914,"cycle":29,"measuredValue":0.06972476840019226},{"deltaTime":2775598,"flags":[],"measuredTemperature":57.94227600097656,"cycle":30,"measuredValue":0.07805009186267853},{"deltaTime":2849402,"flags":[],"measuredTemperature":57.93414306640625,"cycle":31,"measuredValue":0.08771806210279465},{"deltaTime":2923208,"flags":[],"measuredTemperature":57.94276428222656,"cycle":32,"measuredValue":0.0946267694234848},{"deltaTime":2997015,"flags":[],"measuredTemperature":57.93891525268555,"cycle":33,"measuredValue":0.10198188573122025},{"deltaTime":3070819,"flags":[],"measuredTemperature":57.942283630371094,"cycle":34,"measuredValue":0.10567432641983032},{"deltaTime":3144622,"flags":[],"measuredTemperature":57.932220458984375,"cycle":35,"measuredValue":0.11187386512756348},{"deltaTime":3218430,"flags":[],"measuredTemperature":57.936546325683594,"cycle":36,"measuredValue":0.11821770668029785},{"deltaTime":3292237,"flags":[],"measuredTemperature":57.93556213378906,"cycle":37,"measuredValue":0.11810008436441422},{"deltaTime":3366042,"flags":[],"measuredTemperature":57.939414978027344,"cycle":38,"measuredValue":0.1206786260008812},{"deltaTime":3439848,"flags":[],"measuredTemperature":57.94037628173828,"cycle":39,"measuredValue":0.12163474410772324},{"deltaTime":3513651,"flags":[],"measuredTemperature":57.93606185913086,"cycle":40,"measuredValue":0.12203967571258545},{"deltaTime":3587458,"flags":[],"measuredTemperature":57.938941955566406,"cycle":41,"measuredValue":0.12356540560722351},{"deltaTime":3661264,"flags":[],"measuredTemperature":57.93412780761719,"cycle":42,"measuredValue":0.12487424910068512},{"deltaTime":3735070,"flags":[],"measuredTemperature":57.93846130371094,"cycle":43,"measuredValue":0.12565338611602783},{"deltaTime":3808874,"flags":[],"measuredTemperature":57.9432373046875,"cycle":44,"measuredValue":0.12507964670658112},{"deltaTime":3882679,"flags":[],"measuredTemperature":57.92935562133789,"cycle":45,"measuredValue":0.12440933287143707}],"pcrMeasurementType":"Quantification"},{"segmentId":5002,"acquisitions":[{"deltaTime":225280,"flags":[],"measuredTemperature":54.966251373291016,"cycle":1,"measuredValue":1.1835378408432007},{"deltaTime":309236,"flags":[],"measuredTemperature":54.96479415893555,"cycle":2,"measuredValue":1.1501530408859253},{"deltaTime":393192,"flags":[],"measuredTemperature":54.95638656616211,"cycle":3,"measuredValue":1.1318275928497314},{"deltaTime":477146,"flags":[],"measuredTemperature":54.9538688659668,"cycle":4,"measuredValue":1.1249836683273315},{"deltaTime":561102,"flags":[],"measuredTemperature":54.95038604736328,"cycle":5,"measuredValue":1.1199904680252075}],"pcrMeasurementType":"Quantification"},{"segmentId":5003,"acquisitions":[{"deltaTime":635609,"flags":[],"measuredTemperature":57.94037628173828,"cycle":1,"measuredValue":1.0291755199432373},{"deltaTime":709415,"flags":[],"measuredTemperature":57.93606948852539,"cycle":2,"measuredValue":1.024955153465271},{"deltaTime":783216,"flags":[],"measuredTemperature":57.93750762939453,"cycle":3,"measuredValue":1.0265074968338013},{"deltaTime":857022,"flags":[],"measuredTemperature":57.931270599365234,"cycle":4,"measuredValue":1.0274639129638672},{"deltaTime":930831,"flags":[],"measuredTemperature":57.935577392578125,"cycle":5,"measuredValue":1.026718258857727},{"deltaTime":1004636,"flags":[],"measuredTemperature":57.945640563964844,"cycle":6,"measuredValue":1.025378704071045},{"deltaTime":1078439,"flags":[],"measuredTemperature":57.94563293457031,"cycle":7,"measuredValue":1.0279585123062134},{"deltaTime":1152245,"flags":[],"measuredTemperature":57.94036865234375,"cycle":8,"measuredValue":1.0260146856307983},{"deltaTime":1226052,"flags":[],"measuredTemperature":57.94371032714844,"cycle":9,"measuredValue":1.0255790948867798},{"deltaTime":1299859,"flags":[],"measuredTemperature":57.938446044921875,"cycle":10,"measuredValue":1.027479887008667},{"deltaTime":1373664,"flags":[],"measuredTemperature":57.937496185302734,"cycle":11,"measuredValue":1.0273350477218628},{"deltaTime":1447467,"flags":[],"measuredTemperature":57.93989562988281,"cycle":12,"measuredValue":1.02792489528656},{"deltaTime":1521275,"flags":[],"measuredTemperature":57.934608459472656,"cycle":13,"measuredValue":1.0247865915298462},{"deltaTime":1595079,"flags":[],"measuredTemperature":57.93989181518555,"cycle":14,"measuredValue":1.0285601615905762},{"deltaTime":1668885,"flags":[],"measuredTemperature":57.929840087890625,"cycle":15,"measuredValue":1.0259820222854614},{"deltaTime":1742690,"flags":[],"measuredTemperature":57.93941116333008,"cycle":16,"measuredValue":1.0285829305648804},{"deltaTime":1816495,"flags":[],"measuredTemperature":57.942264556884766,"cycle":17,"measuredValue":1.029948353767395},{"deltaTime":1890301,"flags":[],"measuredTemperature":57.938941955566406,"cycle":18,"measuredValue":1.0295898914337158},{"deltaTime":1964109,"flags":[],"measuredTemperature":57.94227600097656,"cycle":19,"measuredValue":1.0296152830123901},{"deltaTime":2037914,"flags":[],"measuredTemperature":57.94133758544922,"cycle":20,"measuredValue":1.0330439805984497},{"deltaTime":2111716,"flags":[],"measuredTemperature":57.92744445800781,"cycle":21,"measuredValue":1.0430275201797485},{"deltaTime":2185522,"flags":[],"measuredTemperature":57.93462371826172,"cycle":22,"measuredValue":1.054778814315796},{"deltaTime":2259331,"flags":[],"measuredTemperature":57.935577392578125,"cycle":23,"measuredValue":1.075242042541504},{"deltaTime":2333136,"flags":[],"measuredTemperature":57.94132614135742,"cycle":24,"measuredValue":1.1228915452957153},{"deltaTime":2406940,"flags":[],"measuredTemperature":57.94227600097656,"cycle":25,"measuredValue":1.2081104516983032},{"deltaTime":2480745,"flags":[],"measuredTemperature":57.93989181518555,"cycle":26,"measuredValue":1.3627170324325562},{"deltaTime":2554552,"flags":[],"measuredTemperature":57.93748474121094,"cycle":27,"measuredValue":1.6435940265655518},{"deltaTime":2628357,"flags":[],"measuredTemperature":57.94036865234375,"cycle":28,"measuredValue":2.102144718170166},{"deltaTime":2702163,"flags":[],"measuredTemperature":57.93939971923828,"cycle":29,"measuredValue":2.7805819511413574},{"deltaTime":2775969,"flags":[],"measuredTemperature":57.93988800048828,"cycle":30,"measuredValue":3.6476168632507324},{"deltaTime":2849773,"flags":[],"measuredTemperature":57.93510055541992,"cycle":31,"measuredValue":4.603917598724365},{"deltaTime":2923579,"flags":[],"measuredTemperature":57.93988800048828,"cycle":32,"measuredValue":5.527126312255859},{"deltaTime":2997386,"flags":[],"measuredTemperature":57.93605041503906,"cycle":33,"measuredValue":6.379457950592041},{"deltaTime":3071189,"flags":[],"measuredTemperature":57.937503814697266,"cycle":34,"measuredValue":7.125758171081543},{"deltaTime":3144992,"flags":[],"measuredTemperature":57.93893051147461,"cycle":35,"measuredValue":7.741559982299805},{"deltaTime":3218801,"flags":[],"measuredTemperature":57.945152282714844,"cycle":36,"measuredValue":8.196636199951172},{"deltaTime":3292608,"flags":[],"measuredTemperature":57.930789947509766,"cycle":37,"measuredValue":8.52015209197998},{"deltaTime":3366413,"flags":[],"measuredTemperature":57.944664001464844,"cycle":38,"measuredValue":8.730268478393555},{"deltaTime":3440219,"flags":[],"measuredTemperature":57.94466018676758,"cycle":39,"measuredValue":8.880900382995605},{"deltaTime":3514021,"flags":[],"measuredTemperature":57.93606948852539,"cycle":40,"measuredValue":8.981121063232422},{"deltaTime":3587829,"flags":[],"measuredTemperature":57.94324493408203,"cycle":41,"measuredValue":9.053640365600586},{"deltaTime":3661635,"flags":[],"measuredTemperature":57.93988037109375,"cycle":42,"measuredValue":9.10517692565918},{"deltaTime":3735441,"flags":[],"measuredTemperature":57.93655014038086,"cycle":43,"measuredValue":9.150046348571777},{"deltaTime":3809244,"flags":[],"measuredTemperature":57.937984466552734,"cycle":44,"measuredValue":9.187318801879883},{"deltaTime":3883050,"flags":[],"measuredTemperature":57.937503814697266,"cycle":45,"measuredValue":9.221543312072754}],"pcrMeasurementType":"Quantification"}],"filters":[{"name":"Ex-435","id":1,"position":1,"discriminator":"ExcitationFilter"},{"name":"Ex-495","id":2,"position":2,"discriminator":"ExcitationFilter"},{"name":"Ex-540","id":3,"position":3,"discriminator":"ExcitationFilter"},{"name":"Ex-610","id":4,"position":4,"discriminator":"ExcitationFilter"},{"name":"Ex-680","id":5,"position":5,"discriminator":"ExcitationFilter"},{"name":"Em-470","id":6,"position":1,"discriminator":"EmissionFilter"},{"name":"Em-521","id":7,"position":2,"discriminator":"EmissionFilter"},{"name":"Em-580","id":8,"position":3,"discriminator":"EmissionFilter"},{"name":"Em-645","id":9,"position":4,"discriminator":"EmissionFilter"},{"name":"Em-700","id":10,"position":5,"discriminator":"EmissionFilter"}],"programs":[{"sequenceNumber":2,"temperatureSteps":[{"targetTemperature":55,"id":2001}],"name":"2 Step Amplification"},{"sequenceNumber":3,"temperatureSteps":[{"targetTemperature":58,"id":3001}],"name":"2 Step Amplification"}],"measurementId":"cf263ed8-bd83-48a1-b3ae-490adc589454","reagentCalibrationValues":[{"index":0,"value":0},{"index":1,"value":0},{"index":2,"value":0},{"index":3,"value":0}]},"correlationId":"edb41341-44be-49b1-9b97-1b94e3da8df6"},"Origin":"STING.3429","Timestamp":"2026-09-30T15:13:35.8637396Z"}' ...[EOL]
[2026-09-30 15:13:36.094Z][CA][INF][Logger:Roche.Sting.Calculation.Host.RunnerManagement.CalculatePreliminaryResultListener][Thread:54]Handling request 'CalculatePreliminaryResult' with data AsapId: '7a214f38-d555-4417-b943-4d2cf80728e7', WorkOrderId: 'faebb0da-f6b8-4e5c-91e2-fa436e61255e', CorrelationId: 'dfedfb24-ea51-4ea8-810c-67ba2b613dca' ...[EOL]
[2026-09-30 15:13:36.094Z][CA][INF][Logger:Roche.Sting.Calculation.Host.RunnerManagement.CalculatePreliminaryResultHandler][Thread:54]Handling request 'CalculatePreliminaryResult' with data AsapId: '7a214f38-d555-4417-b943-4d2cf80728e7', WorkOrderId: 'faebb0da-f6b8-4e5c-91e2-fa436e61255e', CorrelationId: 'dfedfb24-ea51-4ea8-810c-67ba2b613dca' ...[EOL]
[2026-09-30 15:13:36.094Z][CA][INF][Logger:Roche.Sting.Calculation.Host.RunnerManagement.CalculationRunnerManager][Thread:54]Starting CalculationRunner 'calculationrunner-x800mtb_1.1.0' with service name 'calculationrunner-x800mtb_1.1.0' on container 'calculationrunner-x800mtb_1.1.0' ...[EOL]
[2026-09-30 15:13:36.094Z][CA][INF][Logger:Roche.Sting.Calculation.Host.Docker.DockerManager][Thread:54]Calling 'docker-compose up' to start runner 'calculationrunner-x800mtb_1.1.0' ...[EOL]
[2026-09-30 15:13:36.094Z][CA][INF][Logger:Roche.Sting.Calculation.Host.Docker.DockerCommandExecutor][Thread:54]Going to start Docker process by executing 'docker-compose' with args 'up -d calculationrunner-x800mtb_1.1.0' ...[EOL]
[2026-09-30 15:13:36.321Z][CA][INF][Logger:Roche.Sting.Calculation.Host.Docker.DockerCommandExecutor][Thread:36]StdErr: calculationrunner-x800mtb_1.1.0 is up-to-date[EOL]
[2026-09-30 15:13:36.348Z][CA][INF][Logger:Roche.Sting.Calculation.Host.Docker.DockerCommandExecutor][Thread:40]StdOut: [EOL]
[2026-09-30 15:13:36.348Z][CA][INF][Logger:Roche.Sting.Calculation.Host.Docker.DockerCommandExecutor][Thread:36]StdErr: [EOL]
[2026-09-30 15:13:36.348Z][CA][INF][Logger:Roche.Sting.Calculation.Host.Docker.DockerCommandExecutor][Thread:54]Successfully executed 'docker-compose' with args 'up -d calculationrunner-x800mtb_1.1.0'[EOL]
[2026-09-30 15:13:36.352Z][CA][INF][Logger:Roche.Sting.Calculation.Host.RunnerManagement.CalculationRunnerManager][Thread:54]Forwarding request 'CalculatePreliminaryResult' on queue 'CalculatePreliminaryResult_calculationrunner-x800mtb_1.1.0' with data '{"schema":"http://roche.com/rmd/X800/messages/CalculatePreliminaryResult.json","asapId":"7a214f38-d555-4417-b943-4d2cf80728e7","workOrderId":"faebb0da-f6b8-4e5c-91e2-fa436e61255e","correlationId":"dfedfb24-ea51-4ea8-810c-67ba2b613dca","calculationRequest":{"schema":"http://roche.com/rmd/X800/calculation/CalculationRequest-1.json","requestedTargets":["MTB"],"measurementData":{"schema":"http://roche.com/rmd/X800/types/MeasurementData.json","positionName":"A2","channels":[{"channelNumber":1,"temperatureLevel":1,"segments":[{"temperatureStepId":2001,"excitationFilterId":1,"id":1002,"emissionFilterId":6},{"temperatureStepId":3001,"excitationFilterId":1,"id":1003,"emissionFilterId":6}]},{"channelNumber":2,"temperatureLevel":1,"segments":[{"temperatureStepId":2001,"excitationFilterId":2,"id":2002,"emissionFilterId":7},{"temperatureStepId":3001,"excitationFilterId":2,"id":2003,"emissionFilterId":7}]},{"channelNumber":3,"temperatureLevel":1,"segments":[{"temperatureStepId":2001,"excitationFilterId":3,"id":3002,"emissionFilterId":8},{"temperatureStepId":3001,"excitationFilterId":3,"id":3003,"emissionFilterId":8}]},{"channelNumber":4,"temperatureLevel":1,"segments":[{"temperatureStepId":2001,"excitationFilterId":4,"id":4002,"emissionFilterId":9},{"temperatureStepId":3001,"excitationFilterId":4,"id":4003,"emissionFilterId":9}]},{"channelNumber":5,"temperatureLevel":1,"segments":[{"temperatureStepId":2001,"excitationFilterId":5,"id":5002,"emissionFilterId":10},{"temperatureStepId":3001,"excitationFilterId":5,"id":5003,"emissionFilterId":10}]}],"specimen":{"inputVolumeInCubicmeter":8.5E-07,"dilutionFactor":1,"sampleType":"2.16.840.1.113995.3.111.9.3.23","discriminator":"SampleInformation"},"hasCriticalFlag":false,"curveSegments":[{"segmentId":1002,"acquisitions":[{"deltaTime":223540,"flags":[],"measuredTemperature":54.95730972290039,"cycle":1,"measuredValue":2.2596442699432373},{"deltaTime":307494,"flags":[],"measuredTemperature":54.95835494995117,"cycle":2,"measuredValue":2.2042882442474365},{"deltaTime":391452,"flags":[],"measuredTemperature":54.951908111572266,"cycle":3,"measuredValue":2.168820381164551},{"deltaTime":475406,"flags":[],"measuredTemperature":54.94743347167969,"cycle":4,"measuredValue":2.139504909515381},{"deltaTime":559362,"flags":[],"measuredTemperature":54.930030822753906,"cycle":5,"measuredValue":2.1274776458740234}],"pcrMeasurementType":"Quantification"},{"segmentId":1003,"acquisitions":[{"deltaTime":633868,"flags":[],"measuredTemperature":57.93416976928711,"cycle":1,"measuredValue":2.083801507949829},{"deltaTime":707673,"flags":[],"measuredTemperature":57.93605422973633,"cycle":2,"measuredValue":2.0727672576904297},{"deltaTime":781478,"flags":[],"measuredTemperature":57.93128204345703,"cycle":3,"measuredValue":2.0686683654785156},{"deltaTime":855283,"flags":[],"measuredTemperature":57.9255485534668,"cycle":4,"measuredValue":2.059959888458252},{"deltaTime":929089,"flags":[],"measuredTemperature":57.92839813232422,"cycle":5,"measuredValue":2.0523314476013184},{"deltaTime":1002894,"flags":[],"measuredTemperature":57.930816650390625,"cycle":6,"measuredValue":2.048487424850464},{"deltaTime":1076699,"flags":[],"measuredTemperature":57.925540924072266,"cycle":7,"measuredValue":2.0440421104431152},{"deltaTime":1150505,"flags":[],"measuredTemperature":57.92935562133789,"cycle":8,"measuredValue":2.039628267288208},{"deltaTime":1224310,"flags":[],"measuredTemperature":57.93369674682617,"cycle":9,"measuredValue":2.0328686237335205},{"deltaTime":1298118,"flags":[],"measuredTemperature":57.932228088378906,"cycle":10,"measuredValue":2.0278217792510986},{"deltaTime":1371922,"flags":[],"measuredTemperature":57.93030548095703,"cycle":11,"measuredValue":2.0235509872436523},{"deltaTime":1445728,"flags":[],"measuredTemperature":57.936065673828125,"cycle":12,"measuredValue":2.0236902236938477},{"deltaTime":1519533,"flags":[],"measuredTemperature":57.92887878417969,"cycle":13,"measuredValue":2.0196616649627686},{"deltaTime":1593338,"flags":[],"measuredTemperature":57.9260139465332,"cycle":14,"measuredValue":2.010007858276367},{"deltaTime":1667143,"flags":[],"measuredTemperature":57.925533294677734,"cycle":15,"measuredValue":2.0040998458862305},{"deltaTime":1740949,"flags":[],"measuredTemperature":57.93510437011719,"cycle":16,"measuredValue":2.008638620376587},{"deltaTime":1814755,"flags":[],"measuredTemperature":57.92887496948242,"cycle":17,"measuredValue":1.998124122619629},{"deltaTime":1888559,"flags":[],"measuredTemperature":57.937503814697266,"cycle":18,"measuredValue":2.0015809535980225},{"deltaTime":1962369,"flags":[],"measuredTemperature":57.92790222167969,"cycle":19,"measuredValue":1.9981948137283325},{"deltaTime":2036173,"flags":[],"measuredTemperature":57.92265701293945,"cycle":20,"measuredValue":1.9954538345336914},{"deltaTime":2109977,"flags":[],"measuredTemperature":57.925994873046875,"cycle":21,"measuredValue":1.9928312301635742},{"deltaTime":2183783,"flags":[],"measuredTemperature":57.929832458496094,"cycle":22,"measuredValue":1.9902338981628418},{"deltaTime":2257589,"flags":[],"measuredTemperature":57.93843078613281,"cycle":23,"measuredValue":1.9840562343597412},{"deltaTime":2331394,"flags":[],"measuredTemperature":57.932716369628906,"cycle":24,"measuredValue":1.9827406406402588},{"deltaTime":2405199,"flags":[],"measuredTemperature":57.928855895996094,"cycle":25,"measuredValue":1.9808509349822998},{"deltaTime":2479004,"flags":[],"measuredTemperature":57.927921295166016,"cycle":26,"measuredValue":1.9717273712158203},{"deltaTime":2552810,"flags":[],"measuredTemperature":57.92311096191406,"cycle":27,"measuredValue":1.9722644090652466},{"deltaTime":2626616,"flags":[],"measuredTemperature":57.927921295166016,"cycle":28,"measuredValue":1.9737764596939087},{"deltaTime":2700421,"flags":[],"measuredTemperature":57.92647171020508,"cycle":29,"measuredValue":1.9679198265075684},{"deltaTime":2774228,"flags":[],"measuredTemperature":57.92790985107422,"cycle":30,"measuredValue":1.9687235355377197},{"deltaTime":2848033,"flags":[],"measuredTemperature":57.925506591796875,"cycle":31,"measuredValue":1.9660000801086426},{"deltaTime":2921838,"flags":[],"measuredTemperature":57.92888641357422,"cycle":32,"measuredValue":1.9611390829086304},{"deltaTime":2995644,"flags":[],"measuredTemperature":57.92551803588867,"cycle":33,"measuredValue":1.9652578830718994},{"deltaTime":3069448,"flags":[],"measuredTemperature":57.92936706542969,"cycle":34,"measuredValue":1.9601233005523682},{"deltaTime":3143253,"flags":[],"measuredTemperature":57.924072265625,"cycle":35,"measuredValue":1.9619096517562866},{"deltaTime":3217060,"flags":[],"measuredTemperature":57.92600631713867,"cycle":36,"measuredValue":1.9572880268096924},{"deltaTime":3290866,"flags":[],"measuredTemperature":57.92025375366211,"cycle":37,"measuredValue":1.9538886547088623},{"deltaTime":3364671,"flags":[],"measuredTemperature":57.92887496948242,"cycle":38,"measuredValue":1.9495038986206055},{"deltaTime":3438478,"flags":[],"measuredTemperature":57.93366241455078,"cycle":39,"measuredValue":1.9486467838287354},{"deltaTime":3512283,"flags":[],"measuredTemperature":57.9255256652832,"cycle":40,"measuredValue":1.9456377029418945},{"deltaTime":3586088,"flags":[],"measuredTemperature":57.935115814208984,"cycle":41,"measuredValue":1.9441230297088623},{"deltaTime":3659893,"flags":[],"measuredTemperature":57.925987243652344,"cycle":42,"measuredValue":1.9405171871185303},{"deltaTime":3733699,"flags":[],"measuredTemperature":57.931270599365234,"cycle":43,"measuredValue":1.940529227256775},{"deltaTime":3807504,"flags":[],"measuredTemperature":57.93224334716797,"cycle":44,"measuredValue":1.9378283023834229},{"deltaTime":3881310,"flags":[],"measuredTemperature":57.92935562133789,"cycle":45,"measuredValue":1.9376624822616577}],"pcrMeasurementType":"Quantification"},{"segmentId":2002,"acquisitions":[{"deltaTime":223950,"flags":[],"measuredTemperature":54.959815979003906,"cycle":1,"measuredValue":5.2531962394714355},{"deltaTime":307904,"flags":[],"measuredTemperature":54.966285705566406,"cycle":2,"measuredValue":5.155304431915283},{"deltaTime":391861,"flags":[],"measuredTemperature":54.951416015625,"cycle":3,"measuredValue":5.045392036437988},{"deltaTime":475816,"flags":[],"measuredTemperature":54.94743347167969,"cycle":4,"measuredValue":4.965761184692383},{"deltaTime":559771,"flags":[],"measuredTemperature":54.93250274658203,"cycle":5,"measuredValue":4.946464538574219}],"pcrMeasurementType":"Quantification"},{"segmentId":2003,"acquisitions":[{"deltaTime":634277,"flags":[],"measuredTemperature":57.929359436035156,"cycle":1,"measuredValue":4.785613536834717},{"deltaTime":708083,"flags":[],"measuredTemperature":57.93415451049805,"cycle":2,"measuredValue":4.775094032287598},{"deltaTime":781887,"flags":[],"measuredTemperature":57.93079376220703,"cycle":3,"measuredValue":4.776948928833008},{"deltaTime":855692,"flags":[],"measuredTemperature":57.92938232421875,"cycle":4,"measuredValue":4.768308162689209},{"deltaTime":929499,"flags":[],"measuredTemperature":57.93269348144531,"cycle":5,"measuredValue":4.771071434020996},{"deltaTime":1003304,"flags":[],"measuredTemperature":57.928428649902344,"cycle":6,"measuredValue":4.767341613769531},{"deltaTime":1077109,"flags":[],"measuredTemperature":57.929840087890625,"cycle":7,"measuredValue":4.773477554321289},{"deltaTime":1150915,"flags":[],"measuredTemperature":57.92887878417969,"cycle":8,"measuredValue":4.770218372344971},{"deltaTime":1224720,"flags":[],"measuredTemperature":57.93511962890625,"cycle":9,"measuredValue":4.763143539428711},{"deltaTime":1298527,"flags":[],"measuredTemperature":57.93222427368164,"cycle":10,"measuredValue":4.7728681564331055},{"deltaTime":1372332,"flags":[],"measuredTemperature":57.93317794799805,"cycle":11,"measuredValue":4.766476631164551},{"deltaTime":1446137,"flags":[],"measuredTemperature":57.940372467041016,"cycle":12,"measuredValue":4.768959045410156},{"deltaTime":1519943,"flags":[],"measuredTemperature":57.927921295166016,"cycle":13,"measuredValue":4.771259784698486},{"deltaTime":1593748,"flags":[],"measuredTemperature":57.93606948852539,"cycle":14,"measuredValue":4.773683547973633},{"deltaTime":1667553,"flags":[],"measuredTemperature":57.93412780761719,"cycle":15,"measuredValue":4.77426815032959},{"deltaTime":1741359,"flags":[],"measuredTemperature":57.93988800048828,"cycle":16,"measuredValue":4.766782760620117},{"deltaTime":1815165,"flags":[],"measuredTemperature":57.93030548095703,"cycle":17,"measuredValue":4.771712303161621},{"deltaTime":1888969,"flags":[],"measuredTemperature":57.93844985961914,"cycle":18,"measuredValue":4.777970790863037},{"deltaTime":1962778,"flags":[],"measuredTemperature":57.926475524902344,"cycle":19,"measuredValue":4.7790117263793945},{"deltaTime":2036582,"flags":[],"measuredTemperature":57.93270492553711,"cycle":20,"measuredValue":4.781939506530762},{"deltaTime":2110386,"flags":[],"measuredTemperature":57.933170318603516,"cycle":21,"measuredValue":4.777647972106934},{"deltaTime":2184192,"flags":[],"measuredTemperature":57.93796157836914,"cycle":22,"measuredValue":4.778981685638428},{"deltaTime":2257999,"flags":[],"measuredTemperature":57.93126678466797,"cycle":23,"measuredValue":4.7863030433654785},{"deltaTime":2331804,"flags":[],"measuredTemperature":57.929351806640625,"cycle":24,"measuredValue":4.78171968460083},{"deltaTime":2405609,"flags":[],"measuredTemperature":57.925994873046875,"cycle":25,"measuredValue":4.787708759307861},{"deltaTime":2479414,"flags":[],"measuredTemperature":57.93415832519531,"cycle":26,"measuredValue":4.781118392944336},{"deltaTime":2553220,"flags":[],"measuredTemperature":57.9312629699707,"cycle":27,"measuredValue":4.7923688888549805},{"deltaTime":2627026,"flags":[],"measuredTemperature":57.935569763183594,"cycle":28,"measuredValue":4.7859392166137695},{"deltaTime":2700831,"flags":[],"measuredTemperature":57.924560546875,"cycle":29,"measuredValue":4.78281307220459},{"deltaTime":2774637,"flags":[],"measuredTemperature":57.93318176269531,"cycle":30,"measuredValue":4.796878337860107},{"deltaTime":2848443,"flags":[],"measuredTemperature":57.933170318603516,"cycle":31,"measuredValue":4.791812896728516},{"deltaTime":2922247,"flags":[],"measuredTemperature":57.93415069580078,"cycle":32,"measuredValue":4.79625940322876},{"deltaTime":2996054,"flags":[],"measuredTemperature":57.92742919921875,"cycle":33,"measuredValue":4.790105819702148},{"deltaTime":3069858,"flags":[],"measuredTemperature":57.928871154785156,"cycle":34,"measuredValue":4.80057430267334},{"deltaTime":3143663,"flags":[],"measuredTemperature":57.927921295166016,"cycle":35,"measuredValue":4.797338485717773},{"deltaTime":3217470,"flags":[],"measuredTemperature":57.936058044433594,"cycle":36,"measuredValue":4.7930450439453125},{"deltaTime":3291276,"flags":[],"measuredTemperature":57.925533294677734,"cycle":37,"measuredValue":4.795989990234375},{"deltaTime":3365081,"flags":[],"measuredTemperature":57.929359436035156,"cycle":38,"measuredValue":4.801122188568115},{"deltaTime":3438887,"flags":[],"measuredTemperature":57.93462371826172,"cycle":39,"measuredValue":4.800699234008789},{"deltaTime":3512692,"flags":[],"measuredTemperature":57.92792510986328,"cycle":40,"measuredValue":4.807014465332031},{"deltaTime":3586497,"flags":[],"measuredTemperature":57.92888259887695,"cycle":41,"measuredValue":4.806686878204346},{"deltaTime":3660303,"flags":[],"measuredTemperature":57.93174743652344,"cycle":42,"measuredValue":4.815157890319824},{"deltaTime":3734109,"flags":[],"measuredTemperature":57.93796157836914,"cycle":43,"measuredValue":4.809933662414551},{"deltaTime":3807914,"flags":[],"measuredTemperature":57.932228088378906,"cycle":44,"measuredValue":4.8124098777771},{"deltaTime":3881720,"flags":[],"measuredTemperature":57.929351806640625,"cycle":45,"measuredValue":4.818756580352783}],"pcrMeasurementType":"Quantification"},{"segmentId":3002,"acquisitions":[{"deltaTime":224501,"flags":[],"measuredTemperature":54.964271545410156,"cycle":1,"measuredValue":0.21987885236740112},{"deltaTime":308455,"flags":[],"measuredTemperature":54.96428680419922,"cycle":2,"measuredValue":0.21547052264213562},{"deltaTime":392411,"flags":[],"measuredTemperature":54.95936584472656,"cycle":3,"measuredValue":0.21119478344917297},{"deltaTime":476366,"flags":[],"measuredTemperature":54.953880310058594,"cycle":4,"measuredValue":0.2107275128364563},{"deltaTime":560322,"flags":[],"measuredTemperature":54.942466735839844,"cycle":5,"measuredValue":0.20320886373519897}],"pcrMeasurementType":"Quantification"},{"segmentId":3003,"acquisitions":[{"deltaTime":634828,"flags":[],"measuredTemperature":57.93416976928711,"cycle":1,"measuredValue":0.20395205914974213},{"deltaTime":708634,"flags":[],"measuredTemperature":57.927467346191406,"cycle":2,"measuredValue":0.20320555567741394},{"deltaTime":782437,"flags":[],"measuredTemperature":57.93511199951172,"cycle":3,"measuredValue":0.19970999658107758},{"deltaTime":856242,"flags":[],"measuredTemperature":57.9317741394043,"cycle":4,"measuredValue":0.204424187541008},{"deltaTime":930050,"flags":[],"measuredTemperature":57.93701171875,"cycle":5,"measuredValue":0.20223665237426758},{"deltaTime":1003855,"flags":[],"measuredTemperature":57.93464279174805,"cycle":6,"measuredValue":0.2022988498210907},{"deltaTime":1077659,"flags":[],"measuredTemperature":57.93222427368164,"cycle":7,"measuredValue":0.20258654654026031},{"deltaTime":1151465,"flags":[],"measuredTemperature":57.927452087402344,"cycle":8,"measuredValue":0.2006753385066986},{"deltaTime":1225271,"flags":[],"measuredTemperature":57.936561584472656,"cycle":9,"measuredValue":0.2038959264755249},{"deltaTime":1299078,"flags":[],"measuredTemperature":57.933197021484375,"cycle":10,"measuredValue":0.20399253070354462},{"deltaTime":1372883,"flags":[],"measuredTemperature":57.93368148803711,"cycle":11,"measuredValue":0.20390014350414276},{"deltaTime":1446688,"flags":[],"measuredTemperature":57.93560028076172,"cycle":12,"measuredValue":0.20118394494056702},{"deltaTime":1520494,"flags":[],"measuredTemperature":57.926475524902344,"cycle":13,"measuredValue":0.20305407047271729},{"deltaTime":1594298,"flags":[],"measuredTemperature":57.94419479370117,"cycle":14,"measuredValue":0.19986721873283386},{"deltaTime":1668104,"flags":[],"measuredTemperature":57.93461608886719,"cycle":15,"measuredValue":0.19888688623905182},{"deltaTime":1741910,"flags":[],"measuredTemperature":57.93367004394531,"cycle":16,"measuredValue":0.20129749178886414},{"deltaTime":1815715,"flags":[],"measuredTemperature":57.92887878417969,"cycle":17,"measuredValue":0.2035398930311203},{"deltaTime":1889520,"flags":[],"measuredTemperature":57.932716369628906,"cycle":18,"measuredValue":0.20045122504234314},{"deltaTime":1963329,"flags":[],"measuredTemperature":57.935089111328125,"cycle":19,"measuredValue":0.20352786779403687},{"deltaTime":2037133,"flags":[],"measuredTemperature":57.93893814086914,"cycle":20,"measuredValue":0.20224542915821075},{"deltaTime":2110936,"flags":[],"measuredTemperature":57.93891906738281,"cycle":21,"measuredValue":0.19900764524936676},{"deltaTime":2184742,"flags":[],"measuredTemperature":57.93414306640625,"cycle":22,"measuredValue":0.20337459444999695},{"deltaTime":2258550,"flags":[],"measuredTemperature":57.926490783691406,"cycle":23,"measuredValue":0.20182295143604279},{"deltaTime":2332355,"flags":[],"measuredTemperature":57.93223571777344,"cycle":24,"measuredValue":0.19812458753585815},{"deltaTime":2406160,"flags":[],"measuredTemperature":57.932228088378906,"cycle":25,"measuredValue":0.20171086490154266},{"deltaTime":2479964,"flags":[],"measuredTemperature":57.93989181518555,"cycle":26,"measuredValue":0.20101578533649445},{"deltaTime":2553771,"flags":[],"measuredTemperature":57.932220458984375,"cycle":27,"measuredValue":0.19922715425491333},{"deltaTime":2627576,"flags":[],"measuredTemperature":57.94275665283203,"cycle":28,"measuredValue":0.2007337212562561},{"deltaTime":2701382,"flags":[],"measuredTemperature":57.92648696899414,"cycle":29,"measuredValue":0.20052726566791534},{"deltaTime":2775188,"flags":[],"measuredTemperature":57.9379768371582,"cycle":30,"measuredValue":0.19917769730091095},{"deltaTime":2848993,"flags":[],"measuredTemperature":57.93651580810547,"cycle":31,"measuredValue":0.2031419277191162},{"deltaTime":2922798,"flags":[],"measuredTemperature":57.935585021972656,"cycle":32,"measuredValue":0.2044435441493988},{"deltaTime":2996605,"flags":[],"measuredTemperature":57.939388275146484,"cycle":33,"measuredValue":0.20508544147014618},{"deltaTime":3070409,"flags":[],"measuredTemperature":57.93844223022461,"cycle":34,"measuredValue":0.20525047183036804},{"deltaTime":3144213,"flags":[],"measuredTemperature":57.93462371826172,"cycle":35,"measuredValue":0.20515774190425873},{"deltaTime":3218021,"flags":[],"measuredTemperature":57.93559265136719,"cycle":36,"measuredValue":0.20463362336158752},{"deltaTime":3291827,"flags":[],"measuredTemperature":57.93747329711914,"cycle":37,"measuredValue":0.20563223958015442},{"deltaTime":3365632,"flags":[],"measuredTemperature":57.93798828125,"cycle":38,"measuredValue":0.20659086108207703},{"deltaTime":3439438,"flags":[],"measuredTemperature":57.93606948852539,"cycle":39,"measuredValue":0.20520788431167603},{"deltaTime":3513242,"flags":[],"measuredTemperature":57.92839813232422,"cycle":40,"measuredValue":0.2037971019744873},{"deltaTime":3587048,"flags":[],"measuredTemperature":57.932701110839844,"cycle":41,"measuredValue":0.203356072306633},{"deltaTime":3660854,"flags":[],"measuredTemperature":57.92982482910156,"cycle":42,"measuredValue":0.20350998640060425},{"deltaTime":3734660,"flags":[],"measuredTemperature":57.93605041503906,"cycle":43,"measuredValue":0.20251859724521637},{"deltaTime":3808464,"flags":[],"measuredTemperature":57.94228744506836,"cycle":44,"measuredValue":0.2057676762342453},{"deltaTime":3882270,"flags":[],"measuredTemperature":57.931243896484375,"cycle":45,"measuredValue":0.2032897174358368}],"pcrMeasurementType":"Quantification"},{"segmentId":4002,"acquisitions":[{"deltaTime":224910,"flags":[],"measuredTemperature":54.969730377197266,"cycle":1,"measuredValue":0.06715955585241318},{"deltaTime":308865,"flags":[],"measuredTemperature":54.96528625488281,"cycle":2,"measuredValue":0.06431088596582413},{"deltaTime":392821,"flags":[],"measuredTemperature":54.95986557006836,"cycle":3,"measuredValue":0.0668543204665184},{"deltaTime":476775,"flags":[],"measuredTemperature":54.95635986328125,"cycle":4,"measuredValue":0.06415510177612305},{"deltaTime":560732,"flags":[],"measuredTemperature":54.946434020996094,"cycle":5,"measuredValue":0.06314609199762344}],"pcrMeasurementType":"Quantification"},{"segmentId":4003,"acquisitions":[{"deltaTime":635238,"flags":[],"measuredTemperature":57.939422607421875,"cycle":1,"measuredValue":0.061363376677036285},{"deltaTime":709044,"flags":[],"measuredTemperature":57.926025390625,"cycle":2,"measuredValue":0.06417541205883026},{"deltaTime":782846,"flags":[],"measuredTemperature":57.93463134765625,"cycle":3,"measuredValue":0.06083774194121361},{"deltaTime":856651,"flags":[],"measuredTemperature":57.9255485534668,"cycle":4,"measuredValue":0.06382791697978973},{"deltaTime":930460,"flags":[],"measuredTemperature":57.93605041503906,"cycle":5,"measuredValue":0.06257455050945282},{"deltaTime":1004265,"flags":[],"measuredTemperature":57.93703079223633,"cycle":6,"measuredValue":0.0631851926445961},{"deltaTime":1078069,"flags":[],"measuredTemperature":57.941322326660156,"cycle":7,"measuredValue":0.06296030431985855},{"deltaTime":1151874,"flags":[],"measuredTemperature":57.930320739746094,"cycle":8,"measuredValue":0.0630619004368782},{"deltaTime":1225681,"flags":[],"measuredTemperature":57.94563293457031,"cycle":9,"measuredValue":0.0629708394408226},{"deltaTime":1299488,"flags":[],"measuredTemperature":57.93510818481445,"cycle":10,"measuredValue":0.06053530424833298},{"deltaTime":1373293,"flags":[],"measuredTemperature":57.93606185913086,"cycle":11,"measuredValue":0.06068941950798035},{"deltaTime":1447097,"flags":[],"measuredTemperature":57.94275665283203,"cycle":12,"measuredValue":0.06304841488599777},{"deltaTime":1520904,"flags":[],"measuredTemperature":57.93416213989258,"cycle":13,"measuredValue":0.06098910793662071},{"deltaTime":1594708,"flags":[],"measuredTemperature":57.9432373046875,"cycle":14,"measuredValue":0.0630585327744484},{"deltaTime":1668514,"flags":[],"measuredTemperature":57.93079376220703,"cycle":15,"measuredValue":0.06310252845287323},{"deltaTime":1742320,"flags":[],"measuredTemperature":57.93846130371094,"cycle":16,"measuredValue":0.06442835181951523},{"deltaTime":1816124,"flags":[],"measuredTemperature":57.936065673828125,"cycle":17,"measuredValue":0.06470390409231186},{"deltaTime":1889930,"flags":[],"measuredTemperature":57.937503814697266,"cycle":18,"measuredValue":0.06227082014083862},{"deltaTime":1963738,"flags":[],"measuredTemperature":57.93459701538086,"cycle":19,"measuredValue":0.062445756047964096},{"deltaTime":2037543,"flags":[],"measuredTemperature":57.93703079223633,"cycle":20,"measuredValue":0.06288699805736542},{"deltaTime":2111346,"flags":[],"measuredTemperature":57.92791748046875,"cycle":21,"measuredValue":0.06257860362529755},{"deltaTime":2185151,"flags":[],"measuredTemperature":57.93318557739258,"cycle":22,"measuredValue":0.06327402591705322},{"deltaTime":2258960,"flags":[],"measuredTemperature":57.932701110839844,"cycle":23,"measuredValue":0.06234515458345413},{"deltaTime":2332765,"flags":[],"measuredTemperature":57.939884185791016,"cycle":24,"measuredValue":0.061758916825056076},{"deltaTime":2406570,"flags":[],"measuredTemperature":57.94132614135742,"cycle":25,"measuredValue":0.06448756158351898},{"deltaTime":2480374,"flags":[],"measuredTemperature":57.94131851196289,"cycle":26,"measuredValue":0.06313926726579666},{"deltaTime":2554181,"flags":[],"measuredTemperature":57.92935562133789,"cycle":27,"measuredValue":0.06604962050914764},{"deltaTime":2627986,"flags":[],"measuredTemperature":57.93846130371094,"cycle":28,"measuredValue":0.06602083146572113},{"deltaTime":2701792,"flags":[],"measuredTemperature":57.93796157836914,"cycle":29,"measuredValue":0.07033715397119522},{"deltaTime":2775598,"flags":[],"measuredTemperature":57.94227600097656,"cycle":30,"measuredValue":0.07650849223136902},{"deltaTime":2849402,"flags":[],"measuredTemperature":57.93414306640625,"cycle":31,"measuredValue":0.08718903362751007},{"deltaTime":2923208,"flags":[],"measuredTemperature":57.94276428222656,"cycle":32,"measuredValue":0.09515595436096191},{"deltaTime":2997015,"flags":[],"measuredTemperature":57.93891525268555,"cycle":33,"measuredValue":0.10317383706569672},{"deltaTime":3070819,"flags":[],"measuredTemperature":57.942283630371094,"cycle":34,"measuredValue":0.10869166254997253},{"deltaTime":3144622,"flags":[],"measuredTemperature":57.932220458984375,"cycle":35,"measuredValue":0.11584856361150742},{"deltaTime":3218430,"flags":[],"measuredTemperature":57.936546325683594,"cycle":36,"measuredValue":0.12430725246667862},{"deltaTime":3292237,"flags":[],"measuredTemperature":57.93556213378906,"cycle":37,"measuredValue":0.12488872557878494},{"deltaTime":3366042,"flags":[],"measuredTemperature":57.939414978027344,"cycle":38,"measuredValue":0.12765756249427795},{"deltaTime":3439848,"flags":[],"measuredTemperature":57.94037628173828,"cycle":39,"measuredValue":0.13163256645202637},{"deltaTime":3513651,"flags":[],"measuredTemperature":57.93606185913086,"cycle":40,"measuredValue":0.12859848141670227},{"deltaTime":3587458,"flags":[],"measuredTemperature":57.938941955566406,"cycle":41,"measuredValue":0.13386033475399017},{"deltaTime":3661264,"flags":[],"measuredTemperature":57.93412780761719,"cycle":42,"measuredValue":0.13153697550296783},{"deltaTime":3735070,"flags":[],"measuredTemperature":57.93846130371094,"cycle":43,"measuredValue":0.13446851074695587},{"deltaTime":3808874,"flags":[],"measuredTemperature":57.9432373046875,"cycle":44,"measuredValue":0.1343841403722763},{"deltaTime":3882679,"flags":[],"measuredTemperature":57.92935562133789,"cycle":45,"measuredValue":0.13230814039707184}],"pcrMeasurementType":"Quantification"},{"segmentId":5002,"acquisitions":[{"deltaTime":225280,"flags":[],"measuredTemperature":54.966251373291016,"cycle":1,"measuredValue":1.30401611328125},{"deltaTime":309236,"flags":[],"measuredTemperature":54.96479415893555,"cycle":2,"measuredValue":1.262507438659668},{"deltaTime":393192,"flags":[],"measuredTemperature":54.95638656616211,"cycle":3,"measuredValue":1.2233080863952637},{"deltaTime":477146,"flags":[],"measuredTemperature":54.9538688659668,"cycle":4,"measuredValue":1.197314977645874},{"deltaTime":561102,"flags":[],"measuredTemperature":54.95038604736328,"cycle":5,"measuredValue":1.1890535354614258}],"pcrMeasurementType":"Quantification"},{"segmentId":5003,"acquisitions":[{"deltaTime":635609,"flags":[],"measuredTemperature":57.94037628173828,"cycle":1,"measuredValue":1.1034773588180542},{"deltaTime":709415,"flags":[],"measuredTemperature":57.93606948852539,"cycle":2,"measuredValue":1.1036970615386963},{"deltaTime":783216,"flags":[],"measuredTemperature":57.93750762939453,"cycle":3,"measuredValue":1.1014454364776611},{"deltaTime":857022,"flags":[],"measuredTemperature":57.931270599365234,"cycle":4,"measuredValue":1.100007176399231},{"deltaTime":930831,"flags":[],"measuredTemperature":57.935577392578125,"cycle":5,"measuredValue":1.0996240377426147},{"deltaTime":1004636,"flags":[],"measuredTemperature":57.945640563964844,"cycle":6,"measuredValue":1.0973600149154663},{"deltaTime":1078439,"flags":[],"measuredTemperature":57.94563293457031,"cycle":7,"measuredValue":1.098376750946045},{"deltaTime":1152245,"flags":[],"measuredTemperature":57.94036865234375,"cycle":8,"measuredValue":1.0998951196670532},{"deltaTime":1226052,"flags":[],"measuredTemperature":57.94371032714844,"cycle":9,"measuredValue":1.0981881618499756},{"deltaTime":1299859,"flags":[],"measuredTemperature":57.938446044921875,"cycle":10,"measuredValue":1.0970396995544434},{"deltaTime":1373664,"flags":[],"measuredTemperature":57.937496185302734,"cycle":11,"measuredValue":1.0976771116256714},{"deltaTime":1447467,"flags":[],"measuredTemperature":57.93989562988281,"cycle":12,"measuredValue":1.096569538116455},{"deltaTime":1521275,"flags":[],"measuredTemperature":57.934608459472656,"cycle":13,"measuredValue":1.0971384048461914},{"deltaTime":1595079,"flags":[],"measuredTemperature":57.93989181518555,"cycle":14,"measuredValue":1.0938774347305298},{"deltaTime":1668885,"flags":[],"measuredTemperature":57.929840087890625,"cycle":15,"measuredValue":1.0941705703735352},{"deltaTime":1742690,"flags":[],"measuredTemperature":57.93941116333008,"cycle":16,"measuredValue":1.096474528312683},{"deltaTime":1816495,"flags":[],"measuredTemperature":57.942264556884766,"cycle":17,"measuredValue":1.0963850021362305},{"deltaTime":1890301,"flags":[],"measuredTemperature":57.938941955566406,"cycle":18,"measuredValue":1.0956640243530273},{"deltaTime":1964109,"flags":[],"measuredTemperature":57.94227600097656,"cycle":19,"measuredValue":1.0972095727920532},{"deltaTime":2037914,"flags":[],"measuredTemperature":57.94133758544922,"cycle":20,"measuredValue":1.0982459783554077},{"deltaTime":2111716,"flags":[],"measuredTemperature":57.92744445800781,"cycle":21,"measuredValue":1.0994185209274292},{"deltaTime":2185522,"flags":[],"measuredTemperature":57.93462371826172,"cycle":22,"measuredValue":1.107665777206421},{"deltaTime":2259331,"flags":[],"measuredTemperature":57.935577392578125,"cycle":23,"measuredValue":1.1186217069625854},{"deltaTime":2333136,"flags":[],"measuredTemperature":57.94132614135742,"cycle":24,"measuredValue":1.143323302268982},{"deltaTime":2406940,"flags":[],"measuredTemperature":57.94227600097656,"cycle":25,"measuredValue":1.1866049766540527},{"deltaTime":2480745,"flags":[],"measuredTemperature":57.93989181518555,"cycle":26,"measuredValue":1.2731573581695557},{"deltaTime":2554552,"flags":[],"measuredTemperature":57.93748474121094,"cycle":27,"measuredValue":1.4302279949188232},{"deltaTime":2628357,"flags":[],"measuredTemperature":57.94036865234375,"cycle":28,"measuredValue":1.7120965719223022},{"deltaTime":2702163,"flags":[],"measuredTemperature":57.93939971923828,"cycle":29,"measuredValue":2.1794626712799072},{"deltaTime":2775969,"flags":[],"measuredTemperature":57.93988800048828,"cycle":30,"measuredValue":2.88173246383667},{"deltaTime":2849773,"flags":[],"measuredTemperature":57.93510055541992,"cycle":31,"measuredValue":3.786292552947998},{"deltaTime":2923579,"flags":[],"measuredTemperature":57.93988800048828,"cycle":32,"measuredValue":4.771817684173584},{"deltaTime":2997386,"flags":[],"measuredTemperature":57.93605041503906,"cycle":33,"measuredValue":5.740144729614258},{"deltaTime":3071189,"flags":[],"measuredTemperature":57.937503814697266,"cycle":34,"measuredValue":6.638083457946777},{"deltaTime":3144992,"flags":[],"measuredTemperature":57.93893051147461,"cycle":35,"measuredValue":7.429765701293945},{"deltaTime":3218801,"flags":[],"measuredTemperature":57.945152282714844,"cycle":36,"measuredValue":8.075703620910645},{"deltaTime":3292608,"flags":[],"measuredTemperature":57.930789947509766,"cycle":37,"measuredValue":8.53536605834961},{"deltaTime":3366413,"flags":[],"measuredTemperature":57.944664001464844,"cycle":38,"measuredValue":8.846089363098145},{"deltaTime":3440219,"flags":[],"measuredTemperature":57.94466018676758,"cycle":39,"measuredValue":9.045340538024902},{"deltaTime":3514021,"flags":[],"measuredTemperature":57.93606948852539,"cycle":40,"measuredValue":9.178207397460938},{"deltaTime":3587829,"flags":[],"measuredTemperature":57.94324493408203,"cycle":41,"measuredValue":9.266743659973145},{"deltaTime":3661635,"flags":[],"measuredTemperature":57.93988037109375,"cycle":42,"measuredValue":9.3276948928833},{"deltaTime":3735441,"flags":[],"measuredTemperature":57.93655014038086,"cycle":43,"measuredValue":9.381925582885742},{"deltaTime":3809244,"flags":[],"measuredTemperature":57.937984466552734,"cycle":44,"measuredValue":9.417414665222168},{"deltaTime":3883050,"flags":[],"measuredTemperature":57.937503814697266,"cycle":45,"measuredValue":9.455669403076172}],"pcrMeasurementType":"Quantification"}],"filters":[{"name":"Ex-435","id":1,"position":1,"discriminator":"ExcitationFilter"},{"name":"Ex-495","id":2,"position":2,"discriminator":"ExcitationFilter"},{"name":"Ex-540","id":3,"position":3,"discriminator":"ExcitationFilter"},{"name":"Ex-610","id":4,"position":4,"discriminator":"ExcitationFilter"},{"name":"Ex-680","id":5,"position":5,"discriminator":"ExcitationFilter"},{"name":"Em-470","id":6,"position":1,"discriminator":"EmissionFilter"},{"name":"Em-521","id":7,"position":2,"discriminator":"EmissionFilter"},{"name":"Em-580","id":8,"position":3,"discriminator":"EmissionFilter"},{"name":"Em-645","id":9,"position":4,"discriminator":"EmissionFilter"},{"name":"Em-700","id":10,"position":5,"discriminator":"EmissionFilter"}],"programs":[{"sequenceNumber":2,"temperatureSteps":[{"targetTemperature":55,"id":2001}],"name":"2 Step Amplification"},{"sequenceNumber":3,"temperatureSteps":[{"targetTemperature":58,"id":3001}],"name":"2 Step Amplification"}],"measurementId":"bc22c63e-e319-4c89-b2b6-ef90bc9b7370","reagentCalibrationValues":[{"index":0,"value":0},{"index":1,"value":0},{"index":2,"value":0},{"index":3,"value":0}]},"correlationId":"528bb945-dd93-4951-91ce-7c9b0d7572a2"},"Origin":"STING.3429","Timestamp":"2026-09-30T15:13:36.0940735Z"}' ...[EOL]
[2026-09-30 15:13:36.355Z][CA][INF][Logger:Roche.Sting.Calculation.Host.RunnerManagement.CalculatePreliminaryResultListener][Thread:54]Handling request 'CalculatePreliminaryResult' with data AsapId: '7a214f38-d555-4417-b943-4d2cf80728e7', WorkOrderId: 'a6c65e45-0792-4cda-84ee-f69dea7056a6', CorrelationId: '3fef79bf-b05c-4b71-9302-e758dc49f09a' ...[EOL]
[2026-09-30 15:13:36.355Z][CA][INF][Logger:Roche.Sting.Calculation.Host.RunnerManagement.CalculatePreliminaryResultHandler][Thread:54]Handling request 'CalculatePreliminaryResult' with data AsapId: '7a214f38-d555-4417-b943-4d2cf80728e7', WorkOrderId: 'a6c65e45-0792-4cda-84ee-f69dea7056a6', CorrelationId: '3fef79bf-b05c-4b71-9302-e758dc49f09a' ...[EOL]
[2026-09-30 15:13:36.355Z][CA][INF][Logger:Roche.Sting.Calculation.Host.RunnerManagement.CalculationRunnerManager][Thread:54]Starting CalculationRunner 'calculationrunner-x800mtb_1.1.0' with service name 'calculationrunner-x800mtb_1.1.0' on container 'calculationrunner-x800mtb_1.1.0' ...[EOL]
[2026-09-30 15:13:36.355Z][CA][INF][Logger:Roche.Sting.Calculation.Host.Docker.DockerManager][Thread:54]Calling 'docker-compose up' to start runner 'calculationrunner-x800mtb_1.1.0' ...[EOL]
[2026-09-30 15:13:36.355Z][CA][INF][Logger:Roche.Sting.Calculation.Host.Docker.DockerCommandExecutor][Thread:54]Going to start Docker process by executing 'docker-compose' with args 'up -d calculationrunner-x800mtb_1.1.0' ...[EOL]
[2026-09-30 15:13:36.554Z][CA][INF][Logger:Roche.Sting.Calculation.Host.Docker.DockerCommandExecutor][Thread:36]StdErr: calculationrunner-x800mtb_1.1.0 is up-to-date[EOL]
[2026-09-30 15:13:36.576Z][CA][INF][Logger:Roche.Sting.Calculation.Host.Docker.DockerCommandExecutor][Thread:36]StdErr: [EOL]
[2026-09-30 15:13:36.576Z][CA][INF][Logger:Roche.Sting.Calculation.Host.Docker.DockerCommandExecutor][Thread:40]StdOut: [EOL]
[2026-09-30 15:13:36.576Z][CA][INF][Logger:Roche.Sting.Calculation.Host.Docker.DockerCommandExecutor][Thread:54]Successfully executed 'docker-compose' with args 'up -d calculationrunner-x800mtb_1.1.0'[EOL]
[2026-09-30 15:13:36.579Z][CA][INF][Logger:Roche.Sting.Calculation.Host.RunnerManagement.CalculationRunnerManager][Thread:54]Forwarding request 'CalculatePreliminaryResult' on queue 'CalculatePreliminaryResult_calculationrunner-x800mtb_1.1.0' with data '{"schema":"http://roche.com/rmd/X800/messages/CalculatePreliminaryResult.json","asapId":"7a214f38-d555-4417-b943-4d2cf80728e7","workOrderId":"a6c65e45-0792-4cda-84ee-f69dea7056a6","correlationId":"3fef79bf-b05c-4b71-9302-e758dc49f09a","calculationRequest":{"schema":"http://roche.com/rmd/X800/calculation/CalculationRequest-1.json","requestedTargets":["MTB"],"measurementData":{"schema":"http://roche.com/rmd/X800/types/MeasurementData.json","positionName":"A4","channels":[{"channelNumber":1,"temperatureLevel":1,"segments":[{"temperatureStepId":2001,"excitationFilterId":1,"id":1002,"emissionFilterId":6},{"temperatureStepId":3001,"excitationFilterId":1,"id":1003,"emissionFilterId":6}]},{"channelNumber":2,"temperatureLevel":1,"segments":[{"temperatureStepId":2001,"excitationFilterId":2,"id":2002,"emissionFilterId":7},{"temperatureStepId":3001,"excitationFilterId":2,"id":2003,"emissionFilterId":7}]},{"channelNumber":3,"temperatureLevel":1,"segments":[{"temperatureStepId":2001,"excitationFilterId":3,"id":3002,"emissionFilterId":8},{"temperatureStepId":3001,"excitationFilterId":3,"id":3003,"emissionFilterId":8}]},{"channelNumber":4,"temperatureLevel":1,"segments":[{"temperatureStepId":2001,"excitationFilterId":4,"id":4002,"emissionFilterId":9},{"temperatureStepId":3001,"excitationFilterId":4,"id":4003,"emissionFilterId":9}]},{"channelNumber":5,"temperatureLevel":1,"segments":[{"temperatureStepId":2001,"excitationFilterId":5,"id":5002,"emissionFilterId":10},{"temperatureStepId":3001,"excitationFilterId":5,"id":5003,"emissionFilterId":10}]}],"specimen":{"inputVolumeInCubicmeter":8.5E-07,"dilutionFactor":1,"sampleType":"2.16.840.1.113995.3.111.9.3.23","discriminator":"SampleInformation"},"hasCriticalFlag":false,"curveSegments":[{"segmentId":1002,"acquisitions":[{"deltaTime":223540,"flags":[],"measuredTemperature":54.95730972290039,"cycle":1,"measuredValue":2.156087636947632},{"deltaTime":307494,"flags":[],"measuredTemperature":54.95835494995117,"cycle":2,"measuredValue":2.0987579822540283},{"deltaTime":391452,"flags":[],"measuredTemperature":54.951908111572266,"cycle":3,"measuredValue":2.073354482650757},{"deltaTime":475406,"flags":[],"measuredTemperature":54.94743347167969,"cycle":4,"measuredValue":2.056685447692871},{"deltaTime":559362,"flags":[],"measuredTemperature":54.930030822753906,"cycle":5,"measuredValue":2.040928363800049}],"pcrMeasurementType":"Quantification"},{"segmentId":1003,"acquisitions":[{"deltaTime":633868,"flags":[],"measuredTemperature":57.93416976928711,"cycle":1,"measuredValue":1.9909485578536987},{"deltaTime":707673,"flags":[],"measuredTemperature":57.93605422973633,"cycle":2,"measuredValue":1.985465168952942},{"deltaTime":781478,"flags":[],"measuredTemperature":57.93128204345703,"cycle":3,"measuredValue":1.9782546758651733},{"deltaTime":855283,"flags":[],"measuredTemperature":57.9255485534668,"cycle":4,"measuredValue":1.969542145729065},{"deltaTime":929089,"flags":[],"measuredTemperature":57.92839813232422,"cycle":5,"measuredValue":1.9630117416381836},{"deltaTime":1002894,"flags":[],"measuredTemperature":57.930816650390625,"cycle":6,"measuredValue":1.9592283964157104},{"deltaTime":1076699,"flags":[],"measuredTemperature":57.925540924072266,"cycle":7,"measuredValue":1.9563267230987549},{"deltaTime":1150505,"flags":[],"measuredTemperature":57.92935562133789,"cycle":8,"measuredValue":1.9529188871383667},{"deltaTime":1224310,"flags":[],"measuredTemperature":57.93369674682617,"cycle":9,"measuredValue":1.9478673934936523},{"deltaTime":1298118,"flags":[],"measuredTemperature":57.932228088378906,"cycle":10,"measuredValue":1.945539951324463},{"deltaTime":1371922,"flags":[],"measuredTemperature":57.93030548095703,"cycle":11,"measuredValue":1.9413647651672363},{"deltaTime":1445728,"flags":[],"measuredTemperature":57.936065673828125,"cycle":12,"measuredValue":1.9393876791000366},{"deltaTime":1519533,"flags":[],"measuredTemperature":57.92887878417969,"cycle":13,"measuredValue":1.9330605268478394},{"deltaTime":1593338,"flags":[],"measuredTemperature":57.9260139465332,"cycle":14,"measuredValue":1.930590033531189},{"deltaTime":1667143,"flags":[],"measuredTemperature":57.925533294677734,"cycle":15,"measuredValue":1.9235156774520874},{"deltaTime":1740949,"flags":[],"measuredTemperature":57.93510437011719,"cycle":16,"measuredValue":1.9213122129440308},{"deltaTime":1814755,"flags":[],"measuredTemperature":57.92887496948242,"cycle":17,"measuredValue":1.9193849563598633},{"deltaTime":1888559,"flags":[],"measuredTemperature":57.937503814697266,"cycle":18,"measuredValue":1.9144068956375122},{"deltaTime":1962369,"flags":[],"measuredTemperature":57.92790222167969,"cycle":19,"measuredValue":1.915658950805664},{"deltaTime":2036173,"flags":[],"measuredTemperature":57.92265701293945,"cycle":20,"measuredValue":1.9126722812652588},{"deltaTime":2109977,"flags":[],"measuredTemperature":57.925994873046875,"cycle":21,"measuredValue":1.9117001295089722},{"deltaTime":2183783,"flags":[],"measuredTemperature":57.929832458496094,"cycle":22,"measuredValue":1.9055161476135254},{"deltaTime":2257589,"flags":[],"measuredTemperature":57.93843078613281,"cycle":23,"measuredValue":1.9014298915863037},{"deltaTime":2331394,"flags":[],"measuredTemperature":57.932716369628906,"cycle":24,"measuredValue":1.9034349918365479},{"deltaTime":2405199,"flags":[],"measuredTemperature":57.928855895996094,"cycle":25,"measuredValue":1.8980334997177124},{"deltaTime":2479004,"flags":[],"measuredTemperature":57.927921295166016,"cycle":26,"measuredValue":1.8922803401947021},{"deltaTime":2552810,"flags":[],"measuredTemperature":57.92311096191406,"cycle":27,"measuredValue":1.8905693292617798},{"deltaTime":2626616,"flags":[],"measuredTemperature":57.927921295166016,"cycle":28,"measuredValue":1.8890511989593506},{"deltaTime":2700421,"flags":[],"measuredTemperature":57.92647171020508,"cycle":29,"measuredValue":1.8851943016052246},{"deltaTime":2774228,"flags":[],"measuredTemperature":57.92790985107422,"cycle":30,"measuredValue":1.884295105934143},{"deltaTime":2848033,"flags":[],"measuredTemperature":57.925506591796875,"cycle":31,"measuredValue":1.8864021301269531},{"deltaTime":2921838,"flags":[],"measuredTemperature":57.92888641357422,"cycle":32,"measuredValue":1.8843883275985718},{"deltaTime":2995644,"flags":[],"measuredTemperature":57.92551803588867,"cycle":33,"measuredValue":1.8806688785552979},{"deltaTime":3069448,"flags":[],"measuredTemperature":57.92936706542969,"cycle":34,"measuredValue":1.8816472291946411},{"deltaTime":3143253,"flags":[],"measuredTemperature":57.924072265625,"cycle":35,"measuredValue":1.8783085346221924},{"deltaTime":3217060,"flags":[],"measuredTemperature":57.92600631713867,"cycle":36,"measuredValue":1.877825379371643},{"deltaTime":3290866,"flags":[],"measuredTemperature":57.92025375366211,"cycle":37,"measuredValue":1.872288465499878},{"deltaTime":3364671,"flags":[],"measuredTemperature":57.92887496948242,"cycle":38,"measuredValue":1.872016191482544},{"deltaTime":3438478,"flags":[],"measuredTemperature":57.93366241455078,"cycle":39,"measuredValue":1.8688315153121948},{"deltaTime":3512283,"flags":[],"measuredTemperature":57.9255256652832,"cycle":40,"measuredValue":1.868446946144104},{"deltaTime":3586088,"flags":[],"measuredTemperature":57.935115814208984,"cycle":41,"measuredValue":1.87041175365448},{"deltaTime":3659893,"flags":[],"measuredTemperature":57.925987243652344,"cycle":42,"measuredValue":1.8695662021636963},{"deltaTime":3733699,"flags":[],"measuredTemperature":57.931270599365234,"cycle":43,"measuredValue":1.8637614250183105},{"deltaTime":3807504,"flags":[],"measuredTemperature":57.93224334716797,"cycle":44,"measuredValue":1.865313172340393},{"deltaTime":3881310,"flags":[],"measuredTemperature":57.92935562133789,"cycle":45,"measuredValue":1.8578987121582031}],"pcrMeasurementType":"Quantification"},{"segmentId":2002,"acquisitions":[{"deltaTime":223950,"flags":[],"measuredTemperature":54.959815979003906,"cycle":1,"measuredValue":4.957022666931152},{"deltaTime":307904,"flags":[],"measuredTemperature":54.966285705566406,"cycle":2,"measuredValue":4.890206336975098},{"deltaTime":391861,"flags":[],"measuredTemperature":54.951416015625,"cycle":3,"measuredValue":4.86190128326416},{"deltaTime":475816,"flags":[],"measuredTemperature":54.94743347167969,"cycle":4,"measuredValue":4.850322723388672},{"deltaTime":559771,"flags":[],"measuredTemperature":54.93250274658203,"cycle":5,"measuredValue":4.846319198608398}],"pcrMeasurementType":"Quantification"},{"segmentId":2003,"acquisitions":[{"deltaTime":634277,"flags":[],"measuredTemperature":57.929359436035156,"cycle":1,"measuredValue":4.680205345153809},{"deltaTime":708083,"flags":[],"measuredTemperature":57.93415451049805,"cycle":2,"measuredValue":4.679988861083984},{"deltaTime":781887,"flags":[],"measuredTemperature":57.93079376220703,"cycle":3,"measuredValue":4.679028034210205},{"deltaTime":855692,"flags":[],"measuredTemperature":57.92938232421875,"cycle":4,"measuredValue":4.677527904510498},{"deltaTime":929499,"flags":[],"measuredTemperature":57.93269348144531,"cycle":5,"measuredValue":4.67360258102417},{"deltaTime":1003304,"flags":[],"measuredTemperature":57.928428649902344,"cycle":6,"measuredValue":4.675224781036377},{"deltaTime":1077109,"flags":[],"measuredTemperature":57.929840087890625,"cycle":7,"measuredValue":4.677279949188232},{"deltaTime":1150915,"flags":[],"measuredTemperature":57.92887878417969,"cycle":8,"measuredValue":4.679535388946533},{"deltaTime":1224720,"flags":[],"measuredTemperature":57.93511962890625,"cycle":9,"measuredValue":4.680409908294678},{"deltaTime":1298527,"flags":[],"measuredTemperature":57.93222427368164,"cycle":10,"measuredValue":4.68314790725708},{"deltaTime":1372332,"flags":[],"measuredTemperature":57.93317794799805,"cycle":11,"measuredValue":4.681893825531006},{"deltaTime":1446137,"flags":[],"measuredTemperature":57.940372467041016,"cycle":12,"measuredValue":4.681753158569336},{"deltaTime":1519943,"flags":[],"measuredTemperature":57.927921295166016,"cycle":13,"measuredValue":4.683200836181641},{"deltaTime":1593748,"flags":[],"measuredTemperature":57.93606948852539,"cycle":14,"measuredValue":4.681238174438477},{"deltaTime":1667553,"flags":[],"measuredTemperature":57.93412780761719,"cycle":15,"measuredValue":4.685400485992432},{"deltaTime":1741359,"flags":[],"measuredTemperature":57.93988800048828,"cycle":16,"measuredValue":4.687577247619629},{"deltaTime":1815165,"flags":[],"measuredTemperature":57.93030548095703,"cycle":17,"measuredValue":4.699077606201172},{"deltaTime":1888969,"flags":[],"measuredTemperature":57.93844985961914,"cycle":18,"measuredValue":4.6905293464660645},{"deltaTime":1962778,"flags":[],"measuredTemperature":57.926475524902344,"cycle":19,"measuredValue":4.694736957550049},{"deltaTime":2036582,"flags":[],"measuredTemperature":57.93270492553711,"cycle":20,"measuredValue":4.690779685974121},{"deltaTime":2110386,"flags":[],"measuredTemperature":57.933170318603516,"cycle":21,"measuredValue":4.69504976272583},{"deltaTime":2184192,"flags":[],"measuredTemperature":57.93796157836914,"cycle":22,"measuredValue":4.704169750213623},{"deltaTime":2257999,"flags":[],"measuredTemperature":57.93126678466797,"cycle":23,"measuredValue":4.699217796325684},{"deltaTime":2331804,"flags":[],"measuredTemperature":57.929351806640625,"cycle":24,"measuredValue":4.698731899261475},{"deltaTime":2405609,"flags":[],"measuredTemperature":57.925994873046875,"cycle":25,"measuredValue":4.702471733093262},{"deltaTime":2479414,"flags":[],"measuredTemperature":57.93415832519531,"cycle":26,"measuredValue":4.70345401763916},{"deltaTime":2553220,"flags":[],"measuredTemperature":57.9312629699707,"cycle":27,"measuredValue":4.703813552856445},{"deltaTime":2627026,"flags":[],"measuredTemperature":57.935569763183594,"cycle":28,"measuredValue":4.706009864807129},{"deltaTime":2700831,"flags":[],"measuredTemperature":57.924560546875,"cycle":29,"measuredValue":4.712786674499512},{"deltaTime":2774637,"flags":[],"measuredTemperature":57.93318176269531,"cycle":30,"measuredValue":4.706344127655029},{"deltaTime":2848443,"flags":[],"measuredTemperature":57.933170318603516,"cycle":31,"measuredValue":4.711997032165527},{"deltaTime":2922247,"flags":[],"measuredTemperature":57.93415069580078,"cycle":32,"measuredValue":4.716683864593506},{"deltaTime":2996054,"flags":[],"measuredTemperature":57.92742919921875,"cycle":33,"measuredValue":4.720054626464844},{"deltaTime":3069858,"flags":[],"measuredTemperature":57.928871154785156,"cycle":34,"measuredValue":4.715293884277344},{"deltaTime":3143663,"flags":[],"measuredTemperature":57.927921295166016,"cycle":35,"measuredValue":4.718486309051514},{"deltaTime":3217470,"flags":[],"measuredTemperature":57.936058044433594,"cycle":36,"measuredValue":4.722540855407715},{"deltaTime":3291276,"flags":[],"measuredTemperature":57.925533294677734,"cycle":37,"measuredValue":4.722344398498535},{"deltaTime":3365081,"flags":[],"measuredTemperature":57.929359436035156,"cycle":38,"measuredValue":4.723756790161133},{"deltaTime":3438887,"flags":[],"measuredTemperature":57.93462371826172,"cycle":39,"measuredValue":4.733155250549316},{"deltaTime":3512692,"flags":[],"measuredTemperature":57.92792510986328,"cycle":40,"measuredValue":4.7301130294799805},{"deltaTime":3586497,"flags":[],"measuredTemperature":57.92888259887695,"cycle":41,"measuredValue":4.730762004852295},{"deltaTime":3660303,"flags":[],"measuredTemperature":57.93174743652344,"cycle":42,"measuredValue":4.731934547424316},{"deltaTime":3734109,"flags":[],"measuredTemperature":57.93796157836914,"cycle":43,"measuredValue":4.738821029663086},{"deltaTime":3807914,"flags":[],"measuredTemperature":57.932228088378906,"cycle":44,"measuredValue":4.741777420043945},{"deltaTime":3881720,"flags":[],"measuredTemperature":57.929351806640625,"cycle":45,"measuredValue":4.745324611663818}],"pcrMeasurementType":"Quantification"},{"segmentId":3002,"acquisitions":[{"deltaTime":224501,"flags":[],"measuredTemperature":54.964271545410156,"cycle":1,"measuredValue":0.20711195468902588},{"deltaTime":308455,"flags":[],"measuredTemperature":54.96428680419922,"cycle":2,"measuredValue":0.20017236471176147},{"deltaTime":392411,"flags":[],"measuredTemperature":54.95936584472656,"cycle":3,"measuredValue":0.19882723689079285},{"deltaTime":476366,"flags":[],"measuredTemperature":54.953880310058594,"cycle":4,"measuredValue":0.1991807073354721},{"deltaTime":560322,"flags":[],"measuredTemperature":54.942466735839844,"cycle":5,"measuredValue":0.1953999400138855}],"pcrMeasurementType":"Quantification"},{"segmentId":3003,"acquisitions":[{"deltaTime":634828,"flags":[],"measuredTemperature":57.93416976928711,"cycle":1,"measuredValue":0.192189022898674},{"deltaTime":708634,"flags":[],"measuredTemperature":57.927467346191406,"cycle":2,"measuredValue":0.19274289906024933},{"deltaTime":782437,"flags":[],"measuredTemperature":57.93511199951172,"cycle":3,"measuredValue":0.1902775764465332},{"deltaTime":856242,"flags":[],"measuredTemperature":57.9317741394043,"cycle":4,"measuredValue":0.19201183319091797},{"deltaTime":930050,"flags":[],"measuredTemperature":57.93701171875,"cycle":5,"measuredValue":0.19126398861408234},{"deltaTime":1003855,"flags":[],"measuredTemperature":57.93464279174805,"cycle":6,"measuredValue":0.18953360617160797},{"deltaTime":1077659,"flags":[],"measuredTemperature":57.93222427368164,"cycle":7,"measuredValue":0.1918513923883438},{"deltaTime":1151465,"flags":[],"measuredTemperature":57.927452087402344,"cycle":8,"measuredValue":0.19080764055252075},{"deltaTime":1225271,"flags":[],"measuredTemperature":57.936561584472656,"cycle":9,"measuredValue":0.19256575405597687},{"deltaTime":1299078,"flags":[],"measuredTemperature":57.933197021484375,"cycle":10,"measuredValue":0.19235634803771973},{"deltaTime":1372883,"flags":[],"measuredTemperature":57.93368148803711,"cycle":11,"measuredValue":0.1919897496700287},{"deltaTime":1446688,"flags":[],"measuredTemperature":57.93560028076172,"cycle":12,"measuredValue":0.19145676493644714},{"deltaTime":1520494,"flags":[],"measuredTemperature":57.926475524902344,"cycle":13,"measuredValue":0.19054457545280457},{"deltaTime":1594298,"flags":[],"measuredTemperature":57.94419479370117,"cycle":14,"measuredValue":0.1895078867673874},{"deltaTime":1668104,"flags":[],"measuredTemperature":57.93461608886719,"cycle":15,"measuredValue":0.19002924859523773},{"deltaTime":1741910,"flags":[],"measuredTemperature":57.93367004394531,"cycle":16,"measuredValue":0.18975694477558136},{"deltaTime":1815715,"flags":[],"measuredTemperature":57.92887878417969,"cycle":17,"measuredValue":0.18938270211219788},{"deltaTime":1889520,"flags":[],"measuredTemperature":57.932716369628906,"cycle":18,"measuredValue":0.19298449158668518},{"deltaTime":1963329,"flags":[],"measuredTemperature":57.935089111328125,"cycle":19,"measuredValue":0.1917685866355896},{"deltaTime":2037133,"flags":[],"measuredTemperature":57.93893814086914,"cycle":20,"measuredValue":0.19187287986278534},{"deltaTime":2110936,"flags":[],"measuredTemperature":57.93891906738281,"cycle":21,"measuredValue":0.18720950186252594},{"deltaTime":2184742,"flags":[],"measuredTemperature":57.93414306640625,"cycle":22,"measuredValue":0.19204741716384888},{"deltaTime":2258550,"flags":[],"measuredTemperature":57.926490783691406,"cycle":23,"measuredValue":0.1912337690591812},{"deltaTime":2332355,"flags":[],"measuredTemperature":57.93223571777344,"cycle":24,"measuredValue":0.18779408931732178},{"deltaTime":2406160,"flags":[],"measuredTemperature":57.932228088378906,"cycle":25,"measuredValue":0.1918313205242157},{"deltaTime":2479964,"flags":[],"measuredTemperature":57.93989181518555,"cycle":26,"measuredValue":0.1917382776737213},{"deltaTime":2553771,"flags":[],"measuredTemperature":57.932220458984375,"cycle":27,"measuredValue":0.1906757354736328},{"deltaTime":2627576,"flags":[],"measuredTemperature":57.94275665283203,"cycle":28,"measuredValue":0.19060611724853516},{"deltaTime":2701382,"flags":[],"measuredTemperature":57.92648696899414,"cycle":29,"measuredValue":0.1901264190673828},{"deltaTime":2775188,"flags":[],"measuredTemperature":57.9379768371582,"cycle":30,"measuredValue":0.18831874430179596},{"deltaTime":2848993,"flags":[],"measuredTemperature":57.93651580810547,"cycle":31,"measuredValue":0.19187068939208984},{"deltaTime":2922798,"flags":[],"measuredTemperature":57.935585021972656,"cycle":32,"measuredValue":0.19343595206737518},{"deltaTime":2996605,"flags":[],"measuredTemperature":57.939388275146484,"cycle":33,"measuredValue":0.19336538016796112},{"deltaTime":3070409,"flags":[],"measuredTemperature":57.93844223022461,"cycle":34,"measuredValue":0.1936691552400589},{"deltaTime":3144213,"flags":[],"measuredTemperature":57.93462371826172,"cycle":35,"measuredValue":0.19386854767799377},{"deltaTime":3218021,"flags":[],"measuredTemperature":57.93559265136719,"cycle":36,"measuredValue":0.1952369660139084},{"deltaTime":3291827,"flags":[],"measuredTemperature":57.93747329711914,"cycle":37,"measuredValue":0.19414731860160828},{"deltaTime":3365632,"flags":[],"measuredTemperature":57.93798828125,"cycle":38,"measuredValue":0.19717033207416534},{"deltaTime":3439438,"flags":[],"measuredTemperature":57.93606948852539,"cycle":39,"measuredValue":0.19307991862297058},{"deltaTime":3513242,"flags":[],"measuredTemperature":57.92839813232422,"cycle":40,"measuredValue":0.19191879034042358},{"deltaTime":3587048,"flags":[],"measuredTemperature":57.932701110839844,"cycle":41,"measuredValue":0.19433577358722687},{"deltaTime":3660854,"flags":[],"measuredTemperature":57.92982482910156,"cycle":42,"measuredValue":0.18948061764240265},{"deltaTime":3734660,"flags":[],"measuredTemperature":57.93605041503906,"cycle":43,"measuredValue":0.19366341829299927},{"deltaTime":3808464,"flags":[],"measuredTemperature":57.94228744506836,"cycle":44,"measuredValue":0.19554665684700012},{"deltaTime":3882270,"flags":[],"measuredTemperature":57.931243896484375,"cycle":45,"measuredValue":0.19478774070739746}],"pcrMeasurementType":"Quantification"},{"segmentId":4002,"acquisitions":[{"deltaTime":224910,"flags":[],"measuredTemperature":54.969730377197266,"cycle":1,"measuredValue":0.06348200887441635},{"deltaTime":308865,"flags":[],"measuredTemperature":54.96528625488281,"cycle":2,"measuredValue":0.0625661313533783},{"deltaTime":392821,"flags":[],"measuredTemperature":54.95986557006836,"cycle":3,"measuredValue":0.06422481685876846},{"deltaTime":476775,"flags":[],"measuredTemperature":54.95635986328125,"cycle":4,"measuredValue":0.06178487092256546},{"deltaTime":560732,"flags":[],"measuredTemperature":54.946434020996094,"cycle":5,"measuredValue":0.06164370849728584}],"pcrMeasurementType":"Quantification"},{"segmentId":4003,"acquisitions":[{"deltaTime":635238,"flags":[],"measuredTemperature":57.939422607421875,"cycle":1,"measuredValue":0.06024026498198509},{"deltaTime":709044,"flags":[],"measuredTemperature":57.926025390625,"cycle":2,"measuredValue":0.06147205829620361},{"deltaTime":782846,"flags":[],"measuredTemperature":57.93463134765625,"cycle":3,"measuredValue":0.061213988810777664},{"deltaTime":856651,"flags":[],"measuredTemperature":57.9255485534668,"cycle":4,"measuredValue":0.06055106967687607},{"deltaTime":930460,"flags":[],"measuredTemperature":57.93605041503906,"cycle":5,"measuredValue":0.06045949086546898},{"deltaTime":1004265,"flags":[],"measuredTemperature":57.93703079223633,"cycle":6,"measuredValue":0.06086880713701248},{"deltaTime":1078069,"flags":[],"measuredTemperature":57.941322326660156,"cycle":7,"measuredValue":0.05993577092885971},{"deltaTime":1151874,"flags":[],"measuredTemperature":57.930320739746094,"cycle":8,"measuredValue":0.059564825147390366},{"deltaTime":1225681,"flags":[],"measuredTemperature":57.94563293457031,"cycle":9,"measuredValue":0.060524336993694305},{"deltaTime":1299488,"flags":[],"measuredTemperature":57.93510818481445,"cycle":10,"measuredValue":0.05652089789509773},{"deltaTime":1373293,"flags":[],"measuredTemperature":57.93606185913086,"cycle":11,"measuredValue":0.05815783143043518},{"deltaTime":1447097,"flags":[],"measuredTemperature":57.94275665283203,"cycle":12,"measuredValue":0.060256652534008026},{"deltaTime":1520904,"flags":[],"measuredTemperature":57.93416213989258,"cycle":13,"measuredValue":0.058428216725587845},{"deltaTime":1594708,"flags":[],"measuredTemperature":57.9432373046875,"cycle":14,"measuredValue":0.06185406446456909},{"deltaTime":1668514,"flags":[],"measuredTemperature":57.93079376220703,"cycle":15,"measuredValue":0.06076844781637192},{"deltaTime":1742320,"flags":[],"measuredTemperature":57.93846130371094,"cycle":16,"measuredValue":0.06161278486251831},{"deltaTime":1816124,"flags":[],"measuredTemperature":57.936065673828125,"cycle":17,"measuredValue":0.06042494624853134},{"deltaTime":1889930,"flags":[],"measuredTemperature":57.937503814697266,"cycle":18,"measuredValue":0.059657566249370575},{"deltaTime":1963738,"flags":[],"measuredTemperature":57.93459701538086,"cycle":19,"measuredValue":0.060196176171302795},{"deltaTime":2037543,"flags":[],"measuredTemperature":57.93703079223633,"cycle":20,"measuredValue":0.061144910752773285},{"deltaTime":2111346,"flags":[],"measuredTemperature":57.92791748046875,"cycle":21,"measuredValue":0.059800174087285995},{"deltaTime":2185151,"flags":[],"measuredTemperature":57.93318557739258,"cycle":22,"measuredValue":0.061128225177526474},{"deltaTime":2258960,"flags":[],"measuredTemperature":57.932701110839844,"cycle":23,"measuredValue":0.060779739171266556},{"deltaTime":2332765,"flags":[],"measuredTemperature":57.939884185791016,"cycle":24,"measuredValue":0.0593208372592926},{"deltaTime":2406570,"flags":[],"measuredTemperature":57.94132614135742,"cycle":25,"measuredValue":0.06339560449123383},{"deltaTime":2480374,"flags":[],"measuredTemperature":57.94131851196289,"cycle":26,"measuredValue":0.06264563649892807},{"deltaTime":2554181,"flags":[],"measuredTemperature":57.92935562133789,"cycle":27,"measuredValue":0.06703399121761322},{"deltaTime":2627986,"flags":[],"measuredTemperature":57.93846130371094,"cycle":28,"measuredValue":0.06715894490480423},{"deltaTime":2701792,"flags":[],"measuredTemperature":57.93796157836914,"cycle":29,"measuredValue":0.07554420083761215},{"deltaTime":2775598,"flags":[],"measuredTemperature":57.94227600097656,"cycle":30,"measuredValue":0.0822385773062706},{"deltaTime":2849402,"flags":[],"measuredTemperature":57.93414306640625,"cycle":31,"measuredValue":0.09400181472301483},{"deltaTime":2923208,"flags":[],"measuredTemperature":57.94276428222656,"cycle":32,"measuredValue":0.10321769118309021},{"deltaTime":2997015,"flags":[],"measuredTemperature":57.93891525268555,"cycle":33,"measuredValue":0.10868917405605316},{"deltaTime":3070819,"flags":[],"measuredTemperature":57.942283630371094,"cycle":34,"measuredValue":0.11379736661911011},{"deltaTime":3144622,"flags":[],"measuredTemperature":57.932220458984375,"cycle":35,"measuredValue":0.1190205067396164},{"deltaTime":3218430,"flags":[],"measuredTemperature":57.936546325683594,"cycle":36,"measuredValue":0.1250201016664505},{"deltaTime":3292237,"flags":[],"measuredTemperature":57.93556213378906,"cycle":37,"measuredValue":0.1261206865310669},{"deltaTime":3366042,"flags":[],"measuredTemperature":57.939414978027344,"cycle":38,"measuredValue":0.12491177767515182},{"deltaTime":3439848,"flags":[],"measuredTemperature":57.94037628173828,"cycle":39,"measuredValue":0.12942278385162354},{"deltaTime":3513651,"flags":[],"measuredTemperature":57.93606185913086,"cycle":40,"measuredValue":0.12443694472312927},{"deltaTime":3587458,"flags":[],"measuredTemperature":57.938941955566406,"cycle":41,"measuredValue":0.12893716990947723},{"deltaTime":3661264,"flags":[],"measuredTemperature":57.93412780761719,"cycle":42,"measuredValue":0.12920236587524414},{"deltaTime":3735070,"flags":[],"measuredTemperature":57.93846130371094,"cycle":43,"measuredValue":0.13008876144886017},{"deltaTime":3808874,"flags":[],"measuredTemperature":57.9432373046875,"cycle":44,"measuredValue":0.13050216436386108},{"deltaTime":3882679,"flags":[],"measuredTemperature":57.92935562133789,"cycle":45,"measuredValue":0.12999878823757172}],"pcrMeasurementType":"Quantification"},{"segmentId":5002,"acquisitions":[{"deltaTime":225280,"flags":[],"measuredTemperature":54.966251373291016,"cycle":1,"measuredValue":1.1918381452560425},{"deltaTime":309236,"flags":[],"measuredTemperature":54.96479415893555,"cycle":2,"measuredValue":1.166830062866211},{"deltaTime":393192,"flags":[],"measuredTemperature":54.95638656616211,"cycle":3,"measuredValue":1.1563999652862549},{"deltaTime":477146,"flags":[],"measuredTemperature":54.9538688659668,"cycle":4,"measuredValue":1.151047706604004},{"deltaTime":561102,"flags":[],"measuredTemperature":54.95038604736328,"cycle":5,"measuredValue":1.1495991945266724}],"pcrMeasurementType":"Quantification"},{"segmentId":5003,"acquisitions":[{"deltaTime":635609,"flags":[],"measuredTemperature":57.94037628173828,"cycle":1,"measuredValue":1.060283899307251},{"deltaTime":709415,"flags":[],"measuredTemperature":57.93606948852539,"cycle":2,"measuredValue":1.059144377708435},{"deltaTime":783216,"flags":[],"measuredTemperature":57.93750762939453,"cycle":3,"measuredValue":1.0575270652770996},{"deltaTime":857022,"flags":[],"measuredTemperature":57.931270599365234,"cycle":4,"measuredValue":1.0591870546340942},{"deltaTime":930831,"flags":[],"measuredTemperature":57.935577392578125,"cycle":5,"measuredValue":1.0588370561599731},{"deltaTime":1004636,"flags":[],"measuredTemperature":57.945640563964844,"cycle":6,"measuredValue":1.0589419603347778},{"deltaTime":1078439,"flags":[],"measuredTemperature":57.94563293457031,"cycle":7,"measuredValue":1.061184048652649},{"deltaTime":1152245,"flags":[],"measuredTemperature":57.94036865234375,"cycle":8,"measuredValue":1.0591864585876465},{"deltaTime":1226052,"flags":[],"measuredTemperature":57.94371032714844,"cycle":9,"measuredValue":1.0570961236953735},{"deltaTime":1299859,"flags":[],"measuredTemperature":57.938446044921875,"cycle":10,"measuredValue":1.0588492155075073},{"deltaTime":1373664,"flags":[],"measuredTemperature":57.937496185302734,"cycle":11,"measuredValue":1.0588221549987793},{"deltaTime":1447467,"flags":[],"measuredTemperature":57.93989562988281,"cycle":12,"measuredValue":1.0588141679763794},{"deltaTime":1521275,"flags":[],"measuredTemperature":57.934608459472656,"cycle":13,"measuredValue":1.0591156482696533},{"deltaTime":1595079,"flags":[],"measuredTemperature":57.93989181518555,"cycle":14,"measuredValue":1.0591293573379517},{"deltaTime":1668885,"flags":[],"measuredTemperature":57.929840087890625,"cycle":15,"measuredValue":1.058428406715393},{"deltaTime":1742690,"flags":[],"measuredTemperature":57.93941116333008,"cycle":16,"measuredValue":1.0600249767303467},{"deltaTime":1816495,"flags":[],"measuredTemperature":57.942264556884766,"cycle":17,"measuredValue":1.0619783401489258},{"deltaTime":1890301,"flags":[],"measuredTemperature":57.938941955566406,"cycle":18,"measuredValue":1.0632034540176392},{"deltaTime":1964109,"flags":[],"measuredTemperature":57.94227600097656,"cycle":19,"measuredValue":1.0635532140731812},{"deltaTime":2037914,"flags":[],"measuredTemperature":57.94133758544922,"cycle":20,"measuredValue":1.0661207437515259},{"deltaTime":2111716,"flags":[],"measuredTemperature":57.92744445800781,"cycle":21,"measuredValue":1.0732065439224243},{"deltaTime":2185522,"flags":[],"measuredTemperature":57.93462371826172,"cycle":22,"measuredValue":1.0878137350082397},{"deltaTime":2259331,"flags":[],"measuredTemperature":57.935577392578125,"cycle":23,"measuredValue":1.1132240295410156},{"deltaTime":2333136,"flags":[],"measuredTemperature":57.94132614135742,"cycle":24,"measuredValue":1.1641688346862793},{"deltaTime":2406940,"flags":[],"measuredTemperature":57.94227600097656,"cycle":25,"measuredValue":1.2559701204299927},{"deltaTime":2480745,"flags":[],"measuredTemperature":57.93989181518555,"cycle":26,"measuredValue":1.4251147508621216},{"deltaTime":2554552,"flags":[],"measuredTemperature":57.93748474121094,"cycle":27,"measuredValue":1.7234843969345093},{"deltaTime":2628357,"flags":[],"measuredTemperature":57.94036865234375,"cycle":28,"measuredValue":2.2069203853607178},{"deltaTime":2702163,"flags":[],"measuredTemperature":57.93939971923828,"cycle":29,"measuredValue":2.913728713989258},{"deltaTime":2775969,"flags":[],"measuredTemperature":57.93988800048828,"cycle":30,"measuredValue":3.810793399810791},{"deltaTime":2849773,"flags":[],"measuredTemperature":57.93510055541992,"cycle":31,"measuredValue":4.790863990783691},{"deltaTime":2923579,"flags":[],"measuredTemperature":57.93988800048828,"cycle":32,"measuredValue":5.7259521484375},{"deltaTime":2997386,"flags":[],"measuredTemperature":57.93605041503906,"cycle":33,"measuredValue":6.567234992980957},{"deltaTime":3071189,"flags":[],"measuredTemperature":57.937503814697266,"cycle":34,"measuredValue":7.292688846588135},{"deltaTime":3144992,"flags":[],"measuredTemperature":57.93893051147461,"cycle":35,"measuredValue":7.877225399017334},{"deltaTime":3218801,"flags":[],"measuredTemperature":57.945152282714844,"cycle":36,"measuredValue":8.299065589904785},{"deltaTime":3292608,"flags":[],"measuredTemperature":57.930789947509766,"cycle":37,"measuredValue":8.585317611694336},{"deltaTime":3366413,"flags":[],"measuredTemperature":57.944664001464844,"cycle":38,"measuredValue":8.76134967803955},{"deltaTime":3440219,"flags":[],"measuredTemperature":57.94466018676758,"cycle":39,"measuredValue":8.887507438659668},{"deltaTime":3514021,"flags":[],"measuredTemperature":57.93606948852539,"cycle":40,"measuredValue":8.96622085571289},{"deltaTime":3587829,"flags":[],"measuredTemperature":57.94324493408203,"cycle":41,"measuredValue":9.031805992126465},{"deltaTime":3661635,"flags":[],"measuredTemperature":57.93988037109375,"cycle":42,"measuredValue":9.077947616577148},{"deltaTime":3735441,"flags":[],"measuredTemperature":57.93655014038086,"cycle":43,"measuredValue":9.114294052124023},{"deltaTime":3809244,"flags":[],"measuredTemperature":57.937984466552734,"cycle":44,"measuredValue":9.144573211669922},{"deltaTime":3883050,"flags":[],"measuredTemperature":57.937503814697266,"cycle":45,"measuredValue":9.17237663269043}],"pcrMeasurementType":"Quantification"}],"filters":[{"name":"Ex-435","id":1,"position":1,"discriminator":"ExcitationFilter"},{"name":"Ex-495","id":2,"position":2,"discriminator":"ExcitationFilter"},{"name":"Ex-540","id":3,"position":3,"discriminator":"ExcitationFilter"},{"name":"Ex-610","id":4,"position":4,"discriminator":"ExcitationFilter"},{"name":"Ex-680","id":5,"position":5,"discriminator":"ExcitationFilter"},{"name":"Em-470","id":6,"position":1,"discriminator":"EmissionFilter"},{"name":"Em-521","id":7,"position":2,"discriminator":"EmissionFilter"},{"name":"Em-580","id":8,"position":3,"discriminator":"EmissionFilter"},{"name":"Em-645","id":9,"position":4,"discriminator":"EmissionFilter"},{"name":"Em-700","id":10,"position":5,"discriminator":"EmissionFilter"}],"programs":[{"sequenceNumber":2,"temperatureSteps":[{"targetTemperature":55,"id":2001}],"name":"2 Step Amplification"},{"sequenceNumber":3,"temperatureSteps":[{"targetTemperature":58,"id":3001}],"name":"2 Step Amplification"}],"measurementId":"9ca5df4e-642d-4b38-ae54-22d6737e905f","reagentCalibrationValues":[{"index":0,"value":0},{"index":1,"value":0},{"index":2,"value":0},{"index":3,"value":0}]},"correlationId":"d88aaaf2-e05e-458c-bad4-aed09454c587"},"Origin":"STING.3429","Timestamp":"2026-09-30T15:13:36.3555463Z"}' ...[EOL]
[2026-09-30 15:13:36.581Z][CA][INF][Logger:Roche.Sting.Calculation.Host.RunnerManagement.CalculatePreliminaryResultListener][Thread:54]Handling request 'CalculatePreliminaryResult' with data AsapId: '7a214f38-d555-4417-b943-4d2cf80728e7', WorkOrderId: 'cd299822-f852-4b5d-bb03-ba1e93f75a8e', CorrelationId: 'd367be53-8d54-45cd-a524-228c42a08746' ...[EOL]
[2026-09-30 15:13:36.581Z][CA][INF][Logger:Roche.Sting.Calculation.Host.RunnerManagement.CalculatePreliminaryResultHandler][Thread:54]Handling request 'CalculatePreliminaryResult' with data AsapId: '7a214f38-d555-4417-b943-4d2cf80728e7', WorkOrderId: 'cd299822-f852-4b5d-bb03-ba1e93f75a8e', CorrelationId: 'd367be53-8d54-45cd-a524-228c42a08746' ...[EOL]
[2026-09-30 15:13:36.581Z][CA][INF][Logger:Roche.Sting.Calculation.Host.RunnerManagement.CalculationRunnerManager][Thread:54]Starting CalculationRunner 'calculationrunner-x800mtb_1.1.0' with service name 'calculationrunner-x800mtb_1.1.0' on container 'calculationrunner-x800mtb_1.1.0' ...[EOL]
[2026-09-30 15:13:36.581Z][CA][INF][Logger:Roche.Sting.Calculation.Host.Docker.DockerManager][Thread:54]Calling 'docker-compose up' to start runner 'calculationrunner-x800mtb_1.1.0' ...[EOL]
[2026-09-30 15:13:36.581Z][CA][INF][Logger:Roche.Sting.Calculation.Host.Docker.DockerCommandExecutor][Thread:54]Going to start Docker process by executing 'docker-compose' with args 'up -d calculationrunner-x800mtb_1.1.0' ...[EOL]
[2026-09-30 15:13:36.784Z][CA][INF][Logger:Roche.Sting.Calculation.Host.Docker.DockerCommandExecutor][Thread:41]StdErr: calculationrunner-x800mtb_1.1.0 is up-to-date[EOL]
[2026-09-30 15:13:36.807Z][CA][INF][Logger:Roche.Sting.Calculation.Host.Docker.DockerCommandExecutor][Thread:41]StdErr: [EOL]
[2026-09-30 15:13:36.807Z][CA][INF][Logger:Roche.Sting.Calculation.Host.Docker.DockerCommandExecutor][Thread:40]StdOut: [EOL]
[2026-09-30 15:13:36.807Z][CA][INF][Logger:Roche.Sting.Calculation.Host.Docker.DockerCommandExecutor][Thread:54]Successfully executed 'docker-compose' with args 'up -d calculationrunner-x800mtb_1.1.0'[EOL]
[2026-09-30 15:13:36.810Z][CA][INF][Logger:Roche.Sting.Calculation.Host.RunnerManagement.CalculationRunnerManager][Thread:54]Forwarding request 'CalculatePreliminaryResult' on queue 'CalculatePreliminaryResult_calculationrunner-x800mtb_1.1.0' with data '{"schema":"http://roche.com/rmd/X800/messages/CalculatePreliminaryResult.json","asapId":"7a214f38-d555-4417-b943-4d2cf80728e7","workOrderId":"cd299822-f852-4b5d-bb03-ba1e93f75a8e","correlationId":"d367be53-8d54-45cd-a524-228c42a08746","calculationRequest":{"schema":"http://roche.com/rmd/X800/calculation/CalculationRequest-1.json","requestedTargets":["MTB"],"measurementData":{"schema":"http://roche.com/rmd/X800/types/MeasurementData.json","positionName":"A1","channels":[{"channelNumber":1,"temperatureLevel":1,"segments":[{"temperatureStepId":2001,"excitationFilterId":1,"id":1002,"emissionFilterId":6},{"temperatureStepId":3001,"excitationFilterId":1,"id":1003,"emissionFilterId":6}]},{"channelNumber":2,"temperatureLevel":1,"segments":[{"temperatureStepId":2001,"excitationFilterId":2,"id":2002,"emissionFilterId":7},{"temperatureStepId":3001,"excitationFilterId":2,"id":2003,"emissionFilterId":7}]},{"channelNumber":3,"temperatureLevel":1,"segments":[{"temperatureStepId":2001,"excitationFilterId":3,"id":3002,"emissionFilterId":8},{"temperatureStepId":3001,"excitationFilterId":3,"id":3003,"emissionFilterId":8}]},{"channelNumber":4,"temperatureLevel":1,"segments":[{"temperatureStepId":2001,"excitationFilterId":4,"id":4002,"emissionFilterId":9},{"temperatureStepId":3001,"excitationFilterId":4,"id":4003,"emissionFilterId":9}]},{"channelNumber":5,"temperatureLevel":1,"segments":[{"temperatureStepId":2001,"excitationFilterId":5,"id":5002,"emissionFilterId":10},{"temperatureStepId":3001,"excitationFilterId":5,"id":5003,"emissionFilterId":10}]}],"specimen":{"inputVolumeInCubicmeter":8.5E-07,"dilutionFactor":1,"sampleType":"2.16.840.1.113995.3.111.9.3.23","discriminator":"SampleInformation"},"hasCriticalFlag":false,"curveSegments":[{"segmentId":1002,"acquisitions":[{"deltaTime":223540,"flags":[],"measuredTemperature":54.95730972290039,"cycle":1,"measuredValue":2.1609914302825928},{"deltaTime":307494,"flags":[],"measuredTemperature":54.95835494995117,"cycle":2,"measuredValue":2.1228809356689453},{"deltaTime":391452,"flags":[],"measuredTemperature":54.951908111572266,"cycle":3,"measuredValue":2.102499485015869},{"deltaTime":475406,"flags":[],"measuredTemperature":54.94743347167969,"cycle":4,"measuredValue":2.0878922939300537},{"deltaTime":559362,"flags":[],"measuredTemperature":54.930030822753906,"cycle":5,"measuredValue":2.0737192630767822}],"pcrMeasurementType":"Quantification"},{"segmentId":1003,"acquisitions":[{"deltaTime":633868,"flags":[],"measuredTemperature":57.93416976928711,"cycle":1,"measuredValue":2.0380191802978516},{"deltaTime":707673,"flags":[],"measuredTemperature":57.93605422973633,"cycle":2,"measuredValue":2.0285937786102295},{"deltaTime":781478,"flags":[],"measuredTemperature":57.93128204345703,"cycle":3,"measuredValue":2.0202150344848633},{"deltaTime":855283,"flags":[],"measuredTemperature":57.9255485534668,"cycle":4,"measuredValue":2.015998363494873},{"deltaTime":929089,"flags":[],"measuredTemperature":57.92839813232422,"cycle":5,"measuredValue":2.0087530612945557},{"deltaTime":1002894,"flags":[],"measuredTemperature":57.930816650390625,"cycle":6,"measuredValue":2.001450300216675},{"deltaTime":1076699,"flags":[],"measuredTemperature":57.925540924072266,"cycle":7,"measuredValue":1.9970741271972656},{"deltaTime":1150505,"flags":[],"measuredTemperature":57.92935562133789,"cycle":8,"measuredValue":1.9974256753921509},{"deltaTime":1224310,"flags":[],"measuredTemperature":57.93369674682617,"cycle":9,"measuredValue":1.9917000532150269},{"deltaTime":1298118,"flags":[],"measuredTemperature":57.932228088378906,"cycle":10,"measuredValue":1.9870426654815674},{"deltaTime":1371922,"flags":[],"measuredTemperature":57.93030548095703,"cycle":11,"measuredValue":1.9807335138320923},{"deltaTime":1445728,"flags":[],"measuredTemperature":57.936065673828125,"cycle":12,"measuredValue":1.9827704429626465},{"deltaTime":1519533,"flags":[],"measuredTemperature":57.92887878417969,"cycle":13,"measuredValue":1.9782403707504272},{"deltaTime":1593338,"flags":[],"measuredTemperature":57.9260139465332,"cycle":14,"measuredValue":1.975830316543579},{"deltaTime":1667143,"flags":[],"measuredTemperature":57.925533294677734,"cycle":15,"measuredValue":1.9688918590545654},{"deltaTime":1740949,"flags":[],"measuredTemperature":57.93510437011719,"cycle":16,"measuredValue":1.964754343032837},{"deltaTime":1814755,"flags":[],"measuredTemperature":57.92887496948242,"cycle":17,"measuredValue":1.962471842765808},{"deltaTime":1888559,"flags":[],"measuredTemperature":57.937503814697266,"cycle":18,"measuredValue":1.956971526145935},{"deltaTime":1962369,"flags":[],"measuredTemperature":57.92790222167969,"cycle":19,"measuredValue":1.9547758102416992},{"deltaTime":2036173,"flags":[],"measuredTemperature":57.92265701293945,"cycle":20,"measuredValue":1.9547483921051025},{"deltaTime":2109977,"flags":[],"measuredTemperature":57.925994873046875,"cycle":21,"measuredValue":1.9551708698272705},{"deltaTime":2183783,"flags":[],"measuredTemperature":57.929832458496094,"cycle":22,"measuredValue":1.9481620788574219},{"deltaTime":2257589,"flags":[],"measuredTemperature":57.93843078613281,"cycle":23,"measuredValue":1.944256067276001},{"deltaTime":2331394,"flags":[],"measuredTemperature":57.932716369628906,"cycle":24,"measuredValue":1.9399288892745972},{"deltaTime":2405199,"flags":[],"measuredTemperature":57.928855895996094,"cycle":25,"measuredValue":1.9440577030181885},{"deltaTime":2479004,"flags":[],"measuredTemperature":57.927921295166016,"cycle":26,"measuredValue":1.9360387325286865},{"deltaTime":2552810,"flags":[],"measuredTemperature":57.92311096191406,"cycle":27,"measuredValue":1.9373805522918701},{"deltaTime":2626616,"flags":[],"measuredTemperature":57.927921295166016,"cycle":28,"measuredValue":1.9327473640441895},{"deltaTime":2700421,"flags":[],"measuredTemperature":57.92647171020508,"cycle":29,"measuredValue":1.9296059608459473},{"deltaTime":2774228,"flags":[],"measuredTemperature":57.92790985107422,"cycle":30,"measuredValue":1.927453875541687},{"deltaTime":2848033,"flags":[],"measuredTemperature":57.925506591796875,"cycle":31,"measuredValue":1.9268161058425903},{"deltaTime":2921838,"flags":[],"measuredTemperature":57.92888641357422,"cycle":32,"measuredValue":1.9215443134307861},{"deltaTime":2995644,"flags":[],"measuredTemperature":57.92551803588867,"cycle":33,"measuredValue":1.9267406463623047},{"deltaTime":3069448,"flags":[],"measuredTemperature":57.92936706542969,"cycle":34,"measuredValue":1.9191689491271973},{"deltaTime":3143253,"flags":[],"measuredTemperature":57.924072265625,"cycle":35,"measuredValue":1.9210779666900635},{"deltaTime":3217060,"flags":[],"measuredTemperature":57.92600631713867,"cycle":36,"measuredValue":1.92034113407135},{"deltaTime":3290866,"flags":[],"measuredTemperature":57.92025375366211,"cycle":37,"measuredValue":1.9160163402557373},{"deltaTime":3364671,"flags":[],"measuredTemperature":57.92887496948242,"cycle":38,"measuredValue":1.9129153490066528},{"deltaTime":3438478,"flags":[],"measuredTemperature":57.93366241455078,"cycle":39,"measuredValue":1.9126867055892944},{"deltaTime":3512283,"flags":[],"measuredTemperature":57.9255256652832,"cycle":40,"measuredValue":1.9089378118515015},{"deltaTime":3586088,"flags":[],"measuredTemperature":57.935115814208984,"cycle":41,"measuredValue":1.907602310180664},{"deltaTime":3659893,"flags":[],"measuredTemperature":57.925987243652344,"cycle":42,"measuredValue":1.9053562879562378},{"deltaTime":3733699,"flags":[],"measuredTemperature":57.931270599365234,"cycle":43,"measuredValue":1.9029626846313477},{"deltaTime":3807504,"flags":[],"measuredTemperature":57.93224334716797,"cycle":44,"measuredValue":1.903385877609253},{"deltaTime":3881310,"flags":[],"measuredTemperature":57.92935562133789,"cycle":45,"measuredValue":1.8998210430145264}],"pcrMeasurementType":"Quantification"},{"segmentId":2002,"acquisitions":[{"deltaTime":223950,"flags":[],"measuredTemperature":54.959815979003906,"cycle":1,"measuredValue":4.852447509765625},{"deltaTime":307904,"flags":[],"measuredTemperature":54.966285705566406,"cycle":2,"measuredValue":4.831670761108398},{"deltaTime":391861,"flags":[],"measuredTemperature":54.951416015625,"cycle":3,"measuredValue":4.817386150360107},{"deltaTime":475816,"flags":[],"measuredTemperature":54.94743347167969,"cycle":4,"measuredValue":4.808437824249268},{"deltaTime":559771,"flags":[],"measuredTemperature":54.93250274658203,"cycle":5,"measuredValue":4.798905372619629}],"pcrMeasurementType":"Quantification"},{"segmentId":2003,"acquisitions":[{"deltaTime":634277,"flags":[],"measuredTemperature":57.929359436035156,"cycle":1,"measuredValue":4.655278205871582},{"deltaTime":708083,"flags":[],"measuredTemperature":57.93415451049805,"cycle":2,"measuredValue":4.653690338134766},{"deltaTime":781887,"flags":[],"measuredTemperature":57.93079376220703,"cycle":3,"measuredValue":4.65437126159668},{"deltaTime":855692,"flags":[],"measuredTemperature":57.92938232421875,"cycle":4,"measuredValue":4.646003723144531},{"deltaTime":929499,"flags":[],"measuredTemperature":57.93269348144531,"cycle":5,"measuredValue":4.646913528442383},{"deltaTime":1003304,"flags":[],"measuredTemperature":57.928428649902344,"cycle":6,"measuredValue":4.649506092071533},{"deltaTime":1077109,"flags":[],"measuredTemperature":57.929840087890625,"cycle":7,"measuredValue":4.64777946472168},{"deltaTime":1150915,"flags":[],"measuredTemperature":57.92887878417969,"cycle":8,"measuredValue":4.648962020874023},{"deltaTime":1224720,"flags":[],"measuredTemperature":57.93511962890625,"cycle":9,"measuredValue":4.646111965179443},{"deltaTime":1298527,"flags":[],"measuredTemperature":57.93222427368164,"cycle":10,"measuredValue":4.644393444061279},{"deltaTime":1372332,"flags":[],"measuredTemperature":57.93317794799805,"cycle":11,"measuredValue":4.643790245056152},{"deltaTime":1446137,"flags":[],"measuredTemperature":57.940372467041016,"cycle":12,"measuredValue":4.648102283477783},{"deltaTime":1519943,"flags":[],"measuredTemperature":57.927921295166016,"cycle":13,"measuredValue":4.6490349769592285},{"deltaTime":1593748,"flags":[],"measuredTemperature":57.93606948852539,"cycle":14,"measuredValue":4.653633117675781},{"deltaTime":1667553,"flags":[],"measuredTemperature":57.93412780761719,"cycle":15,"measuredValue":4.651221752166748},{"deltaTime":1741359,"flags":[],"measuredTemperature":57.93988800048828,"cycle":16,"measuredValue":4.647911548614502},{"deltaTime":1815165,"flags":[],"measuredTemperature":57.93030548095703,"cycle":17,"measuredValue":4.651830196380615},{"deltaTime":1888969,"flags":[],"measuredTemperature":57.93844985961914,"cycle":18,"measuredValue":4.649293899536133},{"deltaTime":1962778,"flags":[],"measuredTemperature":57.926475524902344,"cycle":19,"measuredValue":4.65443754196167},{"deltaTime":2036582,"flags":[],"measuredTemperature":57.93270492553711,"cycle":20,"measuredValue":4.655322074890137},{"deltaTime":2110386,"flags":[],"measuredTemperature":57.933170318603516,"cycle":21,"measuredValue":4.658969879150391},{"deltaTime":2184192,"flags":[],"measuredTemperature":57.93796157836914,"cycle":22,"measuredValue":4.665016174316406},{"deltaTime":2257999,"flags":[],"measuredTemperature":57.93126678466797,"cycle":23,"measuredValue":4.660270690917969},{"deltaTime":2331804,"flags":[],"measuredTemperature":57.929351806640625,"cycle":24,"measuredValue":4.669723033905029},{"deltaTime":2405609,"flags":[],"measuredTemperature":57.925994873046875,"cycle":25,"measuredValue":4.662637233734131},{"deltaTime":2479414,"flags":[],"measuredTemperature":57.93415832519531,"cycle":26,"measuredValue":4.665335655212402},{"deltaTime":2553220,"flags":[],"measuredTemperature":57.9312629699707,"cycle":27,"measuredValue":4.668611526489258},{"deltaTime":2627026,"flags":[],"measuredTemperature":57.935569763183594,"cycle":28,"measuredValue":4.662988185882568},{"deltaTime":2700831,"flags":[],"measuredTemperature":57.924560546875,"cycle":29,"measuredValue":4.675475597381592},{"deltaTime":2774637,"flags":[],"measuredTemperature":57.93318176269531,"cycle":30,"measuredValue":4.674513339996338},{"deltaTime":2848443,"flags":[],"measuredTemperature":57.933170318603516,"cycle":31,"measuredValue":4.6741766929626465},{"deltaTime":2922247,"flags":[],"measuredTemperature":57.93415069580078,"cycle":32,"measuredValue":4.675880432128906},{"deltaTime":2996054,"flags":[],"measuredTemperature":57.92742919921875,"cycle":33,"measuredValue":4.676628112792969},{"deltaTime":3069858,"flags":[],"measuredTemperature":57.928871154785156,"cycle":34,"measuredValue":4.681186199188232},{"deltaTime":3143663,"flags":[],"measuredTemperature":57.927921295166016,"cycle":35,"measuredValue":4.677424430847168},{"deltaTime":3217470,"flags":[],"measuredTemperature":57.936058044433594,"cycle":36,"measuredValue":4.674605369567871},{"deltaTime":3291276,"flags":[],"measuredTemperature":57.925533294677734,"cycle":37,"measuredValue":4.679725646972656},{"deltaTime":3365081,"flags":[],"measuredTemperature":57.929359436035156,"cycle":38,"measuredValue":4.679107666015625},{"deltaTime":3438887,"flags":[],"measuredTemperature":57.93462371826172,"cycle":39,"measuredValue":4.69093132019043},{"deltaTime":3512692,"flags":[],"measuredTemperature":57.92792510986328,"cycle":40,"measuredValue":4.68396520614624},{"deltaTime":3586497,"flags":[],"measuredTemperature":57.92888259887695,"cycle":41,"measuredValue":4.694746494293213},{"deltaTime":3660303,"flags":[],"measuredTemperature":57.93174743652344,"cycle":42,"measuredValue":4.691895961761475},{"deltaTime":3734109,"flags":[],"measuredTemperature":57.93796157836914,"cycle":43,"measuredValue":4.6932196617126465},{"deltaTime":3807914,"flags":[],"measuredTemperature":57.932228088378906,"cycle":44,"measuredValue":4.697633266448975},{"deltaTime":3881720,"flags":[],"measuredTemperature":57.929351806640625,"cycle":45,"measuredValue":4.696242332458496}],"pcrMeasurementType":"Quantification"},{"segmentId":3002,"acquisitions":[{"deltaTime":224501,"flags":[],"measuredTemperature":54.964271545410156,"cycle":1,"measuredValue":0.21967479586601257},{"deltaTime":308455,"flags":[],"measuredTemperature":54.96428680419922,"cycle":2,"measuredValue":0.21336935460567474},{"deltaTime":392411,"flags":[],"measuredTemperature":54.95936584472656,"cycle":3,"measuredValue":0.21228110790252686},{"deltaTime":476366,"flags":[],"measuredTemperature":54.953880310058594,"cycle":4,"measuredValue":0.21148839592933655},{"deltaTime":560322,"flags":[],"measuredTemperature":54.942466735839844,"cycle":5,"measuredValue":0.208564892411232}],"pcrMeasurementType":"Quantification"},{"segmentId":3003,"acquisitions":[{"deltaTime":634828,"flags":[],"measuredTemperature":57.93416976928711,"cycle":1,"measuredValue":0.2083098441362381},{"deltaTime":708634,"flags":[],"measuredTemperature":57.927467346191406,"cycle":2,"measuredValue":0.20708557963371277},{"deltaTime":782437,"flags":[],"measuredTemperature":57.93511199951172,"cycle":3,"measuredValue":0.20658303797245026},{"deltaTime":856242,"flags":[],"measuredTemperature":57.9317741394043,"cycle":4,"measuredValue":0.2089560329914093},{"deltaTime":930050,"flags":[],"measuredTemperature":57.93701171875,"cycle":5,"measuredValue":0.20655041933059692},{"deltaTime":1003855,"flags":[],"measuredTemperature":57.93464279174805,"cycle":6,"measuredValue":0.2070687711238861},{"deltaTime":1077659,"flags":[],"measuredTemperature":57.93222427368164,"cycle":7,"measuredValue":0.2060198038816452},{"deltaTime":1151465,"flags":[],"measuredTemperature":57.927452087402344,"cycle":8,"measuredValue":0.20503045618534088},{"deltaTime":1225271,"flags":[],"measuredTemperature":57.936561584472656,"cycle":9,"measuredValue":0.20763170719146729},{"deltaTime":1299078,"flags":[],"measuredTemperature":57.933197021484375,"cycle":10,"measuredValue":0.2104393094778061},{"deltaTime":1372883,"flags":[],"measuredTemperature":57.93368148803711,"cycle":11,"measuredValue":0.20846876502037048},{"deltaTime":1446688,"flags":[],"measuredTemperature":57.93560028076172,"cycle":12,"measuredValue":0.2056228369474411},{"deltaTime":1520494,"flags":[],"measuredTemperature":57.926475524902344,"cycle":13,"measuredValue":0.20583592355251312},{"deltaTime":1594298,"flags":[],"measuredTemperature":57.94419479370117,"cycle":14,"measuredValue":0.20504924654960632},{"deltaTime":1668104,"flags":[],"measuredTemperature":57.93461608886719,"cycle":15,"measuredValue":0.20702344179153442},{"deltaTime":1741910,"flags":[],"measuredTemperature":57.93367004394531,"cycle":16,"measuredValue":0.20866015553474426},{"deltaTime":1815715,"flags":[],"measuredTemperature":57.92887878417969,"cycle":17,"measuredValue":0.20682260394096375},{"deltaTime":1889520,"flags":[],"measuredTemperature":57.932716369628906,"cycle":18,"measuredValue":0.2070213258266449},{"deltaTime":1963329,"flags":[],"measuredTemperature":57.935089111328125,"cycle":19,"measuredValue":0.20863857865333557},{"deltaTime":2037133,"flags":[],"measuredTemperature":57.93893814086914,"cycle":20,"measuredValue":0.20583760738372803},{"deltaTime":2110936,"flags":[],"measuredTemperature":57.93891906738281,"cycle":21,"measuredValue":0.20237044990062714},{"deltaTime":2184742,"flags":[],"measuredTemperature":57.93414306640625,"cycle":22,"measuredValue":0.20836032927036285},{"deltaTime":2258550,"flags":[],"measuredTemperature":57.926490783691406,"cycle":23,"measuredValue":0.20742268860340118},{"deltaTime":2332355,"flags":[],"measuredTemperature":57.93223571777344,"cycle":24,"measuredValue":0.20145747065544128},{"deltaTime":2406160,"flags":[],"measuredTemperature":57.932228088378906,"cycle":25,"measuredValue":0.20814837515354156},{"deltaTime":2479964,"flags":[],"measuredTemperature":57.93989181518555,"cycle":26,"measuredValue":0.20612630248069763},{"deltaTime":2553771,"flags":[],"measuredTemperature":57.932220458984375,"cycle":27,"measuredValue":0.20413973927497864},{"deltaTime":2627576,"flags":[],"measuredTemperature":57.94275665283203,"cycle":28,"measuredValue":0.20782941579818726},{"deltaTime":2701382,"flags":[],"measuredTemperature":57.92648696899414,"cycle":29,"measuredValue":0.20654381811618805},{"deltaTime":2775188,"flags":[],"measuredTemperature":57.9379768371582,"cycle":30,"measuredValue":0.20449084043502808},{"deltaTime":2848993,"flags":[],"measuredTemperature":57.93651580810547,"cycle":31,"measuredValue":0.2074919492006302},{"deltaTime":2922798,"flags":[],"measuredTemperature":57.935585021972656,"cycle":32,"measuredValue":0.20782582461833954},{"deltaTime":2996605,"flags":[],"measuredTemperature":57.939388275146484,"cycle":33,"measuredValue":0.2082081139087677},{"deltaTime":3070409,"flags":[],"measuredTemperature":57.93844223022461,"cycle":34,"measuredValue":0.2105783373117447},{"deltaTime":3144213,"flags":[],"measuredTemperature":57.93462371826172,"cycle":35,"measuredValue":0.2078239470720291},{"deltaTime":3218021,"flags":[],"measuredTemperature":57.93559265136719,"cycle":36,"measuredValue":0.21059639751911163},{"deltaTime":3291827,"flags":[],"measuredTemperature":57.93747329711914,"cycle":37,"measuredValue":0.2072429656982422},{"deltaTime":3365632,"flags":[],"measuredTemperature":57.93798828125,"cycle":38,"measuredValue":0.2099987119436264},{"deltaTime":3439438,"flags":[],"measuredTemperature":57.93606948852539,"cycle":39,"measuredValue":0.20827829837799072},{"deltaTime":3513242,"flags":[],"measuredTemperature":57.92839813232422,"cycle":40,"measuredValue":0.2095952033996582},{"deltaTime":3587048,"flags":[],"measuredTemperature":57.932701110839844,"cycle":41,"measuredValue":0.2090897560119629},{"deltaTime":3660854,"flags":[],"measuredTemperature":57.92982482910156,"cycle":42,"measuredValue":0.21010707318782806},{"deltaTime":3734660,"flags":[],"measuredTemperature":57.93605041503906,"cycle":43,"measuredValue":0.20860108733177185},{"deltaTime":3808464,"flags":[],"measuredTemperature":57.94228744506836,"cycle":44,"measuredValue":0.21009807288646698},{"deltaTime":3882270,"flags":[],"measuredTemperature":57.931243896484375,"cycle":45,"measuredValue":0.20962974429130554}],"pcrMeasurementType":"Quantification"},{"segmentId":4002,"acquisitions":[{"deltaTime":224910,"flags":[],"measuredTemperature":54.969730377197266,"cycle":1,"measuredValue":0.06340683251619339},{"deltaTime":308865,"flags":[],"measuredTemperature":54.96528625488281,"cycle":2,"measuredValue":0.06323461979627609},{"deltaTime":392821,"flags":[],"measuredTemperature":54.95986557006836,"cycle":3,"measuredValue":0.0642930120229721},{"deltaTime":476775,"flags":[],"measuredTemperature":54.95635986328125,"cycle":4,"measuredValue":0.06308174133300781},{"deltaTime":560732,"flags":[],"measuredTemperature":54.946434020996094,"cycle":5,"measuredValue":0.06235794723033905}],"pcrMeasurementType":"Quantification"},{"segmentId":4003,"acquisitions":[{"deltaTime":635238,"flags":[],"measuredTemperature":57.939422607421875,"cycle":1,"measuredValue":0.06175682693719864},{"deltaTime":709044,"flags":[],"measuredTemperature":57.926025390625,"cycle":2,"measuredValue":0.06256721168756485},{"deltaTime":782846,"flags":[],"measuredTemperature":57.93463134765625,"cycle":3,"measuredValue":0.0613209567964077},{"deltaTime":856651,"flags":[],"measuredTemperature":57.9255485534668,"cycle":4,"measuredValue":0.0629441887140274},{"deltaTime":930460,"flags":[],"measuredTemperature":57.93605041503906,"cycle":5,"measuredValue":0.06106983870267868},{"deltaTime":1004265,"flags":[],"measuredTemperature":57.93703079223633,"cycle":6,"measuredValue":0.06168001890182495},{"deltaTime":1078069,"flags":[],"measuredTemperature":57.941322326660156,"cycle":7,"measuredValue":0.06177400425076485},{"deltaTime":1151874,"flags":[],"measuredTemperature":57.930320739746094,"cycle":8,"measuredValue":0.059960268437862396},{"deltaTime":1225681,"flags":[],"measuredTemperature":57.94563293457031,"cycle":9,"measuredValue":0.06141792610287666},{"deltaTime":1299488,"flags":[],"measuredTemperature":57.93510818481445,"cycle":10,"measuredValue":0.05933085083961487},{"deltaTime":1373293,"flags":[],"measuredTemperature":57.93606185913086,"cycle":11,"measuredValue":0.06064233183860779},{"deltaTime":1447097,"flags":[],"measuredTemperature":57.94275665283203,"cycle":12,"measuredValue":0.06095876172184944},{"deltaTime":1520904,"flags":[],"measuredTemperature":57.93416213989258,"cycle":13,"measuredValue":0.060599058866500854},{"deltaTime":1594708,"flags":[],"measuredTemperature":57.9432373046875,"cycle":14,"measuredValue":0.061358582228422165},{"deltaTime":1668514,"flags":[],"measuredTemperature":57.93079376220703,"cycle":15,"measuredValue":0.06107606366276741},{"deltaTime":1742320,"flags":[],"measuredTemperature":57.93846130371094,"cycle":16,"measuredValue":0.06294921040534973},{"deltaTime":1816124,"flags":[],"measuredTemperature":57.936065673828125,"cycle":17,"measuredValue":0.0625862255692482},{"deltaTime":1889930,"flags":[],"measuredTemperature":57.937503814697266,"cycle":18,"measuredValue":0.061198536306619644},{"deltaTime":1963738,"flags":[],"measuredTemperature":57.93459701538086,"cycle":19,"measuredValue":0.061600033193826675},{"deltaTime":2037543,"flags":[],"measuredTemperature":57.93703079223633,"cycle":20,"measuredValue":0.06280972808599472},{"deltaTime":2111346,"flags":[],"measuredTemperature":57.92791748046875,"cycle":21,"measuredValue":0.06164197623729706},{"deltaTime":2185151,"flags":[],"measuredTemperature":57.93318557739258,"cycle":22,"measuredValue":0.06183957681059837},{"deltaTime":2258960,"flags":[],"measuredTemperature":57.932701110839844,"cycle":23,"measuredValue":0.06110665202140808},{"deltaTime":2332765,"flags":[],"measuredTemperature":57.939884185791016,"cycle":24,"measuredValue":0.061175208538770676},{"deltaTime":2406570,"flags":[],"measuredTemperature":57.94132614135742,"cycle":25,"measuredValue":0.06387191265821457},{"deltaTime":2480374,"flags":[],"measuredTemperature":57.94131851196289,"cycle":26,"measuredValue":0.06483641266822815},{"deltaTime":2554181,"flags":[],"measuredTemperature":57.92935562133789,"cycle":27,"measuredValue":0.06863151490688324},{"deltaTime":2627986,"flags":[],"measuredTemperature":57.93846130371094,"cycle":28,"measuredValue":0.07130400836467743},{"deltaTime":2701792,"flags":[],"measuredTemperature":57.93796157836914,"cycle":29,"measuredValue":0.07708495110273361},{"deltaTime":2775598,"flags":[],"measuredTemperature":57.94227600097656,"cycle":30,"measuredValue":0.08607102185487747},{"deltaTime":2849402,"flags":[],"measuredTemperature":57.93414306640625,"cycle":31,"measuredValue":0.09817875921726227},{"deltaTime":2923208,"flags":[],"measuredTemperature":57.94276428222656,"cycle":32,"measuredValue":0.10539466887712479},{"deltaTime":2997015,"flags":[],"measuredTemperature":57.93891525268555,"cycle":33,"measuredValue":0.11399822682142258},{"deltaTime":3070819,"flags":[],"measuredTemperature":57.942283630371094,"cycle":34,"measuredValue":0.1183335930109024},{"deltaTime":3144622,"flags":[],"measuredTemperature":57.932220458984375,"cycle":35,"measuredValue":0.12419353425502777},{"deltaTime":3218430,"flags":[],"measuredTemperature":57.936546325683594,"cycle":36,"measuredValue":0.1282101273536682},{"deltaTime":3292237,"flags":[],"measuredTemperature":57.93556213378906,"cycle":37,"measuredValue":0.12960383296012878},{"deltaTime":3366042,"flags":[],"measuredTemperature":57.939414978027344,"cycle":38,"measuredValue":0.13227596879005432},{"deltaTime":3439848,"flags":[],"measuredTemperature":57.94037628173828,"cycle":39,"measuredValue":0.13363628089427948},{"deltaTime":3513651,"flags":[],"measuredTemperature":57.93606185913086,"cycle":40,"measuredValue":0.13091309368610382},{"deltaTime":3587458,"flags":[],"measuredTemperature":57.938941955566406,"cycle":41,"measuredValue":0.13528771698474884},{"deltaTime":3661264,"flags":[],"measuredTemperature":57.93412780761719,"cycle":42,"measuredValue":0.13419315218925476},{"deltaTime":3735070,"flags":[],"measuredTemperature":57.93846130371094,"cycle":43,"measuredValue":0.1364464908838272},{"deltaTime":3808874,"flags":[],"measuredTemperature":57.9432373046875,"cycle":44,"measuredValue":0.13414868712425232},{"deltaTime":3882679,"flags":[],"measuredTemperature":57.92935562133789,"cycle":45,"measuredValue":0.1338551938533783}],"pcrMeasurementType":"Quantification"},{"segmentId":5002,"acquisitions":[{"deltaTime":225280,"flags":[],"measuredTemperature":54.966251373291016,"cycle":1,"measuredValue":1.2299144268035889},{"deltaTime":309236,"flags":[],"measuredTemperature":54.96479415893555,"cycle":2,"measuredValue":1.2225735187530518},{"deltaTime":393192,"flags":[],"measuredTemperature":54.95638656616211,"cycle":3,"measuredValue":1.216336727142334},{"deltaTime":477146,"flags":[],"measuredTemperature":54.9538688659668,"cycle":4,"measuredValue":1.2136465311050415},{"deltaTime":561102,"flags":[],"measuredTemperature":54.95038604736328,"cycle":5,"measuredValue":1.2113441228866577}],"pcrMeasurementType":"Quantification"},{"segmentId":5003,"acquisitions":[{"deltaTime":635609,"flags":[],"measuredTemperature":57.94037628173828,"cycle":1,"measuredValue":1.133194923400879},{"deltaTime":709415,"flags":[],"measuredTemperature":57.93606948852539,"cycle":2,"measuredValue":1.1315627098083496},{"deltaTime":783216,"flags":[],"measuredTemperature":57.93750762939453,"cycle":3,"measuredValue":1.1297556161880493},{"deltaTime":857022,"flags":[],"measuredTemperature":57.931270599365234,"cycle":4,"measuredValue":1.1304197311401367},{"deltaTime":930831,"flags":[],"measuredTemperature":57.935577392578125,"cycle":5,"measuredValue":1.1306653022766113},{"deltaTime":1004636,"flags":[],"measuredTemperature":57.945640563964844,"cycle":6,"measuredValue":1.1265708208084106},{"deltaTime":1078439,"flags":[],"measuredTemperature":57.94563293457031,"cycle":7,"measuredValue":1.1299537420272827},{"deltaTime":1152245,"flags":[],"measuredTemperature":57.94036865234375,"cycle":8,"measuredValue":1.1291309595108032},{"deltaTime":1226052,"flags":[],"measuredTemperature":57.94371032714844,"cycle":9,"measuredValue":1.128673791885376},{"deltaTime":1299859,"flags":[],"measuredTemperature":57.938446044921875,"cycle":10,"measuredValue":1.1276473999023438},{"deltaTime":1373664,"flags":[],"measuredTemperature":57.937496185302734,"cycle":11,"measuredValue":1.1288655996322632},{"deltaTime":1447467,"flags":[],"measuredTemperature":57.93989562988281,"cycle":12,"measuredValue":1.127153992652893},{"deltaTime":1521275,"flags":[],"measuredTemperature":57.934608459472656,"cycle":13,"measuredValue":1.1273820400238037},{"deltaTime":1595079,"flags":[],"measuredTemperature":57.93989181518555,"cycle":14,"measuredValue":1.1268726587295532},{"deltaTime":1668885,"flags":[],"measuredTemperature":57.929840087890625,"cycle":15,"measuredValue":1.1273912191390991},{"deltaTime":1742690,"flags":[],"measuredTemperature":57.93941116333008,"cycle":16,"measuredValue":1.1267164945602417},{"deltaTime":1816495,"flags":[],"measuredTemperature":57.942264556884766,"cycle":17,"measuredValue":1.1283763647079468},{"deltaTime":1890301,"flags":[],"measuredTemperature":57.938941955566406,"cycle":18,"measuredValue":1.1289600133895874},{"deltaTime":1964109,"flags":[],"measuredTemperature":57.94227600097656,"cycle":19,"measuredValue":1.1305867433547974},{"deltaTime":2037914,"flags":[],"measuredTemperature":57.94133758544922,"cycle":20,"measuredValue":1.1323752403259277},{"deltaTime":2111716,"flags":[],"measuredTemperature":57.92744445800781,"cycle":21,"measuredValue":1.1435425281524658},{"deltaTime":2185522,"flags":[],"measuredTemperature":57.93462371826172,"cycle":22,"measuredValue":1.1565569639205933},{"deltaTime":2259331,"flags":[],"measuredTemperature":57.935577392578125,"cycle":23,"measuredValue":1.186482310295105},{"deltaTime":2333136,"flags":[],"measuredTemperature":57.94132614135742,"cycle":24,"measuredValue":1.244395136833191},{"deltaTime":2406940,"flags":[],"measuredTemperature":57.94227600097656,"cycle":25,"measuredValue":1.3495092391967773},{"deltaTime":2480745,"flags":[],"measuredTemperature":57.93989181518555,"cycle":26,"measuredValue":1.5396648645401},{"deltaTime":2554552,"flags":[],"measuredTemperature":57.93748474121094,"cycle":27,"measuredValue":1.874666452407837},{"deltaTime":2628357,"flags":[],"measuredTemperature":57.94036865234375,"cycle":28,"measuredValue":2.413177967071533},{"deltaTime":2702163,"flags":[],"measuredTemperature":57.93939971923828,"cycle":29,"measuredValue":3.186976671218872},{"deltaTime":2775969,"flags":[],"measuredTemperature":57.93988800048828,"cycle":30,"measuredValue":4.17555570602417},{"deltaTime":2849773,"flags":[],"measuredTemperature":57.93510055541992,"cycle":31,"measuredValue":5.286192417144775},{"deltaTime":2923579,"flags":[],"measuredTemperature":57.93988800048828,"cycle":32,"measuredValue":6.373196125030518},{"deltaTime":2997386,"flags":[],"measuredTemperature":57.93605041503906,"cycle":33,"measuredValue":7.322961330413818},{"deltaTime":3071189,"flags":[],"measuredTemperature":57.937503814697266,"cycle":34,"measuredValue":8.091605186462402},{"deltaTime":3144992,"flags":[],"measuredTemperature":57.93893051147461,"cycle":35,"measuredValue":8.690239906311035},{"deltaTime":3218801,"flags":[],"measuredTemperature":57.945152282714844,"cycle":36,"measuredValue":9.130644798278809},{"deltaTime":3292608,"flags":[],"measuredTemperature":57.930789947509766,"cycle":37,"measuredValue":9.42023754119873},{"deltaTime":3366413,"flags":[],"measuredTemperature":57.944664001464844,"cycle":38,"measuredValue":9.616891860961914},{"deltaTime":3440219,"flags":[],"measuredTemperature":57.94466018676758,"cycle":39,"measuredValue":9.744077682495117},{"deltaTime":3514021,"flags":[],"measuredTemperature":57.93606948852539,"cycle":40,"measuredValue":9.829262733459473},{"deltaTime":3587829,"flags":[],"measuredTemperature":57.94324493408203,"cycle":41,"measuredValue":9.898245811462402},{"deltaTime":3661635,"flags":[],"measuredTemperature":57.93988037109375,"cycle":42,"measuredValue":9.947539329528809},{"deltaTime":3735441,"flags":[],"measuredTemperature":57.93655014038086,"cycle":43,"measuredValue":9.990933418273926},{"deltaTime":3809244,"flags":[],"measuredTemperature":57.937984466552734,"cycle":44,"measuredValue":10.018978118896484},{"deltaTime":3883050,"flags":[],"measuredTemperature":57.937503814697266,"cycle":45,"measuredValue":10.053312301635742}],"pcrMeasurementType":"Quantification"}],"filters":[{"name":"Ex-435","id":1,"position":1,"discriminator":"ExcitationFilter"},{"name":"Ex-495","id":2,"position":2,"discriminator":"ExcitationFilter"},{"name":"Ex-540","id":3,"position":3,"discriminator":"ExcitationFilter"},{"name":"Ex-610","id":4,"position":4,"discriminator":"ExcitationFilter"},{"name":"Ex-680","id":5,"position":5,"discriminator":"ExcitationFilter"},{"name":"Em-470","id":6,"position":1,"discriminator":"EmissionFilter"},{"name":"Em-521","id":7,"position":2,"discriminator":"EmissionFilter"},{"name":"Em-580","id":8,"position":3,"discriminator":"EmissionFilter"},{"name":"Em-645","id":9,"position":4,"discriminator":"EmissionFilter"},{"name":"Em-700","id":10,"position":5,"discriminator":"EmissionFilter"}],"programs":[{"sequenceNumber":2,"temperatureSteps":[{"targetTemperature":55,"id":2001}],"name":"2 Step Amplification"},{"sequenceNumber":3,"temperatureSteps":[{"targetTemperature":58,"id":3001}],"name":"2 Step Amplification"}],"measurementId":"ee987707-e521-44a2-925c-db9db1a4c1a3","reagentCalibrationValues":[{"index":0,"value":0},{"index":1,"value":0},{"index":2,"value":0},{"index":3,"value":0}]},"correlationId":"f4d5a596-c0b1-411e-acbf-0b4e8327253e"},"Origin":"STING.3429","Timestamp":"2026-09-30T15:13:36.5817993Z"}' ...[EOL]
[2026-09-30 15:13:58.318Z][CA][INF][Logger:Roche.Sting.Calculation.Host.Lifecycle.CalculationLifecycleProcessManager][Thread:52]Handling event 'InstrumentStateChanged' from IS with data OldState: 'Processing', NewState: 'Ready', ProcessContext: 'ContextId: 'InstrumentState.InstrumentStateManager'' ...[EOL]
[2026-09-30 15:33:36.583Z][CA][INF][Logger:Roche.Sting.Calculation.Host.RunnerManagement.CalculationRunnerManager][Thread:48]Idle time reached for CalculationRunner 'calculationrunner-x800mtb_1.1.0'. Going to stop container 'calculationrunner-x800mtb_1.1.0' ...[EOL]
[2026-09-30 15:33:36.585Z][CA][INF][Logger:Roche.Sting.Calculation.Host.Docker.DockerManager][Thread:48]Calling 'docker stop' to shutdown  runner 'calculationrunner-x800mtb_1.1.0' ...[EOL]
[2026-09-30 21:13:58.315Z][CA][INF][Logger:Roche.Sting.Calculation.Host.Lifecycle.CalculationLifecycleProcessManager][Thread:54]Handling event 'InstrumentStateChanged' from IS with data OldState: 'Ready', NewState: 'Standby', ProcessContext: 'ContextId: 'InstrumentState.InstrumentStateManager'' ...[EOL]
