2026-09-11 10:12:02,946 UTC  42  DEBUG  Roche.LabCore.Diagnose  Current Test: [InstrumentTeachCheck]; Current State: [Running]    
2026-09-11 10:12:02,968 UTC  42  DEBUG  Roche.LabCore.Diagnose  Ends the execution of:  DSService.NotifyTestInformationChanged (With the following parameters: eaeed237-d4f8-4b6d-bcae-af53ec2bed29, 9d7b55f5-d7a7-4f42-bc39-a74a0d9aa63b, Roche.LabCore.Diagnose.DTO.ProductTreeItemInfo)    
2026-09-11 10:12:02,969 UTC  42  DEBUG  Roche.LabCore.Diagnose  Ends the execution of:  DSService.GetResults (With the following parameters: eaeed237-d4f8-4b6d-bcae-af53ec2bed29, 9d7b55f5-d7a7-4f42-bc39-a74a0d9aa63b, 7)    
2026-09-11 10:12:04,597 UTC  46  DEBUG  Roche.LabCore.Diagnose  Starts the execution of:  DSService.ValidateResult (With the following parameters: Roche.LabCore.Diagnose.DTO.TestArgument, Roche.LabCore.Diagnose.DTO.DataValue)    
2026-09-11 10:12:04,598 UTC  46  DEBUG  Roche.LabCore.Diagnose  Ends the execution of:  DSService.ValidateResult (With the following parameters: Roche.LabCore.Diagnose.DTO.TestArgument, Roche.LabCore.Diagnose.DTO.DataValue)    
2026-09-11 10:12:04,613 UTC  49  DEBUG  Roche.LabCore.Diagnose  Starts the execution of:  DSService.GetResults (With the following parameters: eaeed237-d4f8-4b6d-bcae-af53ec2bed29, 9d7b55f5-d7a7-4f42-bc39-a74a0d9aa63b, 7)    
2026-09-11 10:12:04,614 UTC  49  DEBUG  Roche.LabCore.Diagnose  Starts the execution of:  DSService.NotifyTestInformationChanged (With the following parameters: eaeed237-d4f8-4b6d-bcae-af53ec2bed29, 9d7b55f5-d7a7-4f42-bc39-a74a0d9aa63b, Roche.LabCore.Diagnose.DTO.ProductTreeItemInfo)    
2026-09-11 10:12:04,614 UTC  49  DEBUG  Roche.LabCore.Diagnose  Current Test: [InstrumentTeachCheck]; Current State: [Running]    
2026-09-11 10:12:04,614 UTC  49  DEBUG  Roche.LabCore.Diagnose  Ends the execution of:  DSService.NotifyTestInformationChanged (With the following parameters: eaeed237-d4f8-4b6d-bcae-af53ec2bed29, 9d7b55f5-d7a7-4f42-bc39-a74a0d9aa63b, Roche.LabCore.Diagnose.DTO.ProductTreeItemInfo)    
2026-09-11 10:12:04,615 UTC  49  DEBUG  Roche.LabCore.Diagnose  Ends the execution of:  DSService.GetResults (With the following parameters: eaeed237-d4f8-4b6d-bcae-af53ec2bed29, 9d7b55f5-d7a7-4f42-bc39-a74a0d9aa63b, 7)    
2026-09-11 10:12:04,671 UTC  46  DEBUG  Roche.LabCore.Diagnose  Starts the execution of:  DSService.ValidateResult (With the following parameters: Roche.LabCore.Diagnose.DTO.TestArgument, Roche.LabCore.Diagnose.DTO.DataValue)    
2026-09-11 10:12:04,671 UTC  46  DEBUG  Roche.LabCore.Diagnose  Ends the execution of:  DSService.ValidateResult (With the following parameters: Roche.LabCore.Diagnose.DTO.TestArgument, Roche.LabCore.Diagnose.DTO.DataValue)    
2026-09-11 10:12:04,672 UTC  46  DEBUG  Roche.LabCore.Diagnose  Starts the execution of:  DSService.ValidateResult (With the following parameters: Roche.LabCore.Diagnose.DTO.TestArgument, Roche.LabCore.Diagnose.DTO.DataValue)    
2026-09-11 10:12:04,672 UTC  46  DEBUG  Roche.LabCore.Diagnose  Ends the execution of:  DSService.ValidateResult (With the following parameters: Roche.LabCore.Diagnose.DTO.TestArgument, Roche.LabCore.Diagnose.DTO.DataValue)    
2026-09-11 10:12:04,672 UTC  46  DEBUG  Roche.LabCore.Diagnose  Starts the execution of:  DSService.ValidateResult (With the following parameters: Roche.LabCore.Diagnose.DTO.TestArgument, Roche.LabCore.Diagnose.DTO.DataValue)    
2026-09-11 10:12:04,672 UTC  46  DEBUG  Roche.LabCore.Diagnose  Ends the execution of:  DSService.ValidateResult (With the following parameters: Roche.LabCore.Diagnose.DTO.TestArgument, Roche.LabCore.Diagnose.DTO.DataValue)    
2026-09-11 10:12:04,672 UTC  46  DEBUG  Roche.LabCore.Diagnose  Starts the execution of:  DSService.ValidateResult (With the following parameters: Roche.LabCore.Diagnose.DTO.TestArgument, Roche.LabCore.Diagnose.DTO.DataValue)    
2026-09-11 10:12:04,672 UTC  46  DEBUG  Roche.LabCore.Diagnose  Ends the execution of:  DSService.ValidateResult (With the following parameters: Roche.LabCore.Diagnose.DTO.TestArgument, Roche.LabCore.Diagnose.DTO.DataValue)    
2026-09-11 10:12:04,672 UTC  46  DEBUG  Roche.LabCore.Diagnose  Starts the execution of:  DSService.ValidateResult (With the following parameters: Roche.LabCore.Diagnose.DTO.TestArgument, Roche.LabCore.Diagnose.DTO.DataValue)    
2026-09-11 10:12:04,672 UTC  46  DEBUG  Roche.LabCore.Diagnose  Ends the execution of:  DSService.ValidateResult (With the following parameters: Roche.LabCore.Diagnose.DTO.TestArgument, Roche.LabCore.Diagnose.DTO.DataValue)    
2026-09-11 10:12:04,673 UTC  46  DEBUG  Roche.LabCore.Diagnose  Starts the execution of:  DSService.ValidateResult (With the following parameters: Roche.LabCore.Diagnose.DTO.TestArgument, Roche.LabCore.Diagnose.DTO.DataValue)    
2026-09-11 10:12:04,673 UTC  46  DEBUG  Roche.LabCore.Diagnose  Ends the execution of:  DSService.ValidateResult (With the following parameters: Roche.LabCore.Diagnose.DTO.TestArgument, Roche.LabCore.Diagnose.DTO.DataValue)    
2026-09-11 10:12:04,673 UTC  46  DEBUG  Roche.LabCore.Diagnose  Starts the execution of:  DSService.ValidateResult (With the following parameters: Roche.LabCore.Diagnose.DTO.TestArgument, Roche.LabCore.Diagnose.DTO.DataValue)    
2026-09-11 10:12:04,673 UTC  46  DEBUG  Roche.LabCore.Diagnose  Ends the execution of:  DSService.ValidateResult (With the following parameters: Roche.LabCore.Diagnose.DTO.TestArgument, Roche.LabCore.Diagnose.DTO.DataValue)    
2026-09-11 10:12:04,673 UTC  46  DEBUG  Roche.LabCore.Diagnose  Starts the execution of:  DSService.ValidateResult (With the following parameters: Roche.LabCore.Diagnose.DTO.TestArgument, Roche.LabCore.Diagnose.DTO.DataValue)    
2026-09-11 10:12:04,674 UTC  46  DEBUG  Roche.LabCore.Diagnose  Ends the execution of:  DSService.ValidateResult (With the following parameters: Roche.LabCore.Diagnose.DTO.TestArgument, Roche.LabCore.Diagnose.DTO.DataValue)    
2026-09-11 10:12:04,674 UTC  46  DEBUG  Roche.LabCore.Diagnose  Starts the execution of:  DSService.ValidateResult (With the following parameters: Roche.LabCore.Diagnose.DTO.TestArgument, Roche.LabCore.Diagnose.DTO.DataValue)    
2026-09-11 10:12:04,674 UTC  46  DEBUG  Roche.LabCore.Diagnose  Ends the execution of:  DSService.ValidateResult (With the following parameters: Roche.LabCore.Diagnose.DTO.TestArgument, Roche.LabCore.Diagnose.DTO.DataValue)    
2026-09-11 10:12:04,674 UTC  45  DEBUG  Roche.LabCore.Diagnose  Starts the execution of:  DSService.TestStepCompleted (With the following parameters: eaeed237-d4f8-4b6d-bcae-af53ec2bed29, False, )    
2026-09-11 10:12:04,674 UTC  45  DEBUG  Roche.LabCore.Diagnose  Starts the execution of:  DSService.NotifyWaitingForUserInputChanged (With the following parameters: eaeed237-d4f8-4b6d-bcae-af53ec2bed29, BulkReagentsLoadCheck)    
2026-09-11 10:12:04,674 UTC  45  DEBUG  Roche.LabCore.Diagnose  Ends the execution of:  DSService.NotifyWaitingForUserInputChanged (With the following parameters: eaeed237-d4f8-4b6d-bcae-af53ec2bed29, BulkReagentsLoadCheck)    
2026-09-11 10:12:04,674 UTC  45  DEBUG  Roche.LabCore.Diagnose  Ends the execution of:  DSService.TestStepCompleted (With the following parameters: eaeed237-d4f8-4b6d-bcae-af53ec2bed29, False, )    
2026-09-11 10:12:04,674 UTC  45  DEBUG  Roche.LabCore.Diagnose  StepFlow Initializating...    
2026-09-11 10:12:04,674 UTC  45  INFO  Roche.LabCore.Diagnose  Executing step BulkReagentsLoaded (index: 8).    
2026-09-11 10:12:04,675 UTC  45  DEBUG  Roche.LabCore.Diagnose  Starts the execution of:  DSService.NotifyInstructionChanged (With the following parameters: Roche.LabCore.Diagnose.DTO.TestArgument, Roche.LabCore.Diagnose.DTO.Instruction)    
2026-09-11 10:12:04,675 UTC  45  DEBUG  Roche.LabCore.Diagnose  Ends the execution of:  DSService.NotifyInstructionChanged (With the following parameters: Roche.LabCore.Diagnose.DTO.TestArgument, Roche.LabCore.Diagnose.DTO.Instruction)    
2026-09-11 10:12:04,759 UTC  45  DEBUG  Roche.LabCore.Diagnose  Starts the execution of:  DSService.TestStepCompleted (With the following parameters: eaeed237-d4f8-4b6d-bcae-af53ec2bed29, False, )    
2026-09-11 10:12:04,759 UTC  45  DEBUG  Roche.LabCore.Diagnose  Starts the execution of:  DSService.NotifyWaitingForUserInputChanged (With the following parameters: eaeed237-d4f8-4b6d-bcae-af53ec2bed29, BulkReagentsLoaded)    
2026-09-11 10:12:04,759 UTC  45  DEBUG  Roche.LabCore.Diagnose  Ends the execution of:  DSService.NotifyWaitingForUserInputChanged (With the following parameters: eaeed237-d4f8-4b6d-bcae-af53ec2bed29, BulkReagentsLoaded)    
2026-09-11 10:12:04,759 UTC  45  DEBUG  Roche.LabCore.Diagnose  Ends the execution of:  DSService.TestStepCompleted (With the following parameters: eaeed237-d4f8-4b6d-bcae-af53ec2bed29, False, )    
2026-09-11 10:12:04,759 UTC  45  DEBUG  Roche.LabCore.Diagnose  StepFlow Initializating...    
2026-09-11 10:12:04,759 UTC  45  INFO  Roche.LabCore.Diagnose  Executing step STTeachGeneralArea (index: 9).    
2026-09-11 10:12:04,759 UTC  45  DEBUG  Roche.LabCore.Diagnose  Starts the execution of:  DSService.NotifyInstructionChanged (With the following parameters: Roche.LabCore.Diagnose.DTO.TestArgument, Roche.LabCore.Diagnose.DTO.Instruction)    
2026-09-11 10:12:04,759 UTC  45  DEBUG  Roche.LabCore.Diagnose  Ends the execution of:  DSService.NotifyInstructionChanged (With the following parameters: Roche.LabCore.Diagnose.DTO.TestArgument, Roche.LabCore.Diagnose.DTO.Instruction)    
2026-09-11 10:12:04,931 UTC  36  DEBUG  Roche.LabCore.Diagnose  Starts the execution of:  DSService.GetResults (With the following parameters: eaeed237-d4f8-4b6d-bcae-af53ec2bed29, 9d7b55f5-d7a7-4f42-bc39-a74a0d9aa63b, 7)    
2026-09-11 10:12:04,931 UTC  36  DEBUG  Roche.LabCore.Diagnose  Starts the execution of:  DSService.NotifyTestInformationChanged (With the following parameters: eaeed237-d4f8-4b6d-bcae-af53ec2bed29, 9d7b55f5-d7a7-4f42-bc39-a74a0d9aa63b, Roche.LabCore.Diagnose.DTO.ProductTreeItemInfo)    
2026-09-11 10:12:04,931 UTC  36  DEBUG  Roche.LabCore.Diagnose  Current Test: [InstrumentTeachCheck]; Current State: [Running]    
2026-09-11 10:12:04,931 UTC  36  DEBUG  Roche.LabCore.Diagnose  Ends the execution of:  DSService.NotifyTestInformationChanged (With the following parameters: eaeed237-d4f8-4b6d-bcae-af53ec2bed29, 9d7b55f5-d7a7-4f42-bc39-a74a0d9aa63b, Roche.LabCore.Diagnose.DTO.ProductTreeItemInfo)    
2026-09-11 10:12:04,931 UTC  36  DEBUG  Roche.LabCore.Diagnose  Ends the execution of:  DSService.GetResults (With the following parameters: eaeed237-d4f8-4b6d-bcae-af53ec2bed29, 9d7b55f5-d7a7-4f42-bc39-a74a0d9aa63b, 7)    
2026-09-11 10:25:03,305 UTC  49  DEBUG  Roche.LabCore.Diagnose  Starts the execution of:  DSService.ValidateResult (With the following parameters: Roche.LabCore.Diagnose.DTO.TestArgument, Roche.LabCore.Diagnose.DTO.DataValue)    
2026-09-11 10:25:03,306 UTC  49  DEBUG  Roche.LabCore.Diagnose  Ends the execution of:  DSService.ValidateResult (With the following parameters: Roche.LabCore.Diagnose.DTO.TestArgument, Roche.LabCore.Diagnose.DTO.DataValue)    
2026-09-11 10:25:03,307 UTC  49  DEBUG  Roche.LabCore.Diagnose  Starts the execution of:  DSService.ValidateResult (With the following parameters: Roche.LabCore.Diagnose.DTO.TestArgument, Roche.LabCore.Diagnose.DTO.DataValue)    
2026-09-11 10:25:03,307 UTC  49  DEBUG  Roche.LabCore.Diagnose  Ends the execution of:  DSService.ValidateResult (With the following parameters: Roche.LabCore.Diagnose.DTO.TestArgument, Roche.LabCore.Diagnose.DTO.DataValue)    
2026-09-11 10:25:03,308 UTC  49  DEBUG  Roche.LabCore.Diagnose  Starts the execution of:  DSService.ValidateResult (With the following parameters: Roche.LabCore.Diagnose.DTO.TestArgument, Roche.LabCore.Diagnose.DTO.DataValue)    
2026-09-11 10:25:03,309 UTC  49  DEBUG  Roche.LabCore.Diagnose  Ends the execution of:  DSService.ValidateResult (With the following parameters: Roche.LabCore.Diagnose.DTO.TestArgument, Roche.LabCore.Diagnose.DTO.DataValue)    
2026-09-11 10:25:03,310 UTC  45  DEBUG  Roche.LabCore.Diagnose  Starts the execution of:  DSService.TestStepCompleted (With the following parameters: eaeed237-d4f8-4b6d-bcae-af53ec2bed29, False, )    
2026-09-11 10:25:03,310 UTC  45  DEBUG  Roche.LabCore.Diagnose  Starts the execution of:  DSService.NotifyWaitingForUserInputChanged (With the following parameters: eaeed237-d4f8-4b6d-bcae-af53ec2bed29, STTeachGeneralArea)    
2026-09-11 10:25:03,310 UTC  45  DEBUG  Roche.LabCore.Diagnose  Ends the execution of:  DSService.NotifyWaitingForUserInputChanged (With the following parameters: eaeed237-d4f8-4b6d-bcae-af53ec2bed29, STTeachGeneralArea)    
2026-09-11 10:25:03,310 UTC  45  DEBUG  Roche.LabCore.Diagnose  Ends the execution of:  DSService.TestStepCompleted (With the following parameters: eaeed237-d4f8-4b6d-bcae-af53ec2bed29, False, )    
2026-09-11 10:25:03,310 UTC  45  DEBUG  Roche.LabCore.Diagnose  StepFlow Initializating...    
2026-09-11 10:25:03,310 UTC  45  INFO  Roche.LabCore.Diagnose  Executing step PTTeach (index: 10).    
2026-09-11 10:25:03,310 UTC  45  DEBUG  Roche.LabCore.Diagnose  Starts the execution of:  DSService.NotifyInstructionChanged (With the following parameters: Roche.LabCore.Diagnose.DTO.TestArgument, Roche.LabCore.Diagnose.DTO.Instruction)    
2026-09-11 10:25:03,310 UTC  45  DEBUG  Roche.LabCore.Diagnose  Ends the execution of:  DSService.NotifyInstructionChanged (With the following parameters: Roche.LabCore.Diagnose.DTO.TestArgument, Roche.LabCore.Diagnose.DTO.Instruction)    
2026-09-11 10:25:03,322 UTC  62  DEBUG  Roche.LabCore.Diagnose  Starts the execution of:  DSService.GetResults (With the following parameters: eaeed237-d4f8-4b6d-bcae-af53ec2bed29, 9d7b55f5-d7a7-4f42-bc39-a74a0d9aa63b, 7)    
2026-09-11 10:25:03,322 UTC  62  DEBUG  Roche.LabCore.Diagnose  Starts the execution of:  DSService.NotifyTestInformationChanged (With the following parameters: eaeed237-d4f8-4b6d-bcae-af53ec2bed29, 9d7b55f5-d7a7-4f42-bc39-a74a0d9aa63b, Roche.LabCore.Diagnose.DTO.ProductTreeItemInfo)    
2026-09-11 10:25:03,322 UTC  62  DEBUG  Roche.LabCore.Diagnose  Current Test: [InstrumentTeachCheck]; Current State: [Running]    
2026-09-11 10:25:03,322 UTC  62  DEBUG  Roche.LabCore.Diagnose  Ends the execution of:  DSService.NotifyTestInformationChanged (With the following parameters: eaeed237-d4f8-4b6d-bcae-af53ec2bed29, 9d7b55f5-d7a7-4f42-bc39-a74a0d9aa63b, Roche.LabCore.Diagnose.DTO.ProductTreeItemInfo)    
2026-09-11 10:25:03,323 UTC  62  DEBUG  Roche.LabCore.Diagnose  Ends the execution of:  DSService.GetResults (With the following parameters: eaeed237-d4f8-4b6d-bcae-af53ec2bed29, 9d7b55f5-d7a7-4f42-bc39-a74a0d9aa63b, 7)    
2026-09-11 10:25:03,575 UTC  63  DEBUG  Roche.LabCore.Diagnose  Starts the execution of:  DSService.GetResults (With the following parameters: eaeed237-d4f8-4b6d-bcae-af53ec2bed29, 9d7b55f5-d7a7-4f42-bc39-a74a0d9aa63b, 7)    
2026-09-11 10:25:03,575 UTC  63  DEBUG  Roche.LabCore.Diagnose  Starts the execution of:  DSService.NotifyTestInformationChanged (With the following parameters: eaeed237-d4f8-4b6d-bcae-af53ec2bed29, 9d7b55f5-d7a7-4f42-bc39-a74a0d9aa63b, Roche.LabCore.Diagnose.DTO.ProductTreeItemInfo)    
2026-09-11 10:25:03,576 UTC  63  DEBUG  Roche.LabCore.Diagnose  Current Test: [InstrumentTeachCheck]; Current State: [Running]    
2026-09-11 10:25:03,576 UTC  63  DEBUG  Roche.LabCore.Diagnose  Ends the execution of:  DSService.NotifyTestInformationChanged (With the following parameters: eaeed237-d4f8-4b6d-bcae-af53ec2bed29, 9d7b55f5-d7a7-4f42-bc39-a74a0d9aa63b, Roche.LabCore.Diagnose.DTO.ProductTreeItemInfo)    
2026-09-11 10:25:03,576 UTC  63  DEBUG  Roche.LabCore.Diagnose  Ends the execution of:  DSService.GetResults (With the following parameters: eaeed237-d4f8-4b6d-bcae-af53ec2bed29, 9d7b55f5-d7a7-4f42-bc39-a74a0d9aa63b, 7)    
2026-09-11 10:33:48,257 UTC  45  DEBUG  Roche.LabCore.Diagnose  Starts the execution of:  DSService.ValidateResult (With the following parameters: Roche.LabCore.Diagnose.DTO.TestArgument, Roche.LabCore.Diagnose.DTO.DataValue)    
2026-09-11 10:33:48,257 UTC  45  DEBUG  Roche.LabCore.Diagnose  Ends the execution of:  DSService.ValidateResult (With the following parameters: Roche.LabCore.Diagnose.DTO.TestArgument, Roche.LabCore.Diagnose.DTO.DataValue)    
2026-09-11 10:33:48,257 UTC  45  DEBUG  Roche.LabCore.Diagnose  Starts the execution of:  DSService.TestStepCompleted (With the following parameters: eaeed237-d4f8-4b6d-bcae-af53ec2bed29, False, )    
2026-09-11 10:33:48,257 UTC  45  DEBUG  Roche.LabCore.Diagnose  Starts the execution of:  DSService.NotifyWaitingForUserInputChanged (With the following parameters: eaeed237-d4f8-4b6d-bcae-af53ec2bed29, PTTeach)    
2026-09-11 10:33:48,257 UTC  45  DEBUG  Roche.LabCore.Diagnose  Ends the execution of:  DSService.NotifyWaitingForUserInputChanged (With the following parameters: eaeed237-d4f8-4b6d-bcae-af53ec2bed29, PTTeach)    
2026-09-11 10:33:48,258 UTC  45  DEBUG  Roche.LabCore.Diagnose  Ends the execution of:  DSService.TestStepCompleted (With the following parameters: eaeed237-d4f8-4b6d-bcae-af53ec2bed29, False, )    
2026-09-11 10:33:48,258 UTC  45  DEBUG  Roche.LabCore.Diagnose  StepFlow Initializating...    
2026-09-11 10:33:48,258 UTC  45  INFO  Roche.LabCore.Diagnose  Executing step DownloadProcessTransferTeachData (index: 11).    
2026-09-11 10:33:48,258 UTC  45  DEBUG  Roche.LabCore.Diagnose  Starts the execution of:  DSService.NotifyInstructionChanged (With the following parameters: Roche.LabCore.Diagnose.DTO.TestArgument, Roche.LabCore.Diagnose.DTO.Instruction)    
2026-09-11 10:33:48,258 UTC  45  DEBUG  Roche.LabCore.Diagnose  Ends the execution of:  DSService.NotifyInstructionChanged (With the following parameters: Roche.LabCore.Diagnose.DTO.TestArgument, Roche.LabCore.Diagnose.DTO.Instruction)    
2026-09-11 10:33:48,269 UTC  68  DEBUG  Roche.LabCore.Diagnose  Starts the execution of:  DSService.GetResults (With the following parameters: eaeed237-d4f8-4b6d-bcae-af53ec2bed29, 9d7b55f5-d7a7-4f42-bc39-a74a0d9aa63b, 7)    
2026-09-11 10:33:48,269 UTC  68  DEBUG  Roche.LabCore.Diagnose  Starts the execution of:  DSService.NotifyTestInformationChanged (With the following parameters: eaeed237-d4f8-4b6d-bcae-af53ec2bed29, 9d7b55f5-d7a7-4f42-bc39-a74a0d9aa63b, Roche.LabCore.Diagnose.DTO.ProductTreeItemInfo)    
2026-09-11 10:33:48,269 UTC  68  DEBUG  Roche.LabCore.Diagnose  Current Test: [InstrumentTeachCheck]; Current State: [Running]    
2026-09-11 10:33:48,269 UTC  68  DEBUG  Roche.LabCore.Diagnose  Ends the execution of:  DSService.NotifyTestInformationChanged (With the following parameters: eaeed237-d4f8-4b6d-bcae-af53ec2bed29, 9d7b55f5-d7a7-4f42-bc39-a74a0d9aa63b, Roche.LabCore.Diagnose.DTO.ProductTreeItemInfo)    
2026-09-11 10:33:48,269 UTC  68  DEBUG  Roche.LabCore.Diagnose  Ends the execution of:  DSService.GetResults (With the following parameters: eaeed237-d4f8-4b6d-bcae-af53ec2bed29, 9d7b55f5-d7a7-4f42-bc39-a74a0d9aa63b, 7)    
2026-09-11 10:33:50,265 UTC  45  DEBUG  Roche.LabCore.Diagnose  Starts the execution of:  DSService.ValidateResult (With the following parameters: Roche.LabCore.Diagnose.DTO.TestArgument, Roche.LabCore.Diagnose.DTO.DataValue)    
2026-09-11 10:33:50,265 UTC  45  DEBUG  Roche.LabCore.Diagnose  Ends the execution of:  DSService.ValidateResult (With the following parameters: Roche.LabCore.Diagnose.DTO.TestArgument, Roche.LabCore.Diagnose.DTO.DataValue)    
2026-09-11 10:33:50,272 UTC  69  DEBUG  Roche.LabCore.Diagnose  Starts the execution of:  DSService.GetResults (With the following parameters: eaeed237-d4f8-4b6d-bcae-af53ec2bed29, 9d7b55f5-d7a7-4f42-bc39-a74a0d9aa63b, 7)    
2026-09-11 10:33:50,272 UTC  69  DEBUG  Roche.LabCore.Diagnose  Starts the execution of:  DSService.NotifyTestInformationChanged (With the following parameters: eaeed237-d4f8-4b6d-bcae-af53ec2bed29, 9d7b55f5-d7a7-4f42-bc39-a74a0d9aa63b, Roche.LabCore.Diagnose.DTO.ProductTreeItemInfo)    
2026-09-11 10:33:50,272 UTC  69  DEBUG  Roche.LabCore.Diagnose  Current Test: [InstrumentTeachCheck]; Current State: [Running]    
2026-09-11 10:33:50,272 UTC  69  DEBUG  Roche.LabCore.Diagnose  Ends the execution of:  DSService.NotifyTestInformationChanged (With the following parameters: eaeed237-d4f8-4b6d-bcae-af53ec2bed29, 9d7b55f5-d7a7-4f42-bc39-a74a0d9aa63b, Roche.LabCore.Diagnose.DTO.ProductTreeItemInfo)    
2026-09-11 10:33:50,273 UTC  69  DEBUG  Roche.LabCore.Diagnose  Ends the execution of:  DSService.GetResults (With the following parameters: eaeed237-d4f8-4b6d-bcae-af53ec2bed29, 9d7b55f5-d7a7-4f42-bc39-a74a0d9aa63b, 7)    
2026-09-11 10:33:52,384 UTC  45  DEBUG  Roche.LabCore.Diagnose  Starts the execution of:  DSService.ValidateResult (With the following parameters: Roche.LabCore.Diagnose.DTO.TestArgument, Roche.LabCore.Diagnose.DTO.DataValue)    
2026-09-11 10:33:52,385 UTC  45  DEBUG  Roche.LabCore.Diagnose  Ends the execution of:  DSService.ValidateResult (With the following parameters: Roche.LabCore.Diagnose.DTO.TestArgument, Roche.LabCore.Diagnose.DTO.DataValue)    
2026-09-11 10:33:52,385 UTC  45  DEBUG  Roche.LabCore.Diagnose  Starts the execution of:  DSService.TestStepCompleted (With the following parameters: eaeed237-d4f8-4b6d-bcae-af53ec2bed29, False, )    
2026-09-11 10:33:52,385 UTC  45  DEBUG  Roche.LabCore.Diagnose  Starts the execution of:  DSService.NotifyWaitingForUserInputChanged (With the following parameters: eaeed237-d4f8-4b6d-bcae-af53ec2bed29, DownloadProcessTransferTeachData)    
2026-09-11 10:33:52,386 UTC  45  DEBUG  Roche.LabCore.Diagnose  Ends the execution of:  DSService.NotifyWaitingForUserInputChanged (With the following parameters: eaeed237-d4f8-4b6d-bcae-af53ec2bed29, DownloadProcessTransferTeachData)    
2026-09-11 10:33:52,386 UTC  45  DEBUG  Roche.LabCore.Diagnose  Ends the execution of:  DSService.TestStepCompleted (With the following parameters: eaeed237-d4f8-4b6d-bcae-af53ec2bed29, False, )    
2026-09-11 10:33:52,386 UTC  45  DEBUG  Roche.LabCore.Diagnose  StepFlow Initializating...    
2026-09-11 10:33:52,386 UTC  45  INFO  Roche.LabCore.Diagnose  Executing step RTTeachProcessArea (index: 12).    
2026-09-11 10:33:52,386 UTC  45  DEBUG  Roche.LabCore.Diagnose  Starts the execution of:  DSService.NotifyInstructionChanged (With the following parameters: Roche.LabCore.Diagnose.DTO.TestArgument, Roche.LabCore.Diagnose.DTO.Instruction)    
2026-09-11 10:33:52,387 UTC  45  DEBUG  Roche.LabCore.Diagnose  Ends the execution of:  DSService.NotifyInstructionChanged (With the following parameters: Roche.LabCore.Diagnose.DTO.TestArgument, Roche.LabCore.Diagnose.DTO.Instruction)    
2026-09-11 10:33:52,396 UTC  69  DEBUG  Roche.LabCore.Diagnose  Starts the execution of:  DSService.GetResults (With the following parameters: eaeed237-d4f8-4b6d-bcae-af53ec2bed29, 9d7b55f5-d7a7-4f42-bc39-a74a0d9aa63b, 7)    
2026-09-11 10:33:52,397 UTC  69  DEBUG  Roche.LabCore.Diagnose  Starts the execution of:  DSService.NotifyTestInformationChanged (With the following parameters: eaeed237-d4f8-4b6d-bcae-af53ec2bed29, 9d7b55f5-d7a7-4f42-bc39-a74a0d9aa63b, Roche.LabCore.Diagnose.DTO.ProductTreeItemInfo)    
2026-09-11 10:33:52,397 UTC  69  DEBUG  Roche.LabCore.Diagnose  Current Test: [InstrumentTeachCheck]; Current State: [Running]    
2026-09-11 10:33:52,397 UTC  69  DEBUG  Roche.LabCore.Diagnose  Ends the execution of:  DSService.NotifyTestInformationChanged (With the following parameters: eaeed237-d4f8-4b6d-bcae-af53ec2bed29, 9d7b55f5-d7a7-4f42-bc39-a74a0d9aa63b, Roche.LabCore.Diagnose.DTO.ProductTreeItemInfo)    
2026-09-11 10:33:52,397 UTC  69  DEBUG  Roche.LabCore.Diagnose  Ends the execution of:  DSService.GetResults (With the following parameters: eaeed237-d4f8-4b6d-bcae-af53ec2bed29, 9d7b55f5-d7a7-4f42-bc39-a74a0d9aa63b, 7)    
2026-09-11 10:46:27,131 UTC  45  DEBUG  Roche.LabCore.Diagnose  Starts the execution of:  DSService.TestStepCompleted (With the following parameters: eaeed237-d4f8-4b6d-bcae-af53ec2bed29, False, )    
2026-09-11 10:46:27,132 UTC  45  DEBUG  Roche.LabCore.Diagnose  Starts the execution of:  DSService.NotifyWaitingForUserInputChanged (With the following parameters: eaeed237-d4f8-4b6d-bcae-af53ec2bed29, RTTeachProcessArea)    
2026-09-11 10:46:27,132 UTC  45  DEBUG  Roche.LabCore.Diagnose  Ends the execution of:  DSService.NotifyWaitingForUserInputChanged (With the following parameters: eaeed237-d4f8-4b6d-bcae-af53ec2bed29, RTTeachProcessArea)    
2026-09-11 10:46:27,132 UTC  45  DEBUG  Roche.LabCore.Diagnose  Ends the execution of:  DSService.TestStepCompleted (With the following parameters: eaeed237-d4f8-4b6d-bcae-af53ec2bed29, False, )    
2026-09-11 10:46:27,132 UTC  45  DEBUG  Roche.LabCore.Diagnose  StepFlow Initializating...    
2026-09-11 10:46:27,132 UTC  45  INFO  Roche.LabCore.Diagnose  Executing step PrepareTeachSealerCyclerAndGripper (index: 13).    
2026-09-11 10:46:27,132 UTC  45  DEBUG  Roche.LabCore.Diagnose  Starts the execution of:  DSService.NotifyInstructionChanged (With the following parameters: Roche.LabCore.Diagnose.DTO.TestArgument, Roche.LabCore.Diagnose.DTO.Instruction)    
2026-09-11 10:46:27,132 UTC  45  DEBUG  Roche.LabCore.Diagnose  Ends the execution of:  DSService.NotifyInstructionChanged (With the following parameters: Roche.LabCore.Diagnose.DTO.TestArgument, Roche.LabCore.Diagnose.DTO.Instruction)    
2026-09-11 10:46:43,649 UTC  45  DEBUG  Roche.LabCore.Diagnose  Starts the execution of:  DSService.TestStepCompleted (With the following parameters: eaeed237-d4f8-4b6d-bcae-af53ec2bed29, False, )    
2026-09-11 10:46:43,649 UTC  45  DEBUG  Roche.LabCore.Diagnose  Starts the execution of:  DSService.NotifyWaitingForUserInputChanged (With the following parameters: eaeed237-d4f8-4b6d-bcae-af53ec2bed29, PrepareTeachSealerCyclerAndGripper)    
2026-09-11 10:46:43,649 UTC  45  DEBUG  Roche.LabCore.Diagnose  Ends the execution of:  DSService.NotifyWaitingForUserInputChanged (With the following parameters: eaeed237-d4f8-4b6d-bcae-af53ec2bed29, PrepareTeachSealerCyclerAndGripper)    
2026-09-11 10:46:43,649 UTC  45  DEBUG  Roche.LabCore.Diagnose  Ends the execution of:  DSService.TestStepCompleted (With the following parameters: eaeed237-d4f8-4b6d-bcae-af53ec2bed29, False, )    
2026-09-11 10:46:43,649 UTC  45  DEBUG  Roche.LabCore.Diagnose  StepFlow Initializating...    
2026-09-11 10:46:43,649 UTC  45  INFO  Roche.LabCore.Diagnose  Executing step RTTeachSealerCycler (index: 14).    
2026-09-11 10:46:43,649 UTC  45  DEBUG  Roche.LabCore.Diagnose  Starts the execution of:  DSService.NotifyInstructionChanged (With the following parameters: Roche.LabCore.Diagnose.DTO.TestArgument, Roche.LabCore.Diagnose.DTO.Instruction)    
2026-09-11 10:46:43,650 UTC  45  DEBUG  Roche.LabCore.Diagnose  Ends the execution of:  DSService.NotifyInstructionChanged (With the following parameters: Roche.LabCore.Diagnose.DTO.TestArgument, Roche.LabCore.Diagnose.DTO.Instruction)    
2026-09-11 10:48:58,611 UTC  45  DEBUG  Roche.LabCore.Diagnose  Starts the execution of:  DSService.TestStepCompleted (With the following parameters: eaeed237-d4f8-4b6d-bcae-af53ec2bed29, False, )    
2026-09-11 10:48:58,611 UTC  45  DEBUG  Roche.LabCore.Diagnose  Starts the execution of:  DSService.NotifyWaitingForUserInputChanged (With the following parameters: eaeed237-d4f8-4b6d-bcae-af53ec2bed29, RTTeachSealerCycler)    
2026-09-11 10:48:58,611 UTC  45  DEBUG  Roche.LabCore.Diagnose  Ends the execution of:  DSService.NotifyWaitingForUserInputChanged (With the following parameters: eaeed237-d4f8-4b6d-bcae-af53ec2bed29, RTTeachSealerCycler)    
2026-09-11 10:48:58,612 UTC  45  DEBUG  Roche.LabCore.Diagnose  Ends the execution of:  DSService.TestStepCompleted (With the following parameters: eaeed237-d4f8-4b6d-bcae-af53ec2bed29, False, )    
2026-09-11 10:48:58,612 UTC  45  DEBUG  Roche.LabCore.Diagnose  StepFlow Initializating...    
2026-09-11 10:48:58,612 UTC  45  INFO  Roche.LabCore.Diagnose  Executing step STTeachGripperArea (index: 15).    
2026-09-11 10:48:58,612 UTC  45  DEBUG  Roche.LabCore.Diagnose  Starts the execution of:  DSService.NotifyInstructionChanged (With the following parameters: Roche.LabCore.Diagnose.DTO.TestArgument, Roche.LabCore.Diagnose.DTO.Instruction)    
2026-09-11 10:48:58,613 UTC  45  DEBUG  Roche.LabCore.Diagnose  Ends the execution of:  DSService.NotifyInstructionChanged (With the following parameters: Roche.LabCore.Diagnose.DTO.TestArgument, Roche.LabCore.Diagnose.DTO.Instruction)    
2026-09-11 10:50:52,701 UTC  45  DEBUG  Roche.LabCore.Diagnose  Starts the execution of:  DSService.TestStepCompleted (With the following parameters: eaeed237-d4f8-4b6d-bcae-af53ec2bed29, False, )    
2026-09-11 10:50:52,701 UTC  45  DEBUG  Roche.LabCore.Diagnose  Starts the execution of:  DSService.NotifyWaitingForUserInputChanged (With the following parameters: eaeed237-d4f8-4b6d-bcae-af53ec2bed29, STTeachGripperArea)    
2026-09-11 10:50:52,702 UTC  45  DEBUG  Roche.LabCore.Diagnose  Ends the execution of:  DSService.NotifyWaitingForUserInputChanged (With the following parameters: eaeed237-d4f8-4b6d-bcae-af53ec2bed29, STTeachGripperArea)    
2026-09-11 10:50:52,702 UTC  45  DEBUG  Roche.LabCore.Diagnose  Ends the execution of:  DSService.TestStepCompleted (With the following parameters: eaeed237-d4f8-4b6d-bcae-af53ec2bed29, False, )    
2026-09-11 10:50:52,702 UTC  45  DEBUG  Roche.LabCore.Diagnose  StepFlow Initializating...    
2026-09-11 10:50:52,702 UTC  45  INFO  Roche.LabCore.Diagnose  Executing step CleanupSealerCyclerAndGripperTeach (index: 16).    
2026-09-11 10:50:52,702 UTC  45  DEBUG  Roche.LabCore.Diagnose  Starts the execution of:  DSService.NotifyInstructionChanged (With the following parameters: Roche.LabCore.Diagnose.DTO.TestArgument, Roche.LabCore.Diagnose.DTO.Instruction)    
2026-09-11 10:50:52,703 UTC  45  DEBUG  Roche.LabCore.Diagnose  Ends the execution of:  DSService.NotifyInstructionChanged (With the following parameters: Roche.LabCore.Diagnose.DTO.TestArgument, Roche.LabCore.Diagnose.DTO.Instruction)    
2026-09-11 10:51:10,506 UTC  45  DEBUG  Roche.LabCore.Diagnose  Starts the execution of:  DSService.TestStepCompleted (With the following parameters: eaeed237-d4f8-4b6d-bcae-af53ec2bed29, False, )    
2026-09-11 10:51:10,506 UTC  45  DEBUG  Roche.LabCore.Diagnose  Starts the execution of:  DSService.NotifyWaitingForUserInputChanged (With the following parameters: eaeed237-d4f8-4b6d-bcae-af53ec2bed29, CleanupSealerCyclerAndGripperTeach)    
2026-09-11 10:51:10,506 UTC  45  DEBUG  Roche.LabCore.Diagnose  Ends the execution of:  DSService.NotifyWaitingForUserInputChanged (With the following parameters: eaeed237-d4f8-4b6d-bcae-af53ec2bed29, CleanupSealerCyclerAndGripperTeach)    
2026-09-11 10:51:10,507 UTC  45  DEBUG  Roche.LabCore.Diagnose  Ends the execution of:  DSService.TestStepCompleted (With the following parameters: eaeed237-d4f8-4b6d-bcae-af53ec2bed29, False, )    
2026-09-11 10:51:10,507 UTC  45  DEBUG  Roche.LabCore.Diagnose  StepFlow Initializating...    
2026-09-11 10:51:10,507 UTC  45  INFO  Roche.LabCore.Diagnose  Executing step DownloadSampleTransferTeachData (index: 17).    
2026-09-11 10:51:10,507 UTC  45  DEBUG  Roche.LabCore.Diagnose  Starts the execution of:  DSService.NotifyInstructionChanged (With the following parameters: Roche.LabCore.Diagnose.DTO.TestArgument, Roche.LabCore.Diagnose.DTO.Instruction)    
2026-09-11 10:51:10,508 UTC  45  DEBUG  Roche.LabCore.Diagnose  Ends the execution of:  DSService.NotifyInstructionChanged (With the following parameters: Roche.LabCore.Diagnose.DTO.TestArgument, Roche.LabCore.Diagnose.DTO.Instruction)    
2026-09-11 10:51:13,245 UTC  45  DEBUG  Roche.LabCore.Diagnose  Starts the execution of:  DSService.ValidateResult (With the following parameters: Roche.LabCore.Diagnose.DTO.TestArgument, Roche.LabCore.Diagnose.DTO.DataValue)    
2026-09-11 10:51:13,246 UTC  45  DEBUG  Roche.LabCore.Diagnose  Ends the execution of:  DSService.ValidateResult (With the following parameters: Roche.LabCore.Diagnose.DTO.TestArgument, Roche.LabCore.Diagnose.DTO.DataValue)    
2026-09-11 10:51:13,257 UTC  68  DEBUG  Roche.LabCore.Diagnose  Starts the execution of:  DSService.GetResults (With the following parameters: eaeed237-d4f8-4b6d-bcae-af53ec2bed29, 9d7b55f5-d7a7-4f42-bc39-a74a0d9aa63b, 7)    
2026-09-11 10:51:13,257 UTC  68  DEBUG  Roche.LabCore.Diagnose  Starts the execution of:  DSService.NotifyTestInformationChanged (With the following parameters: eaeed237-d4f8-4b6d-bcae-af53ec2bed29, 9d7b55f5-d7a7-4f42-bc39-a74a0d9aa63b, Roche.LabCore.Diagnose.DTO.ProductTreeItemInfo)    
2026-09-11 10:51:13,257 UTC  68  DEBUG  Roche.LabCore.Diagnose  Current Test: [InstrumentTeachCheck]; Current State: [Running]    
2026-09-11 10:51:13,257 UTC  68  DEBUG  Roche.LabCore.Diagnose  Ends the execution of:  DSService.NotifyTestInformationChanged (With the following parameters: eaeed237-d4f8-4b6d-bcae-af53ec2bed29, 9d7b55f5-d7a7-4f42-bc39-a74a0d9aa63b, Roche.LabCore.Diagnose.DTO.ProductTreeItemInfo)    
2026-09-11 10:51:13,257 UTC  68  DEBUG  Roche.LabCore.Diagnose  Ends the execution of:  DSService.GetResults (With the following parameters: eaeed237-d4f8-4b6d-bcae-af53ec2bed29, 9d7b55f5-d7a7-4f42-bc39-a74a0d9aa63b, 7)    
2026-09-11 10:51:16,571 UTC  45  DEBUG  Roche.LabCore.Diagnose  Starts the execution of:  DSService.ValidateResult (With the following parameters: Roche.LabCore.Diagnose.DTO.TestArgument, Roche.LabCore.Diagnose.DTO.DataValue)    
2026-09-11 10:51:16,572 UTC  45  DEBUG  Roche.LabCore.Diagnose  Ends the execution of:  DSService.ValidateResult (With the following parameters: Roche.LabCore.Diagnose.DTO.TestArgument, Roche.LabCore.Diagnose.DTO.DataValue)    
2026-09-11 10:51:16,588 UTC  67  DEBUG  Roche.LabCore.Diagnose  Starts the execution of:  DSService.GetResults (With the following parameters: eaeed237-d4f8-4b6d-bcae-af53ec2bed29, 9d7b55f5-d7a7-4f42-bc39-a74a0d9aa63b, 7)    
2026-09-11 10:51:16,588 UTC  67  DEBUG  Roche.LabCore.Diagnose  Starts the execution of:  DSService.NotifyTestInformationChanged (With the following parameters: eaeed237-d4f8-4b6d-bcae-af53ec2bed29, 9d7b55f5-d7a7-4f42-bc39-a74a0d9aa63b, Roche.LabCore.Diagnose.DTO.ProductTreeItemInfo)    
2026-09-11 10:51:16,588 UTC  67  DEBUG  Roche.LabCore.Diagnose  Current Test: [InstrumentTeachCheck]; Current State: [Running]    
2026-09-11 10:51:16,588 UTC  67  DEBUG  Roche.LabCore.Diagnose  Ends the execution of:  DSService.NotifyTestInformationChanged (With the following parameters: eaeed237-d4f8-4b6d-bcae-af53ec2bed29, 9d7b55f5-d7a7-4f42-bc39-a74a0d9aa63b, Roche.LabCore.Diagnose.DTO.ProductTreeItemInfo)    
2026-09-11 10:51:16,589 UTC  67  DEBUG  Roche.LabCore.Diagnose  Ends the execution of:  DSService.GetResults (With the following parameters: eaeed237-d4f8-4b6d-bcae-af53ec2bed29, 9d7b55f5-d7a7-4f42-bc39-a74a0d9aa63b, 7)    
2026-09-11 10:51:18,628 UTC  45  DEBUG  Roche.LabCore.Diagnose  Starts the execution of:  DSService.ValidateResult (With the following parameters: Roche.LabCore.Diagnose.DTO.TestArgument, Roche.LabCore.Diagnose.DTO.DataValue)    
2026-09-11 10:51:18,629 UTC  45  DEBUG  Roche.LabCore.Diagnose  Ends the execution of:  DSService.ValidateResult (With the following parameters: Roche.LabCore.Diagnose.DTO.TestArgument, Roche.LabCore.Diagnose.DTO.DataValue)    
2026-09-11 10:51:18,629 UTC  45  DEBUG  Roche.LabCore.Diagnose  Starts the execution of:  DSService.TestStepCompleted (With the following parameters: eaeed237-d4f8-4b6d-bcae-af53ec2bed29, False, )    
2026-09-11 10:51:18,629 UTC  45  DEBUG  Roche.LabCore.Diagnose  Starts the execution of:  DSService.NotifyWaitingForUserInputChanged (With the following parameters: eaeed237-d4f8-4b6d-bcae-af53ec2bed29, DownloadSampleTransferTeachData)    
2026-09-11 10:51:18,630 UTC  45  DEBUG  Roche.LabCore.Diagnose  Ends the execution of:  DSService.NotifyWaitingForUserInputChanged (With the following parameters: eaeed237-d4f8-4b6d-bcae-af53ec2bed29, DownloadSampleTransferTeachData)    
2026-09-11 10:51:18,631 UTC  45  DEBUG  Roche.LabCore.Diagnose  Ends the execution of:  DSService.TestStepCompleted (With the following parameters: eaeed237-d4f8-4b6d-bcae-af53ec2bed29, False, )    
2026-09-11 10:51:18,631 UTC  45  DEBUG  Roche.LabCore.Diagnose  StepFlow Initializating...    
2026-09-11 10:51:18,631 UTC  45  INFO  Roche.LabCore.Diagnose  Executing step TeachReagentSupply (index: 18).    
2026-09-11 10:51:18,631 UTC  45  DEBUG  Roche.LabCore.Diagnose  Starts the execution of:  DSService.NotifyInstructionChanged (With the following parameters: Roche.LabCore.Diagnose.DTO.TestArgument, Roche.LabCore.Diagnose.DTO.Instruction)    
2026-09-11 10:51:18,632 UTC  45  DEBUG  Roche.LabCore.Diagnose  Ends the execution of:  DSService.NotifyInstructionChanged (With the following parameters: Roche.LabCore.Diagnose.DTO.TestArgument, Roche.LabCore.Diagnose.DTO.Instruction)    
2026-09-11 10:51:18,638 UTC  75  DEBUG  Roche.LabCore.Diagnose  Starts the execution of:  DSService.GetResults (With the following parameters: eaeed237-d4f8-4b6d-bcae-af53ec2bed29, 9d7b55f5-d7a7-4f42-bc39-a74a0d9aa63b, 7)    
2026-09-11 10:51:18,638 UTC  75  DEBUG  Roche.LabCore.Diagnose  Starts the execution of:  DSService.NotifyTestInformationChanged (With the following parameters: eaeed237-d4f8-4b6d-bcae-af53ec2bed29, 9d7b55f5-d7a7-4f42-bc39-a74a0d9aa63b, Roche.LabCore.Diagnose.DTO.ProductTreeItemInfo)    
2026-09-11 10:51:18,638 UTC  75  DEBUG  Roche.LabCore.Diagnose  Current Test: [InstrumentTeachCheck]; Current State: [Running]    
2026-09-11 10:51:18,639 UTC  75  DEBUG  Roche.LabCore.Diagnose  Ends the execution of:  DSService.NotifyTestInformationChanged (With the following parameters: eaeed237-d4f8-4b6d-bcae-af53ec2bed29, 9d7b55f5-d7a7-4f42-bc39-a74a0d9aa63b, Roche.LabCore.Diagnose.DTO.ProductTreeItemInfo)    
2026-09-11 10:51:18,639 UTC  75  DEBUG  Roche.LabCore.Diagnose  Ends the execution of:  DSService.GetResults (With the following parameters: eaeed237-d4f8-4b6d-bcae-af53ec2bed29, 9d7b55f5-d7a7-4f42-bc39-a74a0d9aa63b, 7)    
2026-09-11 10:56:18,591 UTC  45  DEBUG  Roche.LabCore.Diagnose  Starts the execution of:  DSService.TestStepCompleted (With the following parameters: eaeed237-d4f8-4b6d-bcae-af53ec2bed29, False, )    
2026-09-11 10:56:18,591 UTC  45  DEBUG  Roche.LabCore.Diagnose  Starts the execution of:  DSService.NotifyWaitingForUserInputChanged (With the following parameters: eaeed237-d4f8-4b6d-bcae-af53ec2bed29, TeachReagentSupply)    
2026-09-11 10:56:18,591 UTC  45  DEBUG  Roche.LabCore.Diagnose  Ends the execution of:  DSService.NotifyWaitingForUserInputChanged (With the following parameters: eaeed237-d4f8-4b6d-bcae-af53ec2bed29, TeachReagentSupply)    
2026-09-11 10:56:18,591 UTC  45  DEBUG  Roche.LabCore.Diagnose  Ends the execution of:  DSService.TestStepCompleted (With the following parameters: eaeed237-d4f8-4b6d-bcae-af53ec2bed29, False, )    
2026-09-11 10:56:18,591 UTC  45  DEBUG  Roche.LabCore.Diagnose  StepFlow Initializating...    
2026-09-11 10:56:18,591 UTC  45  INFO  Roche.LabCore.Diagnose  Executing step DownloadReagentSupplyTeachData (index: 19).    
2026-09-11 10:56:18,591 UTC  45  DEBUG  Roche.LabCore.Diagnose  Starts the execution of:  DSService.NotifyInstructionChanged (With the following parameters: Roche.LabCore.Diagnose.DTO.TestArgument, Roche.LabCore.Diagnose.DTO.Instruction)    
2026-09-11 10:56:18,591 UTC  45  DEBUG  Roche.LabCore.Diagnose  Ends the execution of:  DSService.NotifyInstructionChanged (With the following parameters: Roche.LabCore.Diagnose.DTO.TestArgument, Roche.LabCore.Diagnose.DTO.Instruction)    
2026-09-11 10:56:21,204 UTC  45  DEBUG  Roche.LabCore.Diagnose  Starts the execution of:  DSService.ValidateResult (With the following parameters: Roche.LabCore.Diagnose.DTO.TestArgument, Roche.LabCore.Diagnose.DTO.DataValue)    
2026-09-11 10:56:21,205 UTC  45  DEBUG  Roche.LabCore.Diagnose  Ends the execution of:  DSService.ValidateResult (With the following parameters: Roche.LabCore.Diagnose.DTO.TestArgument, Roche.LabCore.Diagnose.DTO.DataValue)    
2026-09-11 10:56:21,205 UTC  45  DEBUG  Roche.LabCore.Diagnose  Starts the execution of:  DSService.TestStepCompleted (With the following parameters: eaeed237-d4f8-4b6d-bcae-af53ec2bed29, False, )    
2026-09-11 10:56:21,205 UTC  45  DEBUG  Roche.LabCore.Diagnose  Starts the execution of:  DSService.NotifyWaitingForUserInputChanged (With the following parameters: eaeed237-d4f8-4b6d-bcae-af53ec2bed29, DownloadReagentSupplyTeachData)    
2026-09-11 10:56:21,206 UTC  45  DEBUG  Roche.LabCore.Diagnose  Ends the execution of:  DSService.NotifyWaitingForUserInputChanged (With the following parameters: eaeed237-d4f8-4b6d-bcae-af53ec2bed29, DownloadReagentSupplyTeachData)    
2026-09-11 10:56:21,206 UTC  45  DEBUG  Roche.LabCore.Diagnose  Ends the execution of:  DSService.TestStepCompleted (With the following parameters: eaeed237-d4f8-4b6d-bcae-af53ec2bed29, False, )    
2026-09-11 10:56:21,206 UTC  45  DEBUG  Roche.LabCore.Diagnose  StepFlow Initializating...    
2026-09-11 10:56:21,206 UTC  45  INFO  Roche.LabCore.Diagnose  Executing step RTTeachReagentSupply (index: 20).    
2026-09-11 10:56:21,207 UTC  45  DEBUG  Roche.LabCore.Diagnose  Starts the execution of:  DSService.NotifyInstructionChanged (With the following parameters: Roche.LabCore.Diagnose.DTO.TestArgument, Roche.LabCore.Diagnose.DTO.Instruction)    
2026-09-11 10:56:21,207 UTC  45  DEBUG  Roche.LabCore.Diagnose  Ends the execution of:  DSService.NotifyInstructionChanged (With the following parameters: Roche.LabCore.Diagnose.DTO.TestArgument, Roche.LabCore.Diagnose.DTO.Instruction)    
2026-09-11 10:56:21,214 UTC  65  DEBUG  Roche.LabCore.Diagnose  Starts the execution of:  DSService.GetResults (With the following parameters: eaeed237-d4f8-4b6d-bcae-af53ec2bed29, 9d7b55f5-d7a7-4f42-bc39-a74a0d9aa63b, 7)    
2026-09-11 10:56:21,215 UTC  65  DEBUG  Roche.LabCore.Diagnose  Starts the execution of:  DSService.NotifyTestInformationChanged (With the following parameters: eaeed237-d4f8-4b6d-bcae-af53ec2bed29, 9d7b55f5-d7a7-4f42-bc39-a74a0d9aa63b, Roche.LabCore.Diagnose.DTO.ProductTreeItemInfo)    
2026-09-11 10:56:21,215 UTC  65  DEBUG  Roche.LabCore.Diagnose  Current Test: [InstrumentTeachCheck]; Current State: [Running]    
2026-09-11 10:56:21,215 UTC  65  DEBUG  Roche.LabCore.Diagnose  Ends the execution of:  DSService.NotifyTestInformationChanged (With the following parameters: eaeed237-d4f8-4b6d-bcae-af53ec2bed29, 9d7b55f5-d7a7-4f42-bc39-a74a0d9aa63b, Roche.LabCore.Diagnose.DTO.ProductTreeItemInfo)    
2026-09-11 10:56:21,215 UTC  65  DEBUG  Roche.LabCore.Diagnose  Ends the execution of:  DSService.GetResults (With the following parameters: eaeed237-d4f8-4b6d-bcae-af53ec2bed29, 9d7b55f5-d7a7-4f42-bc39-a74a0d9aa63b, 7)    
2026-09-11 11:04:41,511 UTC  45  DEBUG  Roche.LabCore.Diagnose  Starts the execution of:  DSService.TestStepCompleted (With the following parameters: eaeed237-d4f8-4b6d-bcae-af53ec2bed29, False, )    
2026-09-11 11:04:41,512 UTC  45  DEBUG  Roche.LabCore.Diagnose  Starts the execution of:  DSService.NotifyWaitingForUserInputChanged (With the following parameters: eaeed237-d4f8-4b6d-bcae-af53ec2bed29, RTTeachReagentSupply)    
2026-09-11 11:04:41,512 UTC  45  DEBUG  Roche.LabCore.Diagnose  Ends the execution of:  DSService.NotifyWaitingForUserInputChanged (With the following parameters: eaeed237-d4f8-4b6d-bcae-af53ec2bed29, RTTeachReagentSupply)    
2026-09-11 11:04:41,512 UTC  45  DEBUG  Roche.LabCore.Diagnose  Ends the execution of:  DSService.TestStepCompleted (With the following parameters: eaeed237-d4f8-4b6d-bcae-af53ec2bed29, False, )    
2026-09-11 11:04:41,512 UTC  45  DEBUG  Roche.LabCore.Diagnose  StepFlow Initializating...    
2026-09-11 11:04:41,513 UTC  45  INFO  Roche.LabCore.Diagnose  Executing step DownloadReagentTransferTeachData (index: 21).    
2026-09-11 11:04:41,513 UTC  45  DEBUG  Roche.LabCore.Diagnose  Starts the execution of:  DSService.NotifyInstructionChanged (With the following parameters: Roche.LabCore.Diagnose.DTO.TestArgument, Roche.LabCore.Diagnose.DTO.Instruction)    
2026-09-11 11:04:41,513 UTC  45  DEBUG  Roche.LabCore.Diagnose  Ends the execution of:  DSService.NotifyInstructionChanged (With the following parameters: Roche.LabCore.Diagnose.DTO.TestArgument, Roche.LabCore.Diagnose.DTO.Instruction)    
2026-09-11 11:04:43,518 UTC  41  DEBUG  Roche.LabCore.Diagnose  Starts the execution of:  DSService.ValidateResult (With the following parameters: Roche.LabCore.Diagnose.DTO.TestArgument, Roche.LabCore.Diagnose.DTO.DataValue)    
2026-09-11 11:04:43,519 UTC  41  DEBUG  Roche.LabCore.Diagnose  Ends the execution of:  DSService.ValidateResult (With the following parameters: Roche.LabCore.Diagnose.DTO.TestArgument, Roche.LabCore.Diagnose.DTO.DataValue)    
2026-09-11 11:04:43,529 UTC  42  DEBUG  Roche.LabCore.Diagnose  Starts the execution of:  DSService.GetResults (With the following parameters: eaeed237-d4f8-4b6d-bcae-af53ec2bed29, 9d7b55f5-d7a7-4f42-bc39-a74a0d9aa63b, 7)    
2026-09-11 11:04:43,529 UTC  42  DEBUG  Roche.LabCore.Diagnose  Starts the execution of:  DSService.NotifyTestInformationChanged (With the following parameters: eaeed237-d4f8-4b6d-bcae-af53ec2bed29, 9d7b55f5-d7a7-4f42-bc39-a74a0d9aa63b, Roche.LabCore.Diagnose.DTO.ProductTreeItemInfo)    
2026-09-11 11:04:43,529 UTC  42  DEBUG  Roche.LabCore.Diagnose  Current Test: [InstrumentTeachCheck]; Current State: [Running]    
2026-09-11 11:04:43,529 UTC  42  DEBUG  Roche.LabCore.Diagnose  Ends the execution of:  DSService.NotifyTestInformationChanged (With the following parameters: eaeed237-d4f8-4b6d-bcae-af53ec2bed29, 9d7b55f5-d7a7-4f42-bc39-a74a0d9aa63b, Roche.LabCore.Diagnose.DTO.ProductTreeItemInfo)    
2026-09-11 11:04:43,529 UTC  42  DEBUG  Roche.LabCore.Diagnose  Ends the execution of:  DSService.GetResults (With the following parameters: eaeed237-d4f8-4b6d-bcae-af53ec2bed29, 9d7b55f5-d7a7-4f42-bc39-a74a0d9aa63b, 7)    
2026-09-11 11:04:45,655 UTC  41  DEBUG  Roche.LabCore.Diagnose  Starts the execution of:  DSService.ValidateResult (With the following parameters: Roche.LabCore.Diagnose.DTO.TestArgument, Roche.LabCore.Diagnose.DTO.DataValue)    
2026-09-11 11:04:45,656 UTC  41  DEBUG  Roche.LabCore.Diagnose  Ends the execution of:  DSService.ValidateResult (With the following parameters: Roche.LabCore.Diagnose.DTO.TestArgument, Roche.LabCore.Diagnose.DTO.DataValue)    
2026-09-11 11:04:45,674 UTC  69  DEBUG  Roche.LabCore.Diagnose  Starts the execution of:  DSService.GetResults (With the following parameters: eaeed237-d4f8-4b6d-bcae-af53ec2bed29, 9d7b55f5-d7a7-4f42-bc39-a74a0d9aa63b, 7)    
2026-09-11 11:04:45,674 UTC  69  DEBUG  Roche.LabCore.Diagnose  Starts the execution of:  DSService.NotifyTestInformationChanged (With the following parameters: eaeed237-d4f8-4b6d-bcae-af53ec2bed29, 9d7b55f5-d7a7-4f42-bc39-a74a0d9aa63b, Roche.LabCore.Diagnose.DTO.ProductTreeItemInfo)    
2026-09-11 11:04:45,674 UTC  69  DEBUG  Roche.LabCore.Diagnose  Current Test: [InstrumentTeachCheck]; Current State: [Running]    
2026-09-11 11:04:45,675 UTC  69  DEBUG  Roche.LabCore.Diagnose  Ends the execution of:  DSService.NotifyTestInformationChanged (With the following parameters: eaeed237-d4f8-4b6d-bcae-af53ec2bed29, 9d7b55f5-d7a7-4f42-bc39-a74a0d9aa63b, Roche.LabCore.Diagnose.DTO.ProductTreeItemInfo)    
2026-09-11 11:04:45,675 UTC  69  DEBUG  Roche.LabCore.Diagnose  Ends the execution of:  DSService.GetResults (With the following parameters: eaeed237-d4f8-4b6d-bcae-af53ec2bed29, 9d7b55f5-d7a7-4f42-bc39-a74a0d9aa63b, 7)    
2026-09-11 11:04:47,730 UTC  41  DEBUG  Roche.LabCore.Diagnose  Starts the execution of:  DSService.ValidateResult (With the following parameters: Roche.LabCore.Diagnose.DTO.TestArgument, Roche.LabCore.Diagnose.DTO.DataValue)    
2026-09-11 11:04:47,731 UTC  41  DEBUG  Roche.LabCore.Diagnose  Ends the execution of:  DSService.ValidateResult (With the following parameters: Roche.LabCore.Diagnose.DTO.TestArgument, Roche.LabCore.Diagnose.DTO.DataValue)    
2026-09-11 11:04:47,731 UTC  45  DEBUG  Roche.LabCore.Diagnose  Starts the execution of:  DSService.TestStepCompleted (With the following parameters: eaeed237-d4f8-4b6d-bcae-af53ec2bed29, False, )    
2026-09-11 11:04:47,731 UTC  45  DEBUG  Roche.LabCore.Diagnose  Starts the execution of:  DSService.NotifyWaitingForUserInputChanged (With the following parameters: eaeed237-d4f8-4b6d-bcae-af53ec2bed29, DownloadReagentTransferTeachData)    
2026-09-11 11:04:47,732 UTC  45  DEBUG  Roche.LabCore.Diagnose  Ends the execution of:  DSService.NotifyWaitingForUserInputChanged (With the following parameters: eaeed237-d4f8-4b6d-bcae-af53ec2bed29, DownloadReagentTransferTeachData)    
2026-09-11 11:04:47,732 UTC  45  DEBUG  Roche.LabCore.Diagnose  Ends the execution of:  DSService.TestStepCompleted (With the following parameters: eaeed237-d4f8-4b6d-bcae-af53ec2bed29, False, )    
2026-09-11 11:04:47,732 UTC  45  DEBUG  Roche.LabCore.Diagnose  StepFlow Initializating...    
2026-09-11 11:04:47,732 UTC  45  INFO  Roche.LabCore.Diagnose  Executing step NeedleBentCheck (index: 22).    
2026-09-11 11:04:47,732 UTC  45  DEBUG  Roche.LabCore.Diagnose  Starts the execution of:  DSService.NotifyInstructionChanged (With the following parameters: Roche.LabCore.Diagnose.DTO.TestArgument, Roche.LabCore.Diagnose.DTO.Instruction)    
2026-09-11 11:04:47,733 UTC  45  DEBUG  Roche.LabCore.Diagnose  Ends the execution of:  DSService.NotifyInstructionChanged (With the following parameters: Roche.LabCore.Diagnose.DTO.TestArgument, Roche.LabCore.Diagnose.DTO.Instruction)    
2026-09-11 11:04:47,736 UTC  45  DEBUG  Roche.LabCore.Diagnose  Starts the execution of:  DSService.ValidateResult (With the following parameters: Roche.LabCore.Diagnose.DTO.TestArgument, Roche.LabCore.Diagnose.DTO.DataValue)    
2026-09-11 11:04:47,737 UTC  45  DEBUG  Roche.LabCore.Diagnose  Ends the execution of:  DSService.ValidateResult (With the following parameters: Roche.LabCore.Diagnose.DTO.TestArgument, Roche.LabCore.Diagnose.DTO.DataValue)    
2026-09-11 11:04:47,738 UTC  45  DEBUG  Roche.LabCore.Diagnose  Starts the execution of:  DSService.ValidateResult (With the following parameters: Roche.LabCore.Diagnose.DTO.TestArgument, Roche.LabCore.Diagnose.DTO.DataValue)    
2026-09-11 11:04:47,739 UTC  45  DEBUG  Roche.LabCore.Diagnose  Ends the execution of:  DSService.ValidateResult (With the following parameters: Roche.LabCore.Diagnose.DTO.TestArgument, Roche.LabCore.Diagnose.DTO.DataValue)    
2026-09-11 11:04:47,746 UTC  35  DEBUG  Roche.LabCore.Diagnose  Starts the execution of:  DSService.GetResults (With the following parameters: eaeed237-d4f8-4b6d-bcae-af53ec2bed29, 9d7b55f5-d7a7-4f42-bc39-a74a0d9aa63b, 7)    
2026-09-11 11:04:47,746 UTC  35  DEBUG  Roche.LabCore.Diagnose  Starts the execution of:  DSService.NotifyTestInformationChanged (With the following parameters: eaeed237-d4f8-4b6d-bcae-af53ec2bed29, 9d7b55f5-d7a7-4f42-bc39-a74a0d9aa63b, Roche.LabCore.Diagnose.DTO.ProductTreeItemInfo)    
2026-09-11 11:04:47,747 UTC  35  DEBUG  Roche.LabCore.Diagnose  Current Test: [InstrumentTeachCheck]; Current State: [Running]    
2026-09-11 11:04:47,747 UTC  35  DEBUG  Roche.LabCore.Diagnose  Ends the execution of:  DSService.NotifyTestInformationChanged (With the following parameters: eaeed237-d4f8-4b6d-bcae-af53ec2bed29, 9d7b55f5-d7a7-4f42-bc39-a74a0d9aa63b, Roche.LabCore.Diagnose.DTO.ProductTreeItemInfo)    
2026-09-11 11:04:47,747 UTC  35  DEBUG  Roche.LabCore.Diagnose  Ends the execution of:  DSService.GetResults (With the following parameters: eaeed237-d4f8-4b6d-bcae-af53ec2bed29, 9d7b55f5-d7a7-4f42-bc39-a74a0d9aa63b, 7)    
2026-09-11 11:04:48,011 UTC  36  DEBUG  Roche.LabCore.Diagnose  Starts the execution of:  DSService.GetResults (With the following parameters: eaeed237-d4f8-4b6d-bcae-af53ec2bed29, 9d7b55f5-d7a7-4f42-bc39-a74a0d9aa63b, 7)    
2026-09-11 11:04:48,011 UTC  36  DEBUG  Roche.LabCore.Diagnose  Starts the execution of:  DSService.NotifyTestInformationChanged (With the following parameters: eaeed237-d4f8-4b6d-bcae-af53ec2bed29, 9d7b55f5-d7a7-4f42-bc39-a74a0d9aa63b, Roche.LabCore.Diagnose.DTO.ProductTreeItemInfo)    
2026-09-11 11:04:48,012 UTC  36  DEBUG  Roche.LabCore.Diagnose  Current Test: [InstrumentTeachCheck]; Current State: [Running]    
2026-09-11 11:04:48,012 UTC  36  DEBUG  Roche.LabCore.Diagnose  Ends the execution of:  DSService.NotifyTestInformationChanged (With the following parameters: eaeed237-d4f8-4b6d-bcae-af53ec2bed29, 9d7b55f5-d7a7-4f42-bc39-a74a0d9aa63b, Roche.LabCore.Diagnose.DTO.ProductTreeItemInfo)    
2026-09-11 11:04:48,012 UTC  36  DEBUG  Roche.LabCore.Diagnose  Ends the execution of:  DSService.GetResults (With the following parameters: eaeed237-d4f8-4b6d-bcae-af53ec2bed29, 9d7b55f5-d7a7-4f42-bc39-a74a0d9aa63b, 7)    
2026-09-11 11:05:56,761 UTC  45  DEBUG  Roche.LabCore.Diagnose  Starts the execution of:  DSService.ValidateResult (With the following parameters: Roche.LabCore.Diagnose.DTO.TestArgument, Roche.LabCore.Diagnose.DTO.DataValue)    
2026-09-11 11:05:56,761 UTC  45  DEBUG  Roche.LabCore.Diagnose  Ends the execution of:  DSService.ValidateResult (With the following parameters: Roche.LabCore.Diagnose.DTO.TestArgument, Roche.LabCore.Diagnose.DTO.DataValue)    
2026-09-11 11:05:56,761 UTC  45  DEBUG  Roche.LabCore.Diagnose  Starts the execution of:  DSService.ValidateResult (With the following parameters: Roche.LabCore.Diagnose.DTO.TestArgument, Roche.LabCore.Diagnose.DTO.DataValue)    
2026-09-11 11:05:56,762 UTC  45  DEBUG  Roche.LabCore.Diagnose  Ends the execution of:  DSService.ValidateResult (With the following parameters: Roche.LabCore.Diagnose.DTO.TestArgument, Roche.LabCore.Diagnose.DTO.DataValue)    
2026-09-11 11:05:56,762 UTC  45  DEBUG  Roche.LabCore.Diagnose  Starts the execution of:  DSService.TestStepCompleted (With the following parameters: eaeed237-d4f8-4b6d-bcae-af53ec2bed29, False, )    
2026-09-11 11:05:56,762 UTC  45  DEBUG  Roche.LabCore.Diagnose  Starts the execution of:  DSService.NotifyWaitingForUserInputChanged (With the following parameters: eaeed237-d4f8-4b6d-bcae-af53ec2bed29, NeedleBentCheck)    
2026-09-11 11:05:56,762 UTC  45  DEBUG  Roche.LabCore.Diagnose  Ends the execution of:  DSService.NotifyWaitingForUserInputChanged (With the following parameters: eaeed237-d4f8-4b6d-bcae-af53ec2bed29, NeedleBentCheck)    
2026-09-11 11:05:56,762 UTC  45  DEBUG  Roche.LabCore.Diagnose  Ends the execution of:  DSService.TestStepCompleted (With the following parameters: eaeed237-d4f8-4b6d-bcae-af53ec2bed29, False, )    
2026-09-11 11:05:56,762 UTC  45  DEBUG  Roche.LabCore.Diagnose  StepFlow Initializating...    
2026-09-11 11:05:56,768 UTC  30  DEBUG  Roche.LabCore.Diagnose  Starts the execution of:  DSService.GetResults (With the following parameters: eaeed237-d4f8-4b6d-bcae-af53ec2bed29, 9d7b55f5-d7a7-4f42-bc39-a74a0d9aa63b, 7)    
2026-09-11 11:05:56,768 UTC  30  DEBUG  Roche.LabCore.Diagnose  Starts the execution of:  DSService.NotifyTestInformationChanged (With the following parameters: eaeed237-d4f8-4b6d-bcae-af53ec2bed29, 9d7b55f5-d7a7-4f42-bc39-a74a0d9aa63b, Roche.LabCore.Diagnose.DTO.ProductTreeItemInfo)    
2026-09-11 11:05:56,768 UTC  30  DEBUG  Roche.LabCore.Diagnose  Current Test: [InstrumentTeachCheck]; Current State: [Running]    
2026-09-11 11:05:56,772 UTC  30  DEBUG  Roche.LabCore.Diagnose  Ends the execution of:  DSService.NotifyTestInformationChanged (With the following parameters: eaeed237-d4f8-4b6d-bcae-af53ec2bed29, 9d7b55f5-d7a7-4f42-bc39-a74a0d9aa63b, Roche.LabCore.Diagnose.DTO.ProductTreeItemInfo)    
2026-09-11 11:05:56,772 UTC  30  DEBUG  Roche.LabCore.Diagnose  Ends the execution of:  DSService.GetResults (With the following parameters: eaeed237-d4f8-4b6d-bcae-af53ec2bed29, 9d7b55f5-d7a7-4f42-bc39-a74a0d9aa63b, 7)    
2026-09-11 11:05:56,776 UTC  45  DEBUG  Roche.LabCore.Diagnose.FileAccess  Save: /app/data/cache/ds/c5800/00000000000_00000000000_c5800_cobas5800.CompleteProductCatalog_3429_InstrumentTeachCheck_20260911_110556_Passed.xml    
2026-09-11 11:05:56,777 UTC  45  DEBUG  Roche.LabCore.Diagnose.Repository  DataItem Initialization: pWashVolumeOuter    
2026-09-11 11:05:56,777 UTC  45  DEBUG  Roche.LabCore.Diagnose.Repository  Initializing ResultCollection...    
2026-09-11 11:05:56,777 UTC  45  DEBUG  Roche.LabCore.Diagnose.Repository  DataItem Initialization: irPrerequisitesLoaded    
2026-09-11 11:05:56,777 UTC  45  DEBUG  Roche.LabCore.Diagnose.Repository  DataItem Initialization: irPrerequisitesNeeded    
2026-09-11 11:05:56,777 UTC  45  DEBUG  Roche.LabCore.Diagnose.Repository  DataItem Initialization: irPrerequisitesRemove    
2026-09-11 11:05:56,777 UTC  45  DEBUG  Roche.LabCore.Diagnose.Repository  DataItem Initialization: rProcessTransferGripperTeachData    
2026-09-11 11:05:56,777 UTC  45  DEBUG  Roche.LabCore.Diagnose.Repository  DataItem Initialization: rProcessTransferPipettor1TeachData    
2026-09-11 11:05:56,777 UTC  45  DEBUG  Roche.LabCore.Diagnose.Repository  DataItem Initialization: rSampleTransferGripperTeachData    
2026-09-11 11:05:56,777 UTC  45  DEBUG  Roche.LabCore.Diagnose.Repository  DataItem Initialization: rSampleTransferPipettor1TeachData    
2026-09-11 11:05:56,777 UTC  45  DEBUG  Roche.LabCore.Diagnose.Repository  DataItem Initialization: rSampleTransferPipettor2TeachData    
2026-09-11 11:05:56,777 UTC  45  DEBUG  Roche.LabCore.Diagnose.Repository  DataItem Initialization: rReagentSupplyGripperTeachData    
2026-09-11 11:05:56,777 UTC  45  DEBUG  Roche.LabCore.Diagnose.Repository  DataItem Initialization: rReagentTransferGripperTeachData    
2026-09-11 11:05:56,778 UTC  45  DEBUG  Roche.LabCore.Diagnose.Repository  DataItem Initialization: rReagentTransferPipettor1TeachData    
2026-09-11 11:05:56,778 UTC  45  DEBUG  Roche.LabCore.Diagnose.Repository  DataItem Initialization: rReagentTransferPipettor2TeachData    
2026-09-11 11:05:56,778 UTC  45  DEBUG  Roche.LabCore.Diagnose.Repository  DataItem Initialization: irLoadCheckSuccessful    
2026-09-11 11:05:56,778 UTC  45  DEBUG  Roche.LabCore.Diagnose.Repository  DataItem Initialization: irBulkReagentsLoadedInformation    
2026-09-11 11:05:56,778 UTC  45  DEBUG  Roche.LabCore.Diagnose.Repository  DataItem Initialization: rNeedle1BentCheckSuccessful    
2026-09-11 11:05:56,778 UTC  45  DEBUG  Roche.LabCore.Diagnose.Repository  DataItem Initialization: rNeedle2BentCheckSuccessful    
2026-09-11 11:05:56,778 UTC  45  DEBUG  Roche.LabCore.Diagnose.Repository  DataItem Initialization: rForceSensorCheckSuccessful    
2026-09-11 11:05:56,778 UTC  45  DEBUG  Roche.LabCore.Diagnose.Repository  DataItem Initialization: rIsNozzleBent    
2026-09-11 11:05:56,778 UTC  45  DEBUG  Roche.LabCore.Diagnose.Repository  DataItem Initialization: rNozzleBentX    
2026-09-11 11:05:56,778 UTC  45  DEBUG  Roche.LabCore.Diagnose.Repository  DataItem Initialization: rNozzleBentY    
2026-09-11 11:05:56,778 UTC  45  DEBUG  Roche.LabCore.Diagnose.Repository  TestFunction Initialization: InstrumentTeachCheck    
2026-09-11 11:05:56,778 UTC  45  DEBUG  Roche.LabCore.Diagnose.Repository  TestListTestFunctionStep initialization: ConnectInstrument    
2026-09-11 11:05:56,778 UTC  45  DEBUG  Roche.LabCore.Diagnose.Repository  TestListTestFunctionStep initialization: CloseAndLockDoor    
2026-09-11 11:05:56,778 UTC  45  DEBUG  Roche.LabCore.Diagnose.Repository  TestListTestFunctionStep initialization: Initialize    
2026-09-11 11:05:56,778 UTC  45  DEBUG  Roche.LabCore.Diagnose.Repository  TestListTestFunctionStep initialization: Load    
2026-09-11 11:05:56,778 UTC  45  DEBUG  Roche.LabCore.Diagnose.Repository  TestListTestFunctionStep initialization: LoadCheck    
2026-09-11 11:05:56,778 UTC  45  DEBUG  Roche.LabCore.Diagnose.Repository  TestListTestFunctionStep initialization: ConsumablesLoaded    
2026-09-11 11:05:56,778 UTC  45  DEBUG  Roche.LabCore.Diagnose.Repository  TestListTestFunctionStep initialization: BulkReagentsLoadCheck    
2026-09-11 11:05:56,778 UTC  45  DEBUG  Roche.LabCore.Diagnose.Repository  TestListTestFunctionStep initialization: LoadBulkReagents    
2026-09-11 11:05:56,778 UTC  45  DEBUG  Roche.LabCore.Diagnose.Repository  TestListTestFunctionStep initialization: BulkReagentsLoaded    
2026-09-11 11:05:56,778 UTC  45  DEBUG  Roche.LabCore.Diagnose.Repository  TestListTestFunctionStep initialization: STTeachGeneralArea    
2026-09-11 11:05:56,778 UTC  45  DEBUG  Roche.LabCore.Diagnose.Repository  TestListTestFunctionStep initialization: PTTeach    
2026-09-11 11:05:56,778 UTC  45  DEBUG  Roche.LabCore.Diagnose.Repository  TestListTestFunctionStep initialization: DownloadProcessTransferTeachData    
2026-09-11 11:05:56,778 UTC  45  DEBUG  Roche.LabCore.Diagnose.Repository  TestListTestFunctionStep initialization: RTTeachProcessArea    
2026-09-11 11:05:56,778 UTC  45  DEBUG  Roche.LabCore.Diagnose.Repository  TestListTestFunctionStep initialization: PrepareTeachSealerCyclerAndGripper    
2026-09-11 11:05:56,779 UTC  45  DEBUG  Roche.LabCore.Diagnose.Repository  TestListTestFunctionStep initialization: RTTeachSealerCycler    
2026-09-11 11:05:56,779 UTC  45  DEBUG  Roche.LabCore.Diagnose.Repository  TestListTestFunctionStep initialization: STTeachGripperArea    
2026-09-11 11:05:56,779 UTC  45  DEBUG  Roche.LabCore.Diagnose.Repository  TestListTestFunctionStep initialization: CleanupSealerCyclerAndGripperTeach    
2026-09-11 11:05:56,779 UTC  45  DEBUG  Roche.LabCore.Diagnose.Repository  TestListTestFunctionStep initialization: DownloadSampleTransferTeachData    
2026-09-11 11:05:56,779 UTC  45  DEBUG  Roche.LabCore.Diagnose.Repository  TestListTestFunctionStep initialization: TeachReagentSupply    
2026-09-11 11:05:56,779 UTC  45  DEBUG  Roche.LabCore.Diagnose.Repository  TestListTestFunctionStep initialization: DownloadReagentSupplyTeachData    
2026-09-11 11:05:56,779 UTC  45  DEBUG  Roche.LabCore.Diagnose.Repository  TestListTestFunctionStep initialization: RTTeachReagentSupply    
2026-09-11 11:05:56,779 UTC  45  DEBUG  Roche.LabCore.Diagnose.Repository  TestListTestFunctionStep initialization: DownloadReagentTransferTeachData    
2026-09-11 11:05:56,779 UTC  45  DEBUG  Roche.LabCore.Diagnose.Repository  TestListTestFunctionStep initialization: NeedleBentCheck    
2026-09-11 11:05:56,779 UTC  45  DEBUG  Roche.LabCore.Diagnose.Repository  TestListTestFunctionStep initialization: Cleanup    
2026-09-11 11:05:56,784 UTC  45  DEBUG  Roche.LabCore.Diagnose.FileAccess  Save: /app/data/cache/ds/c5800/00000000000_00000000000_c5800_cobas5800.CompleteProductCatalog_3429.Product.xml    
2026-09-11 11:05:56,785 UTC  45  DEBUG  Roche.LabCore.Diagnose.FileAccess  Save: /app/data/results/c5800/00000000000_00000000000_c5800_cobas5800.CompleteProductCatalog_3429.Product.xml    
2026-09-11 11:05:56,786 UTC  45  DEBUG  Roche.LabCore.Diagnose  Internal; Current Test: [InstrumentTeachCheck]; Current State: [CleaningUp]    
2026-09-11 11:05:56,786 UTC  45  INFO  Roche.LabCore.Diagnose  Executing step Cleanup (index: 23).    
2026-09-11 11:05:56,786 UTC  45  DEBUG  Roche.LabCore.Diagnose  Starts the execution of:  DSService.NotifyInstructionChanged (With the following parameters: Roche.LabCore.Diagnose.DTO.TestArgument, Roche.LabCore.Diagnose.DTO.Instruction)    
2026-09-11 11:05:56,786 UTC  45  DEBUG  Roche.LabCore.Diagnose  Ends the execution of:  DSService.NotifyInstructionChanged (With the following parameters: Roche.LabCore.Diagnose.DTO.TestArgument, Roche.LabCore.Diagnose.DTO.Instruction)    
2026-09-11 11:05:57,021 UTC  41  DEBUG  Roche.LabCore.Diagnose  Starts the execution of:  DSService.GetResults (With the following parameters: eaeed237-d4f8-4b6d-bcae-af53ec2bed29, 9d7b55f5-d7a7-4f42-bc39-a74a0d9aa63b, 7)    
2026-09-11 11:05:57,021 UTC  41  DEBUG  Roche.LabCore.Diagnose  Starts the execution of:  DSService.NotifyTestInformationChanged (With the following parameters: eaeed237-d4f8-4b6d-bcae-af53ec2bed29, 9d7b55f5-d7a7-4f42-bc39-a74a0d9aa63b, Roche.LabCore.Diagnose.DTO.ProductTreeItemInfo)    
2026-09-11 11:05:57,021 UTC  41  DEBUG  Roche.LabCore.Diagnose  Current Test: [InstrumentTeachCheck]; Current State: [Approve]    
2026-09-11 11:05:57,021 UTC  41  DEBUG  Roche.LabCore.Diagnose  Ends the execution of:  DSService.NotifyTestInformationChanged (With the following parameters: eaeed237-d4f8-4b6d-bcae-af53ec2bed29, 9d7b55f5-d7a7-4f42-bc39-a74a0d9aa63b, Roche.LabCore.Diagnose.DTO.ProductTreeItemInfo)    
2026-09-11 11:05:57,021 UTC  41  DEBUG  Roche.LabCore.Diagnose  Ends the execution of:  DSService.GetResults (With the following parameters: eaeed237-d4f8-4b6d-bcae-af53ec2bed29, 9d7b55f5-d7a7-4f42-bc39-a74a0d9aa63b, 7)    
2026-09-11 11:05:57,040 UTC  42  DEBUG  Roche.LabCore.Diagnose  Starts the execution of:  DSService.GetParameters (With the following parameters: eaeed237-d4f8-4b6d-bcae-af53ec2bed29, 9d7b55f5-d7a7-4f42-bc39-a74a0d9aa63b, 7)    
2026-09-11 11:05:57,040 UTC  42  DEBUG  Roche.LabCore.Diagnose  Starts the execution of:  DSService.NotifyTestInformationChanged (With the following parameters: eaeed237-d4f8-4b6d-bcae-af53ec2bed29, 9d7b55f5-d7a7-4f42-bc39-a74a0d9aa63b, Roche.LabCore.Diagnose.DTO.ProductTreeItemInfo)    
2026-09-11 11:05:57,040 UTC  42  DEBUG  Roche.LabCore.Diagnose  Current Test: [InstrumentTeachCheck]; Current State: [Approve]    
2026-09-11 11:05:57,041 UTC  42  DEBUG  Roche.LabCore.Diagnose  Ends the execution of:  DSService.NotifyTestInformationChanged (With the following parameters: eaeed237-d4f8-4b6d-bcae-af53ec2bed29, 9d7b55f5-d7a7-4f42-bc39-a74a0d9aa63b, Roche.LabCore.Diagnose.DTO.ProductTreeItemInfo)    
2026-09-11 11:05:57,041 UTC  42  DEBUG  Roche.LabCore.Diagnose  Ends the execution of:  DSService.GetParameters (With the following parameters: eaeed237-d4f8-4b6d-bcae-af53ec2bed29, 9d7b55f5-d7a7-4f42-bc39-a74a0d9aa63b, 7)    
2026-09-11 11:05:57,041 UTC  42  DEBUG  Roche.LabCore.Diagnose  Starts the execution of:  DSService.GetResults (With the following parameters: eaeed237-d4f8-4b6d-bcae-af53ec2bed29, 9d7b55f5-d7a7-4f42-bc39-a74a0d9aa63b, 7)    
2026-09-11 11:05:57,041 UTC  42  DEBUG  Roche.LabCore.Diagnose  Starts the execution of:  DSService.NotifyTestInformationChanged (With the following parameters: eaeed237-d4f8-4b6d-bcae-af53ec2bed29, 9d7b55f5-d7a7-4f42-bc39-a74a0d9aa63b, Roche.LabCore.Diagnose.DTO.ProductTreeItemInfo)    
2026-09-11 11:05:57,041 UTC  42  DEBUG  Roche.LabCore.Diagnose  Current Test: [InstrumentTeachCheck]; Current State: [Approve]    
2026-09-11 11:05:57,041 UTC  42  DEBUG  Roche.LabCore.Diagnose  Ends the execution of:  DSService.NotifyTestInformationChanged (With the following parameters: eaeed237-d4f8-4b6d-bcae-af53ec2bed29, 9d7b55f5-d7a7-4f42-bc39-a74a0d9aa63b, Roche.LabCore.Diagnose.DTO.ProductTreeItemInfo)    
2026-09-11 11:05:57,041 UTC  42  DEBUG  Roche.LabCore.Diagnose  Ends the execution of:  DSService.GetResults (With the following parameters: eaeed237-d4f8-4b6d-bcae-af53ec2bed29, 9d7b55f5-d7a7-4f42-bc39-a74a0d9aa63b, 7)    
2026-09-11 11:06:26,763 UTC  45  DEBUG  Roche.LabCore.Diagnose  Starts the execution of:  DSService.TestStepCompleted (With the following parameters: eaeed237-d4f8-4b6d-bcae-af53ec2bed29, False, )    
2026-09-11 11:06:26,763 UTC  45  DEBUG  Roche.LabCore.Diagnose  Starts the execution of:  DSService.NotifyWaitingForUserInputChanged (With the following parameters: eaeed237-d4f8-4b6d-bcae-af53ec2bed29, Cleanup)    
2026-09-11 11:06:26,764 UTC  45  DEBUG  Roche.LabCore.Diagnose  Ends the execution of:  DSService.NotifyWaitingForUserInputChanged (With the following parameters: eaeed237-d4f8-4b6d-bcae-af53ec2bed29, Cleanup)    
2026-09-11 11:06:26,764 UTC  45  DEBUG  Roche.LabCore.Diagnose  Ends the execution of:  DSService.TestStepCompleted (With the following parameters: eaeed237-d4f8-4b6d-bcae-af53ec2bed29, False, )    
2026-09-11 11:06:26,764 UTC  45  DEBUG  Roche.LabCore.Diagnose  StepFlow Initializating...    
2026-09-11 11:06:26,765 UTC  45  DEBUG  Roche.LabCore.Diagnose  Initialize TestFunction [InstrumentTeachCheck]    
2026-09-11 11:06:26,765 UTC  45  DEBUG  Roche.LabCore.Diagnose  DataParameterList Initializing Data    
2026-09-11 11:06:26,765 UTC  45  DEBUG  Roche.LabCore.Diagnose  DataItem Initialization: pWashVolumeOuter    
2026-09-11 11:06:26,765 UTC  45  DEBUG  Roche.LabCore.Diagnose  Initializing ResultCollection...    
2026-09-11 11:06:26,765 UTC  45  DEBUG  Roche.LabCore.Diagnose  DataItem Initialization: irPrerequisitesLoaded    
2026-09-11 11:06:26,765 UTC  45  DEBUG  Roche.LabCore.Diagnose  DataItem Initialization: irPrerequisitesNeeded    
2026-09-11 11:06:26,765 UTC  45  DEBUG  Roche.LabCore.Diagnose  DataItem Initialization: irPrerequisitesRemove    
2026-09-11 11:06:26,766 UTC  45  DEBUG  Roche.LabCore.Diagnose  DataItem Initialization: rProcessTransferGripperTeachData    
2026-09-11 11:06:26,766 UTC  45  DEBUG  Roche.LabCore.Diagnose  DataItem Initialization: rProcessTransferPipettor1TeachData    
2026-09-11 11:06:26,766 UTC  45  DEBUG  Roche.LabCore.Diagnose  DataItem Initialization: rSampleTransferGripperTeachData    
2026-09-11 11:06:26,766 UTC  45  DEBUG  Roche.LabCore.Diagnose  DataItem Initialization: rSampleTransferPipettor1TeachData    
2026-09-11 11:06:26,766 UTC  45  DEBUG  Roche.LabCore.Diagnose  DataItem Initialization: rSampleTransferPipettor2TeachData    
2026-09-11 11:06:26,766 UTC  45  DEBUG  Roche.LabCore.Diagnose  DataItem Initialization: rReagentSupplyGripperTeachData    
2026-09-11 11:06:26,766 UTC  45  DEBUG  Roche.LabCore.Diagnose  DataItem Initialization: rReagentTransferGripperTeachData    
2026-09-11 11:06:26,766 UTC  45  DEBUG  Roche.LabCore.Diagnose  DataItem Initialization: rReagentTransferPipettor1TeachData    
2026-09-11 11:06:26,766 UTC  45  DEBUG  Roche.LabCore.Diagnose  DataItem Initialization: rReagentTransferPipettor2TeachData    
2026-09-11 11:06:26,766 UTC  45  DEBUG  Roche.LabCore.Diagnose  DataItem Initialization: irLoadCheckSuccessful    
2026-09-11 11:06:26,766 UTC  45  DEBUG  Roche.LabCore.Diagnose  DataItem Initialization: irBulkReagentsLoadedInformation    
2026-09-11 11:06:26,766 UTC  45  DEBUG  Roche.LabCore.Diagnose  DataItem Initialization: rNeedle1BentCheckSuccessful    
2026-09-11 11:06:26,766 UTC  45  DEBUG  Roche.LabCore.Diagnose  DataItem Initialization: rNeedle2BentCheckSuccessful    
2026-09-11 11:06:26,766 UTC  45  DEBUG  Roche.LabCore.Diagnose  DataItem Initialization: rForceSensorCheckSuccessful    
2026-09-11 11:06:26,766 UTC  45  DEBUG  Roche.LabCore.Diagnose  DataItem Initialization: rIsNozzleBent    
2026-09-11 11:06:26,766 UTC  45  DEBUG  Roche.LabCore.Diagnose  DataItem Initialization: rNozzleBentX    
2026-09-11 11:06:26,766 UTC  45  DEBUG  Roche.LabCore.Diagnose  DataItem Initialization: rNozzleBentY    
2026-09-11 11:06:26,767 UTC  45  DEBUG  Roche.LabCore.Diagnose  TestListTestFunctionStep initialization: ConnectInstrument    
2026-09-11 11:06:26,767 UTC  45  DEBUG  Roche.LabCore.Diagnose  StepFlow Initializating...    
2026-09-11 11:06:26,767 UTC  45  DEBUG  Roche.LabCore.Diagnose  TestListTestFunctionStep initialization: CloseAndLockDoor    
2026-09-11 11:06:26,767 UTC  45  DEBUG  Roche.LabCore.Diagnose  StepFlow Initializating...    
2026-09-11 11:06:26,767 UTC  45  DEBUG  Roche.LabCore.Diagnose  TestListTestFunctionStep initialization: Initialize    
2026-09-11 11:06:26,767 UTC  45  DEBUG  Roche.LabCore.Diagnose  StepFlow Initializating...    
2026-09-11 11:06:26,767 UTC  45  DEBUG  Roche.LabCore.Diagnose  TestListTestFunctionStep initialization: Load    
2026-09-11 11:06:26,767 UTC  45  DEBUG  Roche.LabCore.Diagnose  StepFlow Initializating...    
2026-09-11 11:06:26,767 UTC  45  DEBUG  Roche.LabCore.Diagnose  TestListTestFunctionStep initialization: LoadCheck    
2026-09-11 11:06:26,767 UTC  45  DEBUG  Roche.LabCore.Diagnose  StepFlow Initializating...    
2026-09-11 11:06:26,767 UTC  45  DEBUG  Roche.LabCore.Diagnose  TestListTestFunctionStep initialization: ConsumablesLoaded    
2026-09-11 11:06:26,767 UTC  45  DEBUG  Roche.LabCore.Diagnose  StepFlow Initializating...    
2026-09-11 11:06:26,767 UTC  45  DEBUG  Roche.LabCore.Diagnose  TestListTestFunctionStep initialization: BulkReagentsLoadCheck    
2026-09-11 11:06:26,767 UTC  45  DEBUG  Roche.LabCore.Diagnose  StepFlow Initializating...    
2026-09-11 11:06:26,767 UTC  45  DEBUG  Roche.LabCore.Diagnose  TestListTestFunctionStep initialization: LoadBulkReagents    
2026-09-11 11:06:26,767 UTC  45  DEBUG  Roche.LabCore.Diagnose  StepFlow Initializating...    
2026-09-11 11:06:26,767 UTC  45  DEBUG  Roche.LabCore.Diagnose  TestListTestFunctionStep initialization: BulkReagentsLoaded    
2026-09-11 11:06:26,767 UTC  45  DEBUG  Roche.LabCore.Diagnose  StepFlow Initializating...    
2026-09-11 11:06:26,767 UTC  45  DEBUG  Roche.LabCore.Diagnose  TestListTestFunctionStep initialization: STTeachGeneralArea    
2026-09-11 11:06:26,767 UTC  45  DEBUG  Roche.LabCore.Diagnose  StepFlow Initializating...    
2026-09-11 11:06:26,767 UTC  45  DEBUG  Roche.LabCore.Diagnose  TestListTestFunctionStep initialization: PTTeach    
2026-09-11 11:06:26,767 UTC  45  DEBUG  Roche.LabCore.Diagnose  StepFlow Initializating...    
2026-09-11 11:06:26,768 UTC  45  DEBUG  Roche.LabCore.Diagnose  TestListTestFunctionStep initialization: DownloadProcessTransferTeachData    
2026-09-11 11:06:26,768 UTC  45  DEBUG  Roche.LabCore.Diagnose  StepFlow Initializating...    
2026-09-11 11:06:26,768 UTC  45  DEBUG  Roche.LabCore.Diagnose  TestListTestFunctionStep initialization: RTTeachProcessArea    
2026-09-11 11:06:26,768 UTC  45  DEBUG  Roche.LabCore.Diagnose  StepFlow Initializating...    
2026-09-11 11:06:26,768 UTC  45  DEBUG  Roche.LabCore.Diagnose  TestListTestFunctionStep initialization: PrepareTeachSealerCyclerAndGripper    
2026-09-11 11:06:26,768 UTC  45  DEBUG  Roche.LabCore.Diagnose  StepFlow Initializating...    
2026-09-11 11:06:26,768 UTC  45  DEBUG  Roche.LabCore.Diagnose  TestListTestFunctionStep initialization: RTTeachSealerCycler    
2026-09-11 11:06:26,768 UTC  45  DEBUG  Roche.LabCore.Diagnose  StepFlow Initializating...    
2026-09-11 11:06:26,768 UTC  45  DEBUG  Roche.LabCore.Diagnose  TestListTestFunctionStep initialization: STTeachGripperArea    
2026-09-11 11:06:26,768 UTC  45  DEBUG  Roche.LabCore.Diagnose  StepFlow Initializating...    
2026-09-11 11:06:26,768 UTC  45  DEBUG  Roche.LabCore.Diagnose  TestListTestFunctionStep initialization: CleanupSealerCyclerAndGripperTeach    
2026-09-11 11:06:26,768 UTC  45  DEBUG  Roche.LabCore.Diagnose  StepFlow Initializating...    
2026-09-11 11:06:26,768 UTC  45  DEBUG  Roche.LabCore.Diagnose  TestListTestFunctionStep initialization: DownloadSampleTransferTeachData    
2026-09-11 11:06:26,768 UTC  45  DEBUG  Roche.LabCore.Diagnose  StepFlow Initializating...    
2026-09-11 11:06:26,768 UTC  45  DEBUG  Roche.LabCore.Diagnose  TestListTestFunctionStep initialization: TeachReagentSupply    
2026-09-11 11:06:26,768 UTC  45  DEBUG  Roche.LabCore.Diagnose  StepFlow Initializating...    
2026-09-11 11:06:26,768 UTC  45  DEBUG  Roche.LabCore.Diagnose  TestListTestFunctionStep initialization: DownloadReagentSupplyTeachData    
2026-09-11 11:06:26,768 UTC  45  DEBUG  Roche.LabCore.Diagnose  StepFlow Initializating...    
2026-09-11 11:06:26,769 UTC  45  DEBUG  Roche.LabCore.Diagnose  TestListTestFunctionStep initialization: RTTeachReagentSupply    
2026-09-11 11:06:26,769 UTC  45  DEBUG  Roche.LabCore.Diagnose  StepFlow Initializating...    
2026-09-11 11:06:26,769 UTC  45  DEBUG  Roche.LabCore.Diagnose  TestListTestFunctionStep initialization: DownloadReagentTransferTeachData    
2026-09-11 11:06:26,769 UTC  45  DEBUG  Roche.LabCore.Diagnose  StepFlow Initializating...    
2026-09-11 11:06:26,769 UTC  45  DEBUG  Roche.LabCore.Diagnose  TestListTestFunctionStep initialization: NeedleBentCheck    
2026-09-11 11:06:26,769 UTC  45  DEBUG  Roche.LabCore.Diagnose  StepFlow Initializating...    
2026-09-11 11:06:26,769 UTC  45  DEBUG  Roche.LabCore.Diagnose  TestListTestFunctionStep initialization: Cleanup    
2026-09-11 11:06:26,769 UTC  45  DEBUG  Roche.LabCore.Diagnose  StepFlow Initializating...    
2026-09-11 11:06:26,775 UTC  45  DEBUG  Roche.LabCore.Diagnose.Repository  DataItem Initialization: pWashVolumeOuter    
2026-09-11 11:06:26,775 UTC  45  DEBUG  Roche.LabCore.Diagnose.Repository  Initializing ResultCollection...    
2026-09-11 11:06:26,775 UTC  45  DEBUG  Roche.LabCore.Diagnose.Repository  DataItem Initialization: irPrerequisitesLoaded    
2026-09-11 11:06:26,775 UTC  45  DEBUG  Roche.LabCore.Diagnose.Repository  DataItem Initialization: irPrerequisitesNeeded    
2026-09-11 11:06:26,775 UTC  45  DEBUG  Roche.LabCore.Diagnose.Repository  DataItem Initialization: irPrerequisitesRemove    
2026-09-11 11:06:26,775 UTC  45  DEBUG  Roche.LabCore.Diagnose.Repository  DataItem Initialization: rProcessTransferGripperTeachData    
2026-09-11 11:06:26,776 UTC  45  DEBUG  Roche.LabCore.Diagnose.Repository  DataItem Initialization: rProcessTransferPipettor1TeachData    
2026-09-11 11:06:26,776 UTC  45  DEBUG  Roche.LabCore.Diagnose.Repository  DataItem Initialization: rSampleTransferGripperTeachData    
2026-09-11 11:06:26,776 UTC  45  DEBUG  Roche.LabCore.Diagnose.Repository  DataItem Initialization: rSampleTransferPipettor1TeachData    
2026-09-11 11:06:26,776 UTC  45  DEBUG  Roche.LabCore.Diagnose.Repository  DataItem Initialization: rSampleTransferPipettor2TeachData    
2026-09-11 11:06:26,776 UTC  45  DEBUG  Roche.LabCore.Diagnose.Repository  DataItem Initialization: rReagentSupplyGripperTeachData    
2026-09-11 11:06:26,776 UTC  45  DEBUG  Roche.LabCore.Diagnose.Repository  DataItem Initialization: rReagentTransferGripperTeachData    
2026-09-11 11:06:26,776 UTC  45  DEBUG  Roche.LabCore.Diagnose.Repository  DataItem Initialization: rReagentTransferPipettor1TeachData    
2026-09-11 11:06:26,776 UTC  45  DEBUG  Roche.LabCore.Diagnose.Repository  DataItem Initialization: rReagentTransferPipettor2TeachData    
2026-09-11 11:06:26,776 UTC  45  DEBUG  Roche.LabCore.Diagnose.Repository  DataItem Initialization: irLoadCheckSuccessful    
2026-09-11 11:06:26,776 UTC  45  DEBUG  Roche.LabCore.Diagnose.Repository  DataItem Initialization: irBulkReagentsLoadedInformation    
2026-09-11 11:06:26,776 UTC  45  DEBUG  Roche.LabCore.Diagnose.Repository  DataItem Initialization: rNeedle1BentCheckSuccessful    
2026-09-11 11:06:26,776 UTC  45  DEBUG  Roche.LabCore.Diagnose.Repository  DataItem Initialization: rNeedle2BentCheckSuccessful    
2026-09-11 11:06:26,776 UTC  45  DEBUG  Roche.LabCore.Diagnose.Repository  DataItem Initialization: rForceSensorCheckSuccessful    
2026-09-11 11:06:26,776 UTC  45  DEBUG  Roche.LabCore.Diagnose.Repository  DataItem Initialization: rIsNozzleBent    
2026-09-11 11:06:26,776 UTC  45  DEBUG  Roche.LabCore.Diagnose.Repository  DataItem Initialization: rNozzleBentX    
2026-09-11 11:06:26,776 UTC  45  DEBUG  Roche.LabCore.Diagnose.Repository  DataItem Initialization: rNozzleBentY    
2026-09-11 11:06:26,776 UTC  45  DEBUG  Roche.LabCore.Diagnose.Repository  DataItem Initialization: pWashVolumeOuter    
2026-09-11 11:06:26,776 UTC  45  DEBUG  Roche.LabCore.Diagnose.Repository  Initializing ResultCollection...    
2026-09-11 11:06:26,776 UTC  45  DEBUG  Roche.LabCore.Diagnose.Repository  DataItem Initialization: irPrerequisitesLoaded    
2026-09-11 11:06:26,776 UTC  45  DEBUG  Roche.LabCore.Diagnose.Repository  DataItem Initialization: irPrerequisitesNeeded    
2026-09-11 11:06:26,776 UTC  45  DEBUG  Roche.LabCore.Diagnose.Repository  DataItem Initialization: irPrerequisitesRemove    
2026-09-11 11:06:26,776 UTC  45  DEBUG  Roche.LabCore.Diagnose.Repository  DataItem Initialization: rProcessTransferGripperTeachData    
2026-09-11 11:06:26,776 UTC  45  DEBUG  Roche.LabCore.Diagnose.Repository  DataItem Initialization: rProcessTransferPipettor1TeachData    
2026-09-11 11:06:26,776 UTC  45  DEBUG  Roche.LabCore.Diagnose.Repository  DataItem Initialization: rSampleTransferGripperTeachData    
2026-09-11 11:06:26,776 UTC  45  DEBUG  Roche.LabCore.Diagnose.Repository  DataItem Initialization: rSampleTransferPipettor1TeachData    
2026-09-11 11:06:26,776 UTC  45  DEBUG  Roche.LabCore.Diagnose.Repository  DataItem Initialization: rSampleTransferPipettor2TeachData    
2026-09-11 11:06:26,776 UTC  45  DEBUG  Roche.LabCore.Diagnose.Repository  DataItem Initialization: rReagentSupplyGripperTeachData    
2026-09-11 11:06:26,776 UTC  45  DEBUG  Roche.LabCore.Diagnose.Repository  DataItem Initialization: rReagentTransferGripperTeachData    
2026-09-11 11:06:26,777 UTC  45  DEBUG  Roche.LabCore.Diagnose.Repository  DataItem Initialization: rReagentTransferPipettor1TeachData    
2026-09-11 11:06:26,777 UTC  45  DEBUG  Roche.LabCore.Diagnose.Repository  DataItem Initialization: rReagentTransferPipettor2TeachData    
2026-09-11 11:06:26,777 UTC  45  DEBUG  Roche.LabCore.Diagnose.Repository  DataItem Initialization: irLoadCheckSuccessful    
2026-09-11 11:06:26,777 UTC  45  DEBUG  Roche.LabCore.Diagnose.Repository  DataItem Initialization: irBulkReagentsLoadedInformation    
2026-09-11 11:06:26,777 UTC  45  DEBUG  Roche.LabCore.Diagnose.Repository  DataItem Initialization: rNeedle1BentCheckSuccessful    
2026-09-11 11:06:26,777 UTC  45  DEBUG  Roche.LabCore.Diagnose.Repository  DataItem Initialization: rNeedle2BentCheckSuccessful    
2026-09-11 11:06:26,777 UTC  45  DEBUG  Roche.LabCore.Diagnose.Repository  DataItem Initialization: rForceSensorCheckSuccessful    
2026-09-11 11:06:26,777 UTC  45  DEBUG  Roche.LabCore.Diagnose.Repository  DataItem Initialization: rIsNozzleBent    
2026-09-11 11:06:26,777 UTC  45  DEBUG  Roche.LabCore.Diagnose.Repository  DataItem Initialization: rNozzleBentX    
2026-09-11 11:06:26,777 UTC  45  DEBUG  Roche.LabCore.Diagnose.Repository  DataItem Initialization: rNozzleBentY    
2026-09-11 11:06:26,777 UTC  45  DEBUG  Roche.LabCore.Diagnose.Repository  TestFunction Initialization: InstrumentTeachCheck    
2026-09-11 11:06:26,777 UTC  45  DEBUG  Roche.LabCore.Diagnose.Repository  DataItem Initialization: pWashVolumeOuter    
2026-09-11 11:06:26,777 UTC  45  DEBUG  Roche.LabCore.Diagnose.Repository  Initializing ResultCollection...    
2026-09-11 11:06:26,777 UTC  45  DEBUG  Roche.LabCore.Diagnose.Repository  DataItem Initialization: irPrerequisitesLoaded    
2026-09-11 11:06:26,777 UTC  45  DEBUG  Roche.LabCore.Diagnose.Repository  DataItem Initialization: irPrerequisitesNeeded    
2026-09-11 11:06:26,777 UTC  45  DEBUG  Roche.LabCore.Diagnose.Repository  DataItem Initialization: irPrerequisitesRemove    
2026-09-11 11:06:26,777 UTC  45  DEBUG  Roche.LabCore.Diagnose.Repository  DataItem Initialization: rProcessTransferGripperTeachData    
2026-09-11 11:06:26,777 UTC  45  DEBUG  Roche.LabCore.Diagnose.Repository  DataItem Initialization: rProcessTransferPipettor1TeachData    
2026-09-11 11:06:26,777 UTC  45  DEBUG  Roche.LabCore.Diagnose.Repository  DataItem Initialization: rSampleTransferGripperTeachData    
2026-09-11 11:06:26,777 UTC  45  DEBUG  Roche.LabCore.Diagnose.Repository  DataItem Initialization: rSampleTransferPipettor1TeachData    
2026-09-11 11:06:26,777 UTC  45  DEBUG  Roche.LabCore.Diagnose.Repository  DataItem Initialization: rSampleTransferPipettor2TeachData    
2026-09-11 11:06:26,777 UTC  45  DEBUG  Roche.LabCore.Diagnose.Repository  DataItem Initialization: rReagentSupplyGripperTeachData    
2026-09-11 11:06:26,777 UTC  45  DEBUG  Roche.LabCore.Diagnose.Repository  DataItem Initialization: rReagentTransferGripperTeachData    
2026-09-11 11:06:26,777 UTC  45  DEBUG  Roche.LabCore.Diagnose.Repository  DataItem Initialization: rReagentTransferPipettor1TeachData    
2026-09-11 11:06:26,777 UTC  45  DEBUG  Roche.LabCore.Diagnose.Repository  DataItem Initialization: rReagentTransferPipettor2TeachData    
2026-09-11 11:06:26,777 UTC  45  DEBUG  Roche.LabCore.Diagnose.Repository  DataItem Initialization: irLoadCheckSuccessful    
2026-09-11 11:06:26,777 UTC  45  DEBUG  Roche.LabCore.Diagnose.Repository  DataItem Initialization: irBulkReagentsLoadedInformation    
2026-09-11 11:06:26,777 UTC  45  DEBUG  Roche.LabCore.Diagnose.Repository  DataItem Initialization: rNeedle1BentCheckSuccessful    
2026-09-11 11:06:26,777 UTC  45  DEBUG  Roche.LabCore.Diagnose.Repository  DataItem Initialization: rNeedle2BentCheckSuccessful    
2026-09-11 11:06:26,777 UTC  45  DEBUG  Roche.LabCore.Diagnose.Repository  DataItem Initialization: rForceSensorCheckSuccessful    
2026-09-11 11:06:26,778 UTC  45  DEBUG  Roche.LabCore.Diagnose.Repository  DataItem Initialization: rIsNozzleBent    
2026-09-11 11:06:26,778 UTC  45  DEBUG  Roche.LabCore.Diagnose.Repository  DataItem Initialization: rNozzleBentX    
2026-09-11 11:06:26,778 UTC  45  DEBUG  Roche.LabCore.Diagnose.Repository  DataItem Initialization: rNozzleBentY    
2026-09-11 11:06:26,778 UTC  45  DEBUG  Roche.LabCore.Diagnose.Repository  TestListTestFunctionStep initialization: ConnectInstrument    
2026-09-11 11:06:26,778 UTC  45  DEBUG  Roche.LabCore.Diagnose.Repository  TestListTestFunctionStep initialization: CloseAndLockDoor    
2026-09-11 11:06:26,778 UTC  45  DEBUG  Roche.LabCore.Diagnose.Repository  TestListTestFunctionStep initialization: Initialize    
2026-09-11 11:06:26,778 UTC  45  DEBUG  Roche.LabCore.Diagnose.Repository  TestListTestFunctionStep initialization: Load    
2026-09-11 11:06:26,778 UTC  45  DEBUG  Roche.LabCore.Diagnose.Repository  TestListTestFunctionStep initialization: LoadCheck    
2026-09-11 11:06:26,778 UTC  45  DEBUG  Roche.LabCore.Diagnose.Repository  TestListTestFunctionStep initialization: ConsumablesLoaded    
2026-09-11 11:06:26,778 UTC  45  DEBUG  Roche.LabCore.Diagnose.Repository  TestListTestFunctionStep initialization: BulkReagentsLoadCheck    
2026-09-11 11:06:26,778 UTC  45  DEBUG  Roche.LabCore.Diagnose.Repository  TestListTestFunctionStep initialization: LoadBulkReagents    
2026-09-11 11:06:26,778 UTC  45  DEBUG  Roche.LabCore.Diagnose.Repository  TestListTestFunctionStep initialization: BulkReagentsLoaded    
2026-09-11 11:06:26,778 UTC  45  DEBUG  Roche.LabCore.Diagnose.Repository  TestListTestFunctionStep initialization: STTeachGeneralArea    
2026-09-11 11:06:26,778 UTC  45  DEBUG  Roche.LabCore.Diagnose.Repository  TestListTestFunctionStep initialization: PTTeach    
2026-09-11 11:06:26,778 UTC  45  DEBUG  Roche.LabCore.Diagnose.Repository  TestListTestFunctionStep initialization: DownloadProcessTransferTeachData    
2026-09-11 11:06:26,778 UTC  45  DEBUG  Roche.LabCore.Diagnose.Repository  TestListTestFunctionStep initialization: RTTeachProcessArea    
2026-09-11 11:06:26,778 UTC  45  DEBUG  Roche.LabCore.Diagnose.Repository  TestListTestFunctionStep initialization: PrepareTeachSealerCyclerAndGripper    
2026-09-11 11:06:26,778 UTC  45  DEBUG  Roche.LabCore.Diagnose.Repository  TestListTestFunctionStep initialization: RTTeachSealerCycler    
2026-09-11 11:06:26,778 UTC  45  DEBUG  Roche.LabCore.Diagnose.Repository  TestListTestFunctionStep initialization: STTeachGripperArea    
2026-09-11 11:06:26,778 UTC  45  DEBUG  Roche.LabCore.Diagnose.Repository  TestListTestFunctionStep initialization: CleanupSealerCyclerAndGripperTeach    
2026-09-11 11:06:26,778 UTC  45  DEBUG  Roche.LabCore.Diagnose.Repository  TestListTestFunctionStep initialization: DownloadSampleTransferTeachData    
2026-09-11 11:06:26,778 UTC  45  DEBUG  Roche.LabCore.Diagnose.Repository  TestListTestFunctionStep initialization: TeachReagentSupply    
2026-09-11 11:06:26,778 UTC  45  DEBUG  Roche.LabCore.Diagnose.Repository  TestListTestFunctionStep initialization: DownloadReagentSupplyTeachData    
2026-09-11 11:06:26,778 UTC  45  DEBUG  Roche.LabCore.Diagnose.Repository  TestListTestFunctionStep initialization: RTTeachReagentSupply    
2026-09-11 11:06:26,778 UTC  45  DEBUG  Roche.LabCore.Diagnose.Repository  TestListTestFunctionStep initialization: DownloadReagentTransferTeachData    
2026-09-11 11:06:26,778 UTC  45  DEBUG  Roche.LabCore.Diagnose.Repository  TestListTestFunctionStep initialization: NeedleBentCheck    
2026-09-11 11:06:26,778 UTC  45  DEBUG  Roche.LabCore.Diagnose.Repository  TestListTestFunctionStep initialization: Cleanup    
2026-09-11 11:06:26,780 UTC  45  DEBUG  Roche.LabCore.Diagnose  DataParameterList Initializing Data    
2026-09-11 11:06:26,780 UTC  45  DEBUG  Roche.LabCore.Diagnose  DataItem Initialization: pWashVolumeOuter    
2026-09-11 11:06:26,780 UTC  45  DEBUG  Roche.LabCore.Diagnose  Initializing ResultCollection...    
2026-09-11 11:06:26,780 UTC  45  DEBUG  Roche.LabCore.Diagnose  DataItem Initialization: irPrerequisitesLoaded    
2026-09-11 11:06:26,780 UTC  45  DEBUG  Roche.LabCore.Diagnose  DataItem Initialization: irPrerequisitesNeeded    
2026-09-11 11:06:26,780 UTC  45  DEBUG  Roche.LabCore.Diagnose  DataItem Initialization: irPrerequisitesRemove    
2026-09-11 11:06:26,780 UTC  45  DEBUG  Roche.LabCore.Diagnose  DataItem Initialization: rProcessTransferGripperTeachData    
2026-09-11 11:06:26,780 UTC  45  DEBUG  Roche.LabCore.Diagnose  DataItem Initialization: rProcessTransferPipettor1TeachData    
2026-09-11 11:06:26,780 UTC  45  DEBUG  Roche.LabCore.Diagnose  DataItem Initialization: rSampleTransferGripperTeachData    
2026-09-11 11:06:26,780 UTC  45  DEBUG  Roche.LabCore.Diagnose  DataItem Initialization: rSampleTransferPipettor1TeachData    
2026-09-11 11:06:26,780 UTC  45  DEBUG  Roche.LabCore.Diagnose  DataItem Initialization: rSampleTransferPipettor2TeachData    
2026-09-11 11:06:26,780 UTC  45  DEBUG  Roche.LabCore.Diagnose  DataItem Initialization: rReagentSupplyGripperTeachData    
2026-09-11 11:06:26,780 UTC  45  DEBUG  Roche.LabCore.Diagnose  DataItem Initialization: rReagentTransferGripperTeachData    
2026-09-11 11:06:26,780 UTC  45  DEBUG  Roche.LabCore.Diagnose  DataItem Initialization: rReagentTransferPipettor1TeachData    
2026-09-11 11:06:26,780 UTC  45  DEBUG  Roche.LabCore.Diagnose  DataItem Initialization: rReagentTransferPipettor2TeachData    
2026-09-11 11:06:26,780 UTC  45  DEBUG  Roche.LabCore.Diagnose  DataItem Initialization: irLoadCheckSuccessful    
2026-09-11 11:06:26,780 UTC  45  DEBUG  Roche.LabCore.Diagnose  DataItem Initialization: irBulkReagentsLoadedInformation    
2026-09-11 11:06:26,780 UTC  45  DEBUG  Roche.LabCore.Diagnose  DataItem Initialization: rNeedle1BentCheckSuccessful    
2026-09-11 11:06:26,781 UTC  45  DEBUG  Roche.LabCore.Diagnose  DataItem Initialization: rNeedle2BentCheckSuccessful    
2026-09-11 11:06:26,781 UTC  45  DEBUG  Roche.LabCore.Diagnose  DataItem Initialization: rForceSensorCheckSuccessful    
2026-09-11 11:06:26,781 UTC  45  DEBUG  Roche.LabCore.Diagnose  DataItem Initialization: rIsNozzleBent    
2026-09-11 11:06:26,781 UTC  45  DEBUG  Roche.LabCore.Diagnose  DataItem Initialization: rNozzleBentX    
2026-09-11 11:06:26,781 UTC  45  DEBUG  Roche.LabCore.Diagnose  DataItem Initialization: rNozzleBentY    
2026-09-11 11:06:26,781 UTC  45  DEBUG  Roche.LabCore.Diagnose  Starts the execution of:  DSService.NotifyResultChanged (With the following parameters: Roche.LabCore.Diagnose.DTO.TestArgument, Roche.LabCore.Diagnose.DTO.ResultData)    
2026-09-11 11:06:26,782 UTC  45  DEBUG  Roche.LabCore.Diagnose  Ends the execution of:  DSService.NotifyResultChanged (With the following parameters: Roche.LabCore.Diagnose.DTO.TestArgument, Roche.LabCore.Diagnose.DTO.ResultData)    
2026-09-11 11:06:26,782 UTC  45  DEBUG  Roche.LabCore.Diagnose  Starts the execution of:  DSService.NotifyTestInformationChanged (With the following parameters: eaeed237-d4f8-4b6d-bcae-af53ec2bed29, 9d7b55f5-d7a7-4f42-bc39-a74a0d9aa63b, Roche.LabCore.Diagnose.DTO.ProductTreeItemInfo)    
2026-09-11 11:06:26,782 UTC  45  DEBUG  Roche.LabCore.Diagnose  Current Test: [InstrumentTeachCheck]; Current State: [Approve]    
2026-09-11 11:06:26,782 UTC  45  DEBUG  Roche.LabCore.Diagnose  Ends the execution of:  DSService.NotifyTestInformationChanged (With the following parameters: eaeed237-d4f8-4b6d-bcae-af53ec2bed29, 9d7b55f5-d7a7-4f42-bc39-a74a0d9aa63b, Roche.LabCore.Diagnose.DTO.ProductTreeItemInfo)    
2026-09-11 11:06:26,782 UTC  45  DEBUG  Roche.LabCore.Diagnose  State = Passed    
2026-09-11 11:06:26,782 UTC  45  DEBUG  Roche.LabCore.Diagnose  Starts the execution of:  DSService.NotifyInstructionChanged (With the following parameters: Roche.LabCore.Diagnose.DTO.TestArgument, Roche.LabCore.Diagnose.DTO.Instruction)    
2026-09-11 11:06:26,783 UTC  45  DEBUG  Roche.LabCore.Diagnose  Ends the execution of:  DSService.NotifyInstructionChanged (With the following parameters: Roche.LabCore.Diagnose.DTO.TestArgument, Roche.LabCore.Diagnose.DTO.Instruction)    
2026-09-11 11:06:26,783 UTC  45  DEBUG  Roche.LabCore.Diagnose  Starts the execution of:  DSService.ReleaseTestAssembly (With the following parameters: eaeed237-d4f8-4b6d-bcae-af53ec2bed29)    
2026-09-11 11:06:26,783 UTC  45  DEBUG  Roche.LabCore.Diagnose  Starts the execution of:  DSService.NotifyDeviceStateChanged (With the following parameters: eaeed237-d4f8-4b6d-bcae-af53ec2bed29, 9d7b55f5-d7a7-4f42-bc39-a74a0d9aa63b, Disconnected)    
2026-09-11 11:06:26,783 UTC  45  DEBUG  Roche.LabCore.Diagnose  Ends the execution of:  DSService.NotifyDeviceStateChanged (With the following parameters: eaeed237-d4f8-4b6d-bcae-af53ec2bed29, 9d7b55f5-d7a7-4f42-bc39-a74a0d9aa63b, Disconnected)    
2026-09-11 11:06:26,783 UTC  45  DEBUG  Roche.LabCore.Diagnose  Ends the execution of:  DSService.ReleaseTestAssembly (With the following parameters: eaeed237-d4f8-4b6d-bcae-af53ec2bed29)    
2026-09-11 11:06:26,791 UTC  30  DEBUG  Roche.LabCore.Diagnose  Starts the execution of:  DSService.GetResults (With the following parameters: eaeed237-d4f8-4b6d-bcae-af53ec2bed29, 9d7b55f5-d7a7-4f42-bc39-a74a0d9aa63b, 7)    
2026-09-11 11:06:26,791 UTC  30  DEBUG  Roche.LabCore.Diagnose  Starts the execution of:  DSService.NotifyTestInformationChanged (With the following parameters: eaeed237-d4f8-4b6d-bcae-af53ec2bed29, 9d7b55f5-d7a7-4f42-bc39-a74a0d9aa63b, Roche.LabCore.Diagnose.DTO.ProductTreeItemInfo)    
2026-09-11 11:06:26,791 UTC  30  DEBUG  Roche.LabCore.Diagnose  Current Test: [InstrumentTeachCheck]; Current State: [Approve]    
2026-09-11 11:06:26,791 UTC  30  DEBUG  Roche.LabCore.Diagnose  Ends the execution of:  DSService.NotifyTestInformationChanged (With the following parameters: eaeed237-d4f8-4b6d-bcae-af53ec2bed29, 9d7b55f5-d7a7-4f42-bc39-a74a0d9aa63b, Roche.LabCore.Diagnose.DTO.ProductTreeItemInfo)    
2026-09-11 11:06:26,791 UTC  30  DEBUG  Roche.LabCore.Diagnose  Ends the execution of:  DSService.GetResults (With the following parameters: eaeed237-d4f8-4b6d-bcae-af53ec2bed29, 9d7b55f5-d7a7-4f42-bc39-a74a0d9aa63b, 7)    
2026-09-11 11:06:26,794 UTC  45  DEBUG  Roche.LabCore.Diagnose.FileAccess  Save: /app/data/results/c5800/00000000000_00000000000_c5800_cobas5800.CompleteProductCatalog_3429_InstrumentTeachCheck_20260911_110556_Passed.xml    
2026-09-11 11:06:26,795 UTC  45  DEBUG  Roche.LabCore.Diagnose.FileAccess  Delete: /app/data/cache/ds/c5800/00000000000_00000000000_c5800_cobas5800.CompleteProductCatalog_3429_InstrumentTeachCheck_20260911_110556_Passed.xml    
2026-09-11 11:06:26,796 UTC  45  DEBUG  Roche.LabCore.Diagnose.Repository  DataItem Initialization: pWashVolumeOuter    
2026-09-11 11:06:26,796 UTC  45  DEBUG  Roche.LabCore.Diagnose.Repository  Initializing ResultCollection...    
2026-09-11 11:06:26,796 UTC  45  DEBUG  Roche.LabCore.Diagnose.Repository  DataItem Initialization: irPrerequisitesLoaded    
2026-09-11 11:06:26,796 UTC  45  DEBUG  Roche.LabCore.Diagnose.Repository  DataItem Initialization: irPrerequisitesNeeded    
2026-09-11 11:06:26,796 UTC  45  DEBUG  Roche.LabCore.Diagnose.Repository  DataItem Initialization: irPrerequisitesRemove    
2026-09-11 11:06:26,796 UTC  45  DEBUG  Roche.LabCore.Diagnose.Repository  DataItem Initialization: rProcessTransferGripperTeachData    
2026-09-11 11:06:26,796 UTC  45  DEBUG  Roche.LabCore.Diagnose.Repository  DataItem Initialization: rProcessTransferPipettor1TeachData    
2026-09-11 11:06:26,796 UTC  45  DEBUG  Roche.LabCore.Diagnose.Repository  DataItem Initialization: rSampleTransferGripperTeachData    
2026-09-11 11:06:26,796 UTC  45  DEBUG  Roche.LabCore.Diagnose.Repository  DataItem Initialization: rSampleTransferPipettor1TeachData    
2026-09-11 11:06:26,796 UTC  45  DEBUG  Roche.LabCore.Diagnose.Repository  DataItem Initialization: rSampleTransferPipettor2TeachData    
2026-09-11 11:06:26,796 UTC  45  DEBUG  Roche.LabCore.Diagnose.Repository  DataItem Initialization: rReagentSupplyGripperTeachData    
2026-09-11 11:06:26,796 UTC  45  DEBUG  Roche.LabCore.Diagnose.Repository  DataItem Initialization: rReagentTransferGripperTeachData    
2026-09-11 11:06:26,798 UTC  45  DEBUG  Roche.LabCore.Diagnose.Repository  DataItem Initialization: rReagentTransferPipettor1TeachData    
2026-09-11 11:06:26,799 UTC  45  DEBUG  Roche.LabCore.Diagnose.Repository  DataItem Initialization: rReagentTransferPipettor2TeachData    
2026-09-11 11:06:26,799 UTC  45  DEBUG  Roche.LabCore.Diagnose.Repository  DataItem Initialization: irLoadCheckSuccessful    
2026-09-11 11:06:26,799 UTC  45  DEBUG  Roche.LabCore.Diagnose.Repository  DataItem Initialization: irBulkReagentsLoadedInformation    
2026-09-11 11:06:26,799 UTC  45  DEBUG  Roche.LabCore.Diagnose.Repository  DataItem Initialization: rNeedle1BentCheckSuccessful    
2026-09-11 11:06:26,799 UTC  45  DEBUG  Roche.LabCore.Diagnose.Repository  DataItem Initialization: rNeedle2BentCheckSuccessful    
2026-09-11 11:06:26,799 UTC  45  DEBUG  Roche.LabCore.Diagnose.Repository  DataItem Initialization: rForceSensorCheckSuccessful    
2026-09-11 11:06:26,799 UTC  45  DEBUG  Roche.LabCore.Diagnose.Repository  DataItem Initialization: rIsNozzleBent    
2026-09-11 11:06:26,799 UTC  45  DEBUG  Roche.LabCore.Diagnose.Repository  DataItem Initialization: rNozzleBentX    
2026-09-11 11:06:26,799 UTC  45  DEBUG  Roche.LabCore.Diagnose.Repository  DataItem Initialization: rNozzleBentY    
2026-09-11 11:06:26,799 UTC  45  DEBUG  Roche.LabCore.Diagnose.Repository  TestFunction Initialization: InstrumentTeachCheck    
2026-09-11 11:06:26,799 UTC  45  DEBUG  Roche.LabCore.Diagnose.Repository  TestListTestFunctionStep initialization: ConnectInstrument    
2026-09-11 11:06:26,799 UTC  45  DEBUG  Roche.LabCore.Diagnose.Repository  TestListTestFunctionStep initialization: CloseAndLockDoor    
2026-09-11 11:06:26,799 UTC  45  DEBUG  Roche.LabCore.Diagnose.Repository  TestListTestFunctionStep initialization: Initialize    
2026-09-11 11:06:26,799 UTC  45  DEBUG  Roche.LabCore.Diagnose.Repository  TestListTestFunctionStep initialization: Load    
2026-09-11 11:06:26,799 UTC  45  DEBUG  Roche.LabCore.Diagnose.Repository  TestListTestFunctionStep initialization: LoadCheck    
2026-09-11 11:06:26,799 UTC  45  DEBUG  Roche.LabCore.Diagnose.Repository  TestListTestFunctionStep initialization: ConsumablesLoaded    
2026-09-11 11:06:26,799 UTC  45  DEBUG  Roche.LabCore.Diagnose.Repository  TestListTestFunctionStep initialization: BulkReagentsLoadCheck    
2026-09-11 11:06:26,799 UTC  45  DEBUG  Roche.LabCore.Diagnose.Repository  TestListTestFunctionStep initialization: LoadBulkReagents    
2026-09-11 11:06:26,799 UTC  45  DEBUG  Roche.LabCore.Diagnose.Repository  TestListTestFunctionStep initialization: BulkReagentsLoaded    
2026-09-11 11:06:26,799 UTC  45  DEBUG  Roche.LabCore.Diagnose.Repository  TestListTestFunctionStep initialization: STTeachGeneralArea    
2026-09-11 11:06:26,799 UTC  45  DEBUG  Roche.LabCore.Diagnose.Repository  TestListTestFunctionStep initialization: PTTeach    
2026-09-11 11:06:26,799 UTC  45  DEBUG  Roche.LabCore.Diagnose.Repository  TestListTestFunctionStep initialization: DownloadProcessTransferTeachData    
2026-09-11 11:06:26,799 UTC  45  DEBUG  Roche.LabCore.Diagnose.Repository  TestListTestFunctionStep initialization: RTTeachProcessArea    
2026-09-11 11:06:26,800 UTC  45  DEBUG  Roche.LabCore.Diagnose.Repository  TestListTestFunctionStep initialization: PrepareTeachSealerCyclerAndGripper    
2026-09-11 11:06:26,800 UTC  45  DEBUG  Roche.LabCore.Diagnose.Repository  TestListTestFunctionStep initialization: RTTeachSealerCycler    
2026-09-11 11:06:26,800 UTC  45  DEBUG  Roche.LabCore.Diagnose.Repository  TestListTestFunctionStep initialization: STTeachGripperArea    
2026-09-11 11:06:26,800 UTC  45  DEBUG  Roche.LabCore.Diagnose.Repository  TestListTestFunctionStep initialization: CleanupSealerCyclerAndGripperTeach    
2026-09-11 11:06:26,800 UTC  45  DEBUG  Roche.LabCore.Diagnose.Repository  TestListTestFunctionStep initialization: DownloadSampleTransferTeachData    
2026-09-11 11:06:26,800 UTC  45  DEBUG  Roche.LabCore.Diagnose.Repository  TestListTestFunctionStep initialization: TeachReagentSupply    
2026-09-11 11:06:26,800 UTC  45  DEBUG  Roche.LabCore.Diagnose.Repository  TestListTestFunctionStep initialization: DownloadReagentSupplyTeachData    
2026-09-11 11:06:26,800 UTC  45  DEBUG  Roche.LabCore.Diagnose.Repository  TestListTestFunctionStep initialization: RTTeachReagentSupply    
2026-09-11 11:06:26,800 UTC  45  DEBUG  Roche.LabCore.Diagnose.Repository  TestListTestFunctionStep initialization: DownloadReagentTransferTeachData    
2026-09-11 11:06:26,800 UTC  45  DEBUG  Roche.LabCore.Diagnose.Repository  TestListTestFunctionStep initialization: NeedleBentCheck    
2026-09-11 11:06:26,800 UTC  45  DEBUG  Roche.LabCore.Diagnose.Repository  TestListTestFunctionStep initialization: Cleanup    
2026-09-11 11:06:26,801 UTC  45  DEBUG  Roche.LabCore.Diagnose  Starts the execution of:  DSService.NotifyTestInformationChanged (With the following parameters: eaeed237-d4f8-4b6d-bcae-af53ec2bed29, 9d7b55f5-d7a7-4f42-bc39-a74a0d9aa63b, Roche.LabCore.Diagnose.DTO.ProductTreeItemInfo)    
2026-09-11 11:06:26,801 UTC  45  DEBUG  Roche.LabCore.Diagnose  Current Test: [InstrumentTeachCheck]; Current State: [Passed]    
2026-09-11 11:06:26,801 UTC  45  DEBUG  Roche.LabCore.Diagnose  Ends the execution of:  DSService.NotifyTestInformationChanged (With the following parameters: eaeed237-d4f8-4b6d-bcae-af53ec2bed29, 9d7b55f5-d7a7-4f42-bc39-a74a0d9aa63b, Roche.LabCore.Diagnose.DTO.ProductTreeItemInfo)    
2026-09-11 11:06:26,806 UTC  45  DEBUG  Roche.LabCore.Diagnose.FileAccess  Save: /app/data/cache/ds/c5800/00000000000_00000000000_c5800_cobas5800.CompleteProductCatalog_3429.Product.xml    
2026-09-11 11:06:26,807 UTC  45  DEBUG  Roche.LabCore.Diagnose.FileAccess  Save: /app/data/results/c5800/00000000000_00000000000_c5800_cobas5800.CompleteProductCatalog_3429.Product.xml    
2026-09-11 11:06:26,808 UTC  45  DEBUG  Roche.LabCore.Diagnose  Starts the execution of:  DSService.NotifyInstructionChanged (With the following parameters: Roche.LabCore.Diagnose.DTO.TestArgument, Roche.LabCore.Diagnose.DTO.Instruction)    
2026-09-11 11:06:26,808 UTC  45  DEBUG  Roche.LabCore.Diagnose  Ends the execution of:  DSService.NotifyInstructionChanged (With the following parameters: Roche.LabCore.Diagnose.DTO.TestArgument, Roche.LabCore.Diagnose.DTO.Instruction)    
2026-09-11 11:06:26,808 UTC  45  DEBUG  Roche.LabCore.Diagnose  Internal; Current Test: [InstrumentTeachCheck]; Current State: [Failed]    
2026-09-11 11:06:26,823 UTC  30  DEBUG  Roche.LabCore.Diagnose  Starts the execution of:  DSService.GetParameters (With the following parameters: eaeed237-d4f8-4b6d-bcae-af53ec2bed29, 9d7b55f5-d7a7-4f42-bc39-a74a0d9aa63b, 7)    
2026-09-11 11:06:26,823 UTC  30  DEBUG  Roche.LabCore.Diagnose  Starts the execution of:  DSService.NotifyTestInformationChanged (With the following parameters: eaeed237-d4f8-4b6d-bcae-af53ec2bed29, 9d7b55f5-d7a7-4f42-bc39-a74a0d9aa63b, Roche.LabCore.Diagnose.DTO.ProductTreeItemInfo)    
2026-09-11 11:06:26,823 UTC  30  DEBUG  Roche.LabCore.Diagnose  Current Test: [InstrumentTeachCheck]; Current State: [Passed]    
2026-09-11 11:06:26,823 UTC  30  DEBUG  Roche.LabCore.Diagnose  Ends the execution of:  DSService.NotifyTestInformationChanged (With the following parameters: eaeed237-d4f8-4b6d-bcae-af53ec2bed29, 9d7b55f5-d7a7-4f42-bc39-a74a0d9aa63b, Roche.LabCore.Diagnose.DTO.ProductTreeItemInfo)    
2026-09-11 11:06:26,823 UTC  30  DEBUG  Roche.LabCore.Diagnose  Ends the execution of:  DSService.GetParameters (With the following parameters: eaeed237-d4f8-4b6d-bcae-af53ec2bed29, 9d7b55f5-d7a7-4f42-bc39-a74a0d9aa63b, 7)    
2026-09-11 11:06:26,824 UTC  30  DEBUG  Roche.LabCore.Diagnose  Starts the execution of:  DSService.GetResults (With the following parameters: eaeed237-d4f8-4b6d-bcae-af53ec2bed29, 9d7b55f5-d7a7-4f42-bc39-a74a0d9aa63b, 7)    
2026-09-11 11:06:26,824 UTC  30  DEBUG  Roche.LabCore.Diagnose  Starts the execution of:  DSService.NotifyTestInformationChanged (With the following parameters: eaeed237-d4f8-4b6d-bcae-af53ec2bed29, 9d7b55f5-d7a7-4f42-bc39-a74a0d9aa63b, Roche.LabCore.Diagnose.DTO.ProductTreeItemInfo)    
2026-09-11 11:06:26,824 UTC  30  DEBUG  Roche.LabCore.Diagnose  Current Test: [InstrumentTeachCheck]; Current State: [Passed]    
2026-09-11 11:06:26,824 UTC  30  DEBUG  Roche.LabCore.Diagnose  Ends the execution of:  DSService.NotifyTestInformationChanged (With the following parameters: eaeed237-d4f8-4b6d-bcae-af53ec2bed29, 9d7b55f5-d7a7-4f42-bc39-a74a0d9aa63b, Roche.LabCore.Diagnose.DTO.ProductTreeItemInfo)    
2026-09-11 11:06:26,825 UTC  30  DEBUG  Roche.LabCore.Diagnose  Ends the execution of:  DSService.GetResults (With the following parameters: eaeed237-d4f8-4b6d-bcae-af53ec2bed29, 9d7b55f5-d7a7-4f42-bc39-a74a0d9aa63b, 7)    
2026-09-11 11:08:08,313 UTC  1  INFO  Roche.LabCore.Bootstrapping  Prepare starting module ServiceSoftwareModule    
2026-09-11 11:08:08,319 UTC  1  INFO  Roche.LabCore.Bootstrapping  Starting module ServiceSoftwareModule    
2026-09-11 11:08:08,541 UTC  1  INFO  Roche.LabCore.Bootstrapping  Module ServiceSoftwareModule started, elapsed time (in milliseconds): 231.8873    
2026-09-11 11:08:08,545 UTC  1  INFO  Roche.LabCore.Bootstrapping      
2026-09-11 11:08:08,548 UTC  4  INFO  Roche.LabCore.Bootstrapping  Prepare starting module ServiceSoftwareModule    
