{"Counter":"cpu-usage-GPU","Mean":0.004166119794008373,"UnitId":"Roche.C5800.UI","origin":"123","timestamp":"2026-09-23T00:00:13.016Z"}
{"Counter":"working-set-GPU","Mean":122,"UnitId":"Roche.C5800.UI","origin":"123","timestamp":"2026-09-23T00:00:13.016Z"}
{"Counter":"cpu-usage-Tab","Mean":0.03749506190034772,"UnitId":"Roche.C5800.UI","origin":"123","timestamp":"2026-09-23T00:00:13.016Z"}
{"Counter":"working-set-Tab","Mean":384,"UnitId":"Roche.C5800.UI","origin":"123","timestamp":"2026-09-23T00:00:13.016Z"}
{"Counter":"cpu-usage-Browser","Mean":0.004166115073030998,"UnitId":"Roche.C5800.UI","origin":"123","timestamp":"2026-09-23T00:00:13.016Z"}
{"Counter":"working-set-Browser","Mean":192,"UnitId":"Roche.C5800.UI","origin":"123","timestamp":"2026-09-23T00:00:13.016Z"}
{"Counter":"cpu-usage-combined","Mean":0.045827296767387095,"UnitId":"Roche.C5800.UI","origin":"123","timestamp":"2026-09-23T00:00:13.016Z"}
{"Counter":"working-set-combined","Mean":771,"UnitId":"Roche.C5800.UI","origin":"123","timestamp":"2026-09-23T00:00:13.016Z"}
{"Counter":"cpu-usage-GPU","Mean":0,"UnitId":"Roche.C5800.UI","origin":"123","timestamp":"2026-09-23T00:00:43.020Z"}
{"Counter":"working-set-GPU","Mean":122,"UnitId":"Roche.C5800.UI","origin":"123","timestamp":"2026-09-23T00:00:43.020Z"}
{"Counter":"cpu-usage-Tab","Mean":0.0333293382566543,"UnitId":"Roche.C5800.UI","origin":"123","timestamp":"2026-09-23T00:00:43.020Z"}
{"Counter":"working-set-Tab","Mean":384,"UnitId":"Roche.C5800.UI","origin":"123","timestamp":"2026-09-23T00:00:43.020Z"}
{"Counter":"cpu-usage-Browser","Mean":0.012498637648496314,"UnitId":"Roche.C5800.UI","origin":"123","timestamp":"2026-09-23T00:00:43.020Z"}
{"Counter":"working-set-Browser","Mean":192,"UnitId":"Roche.C5800.UI","origin":"123","timestamp":"2026-09-23T00:00:43.020Z"}
{"Counter":"cpu-usage-combined","Mean":0.045827975905150614,"UnitId":"Roche.C5800.UI","origin":"123","timestamp":"2026-09-23T00:00:43.020Z"}
{"Counter":"working-set-combined","Mean":771,"UnitId":"Roche.C5800.UI","origin":"123","timestamp":"2026-09-23T00:00:43.020Z"}
{"Counter":"cpu-usage-GPU","Mean":0.004166264760992723,"UnitId":"Roche.C5800.UI","origin":"123","timestamp":"2026-09-23T00:01:13.023Z"}
{"Counter":"working-set-GPU","Mean":122,"UnitId":"Roche.C5800.UI","origin":"123","timestamp":"2026-09-23T00:01:13.023Z"}
{"Counter":"cpu-usage-Tab","Mean":0.04166241710012245,"UnitId":"Roche.C5800.UI","origin":"123","timestamp":"2026-09-23T00:01:13.023Z"}
{"Counter":"working-set-Tab","Mean":384,"UnitId":"Roche.C5800.UI","origin":"123","timestamp":"2026-09-23T00:01:13.023Z"}
{"Counter":"cpu-usage-Browser","Mean":0.004166217548414948,"UnitId":"Roche.C5800.UI","origin":"123","timestamp":"2026-09-23T00:01:13.023Z"}
{"Counter":"working-set-Browser","Mean":192,"UnitId":"Roche.C5800.UI","origin":"123","timestamp":"2026-09-23T00:01:13.023Z"}
{"Counter":"cpu-usage-combined","Mean":0.04999489940953012,"UnitId":"Roche.C5800.UI","origin":"123","timestamp":"2026-09-23T00:01:13.023Z"}
{"Counter":"working-set-combined","Mean":771,"UnitId":"Roche.C5800.UI","origin":"123","timestamp":"2026-09-23T00:01:13.023Z"}
{"Counter":"cpu-usage-GPU","Mean":0,"UnitId":"Roche.C5800.UI","origin":"123","timestamp":"2026-09-23T00:01:43.024Z"}
{"Counter":"working-set-GPU","Mean":122,"UnitId":"Roche.C5800.UI","origin":"123","timestamp":"2026-09-23T00:01:43.024Z"}
{"Counter":"cpu-usage-Tab","Mean":0.03333262223739227,"UnitId":"Roche.C5800.UI","origin":"123","timestamp":"2026-09-23T00:01:43.024Z"}
{"Counter":"working-set-Tab","Mean":384,"UnitId":"Roche.C5800.UI","origin":"123","timestamp":"2026-09-23T00:01:43.024Z"}
{"Counter":"cpu-usage-Browser","Mean":0.004166622500468162,"UnitId":"Roche.C5800.UI","origin":"123","timestamp":"2026-09-23T00:01:43.024Z"}
{"Counter":"working-set-Browser","Mean":192,"UnitId":"Roche.C5800.UI","origin":"123","timestamp":"2026-09-23T00:01:43.024Z"}
{"Counter":"cpu-usage-combined","Mean":0.037499244737860433,"UnitId":"Roche.C5800.UI","origin":"123","timestamp":"2026-09-23T00:01:43.024Z"}
{"Counter":"working-set-combined","Mean":771,"UnitId":"Roche.C5800.UI","origin":"123","timestamp":"2026-09-23T00:01:43.024Z"}
{"Counter":"cpu-usage-GPU","Mean":0.008333003624156603,"UnitId":"Roche.C5800.UI","origin":"123","timestamp":"2026-09-23T00:02:13.025Z"}
{"Counter":"working-set-GPU","Mean":122,"UnitId":"Roche.C5800.UI","origin":"123","timestamp":"2026-09-23T00:02:13.025Z"}
{"Counter":"cpu-usage-Tab","Mean":0.0374982575809644,"UnitId":"Roche.C5800.UI","origin":"123","timestamp":"2026-09-23T00:02:13.025Z"}
{"Counter":"working-set-Tab","Mean":384,"UnitId":"Roche.C5800.UI","origin":"123","timestamp":"2026-09-23T00:02:13.025Z"}
{"Counter":"cpu-usage-Browser","Mean":0.008332774481924746,"UnitId":"Roche.C5800.UI","origin":"123","timestamp":"2026-09-23T00:02:13.025Z"}
{"Counter":"working-set-Browser","Mean":192,"UnitId":"Roche.C5800.UI","origin":"123","timestamp":"2026-09-23T00:02:13.025Z"}
{"Counter":"cpu-usage-combined","Mean":0.054164035687045746,"UnitId":"Roche.C5800.UI","origin":"123","timestamp":"2026-09-23T00:02:13.025Z"}
{"Counter":"working-set-combined","Mean":771,"UnitId":"Roche.C5800.UI","origin":"123","timestamp":"2026-09-23T00:02:13.025Z"}
{"Counter":"cpu-usage-GPU","Mean":0,"UnitId":"Roche.C5800.UI","origin":"123","timestamp":"2026-09-23T00:02:43.040Z"}
{"Counter":"working-set-GPU","Mean":122,"UnitId":"Roche.C5800.UI","origin":"123","timestamp":"2026-09-23T00:02:43.040Z"}
{"Counter":"cpu-usage-Tab","Mean":0.03331683150668807,"UnitId":"Roche.C5800.UI","origin":"123","timestamp":"2026-09-23T00:02:43.040Z"}
{"Counter":"working-set-Tab","Mean":384,"UnitId":"Roche.C5800.UI","origin":"123","timestamp":"2026-09-23T00:02:43.040Z"}
{"Counter":"cpu-usage-Browser","Mean":0.004164657497068165,"UnitId":"Roche.C5800.UI","origin":"123","timestamp":"2026-09-23T00:02:43.040Z"}
{"Counter":"working-set-Browser","Mean":192,"UnitId":"Roche.C5800.UI","origin":"123","timestamp":"2026-09-23T00:02:43.040Z"}
{"Counter":"cpu-usage-combined","Mean":0.03748148900375624,"UnitId":"Roche.C5800.UI","origin":"123","timestamp":"2026-09-23T00:02:43.040Z"}
{"Counter":"working-set-combined","Mean":771,"UnitId":"Roche.C5800.UI","origin":"123","timestamp":"2026-09-23T00:02:43.040Z"}
{"Counter":"cpu-usage-GPU","Mean":0.004164965972228007,"UnitId":"Roche.C5800.UI","origin":"123","timestamp":"2026-09-23T00:03:13.052Z"}
{"Counter":"working-set-GPU","Mean":122,"UnitId":"Roche.C5800.UI","origin":"123","timestamp":"2026-09-23T00:03:13.052Z"}
{"Counter":"cpu-usage-Tab","Mean":0.037484731219483265,"UnitId":"Roche.C5800.UI","origin":"123","timestamp":"2026-09-23T00:03:13.052Z"}
{"Counter":"working-set-Tab","Mean":384,"UnitId":"Roche.C5800.UI","origin":"123","timestamp":"2026-09-23T00:03:13.052Z"}
{"Counter":"cpu-usage-Browser","Mean":0.008329945822032373,"UnitId":"Roche.C5800.UI","origin":"123","timestamp":"2026-09-23T00:03:13.052Z"}
{"Counter":"working-set-Browser","Mean":192,"UnitId":"Roche.C5800.UI","origin":"123","timestamp":"2026-09-23T00:03:13.052Z"}
{"Counter":"cpu-usage-combined","Mean":0.05414461481455217,"UnitId":"Roche.C5800.UI","origin":"123","timestamp":"2026-09-23T00:03:13.052Z"}
{"Counter":"working-set-combined","Mean":771,"UnitId":"Roche.C5800.UI","origin":"123","timestamp":"2026-09-23T00:03:13.052Z"}
{"Counter":"cpu-usage-GPU","Mean":0,"UnitId":"Roche.C5800.UI","origin":"123","timestamp":"2026-09-23T00:03:43.064Z"}
{"Counter":"working-set-GPU","Mean":122,"UnitId":"Roche.C5800.UI","origin":"123","timestamp":"2026-09-23T00:03:43.064Z"}
{"Counter":"cpu-usage-Tab","Mean":0.03332001532320865,"UnitId":"Roche.C5800.UI","origin":"123","timestamp":"2026-09-23T00:03:43.064Z"}
{"Counter":"working-set-Tab","Mean":384,"UnitId":"Roche.C5800.UI","origin":"123","timestamp":"2026-09-23T00:03:43.064Z"}
{"Counter":"cpu-usage-Browser","Mean":0.008330001332800213,"UnitId":"Roche.C5800.UI","origin":"123","timestamp":"2026-09-23T00:03:43.064Z"}
{"Counter":"working-set-Browser","Mean":192,"UnitId":"Roche.C5800.UI","origin":"123","timestamp":"2026-09-23T00:03:43.064Z"}
{"Counter":"cpu-usage-combined","Mean":0.04165001665600886,"UnitId":"Roche.C5800.UI","origin":"123","timestamp":"2026-09-23T00:03:43.064Z"}
{"Counter":"working-set-combined","Mean":771,"UnitId":"Roche.C5800.UI","origin":"123","timestamp":"2026-09-23T00:03:43.064Z"}
{"Counter":"cpu-usage-GPU","Mean":0.004165148053686293,"UnitId":"Roche.C5800.UI","origin":"123","timestamp":"2026-09-23T00:04:13.075Z"}
{"Counter":"working-set-GPU","Mean":122,"UnitId":"Roche.C5800.UI","origin":"123","timestamp":"2026-09-23T00:04:13.075Z"}
{"Counter":"cpu-usage-Tab","Mean":0.0374862450471507,"UnitId":"Roche.C5800.UI","origin":"123","timestamp":"2026-09-23T00:04:13.075Z"}
{"Counter":"working-set-Tab","Mean":385,"UnitId":"Roche.C5800.UI","origin":"123","timestamp":"2026-09-23T00:04:13.075Z"}
{"Counter":"cpu-usage-Browser","Mean":0.004165138477359324,"UnitId":"Roche.C5800.UI","origin":"123","timestamp":"2026-09-23T00:04:13.075Z"}
{"Counter":"working-set-Browser","Mean":192,"UnitId":"Roche.C5800.UI","origin":"123","timestamp":"2026-09-23T00:04:13.075Z"}
{"Counter":"cpu-usage-combined","Mean":0.04581653157819632,"UnitId":"Roche.C5800.UI","origin":"123","timestamp":"2026-09-23T00:04:13.075Z"}
{"Counter":"working-set-combined","Mean":772,"UnitId":"Roche.C5800.UI","origin":"123","timestamp":"2026-09-23T00:04:13.075Z"}
{"Counter":"cpu-usage-GPU","Mean":0,"UnitId":"Roche.C5800.UI","origin":"123","timestamp":"2026-09-23T00:04:43.082Z"}
{"Counter":"working-set-GPU","Mean":122,"UnitId":"Roche.C5800.UI","origin":"123","timestamp":"2026-09-23T00:04:43.082Z"}
{"Counter":"cpu-usage-Tab","Mean":0.03749140197181446,"UnitId":"Roche.C5800.UI","origin":"123","timestamp":"2026-09-23T00:04:43.082Z"}
{"Counter":"working-set-Tab","Mean":384,"UnitId":"Roche.C5800.UI","origin":"123","timestamp":"2026-09-23T00:04:43.082Z"}
{"Counter":"cpu-usage-Browser","Mean":0.008331470971855425,"UnitId":"Roche.C5800.UI","origin":"123","timestamp":"2026-09-23T00:04:43.082Z"}
{"Counter":"working-set-Browser","Mean":192,"UnitId":"Roche.C5800.UI","origin":"123","timestamp":"2026-09-23T00:04:43.082Z"}
{"Counter":"cpu-usage-combined","Mean":0.045822872943669886,"UnitId":"Roche.C5800.UI","origin":"123","timestamp":"2026-09-23T00:04:43.082Z"}
{"Counter":"working-set-combined","Mean":771,"UnitId":"Roche.C5800.UI","origin":"123","timestamp":"2026-09-23T00:04:43.082Z"}
{"Counter":"cpu-usage-GPU","Mean":0.008330529554769516,"UnitId":"Roche.C5800.UI","origin":"123","timestamp":"2026-09-23T00:05:13.092Z"}
{"Counter":"working-set-GPU","Mean":122,"UnitId":"Roche.C5800.UI","origin":"123","timestamp":"2026-09-23T00:05:13.092Z"}
{"Counter":"cpu-usage-Tab","Mean":0.0416522577622981,"UnitId":"Roche.C5800.UI","origin":"123","timestamp":"2026-09-23T00:05:13.092Z"}
{"Counter":"working-set-Tab","Mean":384,"UnitId":"Roche.C5800.UI","origin":"123","timestamp":"2026-09-23T00:05:13.092Z"}
{"Counter":"cpu-usage-Browser","Mean":0.008330331082011377,"UnitId":"Roche.C5800.UI","origin":"123","timestamp":"2026-09-23T00:05:13.092Z"}
{"Counter":"working-set-Browser","Mean":192,"UnitId":"Roche.C5800.UI","origin":"123","timestamp":"2026-09-23T00:05:13.092Z"}
{"Counter":"cpu-usage-combined","Mean":0.05831311839907899,"UnitId":"Roche.C5800.UI","origin":"123","timestamp":"2026-09-23T00:05:13.092Z"}
{"Counter":"working-set-combined","Mean":771,"UnitId":"Roche.C5800.UI","origin":"123","timestamp":"2026-09-23T00:05:13.092Z"}
{"Counter":"cpu-usage-GPU","Mean":0,"UnitId":"Roche.C5800.UI","origin":"123","timestamp":"2026-09-23T00:05:43.100Z"}
{"Counter":"working-set-GPU","Mean":122,"UnitId":"Roche.C5800.UI","origin":"123","timestamp":"2026-09-23T00:05:43.100Z"}
{"Counter":"cpu-usage-Tab","Mean":0.03332514978738388,"UnitId":"Roche.C5800.UI","origin":"123","timestamp":"2026-09-23T00:05:43.100Z"}
{"Counter":"working-set-Tab","Mean":385,"UnitId":"Roche.C5800.UI","origin":"123","timestamp":"2026-09-23T00:05:43.100Z"}
{"Counter":"cpu-usage-Browser","Mean":0.00833135463660714,"UnitId":"Roche.C5800.UI","origin":"123","timestamp":"2026-09-23T00:05:43.100Z"}
{"Counter":"working-set-Browser","Mean":192,"UnitId":"Roche.C5800.UI","origin":"123","timestamp":"2026-09-23T00:05:43.100Z"}
{"Counter":"cpu-usage-combined","Mean":0.04165650442399102,"UnitId":"Roche.C5800.UI","origin":"123","timestamp":"2026-09-23T00:05:43.100Z"}
{"Counter":"working-set-combined","Mean":772,"UnitId":"Roche.C5800.UI","origin":"123","timestamp":"2026-09-23T00:05:43.100Z"}
{"Counter":"cpu-usage-GPU","Mean":0.004165799486073649,"UnitId":"Roche.C5800.UI","origin":"123","timestamp":"2026-09-23T00:06:13.106Z"}
{"Counter":"working-set-GPU","Mean":122,"UnitId":"Roche.C5800.UI","origin":"123","timestamp":"2026-09-23T00:06:13.106Z"}
{"Counter":"cpu-usage-Tab","Mean":0.04165800735553769,"UnitId":"Roche.C5800.UI","origin":"123","timestamp":"2026-09-23T00:06:13.106Z"}
{"Counter":"working-set-Tab","Mean":385,"UnitId":"Roche.C5800.UI","origin":"123","timestamp":"2026-09-23T00:06:13.106Z"}
{"Counter":"cpu-usage-Browser","Mean":0.004165786297162533,"UnitId":"Roche.C5800.UI","origin":"123","timestamp":"2026-09-23T00:06:13.106Z"}
{"Counter":"working-set-Browser","Mean":192,"UnitId":"Roche.C5800.UI","origin":"123","timestamp":"2026-09-23T00:06:13.106Z"}
{"Counter":"cpu-usage-combined","Mean":0.04998959313877388,"UnitId":"Roche.C5800.UI","origin":"123","timestamp":"2026-09-23T00:06:13.106Z"}
{"Counter":"working-set-combined","Mean":772,"UnitId":"Roche.C5800.UI","origin":"123","timestamp":"2026-09-23T00:06:13.106Z"}
{"Counter":"cpu-usage-GPU","Mean":0,"UnitId":"Roche.C5800.UI","origin":"123","timestamp":"2026-09-23T00:06:43.112Z"}
{"Counter":"working-set-GPU","Mean":122,"UnitId":"Roche.C5800.UI","origin":"123","timestamp":"2026-09-23T00:06:43.112Z"}
{"Counter":"cpu-usage-Tab","Mean":0.02916105122023669,"UnitId":"Roche.C5800.UI","origin":"123","timestamp":"2026-09-23T00:06:43.112Z"}
{"Counter":"working-set-Tab","Mean":385,"UnitId":"Roche.C5800.UI","origin":"123","timestamp":"2026-09-23T00:06:43.112Z"}
{"Counter":"cpu-usage-Browser","Mean":0.004165881953369384,"UnitId":"Roche.C5800.UI","origin":"123","timestamp":"2026-09-23T00:06:43.112Z"}
{"Counter":"working-set-Browser","Mean":192,"UnitId":"Roche.C5800.UI","origin":"123","timestamp":"2026-09-23T00:06:43.112Z"}
{"Counter":"cpu-usage-combined","Mean":0.03749281235024572,"UnitId":"Roche.C5800.UI","origin":"123","timestamp":"2026-09-23T00:06:43.112Z"}
{"Counter":"working-set-combined","Mean":772,"UnitId":"Roche.C5800.UI","origin":"123","timestamp":"2026-09-23T00:06:43.112Z"}
{"Counter":"cpu-usage-GPU","Mean":0.008332109901862743,"UnitId":"Roche.C5800.UI","origin":"123","timestamp":"2026-09-23T00:07:13.116Z"}
{"Counter":"working-set-GPU","Mean":122,"UnitId":"Roche.C5800.UI","origin":"123","timestamp":"2026-09-23T00:07:13.116Z"}
{"Counter":"cpu-usage-Tab","Mean":0.04166056617109368,"UnitId":"Roche.C5800.UI","origin":"123","timestamp":"2026-09-23T00:07:13.116Z"}
{"Counter":"working-set-Tab","Mean":384,"UnitId":"Roche.C5800.UI","origin":"123","timestamp":"2026-09-23T00:07:13.116Z"}
{"Counter":"cpu-usage-Browser","Mean":0.008332133506108454,"UnitId":"Roche.C5800.UI","origin":"123","timestamp":"2026-09-23T00:07:13.116Z"}
{"Counter":"working-set-Browser","Mean":192,"UnitId":"Roche.C5800.UI","origin":"123","timestamp":"2026-09-23T00:07:13.116Z"}
{"Counter":"cpu-usage-combined","Mean":0.05832480957906487,"UnitId":"Roche.C5800.UI","origin":"123","timestamp":"2026-09-23T00:07:13.116Z"}
{"Counter":"working-set-combined","Mean":771,"UnitId":"Roche.C5800.UI","origin":"123","timestamp":"2026-09-23T00:07:13.116Z"}
{"Counter":"cpu-usage-GPU","Mean":0,"UnitId":"Roche.C5800.UI","origin":"123","timestamp":"2026-09-23T00:07:43.120Z"}
{"Counter":"working-set-GPU","Mean":122,"UnitId":"Roche.C5800.UI","origin":"123","timestamp":"2026-09-23T00:07:43.120Z"}
{"Counter":"cpu-usage-Tab","Mean":0.03749495442896567,"UnitId":"Roche.C5800.UI","origin":"123","timestamp":"2026-09-23T00:07:43.120Z"}
{"Counter":"working-set-Tab","Mean":384,"UnitId":"Roche.C5800.UI","origin":"123","timestamp":"2026-09-23T00:07:43.120Z"}
{"Counter":"cpu-usage-Browser","Mean":0.004166100771311897,"UnitId":"Roche.C5800.UI","origin":"123","timestamp":"2026-09-23T00:07:43.120Z"}
{"Counter":"working-set-Browser","Mean":192,"UnitId":"Roche.C5800.UI","origin":"123","timestamp":"2026-09-23T00:07:43.120Z"}
{"Counter":"cpu-usage-combined","Mean":0.04582715888746597,"UnitId":"Roche.C5800.UI","origin":"123","timestamp":"2026-09-23T00:07:43.120Z"}
{"Counter":"working-set-combined","Mean":771,"UnitId":"Roche.C5800.UI","origin":"123","timestamp":"2026-09-23T00:07:43.120Z"}
{"Counter":"cpu-usage-GPU","Mean":0.004165970116463194,"UnitId":"Roche.C5800.UI","origin":"123","timestamp":"2026-09-23T00:08:13.125Z"}
{"Counter":"working-set-GPU","Mean":122,"UnitId":"Roche.C5800.UI","origin":"123","timestamp":"2026-09-23T00:08:13.125Z"}
{"Counter":"cpu-usage-Tab","Mean":0.04165952900069788,"UnitId":"Roche.C5800.UI","origin":"123","timestamp":"2026-09-23T00:08:13.125Z"}
{"Counter":"working-set-Tab","Mean":385,"UnitId":"Roche.C5800.UI","origin":"123","timestamp":"2026-09-23T00:08:13.125Z"}
{"Counter":"cpu-usage-Browser","Mean":0.012497712085507547,"UnitId":"Roche.C5800.UI","origin":"123","timestamp":"2026-09-23T00:08:13.125Z"}
{"Counter":"working-set-Browser","Mean":192,"UnitId":"Roche.C5800.UI","origin":"123","timestamp":"2026-09-23T00:08:13.125Z"}
{"Counter":"cpu-usage-combined","Mean":0.05832321120266862,"UnitId":"Roche.C5800.UI","origin":"123","timestamp":"2026-09-23T00:08:13.125Z"}
{"Counter":"working-set-combined","Mean":772,"UnitId":"Roche.C5800.UI","origin":"123","timestamp":"2026-09-23T00:08:13.125Z"}
{"Counter":"cpu-usage-GPU","Mean":0,"UnitId":"Roche.C5800.UI","origin":"123","timestamp":"2026-09-23T00:08:43.128Z"}
{"Counter":"working-set-GPU","Mean":122,"UnitId":"Roche.C5800.UI","origin":"123","timestamp":"2026-09-23T00:08:43.128Z"}
{"Counter":"cpu-usage-Tab","Mean":0.0374959754319703,"UnitId":"Roche.C5800.UI","origin":"123","timestamp":"2026-09-23T00:08:43.128Z"}
{"Counter":"working-set-Tab","Mean":384,"UnitId":"Roche.C5800.UI","origin":"123","timestamp":"2026-09-23T00:08:43.128Z"}
{"Counter":"cpu-usage-Browser","Mean":0.00833243870716414,"UnitId":"Roche.C5800.UI","origin":"123","timestamp":"2026-09-23T00:08:43.128Z"}
{"Counter":"working-set-Browser","Mean":192,"UnitId":"Roche.C5800.UI","origin":"123","timestamp":"2026-09-23T00:08:43.128Z"}
{"Counter":"cpu-usage-combined","Mean":0.04582841413913444,"UnitId":"Roche.C5800.UI","origin":"123","timestamp":"2026-09-23T00:08:43.128Z"}
{"Counter":"working-set-combined","Mean":771,"UnitId":"Roche.C5800.UI","origin":"123","timestamp":"2026-09-23T00:08:43.128Z"}
{"Counter":"cpu-usage-GPU","Mean":0.00833272893272808,"UnitId":"Roche.C5800.UI","origin":"123","timestamp":"2026-09-23T00:09:13.131Z"}
{"Counter":"working-set-GPU","Mean":122,"UnitId":"Roche.C5800.UI","origin":"123","timestamp":"2026-09-23T00:09:13.131Z"}
{"Counter":"cpu-usage-Tab","Mean":0.04166349190858323,"UnitId":"Roche.C5800.UI","origin":"123","timestamp":"2026-09-23T00:09:13.131Z"}
{"Counter":"working-set-Tab","Mean":384,"UnitId":"Roche.C5800.UI","origin":"123","timestamp":"2026-09-23T00:09:13.131Z"}
{"Counter":"cpu-usage-Browser","Mean":0.004166357522938465,"UnitId":"Roche.C5800.UI","origin":"123","timestamp":"2026-09-23T00:09:13.131Z"}
{"Counter":"working-set-Browser","Mean":192,"UnitId":"Roche.C5800.UI","origin":"123","timestamp":"2026-09-23T00:09:13.131Z"}
{"Counter":"cpu-usage-combined","Mean":0.05416257836424978,"UnitId":"Roche.C5800.UI","origin":"123","timestamp":"2026-09-23T00:09:13.131Z"}
{"Counter":"working-set-combined","Mean":771,"UnitId":"Roche.C5800.UI","origin":"123","timestamp":"2026-09-23T00:09:13.131Z"}
{"Counter":"cpu-usage-GPU","Mean":0,"UnitId":"Roche.C5800.UI","origin":"123","timestamp":"2026-09-23T00:09:43.132Z"}
{"Counter":"working-set-GPU","Mean":122,"UnitId":"Roche.C5800.UI","origin":"123","timestamp":"2026-09-23T00:09:43.132Z"}
{"Counter":"cpu-usage-Tab","Mean":0.03333228558848967,"UnitId":"Roche.C5800.UI","origin":"123","timestamp":"2026-09-23T00:09:43.132Z"}
{"Counter":"working-set-Tab","Mean":385,"UnitId":"Roche.C5800.UI","origin":"123","timestamp":"2026-09-23T00:09:43.132Z"}
{"Counter":"cpu-usage-Browser","Mean":0.008333142226604936,"UnitId":"Roche.C5800.UI","origin":"123","timestamp":"2026-09-23T00:09:43.132Z"}
{"Counter":"working-set-Browser","Mean":192,"UnitId":"Roche.C5800.UI","origin":"123","timestamp":"2026-09-23T00:09:43.132Z"}
{"Counter":"cpu-usage-combined","Mean":0.04166542781509461,"UnitId":"Roche.C5800.UI","origin":"123","timestamp":"2026-09-23T00:09:43.132Z"}
{"Counter":"working-set-combined","Mean":772,"UnitId":"Roche.C5800.UI","origin":"123","timestamp":"2026-09-23T00:09:43.132Z"}
{"Counter":"cpu-usage-GPU","Mean":0.00833310695059451,"UnitId":"Roche.C5800.UI","origin":"123","timestamp":"2026-09-23T00:10:13.133Z"}
{"Counter":"working-set-GPU","Mean":122,"UnitId":"Roche.C5800.UI","origin":"123","timestamp":"2026-09-23T00:10:13.133Z"}
{"Counter":"cpu-usage-Tab","Mean":0.04583212642067092,"UnitId":"Roche.C5800.UI","origin":"123","timestamp":"2026-09-23T00:10:13.133Z"}
{"Counter":"working-set-Tab","Mean":385,"UnitId":"Roche.C5800.UI","origin":"123","timestamp":"2026-09-23T00:10:13.133Z"}
{"Counter":"cpu-usage-Browser","Mean":0.004166557225096888,"UnitId":"Roche.C5800.UI","origin":"123","timestamp":"2026-09-23T00:10:13.133Z"}
{"Counter":"working-set-Browser","Mean":192,"UnitId":"Roche.C5800.UI","origin":"123","timestamp":"2026-09-23T00:10:13.133Z"}
{"Counter":"cpu-usage-combined","Mean":0.058331790596362315,"UnitId":"Roche.C5800.UI","origin":"123","timestamp":"2026-09-23T00:10:13.133Z"}
{"Counter":"working-set-combined","Mean":772,"UnitId":"Roche.C5800.UI","origin":"123","timestamp":"2026-09-23T00:10:13.133Z"}
{"Counter":"cpu-usage-GPU","Mean":0,"UnitId":"Roche.C5800.UI","origin":"123","timestamp":"2026-09-23T00:10:43.139Z"}
{"Counter":"working-set-GPU","Mean":122,"UnitId":"Roche.C5800.UI","origin":"123","timestamp":"2026-09-23T00:10:43.139Z"}
{"Counter":"cpu-usage-Tab","Mean":0.03332690568412372,"UnitId":"Roche.C5800.UI","origin":"123","timestamp":"2026-09-23T00:10:43.139Z"}
{"Counter":"working-set-Tab","Mean":384,"UnitId":"Roche.C5800.UI","origin":"123","timestamp":"2026-09-23T00:10:43.139Z"}
{"Counter":"cpu-usage-Browser","Mean":0.00833177640204967,"UnitId":"Roche.C5800.UI","origin":"123","timestamp":"2026-09-23T00:10:43.139Z"}
{"Counter":"working-set-Browser","Mean":192,"UnitId":"Roche.C5800.UI","origin":"123","timestamp":"2026-09-23T00:10:43.139Z"}
{"Counter":"cpu-usage-combined","Mean":0.04582455445984081,"UnitId":"Roche.C5800.UI","origin":"123","timestamp":"2026-09-23T00:10:43.139Z"}
{"Counter":"working-set-combined","Mean":771,"UnitId":"Roche.C5800.UI","origin":"123","timestamp":"2026-09-23T00:10:43.139Z"}
{"Counter":"cpu-usage-GPU","Mean":0.008329662451091138,"UnitId":"Roche.C5800.UI","origin":"123","timestamp":"2026-09-23T00:11:13.152Z"}
{"Counter":"working-set-GPU","Mean":122,"UnitId":"Roche.C5800.UI","origin":"123","timestamp":"2026-09-23T00:11:13.152Z"}
{"Counter":"cpu-usage-Tab","Mean":0.04164812908441119,"UnitId":"Roche.C5800.UI","origin":"123","timestamp":"2026-09-23T00:11:13.152Z"}
{"Counter":"working-set-Tab","Mean":385,"UnitId":"Roche.C5800.UI","origin":"123","timestamp":"2026-09-23T00:11:13.152Z"}
{"Counter":"cpu-usage-Browser","Mean":0.00832957475155294,"UnitId":"Roche.C5800.UI","origin":"123","timestamp":"2026-09-23T00:11:13.152Z"}
{"Counter":"working-set-Browser","Mean":192,"UnitId":"Roche.C5800.UI","origin":"123","timestamp":"2026-09-23T00:11:13.152Z"}
{"Counter":"cpu-usage-combined","Mean":0.05830736628705527,"UnitId":"Roche.C5800.UI","origin":"123","timestamp":"2026-09-23T00:11:13.152Z"}
{"Counter":"working-set-combined","Mean":772,"UnitId":"Roche.C5800.UI","origin":"123","timestamp":"2026-09-23T00:11:13.152Z"}
{"Counter":"cpu-usage-GPU","Mean":0,"UnitId":"Roche.C5800.UI","origin":"123","timestamp":"2026-09-23T00:11:43.163Z"}
{"Counter":"working-set-GPU","Mean":122,"UnitId":"Roche.C5800.UI","origin":"123","timestamp":"2026-09-23T00:11:43.163Z"}
{"Counter":"cpu-usage-Tab","Mean":0.03748636995588404,"UnitId":"Roche.C5800.UI","origin":"123","timestamp":"2026-09-23T00:11:43.163Z"}
{"Counter":"working-set-Tab","Mean":385,"UnitId":"Roche.C5800.UI","origin":"123","timestamp":"2026-09-23T00:11:43.163Z"}
{"Counter":"cpu-usage-Browser","Mean":0.004165150413077959,"UnitId":"Roche.C5800.UI","origin":"123","timestamp":"2026-09-23T00:11:43.163Z"}
{"Counter":"working-set-Browser","Mean":192,"UnitId":"Roche.C5800.UI","origin":"123","timestamp":"2026-09-23T00:11:43.163Z"}
{"Counter":"cpu-usage-combined","Mean":0.041651520368962,"UnitId":"Roche.C5800.UI","origin":"123","timestamp":"2026-09-23T00:11:43.163Z"}
{"Counter":"working-set-combined","Mean":772,"UnitId":"Roche.C5800.UI","origin":"123","timestamp":"2026-09-23T00:11:43.163Z"}
{"Counter":"cpu-usage-GPU","Mean":0.004165195797190819,"UnitId":"Roche.C5800.UI","origin":"123","timestamp":"2026-09-23T00:12:13.173Z"}
{"Counter":"working-set-GPU","Mean":122,"UnitId":"Roche.C5800.UI","origin":"123","timestamp":"2026-09-23T00:12:13.173Z"}
{"Counter":"cpu-usage-Tab","Mean":0.03748665100357763,"UnitId":"Roche.C5800.UI","origin":"123","timestamp":"2026-09-23T00:12:13.173Z"}
{"Counter":"working-set-Tab","Mean":385,"UnitId":"Roche.C5800.UI","origin":"123","timestamp":"2026-09-23T00:12:13.173Z"}
{"Counter":"cpu-usage-Browser","Mean":0.008330280008034388,"UnitId":"Roche.C5800.UI","origin":"123","timestamp":"2026-09-23T00:12:13.173Z"}
{"Counter":"working-set-Browser","Mean":192,"UnitId":"Roche.C5800.UI","origin":"123","timestamp":"2026-09-23T00:12:13.173Z"}
{"Counter":"cpu-usage-combined","Mean":0.04998212680880283,"UnitId":"Roche.C5800.UI","origin":"123","timestamp":"2026-09-23T00:12:13.173Z"}
{"Counter":"working-set-combined","Mean":772,"UnitId":"Roche.C5800.UI","origin":"123","timestamp":"2026-09-23T00:12:13.173Z"}
{"Counter":"cpu-usage-GPU","Mean":0,"UnitId":"Roche.C5800.UI","origin":"123","timestamp":"2026-09-23T00:12:43.184Z"}
{"Counter":"working-set-GPU","Mean":122,"UnitId":"Roche.C5800.UI","origin":"123","timestamp":"2026-09-23T00:12:43.184Z"}
{"Counter":"cpu-usage-Tab","Mean":0.037486332483176635,"UnitId":"Roche.C5800.UI","origin":"123","timestamp":"2026-09-23T00:12:43.184Z"}
{"Counter":"working-set-Tab","Mean":384,"UnitId":"Roche.C5800.UI","origin":"123","timestamp":"2026-09-23T00:12:43.184Z"}
{"Counter":"cpu-usage-Browser","Mean":0,"UnitId":"Roche.C5800.UI","origin":"123","timestamp":"2026-09-23T00:12:43.184Z"}
{"Counter":"working-set-Browser","Mean":192,"UnitId":"Roche.C5800.UI","origin":"123","timestamp":"2026-09-23T00:12:43.184Z"}
{"Counter":"cpu-usage-combined","Mean":0.037486332483176635,"UnitId":"Roche.C5800.UI","origin":"123","timestamp":"2026-09-23T00:12:43.184Z"}
{"Counter":"working-set-combined","Mean":771,"UnitId":"Roche.C5800.UI","origin":"123","timestamp":"2026-09-23T00:12:43.184Z"}
{"Counter":"cpu-usage-GPU","Mean":0.0083305578691366,"UnitId":"Roche.C5800.UI","origin":"123","timestamp":"2026-09-23T00:13:13.194Z"}
{"Counter":"working-set-GPU","Mean":122,"UnitId":"Roche.C5800.UI","origin":"123","timestamp":"2026-09-23T00:13:13.194Z"}
{"Counter":"cpu-usage-Tab","Mean":0.03332236472161247,"UnitId":"Roche.C5800.UI","origin":"123","timestamp":"2026-09-23T00:13:13.194Z"}
{"Counter":"working-set-Tab","Mean":384,"UnitId":"Roche.C5800.UI","origin":"123","timestamp":"2026-09-23T00:13:13.194Z"}
{"Counter":"cpu-usage-Browser","Mean":0.008330635595839547,"UnitId":"Roche.C5800.UI","origin":"123","timestamp":"2026-09-23T00:13:13.194Z"}
{"Counter":"working-set-Browser","Mean":192,"UnitId":"Roche.C5800.UI","origin":"123","timestamp":"2026-09-23T00:13:13.194Z"}
{"Counter":"cpu-usage-combined","Mean":0.04998355818658862,"UnitId":"Roche.C5800.UI","origin":"123","timestamp":"2026-09-23T00:13:13.194Z"}
{"Counter":"working-set-combined","Mean":771,"UnitId":"Roche.C5800.UI","origin":"123","timestamp":"2026-09-23T00:13:13.194Z"}
{"Counter":"cpu-usage-GPU","Mean":0,"UnitId":"Roche.C5800.UI","origin":"123","timestamp":"2026-09-23T00:13:43.200Z"}
{"Counter":"working-set-GPU","Mean":122,"UnitId":"Roche.C5800.UI","origin":"123","timestamp":"2026-09-23T00:13:43.200Z"}
{"Counter":"cpu-usage-Tab","Mean":0.03332603159980981,"UnitId":"Roche.C5800.UI","origin":"123","timestamp":"2026-09-23T00:13:43.200Z"}
{"Counter":"working-set-Tab","Mean":385,"UnitId":"Roche.C5800.UI","origin":"123","timestamp":"2026-09-23T00:13:43.200Z"}
{"Counter":"cpu-usage-Browser","Mean":0.004165701473635226,"UnitId":"Roche.C5800.UI","origin":"123","timestamp":"2026-09-23T00:13:43.200Z"}
{"Counter":"working-set-Browser","Mean":192,"UnitId":"Roche.C5800.UI","origin":"123","timestamp":"2026-09-23T00:13:43.200Z"}
{"Counter":"cpu-usage-combined","Mean":0.03749173307344504,"UnitId":"Roche.C5800.UI","origin":"123","timestamp":"2026-09-23T00:13:43.200Z"}
{"Counter":"working-set-combined","Mean":772,"UnitId":"Roche.C5800.UI","origin":"123","timestamp":"2026-09-23T00:13:43.200Z"}
{"Counter":"cpu-usage-GPU","Mean":0.004165748813344793,"UnitId":"Roche.C5800.UI","origin":"123","timestamp":"2026-09-23T00:14:13.207Z"}
{"Counter":"working-set-GPU","Mean":122,"UnitId":"Roche.C5800.UI","origin":"123","timestamp":"2026-09-23T00:14:13.207Z"}
{"Counter":"cpu-usage-Tab","Mean":0.04165763667962241,"UnitId":"Roche.C5800.UI","origin":"123","timestamp":"2026-09-23T00:14:13.207Z"}
{"Counter":"working-set-Tab","Mean":385,"UnitId":"Roche.C5800.UI","origin":"123","timestamp":"2026-09-23T00:14:13.207Z"}
{"Counter":"cpu-usage-Browser","Mean":0.012497378050085092,"UnitId":"Roche.C5800.UI","origin":"123","timestamp":"2026-09-23T00:14:13.207Z"}
{"Counter":"working-set-Browser","Mean":192,"UnitId":"Roche.C5800.UI","origin":"123","timestamp":"2026-09-23T00:14:13.207Z"}
{"Counter":"cpu-usage-combined","Mean":0.06248654262105674,"UnitId":"Roche.C5800.UI","origin":"123","timestamp":"2026-09-23T00:14:13.207Z"}
{"Counter":"working-set-combined","Mean":772,"UnitId":"Roche.C5800.UI","origin":"123","timestamp":"2026-09-23T00:14:13.207Z"}
{"Counter":"cpu-usage-GPU","Mean":0,"UnitId":"Roche.C5800.UI","origin":"123","timestamp":"2026-09-23T00:14:43.213Z"}
{"Counter":"working-set-GPU","Mean":122,"UnitId":"Roche.C5800.UI","origin":"123","timestamp":"2026-09-23T00:14:43.213Z"}
{"Counter":"cpu-usage-Tab","Mean":0.033327113383072274,"UnitId":"Roche.C5800.UI","origin":"123","timestamp":"2026-09-23T00:14:43.213Z"}
{"Counter":"working-set-Tab","Mean":385,"UnitId":"Roche.C5800.UI","origin":"123","timestamp":"2026-09-23T00:14:43.213Z"}
{"Counter":"cpu-usage-Browser","Mean":0.004165882786389028,"UnitId":"Roche.C5800.UI","origin":"123","timestamp":"2026-09-23T00:14:43.213Z"}
{"Counter":"working-set-Browser","Mean":192,"UnitId":"Roche.C5800.UI","origin":"123","timestamp":"2026-09-23T00:14:43.213Z"}
{"Counter":"cpu-usage-combined","Mean":0.0374929961694613,"UnitId":"Roche.C5800.UI","origin":"123","timestamp":"2026-09-23T00:14:43.213Z"}
{"Counter":"working-set-combined","Mean":772,"UnitId":"Roche.C5800.UI","origin":"123","timestamp":"2026-09-23T00:14:43.213Z"}
{"Counter":"cpu-usage-GPU","Mean":0.0041660928568105215,"UnitId":"Roche.C5800.UI","origin":"123","timestamp":"2026-09-23T00:15:13.217Z"}
{"Counter":"working-set-GPU","Mean":122,"UnitId":"Roche.C5800.UI","origin":"123","timestamp":"2026-09-23T00:15:13.217Z"}
{"Counter":"cpu-usage-Tab","Mean":0.04166101049014245,"UnitId":"Roche.C5800.UI","origin":"123","timestamp":"2026-09-23T00:15:13.217Z"}
{"Counter":"working-set-Tab","Mean":384,"UnitId":"Roche.C5800.UI","origin":"123","timestamp":"2026-09-23T00:15:13.217Z"}
{"Counter":"cpu-usage-Browser","Mean":0.00416612034941818,"UnitId":"Roche.C5800.UI","origin":"123","timestamp":"2026-09-23T00:15:13.217Z"}
{"Counter":"working-set-Browser","Mean":192,"UnitId":"Roche.C5800.UI","origin":"123","timestamp":"2026-09-23T00:15:13.217Z"}
{"Counter":"cpu-usage-combined","Mean":0.04999322369637115,"UnitId":"Roche.C5800.UI","origin":"123","timestamp":"2026-09-23T00:15:13.217Z"}
{"Counter":"working-set-combined","Mean":771,"UnitId":"Roche.C5800.UI","origin":"123","timestamp":"2026-09-23T00:15:13.217Z"}
{"Counter":"cpu-usage-GPU","Mean":0,"UnitId":"Roche.C5800.UI","origin":"123","timestamp":"2026-09-23T00:15:43.219Z"}
{"Counter":"working-set-GPU","Mean":122,"UnitId":"Roche.C5800.UI","origin":"123","timestamp":"2026-09-23T00:15:43.219Z"}
{"Counter":"cpu-usage-Tab","Mean":0.03333134234115082,"UnitId":"Roche.C5800.UI","origin":"123","timestamp":"2026-09-23T00:15:43.219Z"}
{"Counter":"working-set-Tab","Mean":385,"UnitId":"Roche.C5800.UI","origin":"123","timestamp":"2026-09-23T00:15:43.219Z"}
{"Counter":"cpu-usage-Browser","Mean":0.008332926408760372,"UnitId":"Roche.C5800.UI","origin":"123","timestamp":"2026-09-23T00:15:43.219Z"}
{"Counter":"working-set-Browser","Mean":192,"UnitId":"Roche.C5800.UI","origin":"123","timestamp":"2026-09-23T00:15:43.219Z"}
{"Counter":"cpu-usage-combined","Mean":0.04166426874991119,"UnitId":"Roche.C5800.UI","origin":"123","timestamp":"2026-09-23T00:15:43.219Z"}
{"Counter":"working-set-combined","Mean":772,"UnitId":"Roche.C5800.UI","origin":"123","timestamp":"2026-09-23T00:15:43.219Z"}
{"Counter":"cpu-usage-GPU","Mean":0.004166353356894228,"UnitId":"Roche.C5800.UI","origin":"123","timestamp":"2026-09-23T00:16:13.221Z"}
{"Counter":"working-set-GPU","Mean":122,"UnitId":"Roche.C5800.UI","origin":"123","timestamp":"2026-09-23T00:16:13.221Z"}
{"Counter":"cpu-usage-Tab","Mean":0.041663509961395256,"UnitId":"Roche.C5800.UI","origin":"123","timestamp":"2026-09-23T00:16:13.221Z"}
{"Counter":"working-set-Tab","Mean":385,"UnitId":"Roche.C5800.UI","origin":"123","timestamp":"2026-09-23T00:16:13.221Z"}
{"Counter":"cpu-usage-Browser","Mean":0.008332641724070236,"UnitId":"Roche.C5800.UI","origin":"123","timestamp":"2026-09-23T00:16:13.221Z"}
{"Counter":"working-set-Browser","Mean":192,"UnitId":"Roche.C5800.UI","origin":"123","timestamp":"2026-09-23T00:16:13.221Z"}
{"Counter":"cpu-usage-combined","Mean":0.05416250504235972,"UnitId":"Roche.C5800.UI","origin":"123","timestamp":"2026-09-23T00:16:13.221Z"}
{"Counter":"working-set-combined","Mean":772,"UnitId":"Roche.C5800.UI","origin":"123","timestamp":"2026-09-23T00:16:13.221Z"}
{"Counter":"cpu-usage-GPU","Mean":0,"UnitId":"Roche.C5800.UI","origin":"123","timestamp":"2026-09-23T00:16:43.236Z"}
{"Counter":"working-set-GPU","Mean":122,"UnitId":"Roche.C5800.UI","origin":"123","timestamp":"2026-09-23T00:16:43.236Z"}
{"Counter":"cpu-usage-Tab","Mean":0.033316116674773036,"UnitId":"Roche.C5800.UI","origin":"123","timestamp":"2026-09-23T00:16:43.236Z"}
{"Counter":"working-set-Tab","Mean":385,"UnitId":"Roche.C5800.UI","origin":"123","timestamp":"2026-09-23T00:16:43.236Z"}
{"Counter":"cpu-usage-Browser","Mean":0.004164487945389903,"UnitId":"Roche.C5800.UI","origin":"123","timestamp":"2026-09-23T00:16:43.236Z"}
{"Counter":"working-set-Browser","Mean":192,"UnitId":"Roche.C5800.UI","origin":"123","timestamp":"2026-09-23T00:16:43.236Z"}
{"Counter":"cpu-usage-combined","Mean":0.04164510158391149,"UnitId":"Roche.C5800.UI","origin":"123","timestamp":"2026-09-23T00:16:43.236Z"}
{"Counter":"working-set-combined","Mean":772,"UnitId":"Roche.C5800.UI","origin":"123","timestamp":"2026-09-23T00:16:43.236Z"}
{"Counter":"cpu-usage-GPU","Mean":0.008328962848894424,"UnitId":"Roche.C5800.UI","origin":"123","timestamp":"2026-09-23T00:17:13.252Z"}
{"Counter":"working-set-GPU","Mean":122,"UnitId":"Roche.C5800.UI","origin":"123","timestamp":"2026-09-23T00:17:13.252Z"}
{"Counter":"cpu-usage-Tab","Mean":0.037480340312161596,"UnitId":"Roche.C5800.UI","origin":"123","timestamp":"2026-09-23T00:17:13.252Z"}
{"Counter":"working-set-Tab","Mean":385,"UnitId":"Roche.C5800.UI","origin":"123","timestamp":"2026-09-23T00:17:13.252Z"}
{"Counter":"cpu-usage-Browser","Mean":0.004164481979420263,"UnitId":"Roche.C5800.UI","origin":"123","timestamp":"2026-09-23T00:17:13.252Z"}
{"Counter":"working-set-Browser","Mean":192,"UnitId":"Roche.C5800.UI","origin":"123","timestamp":"2026-09-23T00:17:13.252Z"}
{"Counter":"cpu-usage-combined","Mean":0.04997378514047628,"UnitId":"Roche.C5800.UI","origin":"123","timestamp":"2026-09-23T00:17:13.252Z"}
{"Counter":"working-set-combined","Mean":772,"UnitId":"Roche.C5800.UI","origin":"123","timestamp":"2026-09-23T00:17:13.252Z"}
{"Counter":"cpu-usage-GPU","Mean":0,"UnitId":"Roche.C5800.UI","origin":"123","timestamp":"2026-09-23T00:17:43.264Z"}
{"Counter":"working-set-GPU","Mean":122,"UnitId":"Roche.C5800.UI","origin":"123","timestamp":"2026-09-23T00:17:43.264Z"}
{"Counter":"cpu-usage-Tab","Mean":0.03331983768840827,"UnitId":"Roche.C5800.UI","origin":"123","timestamp":"2026-09-23T00:17:43.264Z"}
{"Counter":"working-set-Tab","Mean":384,"UnitId":"Roche.C5800.UI","origin":"123","timestamp":"2026-09-23T00:17:43.264Z"}
{"Counter":"cpu-usage-Browser","Mean":0.008330028533346537,"UnitId":"Roche.C5800.UI","origin":"123","timestamp":"2026-09-23T00:17:43.264Z"}
{"Counter":"working-set-Browser","Mean":192,"UnitId":"Roche.C5800.UI","origin":"123","timestamp":"2026-09-23T00:17:43.264Z"}
{"Counter":"cpu-usage-combined","Mean":0.04164986622175481,"UnitId":"Roche.C5800.UI","origin":"123","timestamp":"2026-09-23T00:17:43.264Z"}
{"Counter":"working-set-combined","Mean":771,"UnitId":"Roche.C5800.UI","origin":"123","timestamp":"2026-09-23T00:17:43.264Z"}
{"Counter":"cpu-usage-GPU","Mean":0.004164625583668111,"UnitId":"Roche.C5800.UI","origin":"123","timestamp":"2026-09-23T00:18:13.279Z"}
{"Counter":"working-set-GPU","Mean":122,"UnitId":"Roche.C5800.UI","origin":"123","timestamp":"2026-09-23T00:18:13.279Z"}
{"Counter":"cpu-usage-Tab","Mean":0.0458107822122763,"UnitId":"Roche.C5800.UI","origin":"123","timestamp":"2026-09-23T00:18:13.279Z"}
{"Counter":"working-set-Tab","Mean":384,"UnitId":"Roche.C5800.UI","origin":"123","timestamp":"2026-09-23T00:18:13.279Z"}
{"Counter":"cpu-usage-Browser","Mean":0.008329232019486939,"UnitId":"Roche.C5800.UI","origin":"123","timestamp":"2026-09-23T00:18:13.279Z"}
{"Counter":"working-set-Browser","Mean":192,"UnitId":"Roche.C5800.UI","origin":"123","timestamp":"2026-09-23T00:18:13.279Z"}
{"Counter":"cpu-usage-combined","Mean":0.05830463981543135,"UnitId":"Roche.C5800.UI","origin":"123","timestamp":"2026-09-23T00:18:13.279Z"}
{"Counter":"working-set-combined","Mean":771,"UnitId":"Roche.C5800.UI","origin":"123","timestamp":"2026-09-23T00:18:13.279Z"}
{"Counter":"cpu-usage-GPU","Mean":0,"UnitId":"Roche.C5800.UI","origin":"123","timestamp":"2026-09-23T00:18:43.294Z"}
{"Counter":"working-set-GPU","Mean":122,"UnitId":"Roche.C5800.UI","origin":"123","timestamp":"2026-09-23T00:18:43.294Z"}
{"Counter":"cpu-usage-Tab","Mean":0.02915266852699562,"UnitId":"Roche.C5800.UI","origin":"123","timestamp":"2026-09-23T00:18:43.294Z"}
{"Counter":"working-set-Tab","Mean":384,"UnitId":"Roche.C5800.UI","origin":"123","timestamp":"2026-09-23T00:18:43.294Z"}
{"Counter":"cpu-usage-Browser","Mean":0.004164688300900795,"UnitId":"Roche.C5800.UI","origin":"123","timestamp":"2026-09-23T00:18:43.294Z"}
{"Counter":"working-set-Browser","Mean":192,"UnitId":"Roche.C5800.UI","origin":"123","timestamp":"2026-09-23T00:18:43.294Z"}
{"Counter":"cpu-usage-combined","Mean":0.03331735682789642,"UnitId":"Roche.C5800.UI","origin":"123","timestamp":"2026-09-23T00:18:43.294Z"}
{"Counter":"working-set-combined","Mean":771,"UnitId":"Roche.C5800.UI","origin":"123","timestamp":"2026-09-23T00:18:43.294Z"}
{"Counter":"cpu-usage-GPU","Mean":0.008329762641747571,"UnitId":"Roche.C5800.UI","origin":"123","timestamp":"2026-09-23T00:19:13.307Z"}
{"Counter":"working-set-GPU","Mean":122,"UnitId":"Roche.C5800.UI","origin":"123","timestamp":"2026-09-23T00:19:13.307Z"}
{"Counter":"cpu-usage-Tab","Mean":0.041648559261385124,"UnitId":"Roche.C5800.UI","origin":"123","timestamp":"2026-09-23T00:19:13.307Z"}
{"Counter":"working-set-Tab","Mean":385,"UnitId":"Roche.C5800.UI","origin":"123","timestamp":"2026-09-23T00:19:13.307Z"}
{"Counter":"cpu-usage-Browser","Mean":0.008329666336556437,"UnitId":"Roche.C5800.UI","origin":"123","timestamp":"2026-09-23T00:19:13.307Z"}
{"Counter":"working-set-Browser","Mean":192,"UnitId":"Roche.C5800.UI","origin":"123","timestamp":"2026-09-23T00:19:13.307Z"}
{"Counter":"cpu-usage-combined","Mean":0.05830798823968913,"UnitId":"Roche.C5800.UI","origin":"123","timestamp":"2026-09-23T00:19:13.307Z"}
{"Counter":"working-set-combined","Mean":772,"UnitId":"Roche.C5800.UI","origin":"123","timestamp":"2026-09-23T00:19:13.307Z"}
{"Counter":"cpu-usage-GPU","Mean":0,"UnitId":"Roche.C5800.UI","origin":"123","timestamp":"2026-09-23T00:19:43.317Z"}
{"Counter":"working-set-GPU","Mean":122,"UnitId":"Roche.C5800.UI","origin":"123","timestamp":"2026-09-23T00:19:43.317Z"}
{"Counter":"cpu-usage-Tab","Mean":0.03332212710198893,"UnitId":"Roche.C5800.UI","origin":"123","timestamp":"2026-09-23T00:19:43.317Z"}
{"Counter":"working-set-Tab","Mean":384,"UnitId":"Roche.C5800.UI","origin":"123","timestamp":"2026-09-23T00:19:43.317Z"}
{"Counter":"cpu-usage-Browser","Mean":0.004165267414499889,"UnitId":"Roche.C5800.UI","origin":"123","timestamp":"2026-09-23T00:19:43.317Z"}
{"Counter":"working-set-Browser","Mean":192,"UnitId":"Roche.C5800.UI","origin":"123","timestamp":"2026-09-23T00:19:43.317Z"}
{"Counter":"cpu-usage-combined","Mean":0.0416526619309887,"UnitId":"Roche.C5800.UI","origin":"123","timestamp":"2026-09-23T00:19:43.317Z"}
{"Counter":"working-set-combined","Mean":771,"UnitId":"Roche.C5800.UI","origin":"123","timestamp":"2026-09-23T00:19:43.317Z"}
{"Counter":"cpu-usage-GPU","Mean":0.0041654845021649525,"UnitId":"Roche.C5800.UI","origin":"123","timestamp":"2026-09-23T00:20:13.325Z"}
{"Counter":"working-set-GPU","Mean":122,"UnitId":"Roche.C5800.UI","origin":"123","timestamp":"2026-09-23T00:20:13.325Z"}
{"Counter":"cpu-usage-Tab","Mean":0.041654581284150095,"UnitId":"Roche.C5800.UI","origin":"123","timestamp":"2026-09-23T00:20:13.325Z"}
{"Counter":"working-set-Tab","Mean":384,"UnitId":"Roche.C5800.UI","origin":"123","timestamp":"2026-09-23T00:20:13.325Z"}
{"Counter":"cpu-usage-Browser","Mean":0.004165393444737059,"UnitId":"Roche.C5800.UI","origin":"123","timestamp":"2026-09-23T00:20:13.325Z"}
{"Counter":"working-set-Browser","Mean":192,"UnitId":"Roche.C5800.UI","origin":"123","timestamp":"2026-09-23T00:20:13.325Z"}
{"Counter":"cpu-usage-combined","Mean":0.049985459231052104,"UnitId":"Roche.C5800.UI","origin":"123","timestamp":"2026-09-23T00:20:13.325Z"}
{"Counter":"working-set-combined","Mean":771,"UnitId":"Roche.C5800.UI","origin":"123","timestamp":"2026-09-23T00:20:13.325Z"}
{"Counter":"cpu-usage-GPU","Mean":0,"UnitId":"Roche.C5800.UI","origin":"123","timestamp":"2026-09-23T00:20:43.335Z"}
{"Counter":"working-set-GPU","Mean":122,"UnitId":"Roche.C5800.UI","origin":"123","timestamp":"2026-09-23T00:20:43.335Z"}
{"Counter":"cpu-usage-Tab","Mean":0.03332238581884565,"UnitId":"Roche.C5800.UI","origin":"123","timestamp":"2026-09-23T00:20:43.335Z"}
{"Counter":"working-set-Tab","Mean":385,"UnitId":"Roche.C5800.UI","origin":"123","timestamp":"2026-09-23T00:20:43.335Z"}
{"Counter":"cpu-usage-Browser","Mean":0.008330787722298323,"UnitId":"Roche.C5800.UI","origin":"123","timestamp":"2026-09-23T00:20:43.335Z"}
{"Counter":"working-set-Browser","Mean":192,"UnitId":"Roche.C5800.UI","origin":"123","timestamp":"2026-09-23T00:20:43.335Z"}
{"Counter":"cpu-usage-combined","Mean":0.04165317354114397,"UnitId":"Roche.C5800.UI","origin":"123","timestamp":"2026-09-23T00:20:43.335Z"}
{"Counter":"working-set-combined","Mean":772,"UnitId":"Roche.C5800.UI","origin":"123","timestamp":"2026-09-23T00:20:43.335Z"}
{"Counter":"cpu-usage-GPU","Mean":0.004165410240091247,"UnitId":"Roche.C5800.UI","origin":"123","timestamp":"2026-09-23T00:21:13.344Z"}
{"Counter":"working-set-GPU","Mean":122,"UnitId":"Roche.C5800.UI","origin":"123","timestamp":"2026-09-23T00:21:13.344Z"}
{"Counter":"cpu-usage-Tab","Mean":0.03748835111969541,"UnitId":"Roche.C5800.UI","origin":"123","timestamp":"2026-09-23T00:21:13.344Z"}
{"Counter":"working-set-Tab","Mean":385,"UnitId":"Roche.C5800.UI","origin":"123","timestamp":"2026-09-23T00:21:13.344Z"}
{"Counter":"cpu-usage-Browser","Mean":0.008330552039692348,"UnitId":"Roche.C5800.UI","origin":"123","timestamp":"2026-09-23T00:21:13.344Z"}
{"Counter":"working-set-Browser","Mean":192,"UnitId":"Roche.C5800.UI","origin":"123","timestamp":"2026-09-23T00:21:13.344Z"}
{"Counter":"cpu-usage-combined","Mean":0.04998431339947901,"UnitId":"Roche.C5800.UI","origin":"123","timestamp":"2026-09-23T00:21:13.344Z"}
{"Counter":"working-set-combined","Mean":772,"UnitId":"Roche.C5800.UI","origin":"123","timestamp":"2026-09-23T00:21:13.344Z"}
{"Counter":"cpu-usage-GPU","Mean":0,"UnitId":"Roche.C5800.UI","origin":"123","timestamp":"2026-09-23T00:21:43.354Z"}
{"Counter":"working-set-GPU","Mean":122,"UnitId":"Roche.C5800.UI","origin":"123","timestamp":"2026-09-23T00:21:43.354Z"}
{"Counter":"cpu-usage-Tab","Mean":0.033322497967744155,"UnitId":"Roche.C5800.UI","origin":"123","timestamp":"2026-09-23T00:21:43.354Z"}
{"Counter":"working-set-Tab","Mean":384,"UnitId":"Roche.C5800.UI","origin":"123","timestamp":"2026-09-23T00:21:43.354Z"}
{"Counter":"cpu-usage-Browser","Mean":0.008330733311466824,"UnitId":"Roche.C5800.UI","origin":"123","timestamp":"2026-09-23T00:21:43.354Z"}
{"Counter":"working-set-Browser","Mean":192,"UnitId":"Roche.C5800.UI","origin":"123","timestamp":"2026-09-23T00:21:43.354Z"}
{"Counter":"cpu-usage-combined","Mean":0.04165323127921098,"UnitId":"Roche.C5800.UI","origin":"123","timestamp":"2026-09-23T00:21:43.354Z"}
{"Counter":"working-set-combined","Mean":771,"UnitId":"Roche.C5800.UI","origin":"123","timestamp":"2026-09-23T00:21:43.354Z"}
{"Counter":"cpu-usage-GPU","Mean":0.004165354857576854,"UnitId":"Roche.C5800.UI","origin":"123","timestamp":"2026-09-23T00:22:13.364Z"}
{"Counter":"working-set-GPU","Mean":122,"UnitId":"Roche.C5800.UI","origin":"123","timestamp":"2026-09-23T00:22:13.364Z"}
{"Counter":"cpu-usage-Tab","Mean":0.03748819496740476,"UnitId":"Roche.C5800.UI","origin":"123","timestamp":"2026-09-23T00:22:13.364Z"}
{"Counter":"working-set-Tab","Mean":385,"UnitId":"Roche.C5800.UI","origin":"123","timestamp":"2026-09-23T00:22:13.364Z"}
{"Counter":"cpu-usage-Browser","Mean":0.004165366378128961,"UnitId":"Roche.C5800.UI","origin":"123","timestamp":"2026-09-23T00:22:13.364Z"}
{"Counter":"working-set-Browser","Mean":192,"UnitId":"Roche.C5800.UI","origin":"123","timestamp":"2026-09-23T00:22:13.364Z"}
{"Counter":"cpu-usage-combined","Mean":0.04998428230363512,"UnitId":"Roche.C5800.UI","origin":"123","timestamp":"2026-09-23T00:22:13.364Z"}
{"Counter":"working-set-combined","Mean":772,"UnitId":"Roche.C5800.UI","origin":"123","timestamp":"2026-09-23T00:22:13.364Z"}
{"Counter":"cpu-usage-GPU","Mean":0,"UnitId":"Roche.C5800.UI","origin":"123","timestamp":"2026-09-23T00:22:43.373Z"}
{"Counter":"working-set-GPU","Mean":122,"UnitId":"Roche.C5800.UI","origin":"123","timestamp":"2026-09-23T00:22:43.373Z"}
{"Counter":"cpu-usage-Tab","Mean":0.033322945460468455,"UnitId":"Roche.C5800.UI","origin":"123","timestamp":"2026-09-23T00:22:43.373Z"}
{"Counter":"working-set-Tab","Mean":385,"UnitId":"Roche.C5800.UI","origin":"123","timestamp":"2026-09-23T00:22:43.373Z"}
{"Counter":"cpu-usage-Browser","Mean":0.004165339450673034,"UnitId":"Roche.C5800.UI","origin":"123","timestamp":"2026-09-23T00:22:43.373Z"}
{"Counter":"working-set-Browser","Mean":192,"UnitId":"Roche.C5800.UI","origin":"123","timestamp":"2026-09-23T00:22:43.373Z"}
{"Counter":"cpu-usage-combined","Mean":0.03748828491114149,"UnitId":"Roche.C5800.UI","origin":"123","timestamp":"2026-09-23T00:22:43.373Z"}
{"Counter":"working-set-combined","Mean":772,"UnitId":"Roche.C5800.UI","origin":"123","timestamp":"2026-09-23T00:22:43.373Z"}
{"Counter":"cpu-usage-GPU","Mean":0.008330767179349854,"UnitId":"Roche.C5800.UI","origin":"123","timestamp":"2026-09-23T00:23:13.382Z"}
{"Counter":"working-set-GPU","Mean":122,"UnitId":"Roche.C5800.UI","origin":"123","timestamp":"2026-09-23T00:23:13.382Z"}
{"Counter":"cpu-usage-Tab","Mean":0.04165356523194905,"UnitId":"Roche.C5800.UI","origin":"123","timestamp":"2026-09-23T00:23:13.382Z"}
{"Counter":"working-set-Tab","Mean":384,"UnitId":"Roche.C5800.UI","origin":"123","timestamp":"2026-09-23T00:23:13.382Z"}
{"Counter":"cpu-usage-Browser","Mean":0.012496115374267319,"UnitId":"Roche.C5800.UI","origin":"123","timestamp":"2026-09-23T00:23:13.382Z"}
{"Counter":"working-set-Browser","Mean":192,"UnitId":"Roche.C5800.UI","origin":"123","timestamp":"2026-09-23T00:23:13.382Z"}
{"Counter":"cpu-usage-combined","Mean":0.062480447785566225,"UnitId":"Roche.C5800.UI","origin":"123","timestamp":"2026-09-23T00:23:13.382Z"}
{"Counter":"working-set-combined","Mean":771,"UnitId":"Roche.C5800.UI","origin":"123","timestamp":"2026-09-23T00:23:13.382Z"}
{"Counter":"cpu-usage-GPU","Mean":0,"UnitId":"Roche.C5800.UI","origin":"123","timestamp":"2026-09-23T00:23:43.390Z"}
{"Counter":"working-set-GPU","Mean":122,"UnitId":"Roche.C5800.UI","origin":"123","timestamp":"2026-09-23T00:23:43.390Z"}
{"Counter":"cpu-usage-Tab","Mean":0.033325539600472104,"UnitId":"Roche.C5800.UI","origin":"123","timestamp":"2026-09-23T00:23:43.390Z"}
{"Counter":"working-set-Tab","Mean":384,"UnitId":"Roche.C5800.UI","origin":"123","timestamp":"2026-09-23T00:23:43.390Z"}
{"Counter":"cpu-usage-Browser","Mean":0.004165691894763292,"UnitId":"Roche.C5800.UI","origin":"123","timestamp":"2026-09-23T00:23:43.390Z"}
{"Counter":"working-set-Browser","Mean":192,"UnitId":"Roche.C5800.UI","origin":"123","timestamp":"2026-09-23T00:23:43.390Z"}
{"Counter":"cpu-usage-combined","Mean":0.037491231495235394,"UnitId":"Roche.C5800.UI","origin":"123","timestamp":"2026-09-23T00:23:43.390Z"}
{"Counter":"working-set-combined","Mean":771,"UnitId":"Roche.C5800.UI","origin":"123","timestamp":"2026-09-23T00:23:43.390Z"}
{"Counter":"cpu-usage-GPU","Mean":0.004165926520388211,"UnitId":"Roche.C5800.UI","origin":"123","timestamp":"2026-09-23T00:24:13.395Z"}
{"Counter":"working-set-GPU","Mean":122,"UnitId":"Roche.C5800.UI","origin":"123","timestamp":"2026-09-23T00:24:13.395Z"}
{"Counter":"cpu-usage-Tab","Mean":0.0416589625358617,"UnitId":"Roche.C5800.UI","origin":"123","timestamp":"2026-09-23T00:24:13.395Z"}
{"Counter":"working-set-Tab","Mean":385,"UnitId":"Roche.C5800.UI","origin":"123","timestamp":"2026-09-23T00:24:13.395Z"}
{"Counter":"cpu-usage-Browser","Mean":0.004165872234831484,"UnitId":"Roche.C5800.UI","origin":"123","timestamp":"2026-09-23T00:24:13.395Z"}
{"Counter":"working-set-Browser","Mean":192,"UnitId":"Roche.C5800.UI","origin":"123","timestamp":"2026-09-23T00:24:13.395Z"}
{"Counter":"cpu-usage-combined","Mean":0.0499907612910814,"UnitId":"Roche.C5800.UI","origin":"123","timestamp":"2026-09-23T00:24:13.395Z"}
{"Counter":"working-set-combined","Mean":772,"UnitId":"Roche.C5800.UI","origin":"123","timestamp":"2026-09-23T00:24:13.395Z"}
{"Counter":"cpu-usage-GPU","Mean":0,"UnitId":"Roche.C5800.UI","origin":"123","timestamp":"2026-09-23T00:24:43.397Z"}
{"Counter":"working-set-GPU","Mean":122,"UnitId":"Roche.C5800.UI","origin":"123","timestamp":"2026-09-23T00:24:43.397Z"}
{"Counter":"cpu-usage-Tab","Mean":0.037497147716963664,"UnitId":"Roche.C5800.UI","origin":"123","timestamp":"2026-09-23T00:24:43.397Z"}
{"Counter":"working-set-Tab","Mean":385,"UnitId":"Roche.C5800.UI","origin":"123","timestamp":"2026-09-23T00:24:43.397Z"}
{"Counter":"cpu-usage-Browser","Mean":0.008332686994578788,"UnitId":"Roche.C5800.UI","origin":"123","timestamp":"2026-09-23T00:24:43.397Z"}
{"Counter":"working-set-Browser","Mean":192,"UnitId":"Roche.C5800.UI","origin":"123","timestamp":"2026-09-23T00:24:43.397Z"}
{"Counter":"cpu-usage-combined","Mean":0.04582983471154245,"UnitId":"Roche.C5800.UI","origin":"123","timestamp":"2026-09-23T00:24:43.397Z"}
{"Counter":"working-set-combined","Mean":772,"UnitId":"Roche.C5800.UI","origin":"123","timestamp":"2026-09-23T00:24:43.397Z"}
{"Counter":"cpu-usage-GPU","Mean":0.004165897225449126,"UnitId":"Roche.C5800.UI","origin":"123","timestamp":"2026-09-23T00:25:13.403Z"}
{"Counter":"working-set-GPU","Mean":122,"UnitId":"Roche.C5800.UI","origin":"123","timestamp":"2026-09-23T00:25:13.403Z"}
{"Counter":"cpu-usage-Tab","Mean":0.037492992559690595,"UnitId":"Roche.C5800.UI","origin":"123","timestamp":"2026-09-23T00:25:13.403Z"}
{"Counter":"working-set-Tab","Mean":385,"UnitId":"Roche.C5800.UI","origin":"123","timestamp":"2026-09-23T00:25:13.403Z"}
{"Counter":"cpu-usage-Browser","Mean":0.004165899169176398,"UnitId":"Roche.C5800.UI","origin":"123","timestamp":"2026-09-23T00:25:13.403Z"}
{"Counter":"working-set-Browser","Mean":192,"UnitId":"Roche.C5800.UI","origin":"123","timestamp":"2026-09-23T00:25:13.403Z"}
{"Counter":"cpu-usage-combined","Mean":0.04999067729417796,"UnitId":"Roche.C5800.UI","origin":"123","timestamp":"2026-09-23T00:25:13.403Z"}
{"Counter":"working-set-combined","Mean":772,"UnitId":"Roche.C5800.UI","origin":"123","timestamp":"2026-09-23T00:25:13.403Z"}
{"Counter":"cpu-usage-GPU","Mean":0,"UnitId":"Roche.C5800.UI","origin":"123","timestamp":"2026-09-23T00:25:43.407Z"}
{"Counter":"working-set-GPU","Mean":122,"UnitId":"Roche.C5800.UI","origin":"123","timestamp":"2026-09-23T00:25:43.407Z"}
{"Counter":"cpu-usage-Tab","Mean":0.03749438459100109,"UnitId":"Roche.C5800.UI","origin":"123","timestamp":"2026-09-23T00:25:43.407Z"}
{"Counter":"working-set-Tab","Mean":384,"UnitId":"Roche.C5800.UI","origin":"123","timestamp":"2026-09-23T00:25:43.407Z"}
{"Counter":"cpu-usage-Browser","Mean":0.008332150168009476,"UnitId":"Roche.C5800.UI","origin":"123","timestamp":"2026-09-23T00:25:43.407Z"}
{"Counter":"working-set-Browser","Mean":192,"UnitId":"Roche.C5800.UI","origin":"123","timestamp":"2026-09-23T00:25:43.407Z"}
{"Counter":"cpu-usage-combined","Mean":0.045826534759010565,"UnitId":"Roche.C5800.UI","origin":"123","timestamp":"2026-09-23T00:25:43.407Z"}
{"Counter":"working-set-combined","Mean":771,"UnitId":"Roche.C5800.UI","origin":"123","timestamp":"2026-09-23T00:25:43.407Z"}
{"Counter":"cpu-usage-GPU","Mean":0.008332152389601314,"UnitId":"Roche.C5800.UI","origin":"123","timestamp":"2026-09-23T00:26:13.412Z"}
{"Counter":"working-set-GPU","Mean":122,"UnitId":"Roche.C5800.UI","origin":"123","timestamp":"2026-09-23T00:26:13.412Z"}
{"Counter":"cpu-usage-Tab","Mean":0.04166067863845703,"UnitId":"Roche.C5800.UI","origin":"123","timestamp":"2026-09-23T00:26:13.412Z"}
{"Counter":"working-set-Tab","Mean":385,"UnitId":"Roche.C5800.UI","origin":"123","timestamp":"2026-09-23T00:26:13.412Z"}
{"Counter":"cpu-usage-Browser","Mean":0.004166064809170569,"UnitId":"Roche.C5800.UI","origin":"123","timestamp":"2026-09-23T00:26:13.412Z"}
{"Counter":"working-set-Browser","Mean":192,"UnitId":"Roche.C5800.UI","origin":"123","timestamp":"2026-09-23T00:26:13.412Z"}
{"Counter":"cpu-usage-combined","Mean":0.05415889583722891,"UnitId":"Roche.C5800.UI","origin":"123","timestamp":"2026-09-23T00:26:13.412Z"}
{"Counter":"working-set-combined","Mean":772,"UnitId":"Roche.C5800.UI","origin":"123","timestamp":"2026-09-23T00:26:13.412Z"}
{"Counter":"cpu-usage-GPU","Mean":0,"UnitId":"Roche.C5800.UI","origin":"123","timestamp":"2026-09-23T00:26:43.412Z"}
{"Counter":"working-set-GPU","Mean":122,"UnitId":"Roche.C5800.UI","origin":"123","timestamp":"2026-09-23T00:26:43.412Z"}
{"Counter":"cpu-usage-Tab","Mean":0.033332796675306864,"UnitId":"Roche.C5800.UI","origin":"123","timestamp":"2026-09-23T00:26:43.412Z"}
{"Counter":"working-set-Tab","Mean":385,"UnitId":"Roche.C5800.UI","origin":"123","timestamp":"2026-09-23T00:26:43.412Z"}
{"Counter":"cpu-usage-Browser","Mean":0.012499810836196012,"UnitId":"Roche.C5800.UI","origin":"123","timestamp":"2026-09-23T00:26:43.412Z"}
{"Counter":"working-set-Browser","Mean":192,"UnitId":"Roche.C5800.UI","origin":"123","timestamp":"2026-09-23T00:26:43.412Z"}
{"Counter":"cpu-usage-combined","Mean":0.04583260751150288,"UnitId":"Roche.C5800.UI","origin":"123","timestamp":"2026-09-23T00:26:43.412Z"}
{"Counter":"working-set-combined","Mean":772,"UnitId":"Roche.C5800.UI","origin":"123","timestamp":"2026-09-23T00:26:43.412Z"}
{"Counter":"cpu-usage-GPU","Mean":0.004166440012329996,"UnitId":"Roche.C5800.UI","origin":"123","timestamp":"2026-09-23T00:27:13.414Z"}
{"Counter":"working-set-GPU","Mean":122,"UnitId":"Roche.C5800.UI","origin":"123","timestamp":"2026-09-23T00:27:13.414Z"}
{"Counter":"cpu-usage-Tab","Mean":0.041664398734562215,"UnitId":"Roche.C5800.UI","origin":"123","timestamp":"2026-09-23T00:27:13.414Z"}
{"Counter":"working-set-Tab","Mean":385,"UnitId":"Roche.C5800.UI","origin":"123","timestamp":"2026-09-23T00:27:13.414Z"}
{"Counter":"cpu-usage-Browser","Mean":0.004166427374854438,"UnitId":"Roche.C5800.UI","origin":"123","timestamp":"2026-09-23T00:27:13.414Z"}
{"Counter":"working-set-Browser","Mean":192,"UnitId":"Roche.C5800.UI","origin":"123","timestamp":"2026-09-23T00:27:13.414Z"}
{"Counter":"cpu-usage-combined","Mean":0.04999726612174665,"UnitId":"Roche.C5800.UI","origin":"123","timestamp":"2026-09-23T00:27:13.414Z"}
{"Counter":"working-set-combined","Mean":772,"UnitId":"Roche.C5800.UI","origin":"123","timestamp":"2026-09-23T00:27:13.414Z"}
{"Counter":"cpu-usage-GPU","Mean":0,"UnitId":"Roche.C5800.UI","origin":"123","timestamp":"2026-09-23T00:27:43.415Z"}
{"Counter":"working-set-GPU","Mean":122,"UnitId":"Roche.C5800.UI","origin":"123","timestamp":"2026-09-23T00:27:43.415Z"}
{"Counter":"cpu-usage-Tab","Mean":0.0333321400427198,"UnitId":"Roche.C5800.UI","origin":"123","timestamp":"2026-09-23T00:27:43.415Z"}
{"Counter":"working-set-Tab","Mean":385,"UnitId":"Roche.C5800.UI","origin":"123","timestamp":"2026-09-23T00:27:43.415Z"}
{"Counter":"cpu-usage-Browser","Mean":0.004166527782407253,"UnitId":"Roche.C5800.UI","origin":"123","timestamp":"2026-09-23T00:27:43.415Z"}
{"Counter":"working-set-Browser","Mean":192,"UnitId":"Roche.C5800.UI","origin":"123","timestamp":"2026-09-23T00:27:43.415Z"}
{"Counter":"cpu-usage-combined","Mean":0.041665195052015866,"UnitId":"Roche.C5800.UI","origin":"123","timestamp":"2026-09-23T00:27:43.415Z"}
{"Counter":"working-set-combined","Mean":772,"UnitId":"Roche.C5800.UI","origin":"123","timestamp":"2026-09-23T00:27:43.415Z"}
{"Counter":"cpu-usage-GPU","Mean":0.0041665068116886585,"UnitId":"Roche.C5800.UI","origin":"123","timestamp":"2026-09-23T00:28:13.416Z"}
{"Counter":"working-set-GPU","Mean":122,"UnitId":"Roche.C5800.UI","origin":"123","timestamp":"2026-09-23T00:28:13.416Z"}
{"Counter":"cpu-usage-Tab","Mean":0.041664923684025884,"UnitId":"Roche.C5800.UI","origin":"123","timestamp":"2026-09-23T00:28:13.416Z"}
{"Counter":"working-set-Tab","Mean":385,"UnitId":"Roche.C5800.UI","origin":"123","timestamp":"2026-09-23T00:28:13.416Z"}
{"Counter":"cpu-usage-Browser","Mean":0.00833288085790275,"UnitId":"Roche.C5800.UI","origin":"123","timestamp":"2026-09-23T00:28:13.416Z"}
{"Counter":"working-set-Browser","Mean":192,"UnitId":"Roche.C5800.UI","origin":"123","timestamp":"2026-09-23T00:28:13.416Z"}
{"Counter":"cpu-usage-combined","Mean":0.058330778863137006,"UnitId":"Roche.C5800.UI","origin":"123","timestamp":"2026-09-23T00:28:13.416Z"}
{"Counter":"working-set-combined","Mean":772,"UnitId":"Roche.C5800.UI","origin":"123","timestamp":"2026-09-23T00:28:13.416Z"}
{"Counter":"cpu-usage-GPU","Mean":0,"UnitId":"Roche.C5800.UI","origin":"123","timestamp":"2026-09-23T00:28:43.428Z"}
{"Counter":"working-set-GPU","Mean":122,"UnitId":"Roche.C5800.UI","origin":"123","timestamp":"2026-09-23T00:28:43.428Z"}
{"Counter":"cpu-usage-Tab","Mean":0.033320139668695854,"UnitId":"Roche.C5800.UI","origin":"123","timestamp":"2026-09-23T00:28:43.428Z"}
{"Counter":"working-set-Tab","Mean":385,"UnitId":"Roche.C5800.UI","origin":"123","timestamp":"2026-09-23T00:28:43.428Z"}
{"Counter":"cpu-usage-Browser","Mean":0.004165103364537177,"UnitId":"Roche.C5800.UI","origin":"123","timestamp":"2026-09-23T00:28:43.428Z"}
{"Counter":"working-set-Browser","Mean":192,"UnitId":"Roche.C5800.UI","origin":"123","timestamp":"2026-09-23T00:28:43.428Z"}
{"Counter":"cpu-usage-combined","Mean":0.03748524303323303,"UnitId":"Roche.C5800.UI","origin":"123","timestamp":"2026-09-23T00:28:43.428Z"}
{"Counter":"working-set-combined","Mean":772,"UnitId":"Roche.C5800.UI","origin":"123","timestamp":"2026-09-23T00:28:43.428Z"}
{"Counter":"cpu-usage-GPU","Mean":0.0083300310313648,"UnitId":"Roche.C5800.UI","origin":"123","timestamp":"2026-09-23T00:29:13.440Z"}
{"Counter":"working-set-GPU","Mean":122,"UnitId":"Roche.C5800.UI","origin":"123","timestamp":"2026-09-23T00:29:13.440Z"}
{"Counter":"cpu-usage-Tab","Mean":0.049980187853534856,"UnitId":"Roche.C5800.UI","origin":"123","timestamp":"2026-09-23T00:29:13.440Z"}
{"Counter":"working-set-Tab","Mean":385,"UnitId":"Roche.C5800.UI","origin":"123","timestamp":"2026-09-23T00:29:13.440Z"}
{"Counter":"cpu-usage-Browser","Mean":0.00833002686800186,"UnitId":"Roche.C5800.UI","origin":"123","timestamp":"2026-09-23T00:29:13.440Z"}
{"Counter":"working-set-Browser","Mean":192,"UnitId":"Roche.C5800.UI","origin":"123","timestamp":"2026-09-23T00:29:13.440Z"}
{"Counter":"cpu-usage-combined","Mean":0.06664024575290152,"UnitId":"Roche.C5800.UI","origin":"123","timestamp":"2026-09-23T00:29:13.440Z"}
{"Counter":"working-set-combined","Mean":772,"UnitId":"Roche.C5800.UI","origin":"123","timestamp":"2026-09-23T00:29:13.440Z"}
{"Counter":"cpu-usage-GPU","Mean":0,"UnitId":"Roche.C5800.UI","origin":"123","timestamp":"2026-09-23T00:29:43.453Z"}
{"Counter":"working-set-GPU","Mean":122,"UnitId":"Roche.C5800.UI","origin":"123","timestamp":"2026-09-23T00:29:43.453Z"}
{"Counter":"cpu-usage-Tab","Mean":0.029153495117572547,"UnitId":"Roche.C5800.UI","origin":"123","timestamp":"2026-09-23T00:29:43.453Z"}
{"Counter":"working-set-Tab","Mean":385,"UnitId":"Roche.C5800.UI","origin":"123","timestamp":"2026-09-23T00:29:43.453Z"}
{"Counter":"cpu-usage-Browser","Mean":0.008329424612010404,"UnitId":"Roche.C5800.UI","origin":"123","timestamp":"2026-09-23T00:29:43.453Z"}
{"Counter":"working-set-Browser","Mean":192,"UnitId":"Roche.C5800.UI","origin":"123","timestamp":"2026-09-23T00:29:43.453Z"}
{"Counter":"cpu-usage-combined","Mean":0.03748291972958295,"UnitId":"Roche.C5800.UI","origin":"123","timestamp":"2026-09-23T00:29:43.453Z"}
{"Counter":"working-set-combined","Mean":772,"UnitId":"Roche.C5800.UI","origin":"123","timestamp":"2026-09-23T00:29:43.453Z"}
{"Counter":"cpu-usage-GPU","Mean":0.008330330249278468,"UnitId":"Roche.C5800.UI","origin":"123","timestamp":"2026-09-23T00:30:13.464Z"}
{"Counter":"working-set-GPU","Mean":122,"UnitId":"Roche.C5800.UI","origin":"123","timestamp":"2026-09-23T00:30:13.464Z"}
{"Counter":"cpu-usage-Tab","Mean":0.04581665607052366,"UnitId":"Roche.C5800.UI","origin":"123","timestamp":"2026-09-23T00:30:13.464Z"}
{"Counter":"working-set-Tab","Mean":384,"UnitId":"Roche.C5800.UI","origin":"123","timestamp":"2026-09-23T00:30:13.464Z"}
{"Counter":"cpu-usage-Browser","Mean":0.008330313872231779,"UnitId":"Roche.C5800.UI","origin":"123","timestamp":"2026-09-23T00:30:13.464Z"}
{"Counter":"working-set-Browser","Mean":192,"UnitId":"Roche.C5800.UI","origin":"123","timestamp":"2026-09-23T00:30:13.464Z"}
{"Counter":"cpu-usage-combined","Mean":0.06247730019203391,"UnitId":"Roche.C5800.UI","origin":"123","timestamp":"2026-09-23T00:30:13.464Z"}
{"Counter":"working-set-combined","Mean":771,"UnitId":"Roche.C5800.UI","origin":"123","timestamp":"2026-09-23T00:30:13.464Z"}
{"Counter":"cpu-usage-GPU","Mean":0,"UnitId":"Roche.C5800.UI","origin":"123","timestamp":"2026-09-23T00:30:43.476Z"}
{"Counter":"working-set-GPU","Mean":122,"UnitId":"Roche.C5800.UI","origin":"123","timestamp":"2026-09-23T00:30:43.476Z"}
{"Counter":"cpu-usage-Tab","Mean":0.03332065926523748,"UnitId":"Roche.C5800.UI","origin":"123","timestamp":"2026-09-23T00:30:43.476Z"}
{"Counter":"working-set-Tab","Mean":385,"UnitId":"Roche.C5800.UI","origin":"123","timestamp":"2026-09-23T00:30:43.476Z"}
{"Counter":"cpu-usage-Browser","Mean":0.00416504674115414,"UnitId":"Roche.C5800.UI","origin":"123","timestamp":"2026-09-23T00:30:43.476Z"}
{"Counter":"working-set-Browser","Mean":192,"UnitId":"Roche.C5800.UI","origin":"123","timestamp":"2026-09-23T00:30:43.476Z"}
{"Counter":"cpu-usage-combined","Mean":0.03748570600639162,"UnitId":"Roche.C5800.UI","origin":"123","timestamp":"2026-09-23T00:30:43.476Z"}
{"Counter":"working-set-combined","Mean":772,"UnitId":"Roche.C5800.UI","origin":"123","timestamp":"2026-09-23T00:30:43.476Z"}
{"Counter":"cpu-usage-GPU","Mean":0,"UnitId":"Roche.C5800.UI","origin":"123","timestamp":"2026-09-23T00:31:13.484Z"}
{"Counter":"working-set-GPU","Mean":122,"UnitId":"Roche.C5800.UI","origin":"123","timestamp":"2026-09-23T00:31:13.484Z"}
{"Counter":"cpu-usage-Tab","Mean":0.03748932429008633,"UnitId":"Roche.C5800.UI","origin":"123","timestamp":"2026-09-23T00:31:13.484Z"}
{"Counter":"working-set-Tab","Mean":385,"UnitId":"Roche.C5800.UI","origin":"123","timestamp":"2026-09-23T00:31:13.484Z"}
{"Counter":"cpu-usage-Browser","Mean":0.008331095045797696,"UnitId":"Roche.C5800.UI","origin":"123","timestamp":"2026-09-23T00:31:13.484Z"}
{"Counter":"working-set-Browser","Mean":192,"UnitId":"Roche.C5800.UI","origin":"123","timestamp":"2026-09-23T00:31:13.484Z"}
{"Counter":"cpu-usage-combined","Mean":0.049985947424873035,"UnitId":"Roche.C5800.UI","origin":"123","timestamp":"2026-09-23T00:31:13.484Z"}
{"Counter":"working-set-combined","Mean":772,"UnitId":"Roche.C5800.UI","origin":"123","timestamp":"2026-09-23T00:31:13.484Z"}
{"Counter":"cpu-usage-GPU","Mean":0,"UnitId":"Roche.C5800.UI","origin":"123","timestamp":"2026-09-23T00:31:43.493Z"}
{"Counter":"working-set-GPU","Mean":122,"UnitId":"Roche.C5800.UI","origin":"123","timestamp":"2026-09-23T00:31:43.493Z"}
{"Counter":"cpu-usage-Tab","Mean":0.029158724801988098,"UnitId":"Roche.C5800.UI","origin":"123","timestamp":"2026-09-23T00:31:43.493Z"}
{"Counter":"working-set-Tab","Mean":385,"UnitId":"Roche.C5800.UI","origin":"123","timestamp":"2026-09-23T00:31:43.493Z"}
{"Counter":"cpu-usage-Browser","Mean":0.008330980386772763,"UnitId":"Roche.C5800.UI","origin":"123","timestamp":"2026-09-23T00:31:43.493Z"}
{"Counter":"working-set-Browser","Mean":192,"UnitId":"Roche.C5800.UI","origin":"123","timestamp":"2026-09-23T00:31:43.493Z"}
{"Counter":"cpu-usage-combined","Mean":0.03748970518876086,"UnitId":"Roche.C5800.UI","origin":"123","timestamp":"2026-09-23T00:31:43.493Z"}
{"Counter":"working-set-combined","Mean":772,"UnitId":"Roche.C5800.UI","origin":"123","timestamp":"2026-09-23T00:31:43.493Z"}
{"Counter":"cpu-usage-GPU","Mean":0.008331492073585071,"UnitId":"Roche.C5800.UI","origin":"123","timestamp":"2026-09-23T00:32:13.499Z"}
{"Counter":"working-set-GPU","Mean":122,"UnitId":"Roche.C5800.UI","origin":"123","timestamp":"2026-09-23T00:32:13.499Z"}
{"Counter":"cpu-usage-Tab","Mean":0.04582307049297859,"UnitId":"Roche.C5800.UI","origin":"123","timestamp":"2026-09-23T00:32:13.499Z"}
{"Counter":"working-set-Tab","Mean":385,"UnitId":"Roche.C5800.UI","origin":"123","timestamp":"2026-09-23T00:32:13.499Z"}
{"Counter":"cpu-usage-Browser","Mean":0.004165777550878057,"UnitId":"Roche.C5800.UI","origin":"123","timestamp":"2026-09-23T00:32:13.499Z"}
{"Counter":"working-set-Browser","Mean":192,"UnitId":"Roche.C5800.UI","origin":"123","timestamp":"2026-09-23T00:32:13.499Z"}
{"Counter":"cpu-usage-combined","Mean":0.05832034011744172,"UnitId":"Roche.C5800.UI","origin":"123","timestamp":"2026-09-23T00:32:13.499Z"}
{"Counter":"working-set-combined","Mean":772,"UnitId":"Roche.C5800.UI","origin":"123","timestamp":"2026-09-23T00:32:13.499Z"}
{"Counter":"cpu-usage-GPU","Mean":0,"UnitId":"Roche.C5800.UI","origin":"123","timestamp":"2026-09-23T00:32:43.506Z"}
{"Counter":"working-set-GPU","Mean":122,"UnitId":"Roche.C5800.UI","origin":"123","timestamp":"2026-09-23T00:32:43.506Z"}
{"Counter":"cpu-usage-Tab","Mean":0.03332644364655014,"UnitId":"Roche.C5800.UI","origin":"123","timestamp":"2026-09-23T00:32:43.506Z"}
{"Counter":"working-set-Tab","Mean":384,"UnitId":"Roche.C5800.UI","origin":"123","timestamp":"2026-09-23T00:32:43.506Z"}
{"Counter":"cpu-usage-Browser","Mean":0.008331506511672207,"UnitId":"Roche.C5800.UI","origin":"123","timestamp":"2026-09-23T00:32:43.506Z"}
{"Counter":"working-set-Browser","Mean":192,"UnitId":"Roche.C5800.UI","origin":"123","timestamp":"2026-09-23T00:32:43.506Z"}
{"Counter":"cpu-usage-combined","Mean":0.041657950158222344,"UnitId":"Roche.C5800.UI","origin":"123","timestamp":"2026-09-23T00:32:43.506Z"}
{"Counter":"working-set-combined","Mean":771,"UnitId":"Roche.C5800.UI","origin":"123","timestamp":"2026-09-23T00:32:43.506Z"}
{"Counter":"cpu-usage-GPU","Mean":0.00416629822702679,"UnitId":"Roche.C5800.UI","origin":"123","timestamp":"2026-09-23T00:33:13.508Z"}
{"Counter":"working-set-GPU","Mean":122,"UnitId":"Roche.C5800.UI","origin":"123","timestamp":"2026-09-23T00:33:13.508Z"}
{"Counter":"cpu-usage-Tab","Mean":0.04166298643619814,"UnitId":"Roche.C5800.UI","origin":"123","timestamp":"2026-09-23T00:33:13.508Z"}
{"Counter":"working-set-Tab","Mean":385,"UnitId":"Roche.C5800.UI","origin":"123","timestamp":"2026-09-23T00:33:13.508Z"}
{"Counter":"cpu-usage-Browser","Mean":0.004166353079158242,"UnitId":"Roche.C5800.UI","origin":"123","timestamp":"2026-09-23T00:33:13.508Z"}
{"Counter":"working-set-Browser","Mean":192,"UnitId":"Roche.C5800.UI","origin":"123","timestamp":"2026-09-23T00:33:13.508Z"}
{"Counter":"cpu-usage-combined","Mean":0.04999563774238317,"UnitId":"Roche.C5800.UI","origin":"123","timestamp":"2026-09-23T00:33:13.508Z"}
{"Counter":"working-set-combined","Mean":772,"UnitId":"Roche.C5800.UI","origin":"123","timestamp":"2026-09-23T00:33:13.508Z"}
{"Counter":"cpu-usage-GPU","Mean":0,"UnitId":"Roche.C5800.UI","origin":"123","timestamp":"2026-09-23T00:33:43.511Z"}
{"Counter":"working-set-GPU","Mean":122,"UnitId":"Roche.C5800.UI","origin":"123","timestamp":"2026-09-23T00:33:43.511Z"}
{"Counter":"cpu-usage-Tab","Mean":0.029164280056415384,"UnitId":"Roche.C5800.UI","origin":"123","timestamp":"2026-09-23T00:33:43.511Z"}
{"Counter":"working-set-Tab","Mean":385,"UnitId":"Roche.C5800.UI","origin":"123","timestamp":"2026-09-23T00:33:43.511Z"}
{"Counter":"cpu-usage-Browser","Mean":0.008332645612315464,"UnitId":"Roche.C5800.UI","origin":"123","timestamp":"2026-09-23T00:33:43.511Z"}
{"Counter":"working-set-Browser","Mean":192,"UnitId":"Roche.C5800.UI","origin":"123","timestamp":"2026-09-23T00:33:43.511Z"}
{"Counter":"cpu-usage-combined","Mean":0.03749692566873085,"UnitId":"Roche.C5800.UI","origin":"123","timestamp":"2026-09-23T00:33:43.511Z"}
{"Counter":"working-set-combined","Mean":772,"UnitId":"Roche.C5800.UI","origin":"123","timestamp":"2026-09-23T00:33:43.511Z"}
{"Counter":"cpu-usage-GPU","Mean":0.004166443900799437,"UnitId":"Roche.C5800.UI","origin":"123","timestamp":"2026-09-23T00:34:13.512Z"}
{"Counter":"working-set-GPU","Mean":122,"UnitId":"Roche.C5800.UI","origin":"123","timestamp":"2026-09-23T00:34:13.512Z"}
{"Counter":"cpu-usage-Tab","Mean":0.04166450427889459,"UnitId":"Roche.C5800.UI","origin":"123","timestamp":"2026-09-23T00:34:13.512Z"}
{"Counter":"working-set-Tab","Mean":385,"UnitId":"Roche.C5800.UI","origin":"123","timestamp":"2026-09-23T00:34:13.512Z"}
{"Counter":"cpu-usage-Browser","Mean":0.008332904466516789,"UnitId":"Roche.C5800.UI","origin":"123","timestamp":"2026-09-23T00:34:13.512Z"}
{"Counter":"working-set-Browser","Mean":192,"UnitId":"Roche.C5800.UI","origin":"123","timestamp":"2026-09-23T00:34:13.512Z"}
{"Counter":"cpu-usage-combined","Mean":0.05416385264621082,"UnitId":"Roche.C5800.UI","origin":"123","timestamp":"2026-09-23T00:34:13.512Z"}
{"Counter":"working-set-combined","Mean":772,"UnitId":"Roche.C5800.UI","origin":"123","timestamp":"2026-09-23T00:34:13.512Z"}
{"Counter":"cpu-usage-GPU","Mean":0,"UnitId":"Roche.C5800.UI","origin":"123","timestamp":"2026-09-23T00:34:43.515Z"}
{"Counter":"working-set-GPU","Mean":122,"UnitId":"Roche.C5800.UI","origin":"123","timestamp":"2026-09-23T00:34:43.515Z"}
{"Counter":"cpu-usage-Tab","Mean":0.03749670029037445,"UnitId":"Roche.C5800.UI","origin":"123","timestamp":"2026-09-23T00:34:43.515Z"}
{"Counter":"working-set-Tab","Mean":385,"UnitId":"Roche.C5800.UI","origin":"123","timestamp":"2026-09-23T00:34:43.515Z"}
{"Counter":"cpu-usage-Browser","Mean":0.004166264205544411,"UnitId":"Roche.C5800.UI","origin":"123","timestamp":"2026-09-23T00:34:43.515Z"}
{"Counter":"working-set-Browser","Mean":192,"UnitId":"Roche.C5800.UI","origin":"123","timestamp":"2026-09-23T00:34:43.515Z"}
{"Counter":"cpu-usage-combined","Mean":0.045829245503840224,"UnitId":"Roche.C5800.UI","origin":"123","timestamp":"2026-09-23T00:34:43.515Z"}
{"Counter":"working-set-combined","Mean":772,"UnitId":"Roche.C5800.UI","origin":"123","timestamp":"2026-09-23T00:34:43.515Z"}
{"Counter":"cpu-usage-GPU","Mean":0.00833305639809237,"UnitId":"Roche.C5800.UI","origin":"123","timestamp":"2026-09-23T00:35:13.516Z"}
{"Counter":"working-set-GPU","Mean":122,"UnitId":"Roche.C5800.UI","origin":"123","timestamp":"2026-09-23T00:35:13.516Z"}
{"Counter":"cpu-usage-Tab","Mean":0.037499042524447544,"UnitId":"Roche.C5800.UI","origin":"123","timestamp":"2026-09-23T00:35:13.516Z"}
{"Counter":"working-set-Tab","Mean":385,"UnitId":"Roche.C5800.UI","origin":"123","timestamp":"2026-09-23T00:35:13.516Z"}
{"Counter":"cpu-usage-Browser","Mean":0.008333189724697078,"UnitId":"Roche.C5800.UI","origin":"123","timestamp":"2026-09-23T00:35:13.516Z"}
{"Counter":"working-set-Browser","Mean":192,"UnitId":"Roche.C5800.UI","origin":"123","timestamp":"2026-09-23T00:35:13.516Z"}
{"Counter":"cpu-usage-combined","Mean":0.05416528864723699,"UnitId":"Roche.C5800.UI","origin":"123","timestamp":"2026-09-23T00:35:13.516Z"}
{"Counter":"working-set-combined","Mean":772,"UnitId":"Roche.C5800.UI","origin":"123","timestamp":"2026-09-23T00:35:13.516Z"}
{"Counter":"cpu-usage-GPU","Mean":0,"UnitId":"Roche.C5800.UI","origin":"123","timestamp":"2026-09-23T00:35:43.516Z"}
{"Counter":"working-set-GPU","Mean":122,"UnitId":"Roche.C5800.UI","origin":"123","timestamp":"2026-09-23T00:35:43.516Z"}
{"Counter":"cpu-usage-Tab","Mean":0.03333247113341335,"UnitId":"Roche.C5800.UI","origin":"123","timestamp":"2026-09-23T00:35:43.516Z"}
{"Counter":"working-set-Tab","Mean":385,"UnitId":"Roche.C5800.UI","origin":"123","timestamp":"2026-09-23T00:35:43.516Z"}
{"Counter":"cpu-usage-Browser","Mean":0.0041665373651237686,"UnitId":"Roche.C5800.UI","origin":"123","timestamp":"2026-09-23T00:35:43.516Z"}
{"Counter":"working-set-Browser","Mean":192,"UnitId":"Roche.C5800.UI","origin":"123","timestamp":"2026-09-23T00:35:43.516Z"}
{"Counter":"cpu-usage-combined","Mean":0.03749900849853712,"UnitId":"Roche.C5800.UI","origin":"123","timestamp":"2026-09-23T00:35:43.516Z"}
{"Counter":"working-set-combined","Mean":772,"UnitId":"Roche.C5800.UI","origin":"123","timestamp":"2026-09-23T00:35:43.516Z"}
{"Counter":"cpu-usage-GPU","Mean":0,"UnitId":"Roche.C5800.UI","origin":"123","timestamp":"2026-09-23T00:36:13.531Z"}
{"Counter":"working-set-GPU","Mean":122,"UnitId":"Roche.C5800.UI","origin":"123","timestamp":"2026-09-23T00:36:13.531Z"}
{"Counter":"cpu-usage-Tab","Mean":0.03748169893579961,"UnitId":"Roche.C5800.UI","origin":"123","timestamp":"2026-09-23T00:36:13.531Z"}
{"Counter":"working-set-Tab","Mean":385,"UnitId":"Roche.C5800.UI","origin":"123","timestamp":"2026-09-23T00:36:13.531Z"}
{"Counter":"cpu-usage-Browser","Mean":0.0083292442296995,"UnitId":"Roche.C5800.UI","origin":"123","timestamp":"2026-09-23T00:36:13.531Z"}
{"Counter":"working-set-Browser","Mean":192,"UnitId":"Roche.C5800.UI","origin":"123","timestamp":"2026-09-23T00:36:13.531Z"}
{"Counter":"cpu-usage-combined","Mean":0.049975573883029006,"UnitId":"Roche.C5800.UI","origin":"123","timestamp":"2026-09-23T00:36:13.531Z"}
{"Counter":"working-set-combined","Mean":772,"UnitId":"Roche.C5800.UI","origin":"123","timestamp":"2026-09-23T00:36:13.531Z"}
{"Counter":"cpu-usage-GPU","Mean":0,"UnitId":"Roche.C5800.UI","origin":"123","timestamp":"2026-09-23T00:36:43.544Z"}
{"Counter":"working-set-GPU","Mean":122,"UnitId":"Roche.C5800.UI","origin":"123","timestamp":"2026-09-23T00:36:43.544Z"}
{"Counter":"cpu-usage-Tab","Mean":0.033318381154483906,"UnitId":"Roche.C5800.UI","origin":"123","timestamp":"2026-09-23T00:36:43.544Z"}
{"Counter":"working-set-Tab","Mean":385,"UnitId":"Roche.C5800.UI","origin":"123","timestamp":"2026-09-23T00:36:43.544Z"}
{"Counter":"cpu-usage-Browser","Mean":0.004164815128687623,"UnitId":"Roche.C5800.UI","origin":"123","timestamp":"2026-09-23T00:36:43.544Z"}
{"Counter":"working-set-Browser","Mean":192,"UnitId":"Roche.C5800.UI","origin":"123","timestamp":"2026-09-23T00:36:43.544Z"}
{"Counter":"cpu-usage-combined","Mean":0.03748319628317153,"UnitId":"Roche.C5800.UI","origin":"123","timestamp":"2026-09-23T00:36:43.544Z"}
{"Counter":"working-set-combined","Mean":772,"UnitId":"Roche.C5800.UI","origin":"123","timestamp":"2026-09-23T00:36:43.544Z"}
{"Counter":"cpu-usage-GPU","Mean":0.008329906409836326,"UnitId":"Roche.C5800.UI","origin":"123","timestamp":"2026-09-23T00:37:13.557Z"}
{"Counter":"working-set-GPU","Mean":122,"UnitId":"Roche.C5800.UI","origin":"123","timestamp":"2026-09-23T00:37:13.557Z"}
{"Counter":"cpu-usage-Tab","Mean":0.03748465877865052,"UnitId":"Roche.C5800.UI","origin":"123","timestamp":"2026-09-23T00:37:13.557Z"}
{"Counter":"working-set-Tab","Mean":385,"UnitId":"Roche.C5800.UI","origin":"123","timestamp":"2026-09-23T00:37:13.557Z"}
{"Counter":"cpu-usage-Browser","Mean":0.00832994249140983,"UnitId":"Roche.C5800.UI","origin":"123","timestamp":"2026-09-23T00:37:13.557Z"}
{"Counter":"working-set-Browser","Mean":192,"UnitId":"Roche.C5800.UI","origin":"123","timestamp":"2026-09-23T00:37:13.557Z"}
{"Counter":"cpu-usage-combined","Mean":0.05414450767989668,"UnitId":"Roche.C5800.UI","origin":"123","timestamp":"2026-09-23T00:37:13.557Z"}
{"Counter":"working-set-combined","Mean":772,"UnitId":"Roche.C5800.UI","origin":"123","timestamp":"2026-09-23T00:37:13.557Z"}
{"Counter":"cpu-usage-GPU","Mean":0,"UnitId":"Roche.C5800.UI","origin":"123","timestamp":"2026-09-23T00:37:43.568Z"}
{"Counter":"working-set-GPU","Mean":122,"UnitId":"Roche.C5800.UI","origin":"123","timestamp":"2026-09-23T00:37:43.568Z"}
{"Counter":"cpu-usage-Tab","Mean":0.03332066703710363,"UnitId":"Roche.C5800.UI","origin":"123","timestamp":"2026-09-23T00:37:43.568Z"}
{"Counter":"working-set-Tab","Mean":385,"UnitId":"Roche.C5800.UI","origin":"123","timestamp":"2026-09-23T00:37:43.568Z"}
{"Counter":"cpu-usage-Browser","Mean":0.008330111523866287,"UnitId":"Roche.C5800.UI","origin":"123","timestamp":"2026-09-23T00:37:43.568Z"}
{"Counter":"working-set-Browser","Mean":192,"UnitId":"Roche.C5800.UI","origin":"123","timestamp":"2026-09-23T00:37:43.568Z"}
{"Counter":"cpu-usage-combined","Mean":0.041650778560969916,"UnitId":"Roche.C5800.UI","origin":"123","timestamp":"2026-09-23T00:37:43.568Z"}
{"Counter":"working-set-combined","Mean":772,"UnitId":"Roche.C5800.UI","origin":"123","timestamp":"2026-09-23T00:37:43.568Z"}
{"Counter":"cpu-usage-GPU","Mean":0.004165032863108898,"UnitId":"Roche.C5800.UI","origin":"123","timestamp":"2026-09-23T00:38:13.580Z"}
{"Counter":"working-set-GPU","Mean":122,"UnitId":"Roche.C5800.UI","origin":"123","timestamp":"2026-09-23T00:38:13.580Z"}
{"Counter":"cpu-usage-Tab","Mean":0.03748546938255168,"UnitId":"Roche.C5800.UI","origin":"123","timestamp":"2026-09-23T00:38:13.580Z"}
{"Counter":"working-set-Tab","Mean":385,"UnitId":"Roche.C5800.UI","origin":"123","timestamp":"2026-09-23T00:38:13.580Z"}
{"Counter":"cpu-usage-Browser","Mean":0.004165087959493753,"UnitId":"Roche.C5800.UI","origin":"123","timestamp":"2026-09-23T00:38:13.580Z"}
{"Counter":"working-set-Browser","Mean":192,"UnitId":"Roche.C5800.UI","origin":"123","timestamp":"2026-09-23T00:38:13.580Z"}
{"Counter":"cpu-usage-combined","Mean":0.04581559020515433,"UnitId":"Roche.C5800.UI","origin":"123","timestamp":"2026-09-23T00:38:13.580Z"}
{"Counter":"working-set-combined","Mean":772,"UnitId":"Roche.C5800.UI","origin":"123","timestamp":"2026-09-23T00:38:13.580Z"}
{"Counter":"cpu-usage-GPU","Mean":0,"UnitId":"Roche.C5800.UI","origin":"123","timestamp":"2026-09-23T00:38:43.588Z"}
{"Counter":"working-set-GPU","Mean":122,"UnitId":"Roche.C5800.UI","origin":"123","timestamp":"2026-09-23T00:38:43.588Z"}
{"Counter":"cpu-usage-Tab","Mean":0.0374895341717104,"UnitId":"Roche.C5800.UI","origin":"123","timestamp":"2026-09-23T00:38:43.588Z"}
{"Counter":"working-set-Tab","Mean":384,"UnitId":"Roche.C5800.UI","origin":"123","timestamp":"2026-09-23T00:38:43.588Z"}
{"Counter":"cpu-usage-Browser","Mean":0.008331009814696014,"UnitId":"Roche.C5800.UI","origin":"123","timestamp":"2026-09-23T00:38:43.588Z"}
{"Counter":"working-set-Browser","Mean":192,"UnitId":"Roche.C5800.UI","origin":"123","timestamp":"2026-09-23T00:38:43.588Z"}
{"Counter":"cpu-usage-combined","Mean":0.04582054398640641,"UnitId":"Roche.C5800.UI","origin":"123","timestamp":"2026-09-23T00:38:43.588Z"}
{"Counter":"working-set-combined","Mean":771,"UnitId":"Roche.C5800.UI","origin":"123","timestamp":"2026-09-23T00:38:43.588Z"}
{"Counter":"cpu-usage-GPU","Mean":0.00833053510659103,"UnitId":"Roche.C5800.UI","origin":"123","timestamp":"2026-09-23T00:39:13.598Z"}
{"Counter":"working-set-GPU","Mean":122,"UnitId":"Roche.C5800.UI","origin":"123","timestamp":"2026-09-23T00:39:13.598Z"}
{"Counter":"cpu-usage-Tab","Mean":0.041652837924475744,"UnitId":"Roche.C5800.UI","origin":"123","timestamp":"2026-09-23T00:39:13.598Z"}
{"Counter":"working-set-Tab","Mean":385,"UnitId":"Roche.C5800.UI","origin":"123","timestamp":"2026-09-23T00:39:13.598Z"}
{"Counter":"cpu-usage-Browser","Mean":0.004165304056866197,"UnitId":"Roche.C5800.UI","origin":"123","timestamp":"2026-09-23T00:39:13.598Z"}
{"Counter":"working-set-Browser","Mean":192,"UnitId":"Roche.C5800.UI","origin":"123","timestamp":"2026-09-23T00:39:13.598Z"}
{"Counter":"cpu-usage-combined","Mean":0.05414867708793297,"UnitId":"Roche.C5800.UI","origin":"123","timestamp":"2026-09-23T00:39:13.598Z"}
{"Counter":"working-set-combined","Mean":772,"UnitId":"Roche.C5800.UI","origin":"123","timestamp":"2026-09-23T00:39:13.598Z"}
{"Counter":"cpu-usage-GPU","Mean":0,"UnitId":"Roche.C5800.UI","origin":"123","timestamp":"2026-09-23T00:39:43.604Z"}
{"Counter":"working-set-GPU","Mean":122,"UnitId":"Roche.C5800.UI","origin":"123","timestamp":"2026-09-23T00:39:43.604Z"}
{"Counter":"cpu-usage-Tab","Mean":0.03332649140464796,"UnitId":"Roche.C5800.UI","origin":"123","timestamp":"2026-09-23T00:39:43.604Z"}
{"Counter":"working-set-Tab","Mean":385,"UnitId":"Roche.C5800.UI","origin":"123","timestamp":"2026-09-23T00:39:43.604Z"}
{"Counter":"cpu-usage-Browser","Mean":0.008331570928362954,"UnitId":"Roche.C5800.UI","origin":"123","timestamp":"2026-09-23T00:39:43.604Z"}
{"Counter":"working-set-Browser","Mean":192,"UnitId":"Roche.C5800.UI","origin":"123","timestamp":"2026-09-23T00:39:43.604Z"}
{"Counter":"cpu-usage-combined","Mean":0.04165806233301091,"UnitId":"Roche.C5800.UI","origin":"123","timestamp":"2026-09-23T00:39:43.604Z"}
{"Counter":"working-set-combined","Mean":772,"UnitId":"Roche.C5800.UI","origin":"123","timestamp":"2026-09-23T00:39:43.604Z"}
{"Counter":"cpu-usage-GPU","Mean":0.004165732154086767,"UnitId":"Roche.C5800.UI","origin":"123","timestamp":"2026-09-23T00:40:13.611Z"}
{"Counter":"working-set-GPU","Mean":122,"UnitId":"Roche.C5800.UI","origin":"123","timestamp":"2026-09-23T00:40:13.611Z"}
{"Counter":"cpu-usage-Tab","Mean":0.037491515670003875,"UnitId":"Roche.C5800.UI","origin":"123","timestamp":"2026-09-23T00:40:13.611Z"}
{"Counter":"working-set-Tab","Mean":385,"UnitId":"Roche.C5800.UI","origin":"123","timestamp":"2026-09-23T00:40:13.611Z"}
{"Counter":"cpu-usage-Browser","Mean":0.004165727017509084,"UnitId":"Roche.C5800.UI","origin":"123","timestamp":"2026-09-23T00:40:13.611Z"}
{"Counter":"working-set-Browser","Mean":192,"UnitId":"Roche.C5800.UI","origin":"123","timestamp":"2026-09-23T00:40:13.611Z"}
{"Counter":"cpu-usage-combined","Mean":0.04998869686136971,"UnitId":"Roche.C5800.UI","origin":"123","timestamp":"2026-09-23T00:40:13.611Z"}
{"Counter":"working-set-combined","Mean":772,"UnitId":"Roche.C5800.UI","origin":"123","timestamp":"2026-09-23T00:40:13.611Z"}
{"Counter":"cpu-usage-GPU","Mean":0,"UnitId":"Roche.C5800.UI","origin":"123","timestamp":"2026-09-23T00:40:43.615Z"}
{"Counter":"working-set-GPU","Mean":122,"UnitId":"Roche.C5800.UI","origin":"123","timestamp":"2026-09-23T00:40:43.615Z"}
{"Counter":"cpu-usage-Tab","Mean":0.03332906165859742,"UnitId":"Roche.C5800.UI","origin":"123","timestamp":"2026-09-23T00:40:43.615Z"}
{"Counter":"working-set-Tab","Mean":385,"UnitId":"Roche.C5800.UI","origin":"123","timestamp":"2026-09-23T00:40:43.615Z"}
{"Counter":"cpu-usage-Browser","Mean":0.00416609924394964,"UnitId":"Roche.C5800.UI","origin":"123","timestamp":"2026-09-23T00:40:43.615Z"}
{"Counter":"working-set-Browser","Mean":192,"UnitId":"Roche.C5800.UI","origin":"123","timestamp":"2026-09-23T00:40:43.615Z"}
{"Counter":"cpu-usage-combined","Mean":0.03749516090254706,"UnitId":"Roche.C5800.UI","origin":"123","timestamp":"2026-09-23T00:40:43.615Z"}
{"Counter":"working-set-combined","Mean":772,"UnitId":"Roche.C5800.UI","origin":"123","timestamp":"2026-09-23T00:40:43.615Z"}
{"Counter":"cpu-usage-GPU","Mean":0.004165926936906903,"UnitId":"Roche.C5800.UI","origin":"123","timestamp":"2026-09-23T00:41:13.620Z"}
{"Counter":"working-set-GPU","Mean":122,"UnitId":"Roche.C5800.UI","origin":"123","timestamp":"2026-09-23T00:41:13.620Z"}
{"Counter":"cpu-usage-Tab","Mean":0.04165935128458109,"UnitId":"Roche.C5800.UI","origin":"123","timestamp":"2026-09-23T00:41:13.620Z"}
{"Counter":"working-set-Tab","Mean":385,"UnitId":"Roche.C5800.UI","origin":"123","timestamp":"2026-09-23T00:41:13.620Z"}
{"Counter":"cpu-usage-Browser","Mean":0.008331897747351465,"UnitId":"Roche.C5800.UI","origin":"123","timestamp":"2026-09-23T00:41:13.620Z"}
{"Counter":"working-set-Browser","Mean":192,"UnitId":"Roche.C5800.UI","origin":"123","timestamp":"2026-09-23T00:41:13.620Z"}
{"Counter":"cpu-usage-combined","Mean":0.054157175968839455,"UnitId":"Roche.C5800.UI","origin":"123","timestamp":"2026-09-23T00:41:13.620Z"}
{"Counter":"working-set-combined","Mean":772,"UnitId":"Roche.C5800.UI","origin":"123","timestamp":"2026-09-23T00:41:13.620Z"}
{"Counter":"cpu-usage-GPU","Mean":0,"UnitId":"Roche.C5800.UI","origin":"123","timestamp":"2026-09-23T00:41:43.626Z"}
{"Counter":"working-set-GPU","Mean":122,"UnitId":"Roche.C5800.UI","origin":"123","timestamp":"2026-09-23T00:41:43.626Z"}
{"Counter":"cpu-usage-Tab","Mean":0.02916164794705498,"UnitId":"Roche.C5800.UI","origin":"123","timestamp":"2026-09-23T00:41:43.626Z"}
{"Counter":"working-set-Tab","Mean":385,"UnitId":"Roche.C5800.UI","origin":"123","timestamp":"2026-09-23T00:41:43.626Z"}
{"Counter":"cpu-usage-Browser","Mean":0.004165995108255216,"UnitId":"Roche.C5800.UI","origin":"123","timestamp":"2026-09-23T00:41:43.626Z"}
{"Counter":"working-set-Browser","Mean":192,"UnitId":"Roche.C5800.UI","origin":"123","timestamp":"2026-09-23T00:41:43.626Z"}
{"Counter":"cpu-usage-combined","Mean":0.037493625945318514,"UnitId":"Roche.C5800.UI","origin":"123","timestamp":"2026-09-23T00:41:43.626Z"}
{"Counter":"working-set-combined","Mean":772,"UnitId":"Roche.C5800.UI","origin":"123","timestamp":"2026-09-23T00:41:43.626Z"}
{"Counter":"cpu-usage-GPU","Mean":0.004166136317513447,"UnitId":"Roche.C5800.UI","origin":"123","timestamp":"2026-09-23T00:42:13.629Z"}
{"Counter":"working-set-GPU","Mean":122,"UnitId":"Roche.C5800.UI","origin":"123","timestamp":"2026-09-23T00:42:13.629Z"}
{"Counter":"cpu-usage-Tab","Mean":0.041661110463234556,"UnitId":"Roche.C5800.UI","origin":"123","timestamp":"2026-09-23T00:42:13.629Z"}
{"Counter":"working-set-Tab","Mean":385,"UnitId":"Roche.C5800.UI","origin":"123","timestamp":"2026-09-23T00:42:13.629Z"}
{"Counter":"cpu-usage-Browser","Mean":0.00833212767445884,"UnitId":"Roche.C5800.UI","origin":"123","timestamp":"2026-09-23T00:42:13.629Z"}
{"Counter":"working-set-Browser","Mean":192,"UnitId":"Roche.C5800.UI","origin":"123","timestamp":"2026-09-23T00:42:13.629Z"}
{"Counter":"cpu-usage-combined","Mean":0.05415937445520684,"UnitId":"Roche.C5800.UI","origin":"123","timestamp":"2026-09-23T00:42:13.629Z"}
{"Counter":"working-set-combined","Mean":772,"UnitId":"Roche.C5800.UI","origin":"123","timestamp":"2026-09-23T00:42:13.629Z"}
{"Counter":"cpu-usage-GPU","Mean":0,"UnitId":"Roche.C5800.UI","origin":"123","timestamp":"2026-09-23T00:42:43.630Z"}
{"Counter":"working-set-GPU","Mean":122,"UnitId":"Roche.C5800.UI","origin":"123","timestamp":"2026-09-23T00:42:43.630Z"}
{"Counter":"cpu-usage-Tab","Mean":0.03333279000885619,"UnitId":"Roche.C5800.UI","origin":"123","timestamp":"2026-09-23T00:42:43.630Z"}
{"Counter":"working-set-Tab","Mean":385,"UnitId":"Roche.C5800.UI","origin":"123","timestamp":"2026-09-23T00:42:43.630Z"}
{"Counter":"cpu-usage-Browser","Mean":0.004166597778916722,"UnitId":"Roche.C5800.UI","origin":"123","timestamp":"2026-09-23T00:42:43.630Z"}
{"Counter":"working-set-Browser","Mean":192,"UnitId":"Roche.C5800.UI","origin":"123","timestamp":"2026-09-23T00:42:43.630Z"}
{"Counter":"cpu-usage-combined","Mean":0.03749938778777291,"UnitId":"Roche.C5800.UI","origin":"123","timestamp":"2026-09-23T00:42:43.630Z"}
{"Counter":"working-set-combined","Mean":772,"UnitId":"Roche.C5800.UI","origin":"123","timestamp":"2026-09-23T00:42:43.630Z"}
{"Counter":"cpu-usage-GPU","Mean":0.00833309778443596,"UnitId":"Roche.C5800.UI","origin":"123","timestamp":"2026-09-23T00:43:13.631Z"}
{"Counter":"working-set-GPU","Mean":122,"UnitId":"Roche.C5800.UI","origin":"123","timestamp":"2026-09-23T00:43:13.631Z"}
{"Counter":"cpu-usage-Tab","Mean":0.041665461145990845,"UnitId":"Roche.C5800.UI","origin":"123","timestamp":"2026-09-23T00:43:13.631Z"}
{"Counter":"working-set-Tab","Mean":385,"UnitId":"Roche.C5800.UI","origin":"123","timestamp":"2026-09-23T00:43:13.631Z"}
{"Counter":"cpu-usage-Browser","Mean":0.008333129449432803,"UnitId":"Roche.C5800.UI","origin":"123","timestamp":"2026-09-23T00:43:13.631Z"}
{"Counter":"working-set-Browser","Mean":192,"UnitId":"Roche.C5800.UI","origin":"123","timestamp":"2026-09-23T00:43:13.631Z"}
{"Counter":"cpu-usage-combined","Mean":0.05833168837985961,"UnitId":"Roche.C5800.UI","origin":"123","timestamp":"2026-09-23T00:43:13.631Z"}
{"Counter":"working-set-combined","Mean":772,"UnitId":"Roche.C5800.UI","origin":"123","timestamp":"2026-09-23T00:43:13.631Z"}
{"Counter":"cpu-usage-GPU","Mean":0,"UnitId":"Roche.C5800.UI","origin":"123","timestamp":"2026-09-23T00:43:43.632Z"}
{"Counter":"working-set-GPU","Mean":122,"UnitId":"Roche.C5800.UI","origin":"123","timestamp":"2026-09-23T00:43:43.632Z"}
{"Counter":"cpu-usage-Tab","Mean":0.02916560017788683,"UnitId":"Roche.C5800.UI","origin":"123","timestamp":"2026-09-23T00:43:43.632Z"}
{"Counter":"working-set-Tab","Mean":385,"UnitId":"Roche.C5800.UI","origin":"123","timestamp":"2026-09-23T00:43:43.632Z"}
{"Counter":"cpu-usage-Browser","Mean":0.008332972237869692,"UnitId":"Roche.C5800.UI","origin":"123","timestamp":"2026-09-23T00:43:43.632Z"}
{"Counter":"working-set-Browser","Mean":192,"UnitId":"Roche.C5800.UI","origin":"123","timestamp":"2026-09-23T00:43:43.632Z"}
{"Counter":"cpu-usage-combined","Mean":0.03749857241575652,"UnitId":"Roche.C5800.UI","origin":"123","timestamp":"2026-09-23T00:43:43.632Z"}
{"Counter":"working-set-combined","Mean":772,"UnitId":"Roche.C5800.UI","origin":"123","timestamp":"2026-09-23T00:43:43.632Z"}
{"Counter":"cpu-usage-GPU","Mean":0.004164778078633942,"UnitId":"Roche.C5800.UI","origin":"123","timestamp":"2026-09-23T00:44:13.645Z"}
{"Counter":"working-set-GPU","Mean":122,"UnitId":"Roche.C5800.UI","origin":"123","timestamp":"2026-09-23T00:44:13.645Z"}
{"Counter":"cpu-usage-Tab","Mean":0.04164781825238625,"UnitId":"Roche.C5800.UI","origin":"123","timestamp":"2026-09-23T00:44:13.645Z"}
{"Counter":"working-set-Tab","Mean":385,"UnitId":"Roche.C5800.UI","origin":"123","timestamp":"2026-09-23T00:44:13.645Z"}
{"Counter":"cpu-usage-Browser","Mean":0.004164775997189809,"UnitId":"Roche.C5800.UI","origin":"123","timestamp":"2026-09-23T00:44:13.645Z"}
{"Counter":"working-set-Browser","Mean":192,"UnitId":"Roche.C5800.UI","origin":"123","timestamp":"2026-09-23T00:44:13.645Z"}
{"Counter":"cpu-usage-combined","Mean":0.04997737232820999,"UnitId":"Roche.C5800.UI","origin":"123","timestamp":"2026-09-23T00:44:13.645Z"}
{"Counter":"working-set-combined","Mean":772,"UnitId":"Roche.C5800.UI","origin":"123","timestamp":"2026-09-23T00:44:13.645Z"}
{"Counter":"cpu-usage-GPU","Mean":0,"UnitId":"Roche.C5800.UI","origin":"123","timestamp":"2026-09-23T00:44:43.657Z"}
{"Counter":"working-set-GPU","Mean":122,"UnitId":"Roche.C5800.UI","origin":"123","timestamp":"2026-09-23T00:44:43.657Z"}
{"Counter":"cpu-usage-Tab","Mean":0.0333195901130647,"UnitId":"Roche.C5800.UI","origin":"123","timestamp":"2026-09-23T00:44:43.657Z"}
{"Counter":"working-set-Tab","Mean":385,"UnitId":"Roche.C5800.UI","origin":"123","timestamp":"2026-09-23T00:44:43.657Z"}
{"Counter":"cpu-usage-Browser","Mean":0.008329875601970954,"UnitId":"Roche.C5800.UI","origin":"123","timestamp":"2026-09-23T00:44:43.657Z"}
{"Counter":"working-set-Browser","Mean":192,"UnitId":"Roche.C5800.UI","origin":"123","timestamp":"2026-09-23T00:44:43.657Z"}
{"Counter":"cpu-usage-combined","Mean":0.04581439810385562,"UnitId":"Roche.C5800.UI","origin":"123","timestamp":"2026-09-23T00:44:43.657Z"}
{"Counter":"working-set-combined","Mean":772,"UnitId":"Roche.C5800.UI","origin":"123","timestamp":"2026-09-23T00:44:43.657Z"}
{"Counter":"cpu-usage-GPU","Mean":0.004165286845977489,"UnitId":"Roche.C5800.UI","origin":"123","timestamp":"2026-09-23T00:45:13.667Z"}
{"Counter":"working-set-GPU","Mean":122,"UnitId":"Roche.C5800.UI","origin":"123","timestamp":"2026-09-23T00:45:13.667Z"}
{"Counter":"cpu-usage-Tab","Mean":0.041653316778639114,"UnitId":"Roche.C5800.UI","origin":"123","timestamp":"2026-09-23T00:45:13.667Z"}
{"Counter":"working-set-Tab","Mean":385,"UnitId":"Roche.C5800.UI","origin":"123","timestamp":"2026-09-23T00:45:13.667Z"}
{"Counter":"cpu-usage-Browser","Mean":0.00833076579131645,"UnitId":"Roche.C5800.UI","origin":"123","timestamp":"2026-09-23T00:45:13.667Z"}
{"Counter":"working-set-Browser","Mean":192,"UnitId":"Roche.C5800.UI","origin":"123","timestamp":"2026-09-23T00:45:13.667Z"}
{"Counter":"cpu-usage-combined","Mean":0.054149369415933055,"UnitId":"Roche.C5800.UI","origin":"123","timestamp":"2026-09-23T00:45:13.667Z"}
{"Counter":"working-set-combined","Mean":772,"UnitId":"Roche.C5800.UI","origin":"123","timestamp":"2026-09-23T00:45:13.667Z"}
{"Counter":"cpu-usage-GPU","Mean":0,"UnitId":"Roche.C5800.UI","origin":"123","timestamp":"2026-09-23T00:45:43.676Z"}
{"Counter":"working-set-GPU","Mean":122,"UnitId":"Roche.C5800.UI","origin":"123","timestamp":"2026-09-23T00:45:43.676Z"}
{"Counter":"cpu-usage-Tab","Mean":0.03332346514452187,"UnitId":"Roche.C5800.UI","origin":"123","timestamp":"2026-09-23T00:45:43.676Z"}
{"Counter":"working-set-Tab","Mean":385,"UnitId":"Roche.C5800.UI","origin":"123","timestamp":"2026-09-23T00:45:43.676Z"}
{"Counter":"cpu-usage-Browser","Mean":0.0041654307833532455,"UnitId":"Roche.C5800.UI","origin":"123","timestamp":"2026-09-23T00:45:43.676Z"}
{"Counter":"working-set-Browser","Mean":192,"UnitId":"Roche.C5800.UI","origin":"123","timestamp":"2026-09-23T00:45:43.676Z"}
{"Counter":"cpu-usage-combined","Mean":0.03748889592787512,"UnitId":"Roche.C5800.UI","origin":"123","timestamp":"2026-09-23T00:45:43.676Z"}
{"Counter":"working-set-combined","Mean":772,"UnitId":"Roche.C5800.UI","origin":"123","timestamp":"2026-09-23T00:45:43.676Z"}
{"Counter":"cpu-usage-GPU","Mean":0.004165347362312111,"UnitId":"Roche.C5800.UI","origin":"123","timestamp":"2026-09-23T00:46:13.686Z"}
{"Counter":"working-set-GPU","Mean":122,"UnitId":"Roche.C5800.UI","origin":"123","timestamp":"2026-09-23T00:46:13.686Z"}
{"Counter":"cpu-usage-Tab","Mean":0.03748812376239207,"UnitId":"Roche.C5800.UI","origin":"123","timestamp":"2026-09-23T00:46:13.686Z"}
{"Counter":"working-set-Tab","Mean":385,"UnitId":"Roche.C5800.UI","origin":"123","timestamp":"2026-09-23T00:46:13.686Z"}
{"Counter":"cpu-usage-Browser","Mean":0.0041653344538638394,"UnitId":"Roche.C5800.UI","origin":"123","timestamp":"2026-09-23T00:46:13.686Z"}
{"Counter":"working-set-Browser","Mean":192,"UnitId":"Roche.C5800.UI","origin":"123","timestamp":"2026-09-23T00:46:13.686Z"}
{"Counter":"cpu-usage-combined","Mean":0.045818805578568024,"UnitId":"Roche.C5800.UI","origin":"123","timestamp":"2026-09-23T00:46:13.686Z"}
{"Counter":"working-set-combined","Mean":772,"UnitId":"Roche.C5800.UI","origin":"123","timestamp":"2026-09-23T00:46:13.686Z"}
{"Counter":"cpu-usage-GPU","Mean":0,"UnitId":"Roche.C5800.UI","origin":"123","timestamp":"2026-09-23T00:46:43.693Z"}
{"Counter":"working-set-GPU","Mean":122,"UnitId":"Roche.C5800.UI","origin":"123","timestamp":"2026-09-23T00:46:43.693Z"}
{"Counter":"cpu-usage-Tab","Mean":0.03332488103267408,"UnitId":"Roche.C5800.UI","origin":"123","timestamp":"2026-09-23T00:46:43.693Z"}
{"Counter":"working-set-Tab","Mean":385,"UnitId":"Roche.C5800.UI","origin":"123","timestamp":"2026-09-23T00:46:43.693Z"}
{"Counter":"cpu-usage-Browser","Mean":0.004165603604626766,"UnitId":"Roche.C5800.UI","origin":"123","timestamp":"2026-09-23T00:46:43.693Z"}
{"Counter":"working-set-Browser","Mean":192,"UnitId":"Roche.C5800.UI","origin":"123","timestamp":"2026-09-23T00:46:43.693Z"}
{"Counter":"cpu-usage-combined","Mean":0.03749048463730084,"UnitId":"Roche.C5800.UI","origin":"123","timestamp":"2026-09-23T00:46:43.693Z"}
{"Counter":"working-set-combined","Mean":772,"UnitId":"Roche.C5800.UI","origin":"123","timestamp":"2026-09-23T00:46:43.693Z"}
{"Counter":"cpu-usage-GPU","Mean":0.008331207764525677,"UnitId":"Roche.C5800.UI","origin":"123","timestamp":"2026-09-23T00:47:13.701Z"}
{"Counter":"working-set-GPU","Mean":122,"UnitId":"Roche.C5800.UI","origin":"123","timestamp":"2026-09-23T00:47:13.701Z"}
{"Counter":"cpu-usage-Tab","Mean":0.03749046492508738,"UnitId":"Roche.C5800.UI","origin":"123","timestamp":"2026-09-23T00:47:13.701Z"}
{"Counter":"working-set-Tab","Mean":385,"UnitId":"Roche.C5800.UI","origin":"123","timestamp":"2026-09-23T00:47:13.701Z"}
{"Counter":"cpu-usage-Browser","Mean":0.008331195548555574,"UnitId":"Roche.C5800.UI","origin":"123","timestamp":"2026-09-23T00:47:13.701Z"}
{"Counter":"working-set-Browser","Mean":192,"UnitId":"Roche.C5800.UI","origin":"123","timestamp":"2026-09-23T00:47:13.701Z"}
{"Counter":"cpu-usage-combined","Mean":0.058318469344072414,"UnitId":"Roche.C5800.UI","origin":"123","timestamp":"2026-09-23T00:47:13.701Z"}
{"Counter":"working-set-combined","Mean":772,"UnitId":"Roche.C5800.UI","origin":"123","timestamp":"2026-09-23T00:47:13.701Z"}
{"Counter":"cpu-usage-GPU","Mean":0,"UnitId":"Roche.C5800.UI","origin":"123","timestamp":"2026-09-23T00:47:43.706Z"}
{"Counter":"working-set-GPU","Mean":122,"UnitId":"Roche.C5800.UI","origin":"123","timestamp":"2026-09-23T00:47:43.706Z"}
{"Counter":"cpu-usage-Tab","Mean":0.033327974195082766,"UnitId":"Roche.C5800.UI","origin":"123","timestamp":"2026-09-23T00:47:43.706Z"}
{"Counter":"working-set-Tab","Mean":385,"UnitId":"Roche.C5800.UI","origin":"123","timestamp":"2026-09-23T00:47:43.706Z"}
{"Counter":"cpu-usage-Browser","Mean":0.008332013542388219,"UnitId":"Roche.C5800.UI","origin":"123","timestamp":"2026-09-23T00:47:43.706Z"}
{"Counter":"working-set-Browser","Mean":192,"UnitId":"Roche.C5800.UI","origin":"123","timestamp":"2026-09-23T00:47:43.706Z"}
{"Counter":"cpu-usage-combined","Mean":0.04165998773747098,"UnitId":"Roche.C5800.UI","origin":"123","timestamp":"2026-09-23T00:47:43.706Z"}
{"Counter":"working-set-combined","Mean":772,"UnitId":"Roche.C5800.UI","origin":"123","timestamp":"2026-09-23T00:47:43.706Z"}
{"Counter":"cpu-usage-GPU","Mean":0.004166219909018423,"UnitId":"Roche.C5800.UI","origin":"123","timestamp":"2026-09-23T00:48:13.709Z"}
{"Counter":"working-set-GPU","Mean":122,"UnitId":"Roche.C5800.UI","origin":"123","timestamp":"2026-09-23T00:48:13.709Z"}
{"Counter":"cpu-usage-Tab","Mean":0.04166222130765314,"UnitId":"Roche.C5800.UI","origin":"123","timestamp":"2026-09-23T00:48:13.709Z"}
{"Counter":"working-set-Tab","Mean":385,"UnitId":"Roche.C5800.UI","origin":"123","timestamp":"2026-09-23T00:48:13.709Z"}
{"Counter":"cpu-usage-Browser","Mean":0.004166214632379053,"UnitId":"Roche.C5800.UI","origin":"123","timestamp":"2026-09-23T00:48:13.709Z"}
{"Counter":"working-set-Browser","Mean":192,"UnitId":"Roche.C5800.UI","origin":"123","timestamp":"2026-09-23T00:48:13.709Z"}
{"Counter":"cpu-usage-combined","Mean":0.049994655849050613,"UnitId":"Roche.C5800.UI","origin":"123","timestamp":"2026-09-23T00:48:13.709Z"}
{"Counter":"working-set-combined","Mean":772,"UnitId":"Roche.C5800.UI","origin":"123","timestamp":"2026-09-23T00:48:13.709Z"}
{"Counter":"cpu-usage-GPU","Mean":0,"UnitId":"Roche.C5800.UI","origin":"123","timestamp":"2026-09-23T00:48:43.712Z"}
{"Counter":"working-set-GPU","Mean":122,"UnitId":"Roche.C5800.UI","origin":"123","timestamp":"2026-09-23T00:48:43.712Z"}
{"Counter":"cpu-usage-Tab","Mean":0.029163338157671605,"UnitId":"Roche.C5800.UI","origin":"123","timestamp":"2026-09-23T00:48:43.712Z"}
{"Counter":"working-set-Tab","Mean":385,"UnitId":"Roche.C5800.UI","origin":"123","timestamp":"2026-09-23T00:48:43.712Z"}
{"Counter":"cpu-usage-Browser","Mean":0.008332366778786994,"UnitId":"Roche.C5800.UI","origin":"123","timestamp":"2026-09-23T00:48:43.712Z"}
{"Counter":"working-set-Browser","Mean":192,"UnitId":"Roche.C5800.UI","origin":"123","timestamp":"2026-09-23T00:48:43.712Z"}
{"Counter":"cpu-usage-combined","Mean":0.037495704936458596,"UnitId":"Roche.C5800.UI","origin":"123","timestamp":"2026-09-23T00:48:43.712Z"}
{"Counter":"working-set-combined","Mean":772,"UnitId":"Roche.C5800.UI","origin":"123","timestamp":"2026-09-23T00:48:43.712Z"}
{"Counter":"cpu-usage-GPU","Mean":0.004166537642884325,"UnitId":"Roche.C5800.UI","origin":"123","timestamp":"2026-09-23T00:49:13.713Z"}
{"Counter":"working-set-GPU","Mean":122,"UnitId":"Roche.C5800.UI","origin":"123","timestamp":"2026-09-23T00:49:13.713Z"}
{"Counter":"cpu-usage-Tab","Mean":0.03749866129779167,"UnitId":"Roche.C5800.UI","origin":"123","timestamp":"2026-09-23T00:49:13.713Z"}
{"Counter":"working-set-Tab","Mean":385,"UnitId":"Roche.C5800.UI","origin":"123","timestamp":"2026-09-23T00:49:13.713Z"}
{"Counter":"cpu-usage-Browser","Mean":0.00833308834053612,"UnitId":"Roche.C5800.UI","origin":"123","timestamp":"2026-09-23T00:49:13.713Z"}
{"Counter":"working-set-Browser","Mean":192,"UnitId":"Roche.C5800.UI","origin":"123","timestamp":"2026-09-23T00:49:13.713Z"}
{"Counter":"cpu-usage-combined","Mean":0.04999828728121212,"UnitId":"Roche.C5800.UI","origin":"123","timestamp":"2026-09-23T00:49:13.713Z"}
{"Counter":"working-set-combined","Mean":772,"UnitId":"Roche.C5800.UI","origin":"123","timestamp":"2026-09-23T00:49:13.713Z"}
{"Counter":"cpu-usage-GPU","Mean":0,"UnitId":"Roche.C5800.UI","origin":"123","timestamp":"2026-09-23T00:49:43.714Z"}
{"Counter":"working-set-GPU","Mean":122,"UnitId":"Roche.C5800.UI","origin":"123","timestamp":"2026-09-23T00:49:43.714Z"}
{"Counter":"cpu-usage-Tab","Mean":0.03749975250163349,"UnitId":"Roche.C5800.UI","origin":"123","timestamp":"2026-09-23T00:49:43.714Z"}
{"Counter":"working-set-Tab","Mean":385,"UnitId":"Roche.C5800.UI","origin":"123","timestamp":"2026-09-23T00:49:43.714Z"}
{"Counter":"cpu-usage-Browser","Mean":0.00416666236111556,"UnitId":"Roche.C5800.UI","origin":"123","timestamp":"2026-09-23T00:49:43.714Z"}
{"Counter":"working-set-Browser","Mean":192,"UnitId":"Roche.C5800.UI","origin":"123","timestamp":"2026-09-23T00:49:43.714Z"}
{"Counter":"cpu-usage-combined","Mean":0.04166641486274905,"UnitId":"Roche.C5800.UI","origin":"123","timestamp":"2026-09-23T00:49:43.714Z"}
{"Counter":"working-set-combined","Mean":772,"UnitId":"Roche.C5800.UI","origin":"123","timestamp":"2026-09-23T00:49:43.714Z"}
{"Counter":"cpu-usage-GPU","Mean":0.004166484869043547,"UnitId":"Roche.C5800.UI","origin":"123","timestamp":"2026-09-23T00:50:13.715Z"}
{"Counter":"working-set-GPU","Mean":122,"UnitId":"Roche.C5800.UI","origin":"123","timestamp":"2026-09-23T00:50:13.715Z"}
{"Counter":"cpu-usage-Tab","Mean":0.037497950112060544,"UnitId":"Roche.C5800.UI","origin":"123","timestamp":"2026-09-23T00:50:13.715Z"}
{"Counter":"working-set-Tab","Mean":385,"UnitId":"Roche.C5800.UI","origin":"123","timestamp":"2026-09-23T00:50:13.715Z"}
{"Counter":"cpu-usage-Browser","Mean":0.00416642334754317,"UnitId":"Roche.C5800.UI","origin":"123","timestamp":"2026-09-23T00:50:13.715Z"}
{"Counter":"working-set-Browser","Mean":192,"UnitId":"Roche.C5800.UI","origin":"123","timestamp":"2026-09-23T00:50:13.715Z"}
{"Counter":"cpu-usage-combined","Mean":0.049997287647723716,"UnitId":"Roche.C5800.UI","origin":"123","timestamp":"2026-09-23T00:50:13.715Z"}
{"Counter":"working-set-combined","Mean":772,"UnitId":"Roche.C5800.UI","origin":"123","timestamp":"2026-09-23T00:50:13.715Z"}
{"Counter":"cpu-usage-GPU","Mean":0,"UnitId":"Roche.C5800.UI","origin":"123","timestamp":"2026-09-23T00:50:43.729Z"}
{"Counter":"working-set-GPU","Mean":122,"UnitId":"Roche.C5800.UI","origin":"123","timestamp":"2026-09-23T00:50:43.729Z"}
{"Counter":"cpu-usage-Tab","Mean":0.029153255197500644,"UnitId":"Roche.C5800.UI","origin":"123","timestamp":"2026-09-23T00:50:43.729Z"}
{"Counter":"working-set-Tab","Mean":385,"UnitId":"Roche.C5800.UI","origin":"123","timestamp":"2026-09-23T00:50:43.729Z"}
{"Counter":"cpu-usage-Browser","Mean":0.012494125678576789,"UnitId":"Roche.C5800.UI","origin":"123","timestamp":"2026-09-23T00:50:43.729Z"}
{"Counter":"working-set-Browser","Mean":192,"UnitId":"Roche.C5800.UI","origin":"123","timestamp":"2026-09-23T00:50:43.729Z"}
{"Counter":"cpu-usage-combined","Mean":0.04164738087607743,"UnitId":"Roche.C5800.UI","origin":"123","timestamp":"2026-09-23T00:50:43.729Z"}
{"Counter":"working-set-combined","Mean":772,"UnitId":"Roche.C5800.UI","origin":"123","timestamp":"2026-09-23T00:50:43.729Z"}
{"Counter":"cpu-usage-GPU","Mean":0.004165029948731147,"UnitId":"Roche.C5800.UI","origin":"123","timestamp":"2026-09-23T00:51:13.741Z"}
{"Counter":"working-set-GPU","Mean":122,"UnitId":"Roche.C5800.UI","origin":"123","timestamp":"2026-09-23T00:51:13.741Z"}
{"Counter":"cpu-usage-Tab","Mean":0.04165049100431029,"UnitId":"Roche.C5800.UI","origin":"123","timestamp":"2026-09-23T00:51:13.741Z"}
{"Counter":"working-set-Tab","Mean":385,"UnitId":"Roche.C5800.UI","origin":"123","timestamp":"2026-09-23T00:51:13.741Z"}
{"Counter":"cpu-usage-Browser","Mean":0.004165067558395413,"UnitId":"Roche.C5800.UI","origin":"123","timestamp":"2026-09-23T00:51:13.741Z"}
{"Counter":"working-set-Browser","Mean":192,"UnitId":"Roche.C5800.UI","origin":"123","timestamp":"2026-09-23T00:51:13.741Z"}
{"Counter":"cpu-usage-combined","Mean":0.04998058851143686,"UnitId":"Roche.C5800.UI","origin":"123","timestamp":"2026-09-23T00:51:13.741Z"}
{"Counter":"working-set-combined","Mean":772,"UnitId":"Roche.C5800.UI","origin":"123","timestamp":"2026-09-23T00:51:13.741Z"}
{"Counter":"cpu-usage-GPU","Mean":0,"UnitId":"Roche.C5800.UI","origin":"123","timestamp":"2026-09-23T00:51:43.753Z"}
{"Counter":"working-set-GPU","Mean":122,"UnitId":"Roche.C5800.UI","origin":"123","timestamp":"2026-09-23T00:51:43.753Z"}
{"Counter":"cpu-usage-Tab","Mean":0.029155115409941246,"UnitId":"Roche.C5800.UI","origin":"123","timestamp":"2026-09-23T00:51:43.753Z"}
{"Counter":"working-set-Tab","Mean":385,"UnitId":"Roche.C5800.UI","origin":"123","timestamp":"2026-09-23T00:51:43.753Z"}
{"Counter":"cpu-usage-Browser","Mean":0.004165019262714288,"UnitId":"Roche.C5800.UI","origin":"123","timestamp":"2026-09-23T00:51:43.753Z"}
{"Counter":"working-set-Browser","Mean":192,"UnitId":"Roche.C5800.UI","origin":"123","timestamp":"2026-09-23T00:51:43.753Z"}
{"Counter":"cpu-usage-combined","Mean":0.03332013467265554,"UnitId":"Roche.C5800.UI","origin":"123","timestamp":"2026-09-23T00:51:43.753Z"}
{"Counter":"working-set-combined","Mean":772,"UnitId":"Roche.C5800.UI","origin":"123","timestamp":"2026-09-23T00:51:43.753Z"}
{"Counter":"cpu-usage-GPU","Mean":0.004165023287311603,"UnitId":"Roche.C5800.UI","origin":"123","timestamp":"2026-09-23T00:52:13.764Z"}
{"Counter":"working-set-GPU","Mean":122,"UnitId":"Roche.C5800.UI","origin":"123","timestamp":"2026-09-23T00:52:13.764Z"}
{"Counter":"cpu-usage-Tab","Mean":0.04165062007110727,"UnitId":"Roche.C5800.UI","origin":"123","timestamp":"2026-09-23T00:52:13.764Z"}
{"Counter":"working-set-Tab","Mean":385,"UnitId":"Roche.C5800.UI","origin":"123","timestamp":"2026-09-23T00:52:13.764Z"}
{"Counter":"cpu-usage-Browser","Mean":0.004165118353337453,"UnitId":"Roche.C5800.UI","origin":"123","timestamp":"2026-09-23T00:52:13.764Z"}
{"Counter":"working-set-Browser","Mean":192,"UnitId":"Roche.C5800.UI","origin":"123","timestamp":"2026-09-23T00:52:13.764Z"}
{"Counter":"cpu-usage-combined","Mean":0.049980761711756326,"UnitId":"Roche.C5800.UI","origin":"123","timestamp":"2026-09-23T00:52:13.764Z"}
{"Counter":"working-set-combined","Mean":772,"UnitId":"Roche.C5800.UI","origin":"123","timestamp":"2026-09-23T00:52:13.764Z"}
{"Counter":"cpu-usage-GPU","Mean":0,"UnitId":"Roche.C5800.UI","origin":"123","timestamp":"2026-09-23T00:52:43.766Z"}
{"Counter":"working-set-GPU","Mean":122,"UnitId":"Roche.C5800.UI","origin":"123","timestamp":"2026-09-23T00:52:43.766Z"}
{"Counter":"cpu-usage-Tab","Mean":0.029164719435565686,"UnitId":"Roche.C5800.UI","origin":"123","timestamp":"2026-09-23T00:52:43.766Z"}
{"Counter":"working-set-Tab","Mean":385,"UnitId":"Roche.C5800.UI","origin":"123","timestamp":"2026-09-23T00:52:43.766Z"}
{"Counter":"cpu-usage-Browser","Mean":0.008332697548510381,"UnitId":"Roche.C5800.UI","origin":"123","timestamp":"2026-09-23T00:52:43.766Z"}
{"Counter":"working-set-Browser","Mean":192,"UnitId":"Roche.C5800.UI","origin":"123","timestamp":"2026-09-23T00:52:43.766Z"}
{"Counter":"cpu-usage-combined","Mean":0.03749741698407607,"UnitId":"Roche.C5800.UI","origin":"123","timestamp":"2026-09-23T00:52:43.766Z"}
{"Counter":"working-set-combined","Mean":772,"UnitId":"Roche.C5800.UI","origin":"123","timestamp":"2026-09-23T00:52:43.766Z"}
{"Counter":"cpu-usage-GPU","Mean":0.004165649692721683,"UnitId":"Roche.C5800.UI","origin":"123","timestamp":"2026-09-23T00:53:13.774Z"}
{"Counter":"working-set-GPU","Mean":122,"UnitId":"Roche.C5800.UI","origin":"123","timestamp":"2026-09-23T00:53:13.774Z"}
{"Counter":"cpu-usage-Tab","Mean":0.04165650109185022,"UnitId":"Roche.C5800.UI","origin":"123","timestamp":"2026-09-23T00:53:13.774Z"}
{"Counter":"working-set-Tab","Mean":385,"UnitId":"Roche.C5800.UI","origin":"123","timestamp":"2026-09-23T00:53:13.774Z"}
{"Counter":"cpu-usage-Browser","Mean":0.004165644139885129,"UnitId":"Roche.C5800.UI","origin":"123","timestamp":"2026-09-23T00:53:13.774Z"}
{"Counter":"working-set-Browser","Mean":192,"UnitId":"Roche.C5800.UI","origin":"123","timestamp":"2026-09-23T00:53:13.774Z"}
{"Counter":"cpu-usage-combined","Mean":0.049987794924457034,"UnitId":"Roche.C5800.UI","origin":"123","timestamp":"2026-09-23T00:53:13.774Z"}
{"Counter":"working-set-combined","Mean":772,"UnitId":"Roche.C5800.UI","origin":"123","timestamp":"2026-09-23T00:53:13.774Z"}
{"Counter":"cpu-usage-GPU","Mean":0,"UnitId":"Roche.C5800.UI","origin":"123","timestamp":"2026-09-23T00:53:43.782Z"}
{"Counter":"working-set-GPU","Mean":122,"UnitId":"Roche.C5800.UI","origin":"123","timestamp":"2026-09-23T00:53:43.782Z"}
{"Counter":"cpu-usage-Tab","Mean":0.033324131429841176,"UnitId":"Roche.C5800.UI","origin":"123","timestamp":"2026-09-23T00:53:43.782Z"}
{"Counter":"working-set-Tab","Mean":385,"UnitId":"Roche.C5800.UI","origin":"123","timestamp":"2026-09-23T00:53:43.782Z"}
{"Counter":"cpu-usage-Browser","Mean":0.008330969837190522,"UnitId":"Roche.C5800.UI","origin":"123","timestamp":"2026-09-23T00:53:43.782Z"}
{"Counter":"working-set-Browser","Mean":192,"UnitId":"Roche.C5800.UI","origin":"123","timestamp":"2026-09-23T00:53:43.782Z"}
{"Counter":"cpu-usage-combined","Mean":0.045820591460418086,"UnitId":"Roche.C5800.UI","origin":"123","timestamp":"2026-09-23T00:53:43.782Z"}
{"Counter":"working-set-combined","Mean":772,"UnitId":"Roche.C5800.UI","origin":"123","timestamp":"2026-09-23T00:53:43.782Z"}
{"Counter":"cpu-usage-GPU","Mean":0.00833124524556662,"UnitId":"Roche.C5800.UI","origin":"123","timestamp":"2026-09-23T00:54:13.789Z"}
{"Counter":"working-set-GPU","Mean":122,"UnitId":"Roche.C5800.UI","origin":"123","timestamp":"2026-09-23T00:54:13.789Z"}
{"Counter":"cpu-usage-Tab","Mean":0.03749092594622348,"UnitId":"Roche.C5800.UI","origin":"123","timestamp":"2026-09-23T00:54:13.789Z"}
{"Counter":"working-set-Tab","Mean":385,"UnitId":"Roche.C5800.UI","origin":"123","timestamp":"2026-09-23T00:54:13.789Z"}
{"Counter":"cpu-usage-Browser","Mean":0.004165727295161608,"UnitId":"Roche.C5800.UI","origin":"123","timestamp":"2026-09-23T00:54:13.789Z"}
{"Counter":"working-set-Browser","Mean":192,"UnitId":"Roche.C5800.UI","origin":"123","timestamp":"2026-09-23T00:54:13.789Z"}
{"Counter":"cpu-usage-combined","Mean":0.04998789848695172,"UnitId":"Roche.C5800.UI","origin":"123","timestamp":"2026-09-23T00:54:13.789Z"}
{"Counter":"working-set-combined","Mean":772,"UnitId":"Roche.C5800.UI","origin":"123","timestamp":"2026-09-23T00:54:13.789Z"}
{"Counter":"cpu-usage-GPU","Mean":0,"UnitId":"Roche.C5800.UI","origin":"123","timestamp":"2026-09-23T00:54:43.796Z"}
{"Counter":"working-set-GPU","Mean":122,"UnitId":"Roche.C5800.UI","origin":"123","timestamp":"2026-09-23T00:54:43.796Z"}
{"Counter":"cpu-usage-Tab","Mean":0.03332587278128003,"UnitId":"Roche.C5800.UI","origin":"123","timestamp":"2026-09-23T00:54:43.796Z"}
{"Counter":"working-set-Tab","Mean":385,"UnitId":"Roche.C5800.UI","origin":"123","timestamp":"2026-09-23T00:54:43.796Z"}
{"Counter":"cpu-usage-Browser","Mean":0.008331419328599576,"UnitId":"Roche.C5800.UI","origin":"123","timestamp":"2026-09-23T00:54:43.796Z"}
{"Counter":"working-set-Browser","Mean":192,"UnitId":"Roche.C5800.UI","origin":"123","timestamp":"2026-09-23T00:54:43.796Z"}
{"Counter":"cpu-usage-combined","Mean":0.04165729210987961,"UnitId":"Roche.C5800.UI","origin":"123","timestamp":"2026-09-23T00:54:43.796Z"}
{"Counter":"working-set-combined","Mean":772,"UnitId":"Roche.C5800.UI","origin":"123","timestamp":"2026-09-23T00:54:43.796Z"}
{"Counter":"cpu-usage-GPU","Mean":0,"UnitId":"Roche.C5800.UI","origin":"123","timestamp":"2026-09-23T00:55:13.800Z"}
{"Counter":"working-set-GPU","Mean":122,"UnitId":"Roche.C5800.UI","origin":"123","timestamp":"2026-09-23T00:55:13.800Z"}
{"Counter":"cpu-usage-Tab","Mean":0.03749442457906509,"UnitId":"Roche.C5800.UI","origin":"123","timestamp":"2026-09-23T00:55:13.800Z"}
{"Counter":"working-set-Tab","Mean":385,"UnitId":"Roche.C5800.UI","origin":"123","timestamp":"2026-09-23T00:55:13.800Z"}
{"Counter":"cpu-usage-Browser","Mean":0.00833208629775077,"UnitId":"Roche.C5800.UI","origin":"123","timestamp":"2026-09-23T00:55:13.800Z"}
{"Counter":"working-set-Browser","Mean":192,"UnitId":"Roche.C5800.UI","origin":"123","timestamp":"2026-09-23T00:55:13.800Z"}
{"Counter":"cpu-usage-combined","Mean":0.045826510876815864,"UnitId":"Roche.C5800.UI","origin":"123","timestamp":"2026-09-23T00:55:13.800Z"}
{"Counter":"working-set-combined","Mean":772,"UnitId":"Roche.C5800.UI","origin":"123","timestamp":"2026-09-23T00:55:13.800Z"}
{"Counter":"cpu-usage-GPU","Mean":0,"UnitId":"Roche.C5800.UI","origin":"123","timestamp":"2026-09-23T00:55:43.805Z"}
{"Counter":"working-set-GPU","Mean":122,"UnitId":"Roche.C5800.UI","origin":"123","timestamp":"2026-09-23T00:55:43.805Z"}
{"Counter":"cpu-usage-Tab","Mean":0.03332923494840918,"UnitId":"Roche.C5800.UI","origin":"123","timestamp":"2026-09-23T00:55:43.805Z"}
{"Counter":"working-set-Tab","Mean":385,"UnitId":"Roche.C5800.UI","origin":"123","timestamp":"2026-09-23T00:55:43.805Z"}
{"Counter":"cpu-usage-Browser","Mean":0,"UnitId":"Roche.C5800.UI","origin":"123","timestamp":"2026-09-23T00:55:43.805Z"}
{"Counter":"working-set-Browser","Mean":192,"UnitId":"Roche.C5800.UI","origin":"123","timestamp":"2026-09-23T00:55:43.805Z"}
{"Counter":"cpu-usage-combined","Mean":0.03332923494840918,"UnitId":"Roche.C5800.UI","origin":"123","timestamp":"2026-09-23T00:55:43.805Z"}
{"Counter":"working-set-combined","Mean":772,"UnitId":"Roche.C5800.UI","origin":"123","timestamp":"2026-09-23T00:55:43.805Z"}
{"Counter":"cpu-usage-GPU","Mean":0.004166140899685126,"UnitId":"Roche.C5800.UI","origin":"123","timestamp":"2026-09-23T00:56:13.808Z"}
{"Counter":"working-set-GPU","Mean":122,"UnitId":"Roche.C5800.UI","origin":"123","timestamp":"2026-09-23T00:56:13.808Z"}
{"Counter":"cpu-usage-Tab","Mean":0.04166043981959496,"UnitId":"Roche.C5800.UI","origin":"123","timestamp":"2026-09-23T00:56:13.808Z"}
{"Counter":"working-set-Tab","Mean":385,"UnitId":"Roche.C5800.UI","origin":"123","timestamp":"2026-09-23T00:56:13.808Z"}
{"Counter":"cpu-usage-Browser","Mean":0.008331739471572421,"UnitId":"Roche.C5800.UI","origin":"123","timestamp":"2026-09-23T00:56:13.808Z"}
{"Counter":"working-set-Browser","Mean":192,"UnitId":"Roche.C5800.UI","origin":"123","timestamp":"2026-09-23T00:56:13.808Z"}
{"Counter":"cpu-usage-combined","Mean":0.05415832019085251,"UnitId":"Roche.C5800.UI","origin":"123","timestamp":"2026-09-23T00:56:13.808Z"}
{"Counter":"working-set-combined","Mean":772,"UnitId":"Roche.C5800.UI","origin":"123","timestamp":"2026-09-23T00:56:13.808Z"}
{"Counter":"cpu-usage-GPU","Mean":0,"UnitId":"Roche.C5800.UI","origin":"123","timestamp":"2026-09-23T00:56:43.810Z"}
{"Counter":"working-set-GPU","Mean":122,"UnitId":"Roche.C5800.UI","origin":"123","timestamp":"2026-09-23T00:56:43.810Z"}
{"Counter":"cpu-usage-Tab","Mean":0.033331163474591134,"UnitId":"Roche.C5800.UI","origin":"123","timestamp":"2026-09-23T00:56:43.810Z"}
{"Counter":"working-set-Tab","Mean":385,"UnitId":"Roche.C5800.UI","origin":"123","timestamp":"2026-09-23T00:56:43.810Z"}
{"Counter":"cpu-usage-Browser","Mean":0.008332806977692576,"UnitId":"Roche.C5800.UI","origin":"123","timestamp":"2026-09-23T00:56:43.810Z"}
{"Counter":"working-set-Browser","Mean":192,"UnitId":"Roche.C5800.UI","origin":"123","timestamp":"2026-09-23T00:56:43.810Z"}
{"Counter":"cpu-usage-combined","Mean":0.04583036616434924,"UnitId":"Roche.C5800.UI","origin":"123","timestamp":"2026-09-23T00:56:43.810Z"}
{"Counter":"working-set-combined","Mean":772,"UnitId":"Roche.C5800.UI","origin":"123","timestamp":"2026-09-23T00:56:43.810Z"}
{"Counter":"cpu-usage-GPU","Mean":0.008332842806653449,"UnitId":"Roche.C5800.UI","origin":"123","timestamp":"2026-09-23T00:57:13.812Z"}
{"Counter":"working-set-GPU","Mean":122,"UnitId":"Roche.C5800.UI","origin":"123","timestamp":"2026-09-23T00:57:13.812Z"}
{"Counter":"cpu-usage-Tab","Mean":0.03333136567171318,"UnitId":"Roche.C5800.UI","origin":"123","timestamp":"2026-09-23T00:57:13.812Z"}
{"Counter":"working-set-Tab","Mean":385,"UnitId":"Roche.C5800.UI","origin":"123","timestamp":"2026-09-23T00:57:13.812Z"}
{"Counter":"cpu-usage-Browser","Mean":0.004166429180203395,"UnitId":"Roche.C5800.UI","origin":"123","timestamp":"2026-09-23T00:57:13.812Z"}
{"Counter":"working-set-Browser","Mean":192,"UnitId":"Roche.C5800.UI","origin":"123","timestamp":"2026-09-23T00:57:13.812Z"}
{"Counter":"cpu-usage-combined","Mean":0.045830637658570025,"UnitId":"Roche.C5800.UI","origin":"123","timestamp":"2026-09-23T00:57:13.812Z"}
{"Counter":"working-set-combined","Mean":772,"UnitId":"Roche.C5800.UI","origin":"123","timestamp":"2026-09-23T00:57:13.812Z"}
{"Counter":"cpu-usage-GPU","Mean":0,"UnitId":"Roche.C5800.UI","origin":"123","timestamp":"2026-09-23T00:57:43.825Z"}
{"Counter":"working-set-GPU","Mean":122,"UnitId":"Roche.C5800.UI","origin":"123","timestamp":"2026-09-23T00:57:43.825Z"}
{"Counter":"cpu-usage-Tab","Mean":0.033318959534190284,"UnitId":"Roche.C5800.UI","origin":"123","timestamp":"2026-09-23T00:57:43.825Z"}
{"Counter":"working-set-Tab","Mean":385,"UnitId":"Roche.C5800.UI","origin":"123","timestamp":"2026-09-23T00:57:43.825Z"}
{"Counter":"cpu-usage-Browser","Mean":0.004164897973327327,"UnitId":"Roche.C5800.UI","origin":"123","timestamp":"2026-09-23T00:57:43.825Z"}
{"Counter":"working-set-Browser","Mean":192,"UnitId":"Roche.C5800.UI","origin":"123","timestamp":"2026-09-23T00:57:43.825Z"}
{"Counter":"cpu-usage-combined","Mean":0.041648744101653944,"UnitId":"Roche.C5800.UI","origin":"123","timestamp":"2026-09-23T00:57:43.825Z"}
{"Counter":"working-set-combined","Mean":772,"UnitId":"Roche.C5800.UI","origin":"123","timestamp":"2026-09-23T00:57:43.825Z"}
{"Counter":"cpu-usage-GPU","Mean":0.008329559765107747,"UnitId":"Roche.C5800.UI","origin":"123","timestamp":"2026-09-23T00:58:13.839Z"}
{"Counter":"working-set-GPU","Mean":122,"UnitId":"Roche.C5800.UI","origin":"123","timestamp":"2026-09-23T00:58:13.839Z"}
{"Counter":"cpu-usage-Tab","Mean":0.04581248407183224,"UnitId":"Roche.C5800.UI","origin":"123","timestamp":"2026-09-23T00:58:13.839Z"}
{"Counter":"working-set-Tab","Mean":385,"UnitId":"Roche.C5800.UI","origin":"123","timestamp":"2026-09-23T00:58:13.839Z"}
{"Counter":"cpu-usage-Browser","Mean":0.008329550329225477,"UnitId":"Roche.C5800.UI","origin":"123","timestamp":"2026-09-23T00:58:13.839Z"}
{"Counter":"working-set-Browser","Mean":192,"UnitId":"Roche.C5800.UI","origin":"123","timestamp":"2026-09-23T00:58:13.839Z"}
{"Counter":"cpu-usage-combined","Mean":0.06247159416616547,"UnitId":"Roche.C5800.UI","origin":"123","timestamp":"2026-09-23T00:58:13.839Z"}
{"Counter":"working-set-combined","Mean":772,"UnitId":"Roche.C5800.UI","origin":"123","timestamp":"2026-09-23T00:58:13.839Z"}
{"Counter":"cpu-usage-GPU","Mean":0,"UnitId":"Roche.C5800.UI","origin":"123","timestamp":"2026-09-23T00:58:43.853Z"}
{"Counter":"working-set-GPU","Mean":122,"UnitId":"Roche.C5800.UI","origin":"123","timestamp":"2026-09-23T00:58:43.853Z"}
{"Counter":"cpu-usage-Tab","Mean":0.03331798484831321,"UnitId":"Roche.C5800.UI","origin":"123","timestamp":"2026-09-23T00:58:43.853Z"}
{"Counter":"working-set-Tab","Mean":385,"UnitId":"Roche.C5800.UI","origin":"123","timestamp":"2026-09-23T00:58:43.853Z"}
{"Counter":"cpu-usage-Browser","Mean":0.00832943765534193,"UnitId":"Roche.C5800.UI","origin":"123","timestamp":"2026-09-23T00:58:43.853Z"}
{"Counter":"working-set-Browser","Mean":192,"UnitId":"Roche.C5800.UI","origin":"123","timestamp":"2026-09-23T00:58:43.853Z"}
{"Counter":"cpu-usage-combined","Mean":0.04164742250365514,"UnitId":"Roche.C5800.UI","origin":"123","timestamp":"2026-09-23T00:58:43.853Z"}
{"Counter":"working-set-combined","Mean":772,"UnitId":"Roche.C5800.UI","origin":"123","timestamp":"2026-09-23T00:58:43.853Z"}
{"Counter":"cpu-usage-GPU","Mean":0.008332101848680098,"UnitId":"Roche.C5800.UI","origin":"123","timestamp":"2026-09-23T00:59:13.857Z"}
{"Counter":"working-set-GPU","Mean":122,"UnitId":"Roche.C5800.UI","origin":"123","timestamp":"2026-09-23T00:59:13.857Z"}
{"Counter":"cpu-usage-Tab","Mean":0.045826381471264145,"UnitId":"Roche.C5800.UI","origin":"123","timestamp":"2026-09-23T00:59:13.857Z"}
{"Counter":"working-set-Tab","Mean":385,"UnitId":"Roche.C5800.UI","origin":"123","timestamp":"2026-09-23T00:59:13.857Z"}
{"Counter":"cpu-usage-Browser","Mean":0.004165980390830284,"UnitId":"Roche.C5800.UI","origin":"123","timestamp":"2026-09-23T00:59:13.857Z"}
{"Counter":"working-set-Browser","Mean":192,"UnitId":"Roche.C5800.UI","origin":"123","timestamp":"2026-09-23T00:59:13.857Z"}
{"Counter":"cpu-usage-combined","Mean":0.05832446371077453,"UnitId":"Roche.C5800.UI","origin":"123","timestamp":"2026-09-23T00:59:13.857Z"}
{"Counter":"working-set-combined","Mean":772,"UnitId":"Roche.C5800.UI","origin":"123","timestamp":"2026-09-23T00:59:13.857Z"}
{"Counter":"cpu-usage-GPU","Mean":0,"UnitId":"Roche.C5800.UI","origin":"123","timestamp":"2026-09-23T00:59:43.865Z"}
{"Counter":"working-set-GPU","Mean":122,"UnitId":"Roche.C5800.UI","origin":"123","timestamp":"2026-09-23T00:59:43.865Z"}
{"Counter":"cpu-usage-Tab","Mean":0.03332452344015321,"UnitId":"Roche.C5800.UI","origin":"123","timestamp":"2026-09-23T00:59:43.865Z"}
{"Counter":"working-set-Tab","Mean":385,"UnitId":"Roche.C5800.UI","origin":"123","timestamp":"2026-09-23T00:59:43.865Z"}
{"Counter":"cpu-usage-Browser","Mean":0.004165644139885129,"UnitId":"Roche.C5800.UI","origin":"123","timestamp":"2026-09-23T00:59:43.865Z"}
{"Counter":"working-set-Browser","Mean":192,"UnitId":"Roche.C5800.UI","origin":"123","timestamp":"2026-09-23T00:59:43.865Z"}
{"Counter":"cpu-usage-combined","Mean":0.037490167580038335,"UnitId":"Roche.C5800.UI","origin":"123","timestamp":"2026-09-23T00:59:43.865Z"}
{"Counter":"working-set-combined","Mean":772,"UnitId":"Roche.C5800.UI","origin":"123","timestamp":"2026-09-23T00:59:43.865Z"}
{"Counter":"cpu-usage-GPU","Mean":0,"UnitId":"Roche.C5800.UI","origin":"123","timestamp":"2026-09-23T01:00:13.872Z"}
{"Counter":"working-set-GPU","Mean":122,"UnitId":"Roche.C5800.UI","origin":"123","timestamp":"2026-09-23T01:00:13.872Z"}
{"Counter":"cpu-usage-Tab","Mean":0.037490940938971117,"UnitId":"Roche.C5800.UI","origin":"123","timestamp":"2026-09-23T01:00:13.872Z"}
{"Counter":"working-set-Tab","Mean":385,"UnitId":"Roche.C5800.UI","origin":"123","timestamp":"2026-09-23T01:00:13.872Z"}
{"Counter":"cpu-usage-Browser","Mean":0.008331239970436761,"UnitId":"Roche.C5800.UI","origin":"123","timestamp":"2026-09-23T01:00:13.872Z"}
{"Counter":"working-set-Browser","Mean":192,"UnitId":"Roche.C5800.UI","origin":"123","timestamp":"2026-09-23T01:00:13.872Z"}
{"Counter":"cpu-usage-combined","Mean":0.04582218090940788,"UnitId":"Roche.C5800.UI","origin":"123","timestamp":"2026-09-23T01:00:13.872Z"}
{"Counter":"working-set-combined","Mean":772,"UnitId":"Roche.C5800.UI","origin":"123","timestamp":"2026-09-23T01:00:13.872Z"}
{"Counter":"cpu-usage-GPU","Mean":0.004165724379811954,"UnitId":"Roche.C5800.UI","origin":"123","timestamp":"2026-09-23T01:00:43.879Z"}
{"Counter":"working-set-GPU","Mean":122,"UnitId":"Roche.C5800.UI","origin":"123","timestamp":"2026-09-23T01:00:43.879Z"}
{"Counter":"cpu-usage-Tab","Mean":0.03332572729150784,"UnitId":"Roche.C5800.UI","origin":"123","timestamp":"2026-09-23T01:00:43.879Z"}
{"Counter":"working-set-Tab","Mean":385,"UnitId":"Roche.C5800.UI","origin":"123","timestamp":"2026-09-23T01:00:43.879Z"}
{"Counter":"cpu-usage-Browser","Mean":0.00833142571455889,"UnitId":"Roche.C5800.UI","origin":"123","timestamp":"2026-09-23T01:00:43.879Z"}
{"Counter":"working-set-Browser","Mean":192,"UnitId":"Roche.C5800.UI","origin":"123","timestamp":"2026-09-23T01:00:43.879Z"}
{"Counter":"cpu-usage-combined","Mean":0.04582287738587868,"UnitId":"Roche.C5800.UI","origin":"123","timestamp":"2026-09-23T01:00:43.879Z"}
{"Counter":"working-set-combined","Mean":772,"UnitId":"Roche.C5800.UI","origin":"123","timestamp":"2026-09-23T01:00:43.879Z"}
{"Counter":"cpu-usage-GPU","Mean":0.004165782409920454,"UnitId":"Roche.C5800.UI","origin":"123","timestamp":"2026-09-23T01:01:13.885Z"}
{"Counter":"working-set-GPU","Mean":122,"UnitId":"Roche.C5800.UI","origin":"123","timestamp":"2026-09-23T01:01:13.885Z"}
{"Counter":"cpu-usage-Tab","Mean":0.04165799347242571,"UnitId":"Roche.C5800.UI","origin":"123","timestamp":"2026-09-23T01:01:13.885Z"}
{"Counter":"working-set-Tab","Mean":385,"UnitId":"Roche.C5800.UI","origin":"123","timestamp":"2026-09-23T01:01:13.885Z"}
{"Counter":"cpu-usage-Browser","Mean":0.0041658065664709094,"UnitId":"Roche.C5800.UI","origin":"123","timestamp":"2026-09-23T01:01:13.885Z"}
{"Counter":"working-set-Browser","Mean":192,"UnitId":"Roche.C5800.UI","origin":"123","timestamp":"2026-09-23T01:01:13.885Z"}
{"Counter":"cpu-usage-combined","Mean":0.04998958244881707,"UnitId":"Roche.C5800.UI","origin":"123","timestamp":"2026-09-23T01:01:13.885Z"}
{"Counter":"working-set-combined","Mean":772,"UnitId":"Roche.C5800.UI","origin":"123","timestamp":"2026-09-23T01:01:13.885Z"}
{"Counter":"cpu-usage-GPU","Mean":0,"UnitId":"Roche.C5800.UI","origin":"123","timestamp":"2026-09-23T01:01:43.891Z"}
{"Counter":"working-set-GPU","Mean":122,"UnitId":"Roche.C5800.UI","origin":"123","timestamp":"2026-09-23T01:01:43.891Z"}
{"Counter":"cpu-usage-Tab","Mean":0.02916134958059314,"UnitId":"Roche.C5800.UI","origin":"123","timestamp":"2026-09-23T01:01:43.891Z"}
{"Counter":"working-set-Tab","Mean":385,"UnitId":"Roche.C5800.UI","origin":"123","timestamp":"2026-09-23T01:01:43.891Z"}
{"Counter":"cpu-usage-Browser","Mean":0.004165913330672703,"UnitId":"Roche.C5800.UI","origin":"123","timestamp":"2026-09-23T01:01:43.891Z"}
{"Counter":"working-set-Browser","Mean":192,"UnitId":"Roche.C5800.UI","origin":"123","timestamp":"2026-09-23T01:01:43.891Z"}
{"Counter":"cpu-usage-combined","Mean":0.033327262911265844,"UnitId":"Roche.C5800.UI","origin":"123","timestamp":"2026-09-23T01:01:43.891Z"}
{"Counter":"working-set-combined","Mean":772,"UnitId":"Roche.C5800.UI","origin":"123","timestamp":"2026-09-23T01:01:43.891Z"}
{"Counter":"cpu-usage-GPU","Mean":0.004166338081469974,"UnitId":"Roche.C5800.UI","origin":"123","timestamp":"2026-09-23T01:02:13.893Z"}
{"Counter":"working-set-GPU","Mean":122,"UnitId":"Roche.C5800.UI","origin":"123","timestamp":"2026-09-23T01:02:13.893Z"}
{"Counter":"cpu-usage-Tab","Mean":0.041663511350073755,"UnitId":"Roche.C5800.UI","origin":"123","timestamp":"2026-09-23T01:02:13.893Z"}
{"Counter":"working-set-Tab","Mean":386,"UnitId":"Roche.C5800.UI","origin":"123","timestamp":"2026-09-23T01:02:13.893Z"}
{"Counter":"cpu-usage-Browser","Mean":0.004166342108616406,"UnitId":"Roche.C5800.UI","origin":"123","timestamp":"2026-09-23T01:02:13.893Z"}
{"Counter":"working-set-Browser","Mean":192,"UnitId":"Roche.C5800.UI","origin":"123","timestamp":"2026-09-23T01:02:13.893Z"}
{"Counter":"cpu-usage-combined","Mean":0.05416254114762167,"UnitId":"Roche.C5800.UI","origin":"123","timestamp":"2026-09-23T01:02:13.893Z"}
{"Counter":"working-set-combined","Mean":773,"UnitId":"Roche.C5800.UI","origin":"123","timestamp":"2026-09-23T01:02:13.893Z"}
{"Counter":"cpu-usage-GPU","Mean":0,"UnitId":"Roche.C5800.UI","origin":"123","timestamp":"2026-09-23T01:02:43.897Z"}
{"Counter":"working-set-GPU","Mean":122,"UnitId":"Roche.C5800.UI","origin":"123","timestamp":"2026-09-23T01:02:43.897Z"}
{"Counter":"cpu-usage-Tab","Mean":0.03332948266710253,"UnitId":"Roche.C5800.UI","origin":"123","timestamp":"2026-09-23T01:02:43.897Z"}
{"Counter":"working-set-Tab","Mean":385,"UnitId":"Roche.C5800.UI","origin":"123","timestamp":"2026-09-23T01:02:43.897Z"}
{"Counter":"cpu-usage-Browser","Mean":0.008332399271375012,"UnitId":"Roche.C5800.UI","origin":"123","timestamp":"2026-09-23T01:02:43.897Z"}
{"Counter":"working-set-Browser","Mean":192,"UnitId":"Roche.C5800.UI","origin":"123","timestamp":"2026-09-23T01:02:43.897Z"}
{"Counter":"cpu-usage-combined","Mean":0.04166188193847754,"UnitId":"Roche.C5800.UI","origin":"123","timestamp":"2026-09-23T01:02:43.897Z"}
{"Counter":"working-set-combined","Mean":772,"UnitId":"Roche.C5800.UI","origin":"123","timestamp":"2026-09-23T01:02:43.897Z"}
{"Counter":"cpu-usage-GPU","Mean":0.004166520282920727,"UnitId":"Roche.C5800.UI","origin":"123","timestamp":"2026-09-23T01:03:13.898Z"}
{"Counter":"working-set-GPU","Mean":122,"UnitId":"Roche.C5800.UI","origin":"123","timestamp":"2026-09-23T01:03:13.898Z"}
{"Counter":"cpu-usage-Tab","Mean":0.04166502089834118,"UnitId":"Roche.C5800.UI","origin":"123","timestamp":"2026-09-23T01:03:13.898Z"}
{"Counter":"working-set-Tab","Mean":384,"UnitId":"Roche.C5800.UI","origin":"123","timestamp":"2026-09-23T01:03:13.898Z"}
{"Counter":"cpu-usage-Browser","Mean":0.008332984736805178,"UnitId":"Roche.C5800.UI","origin":"123","timestamp":"2026-09-23T01:03:13.898Z"}
{"Counter":"working-set-Browser","Mean":192,"UnitId":"Roche.C5800.UI","origin":"123","timestamp":"2026-09-23T01:03:13.898Z"}
{"Counter":"cpu-usage-combined","Mean":0.054164525918067086,"UnitId":"Roche.C5800.UI","origin":"123","timestamp":"2026-09-23T01:03:13.898Z"}
{"Counter":"working-set-combined","Mean":771,"UnitId":"Roche.C5800.UI","origin":"123","timestamp":"2026-09-23T01:03:13.898Z"}
{"Counter":"cpu-usage-GPU","Mean":0,"UnitId":"Roche.C5800.UI","origin":"123","timestamp":"2026-09-23T01:03:43.898Z"}
{"Counter":"working-set-GPU","Mean":122,"UnitId":"Roche.C5800.UI","origin":"123","timestamp":"2026-09-23T01:03:43.898Z"}
{"Counter":"cpu-usage-Tab","Mean":0.029166254450270435,"UnitId":"Roche.C5800.UI","origin":"123","timestamp":"2026-09-23T01:03:43.898Z"}
{"Counter":"working-set-Tab","Mean":384,"UnitId":"Roche.C5800.UI","origin":"123","timestamp":"2026-09-23T01:03:43.898Z"}
{"Counter":"cpu-usage-Browser","Mean":0.008333173614172395,"UnitId":"Roche.C5800.UI","origin":"123","timestamp":"2026-09-23T01:03:43.898Z"}
{"Counter":"working-set-Browser","Mean":192,"UnitId":"Roche.C5800.UI","origin":"123","timestamp":"2026-09-23T01:03:43.898Z"}
{"Counter":"cpu-usage-combined","Mean":0.03749942806444283,"UnitId":"Roche.C5800.UI","origin":"123","timestamp":"2026-09-23T01:03:43.898Z"}
{"Counter":"working-set-combined","Mean":771,"UnitId":"Roche.C5800.UI","origin":"123","timestamp":"2026-09-23T01:03:43.898Z"}
{"Counter":"cpu-usage-GPU","Mean":0.004166372381897425,"UnitId":"Roche.C5800.UI","origin":"123","timestamp":"2026-09-23T01:04:13.900Z"}
{"Counter":"working-set-GPU","Mean":122,"UnitId":"Roche.C5800.UI","origin":"123","timestamp":"2026-09-23T01:04:13.900Z"}
{"Counter":"cpu-usage-Tab","Mean":0.041663904349808274,"UnitId":"Roche.C5800.UI","origin":"123","timestamp":"2026-09-23T01:04:13.900Z"}
{"Counter":"working-set-Tab","Mean":385,"UnitId":"Roche.C5800.UI","origin":"123","timestamp":"2026-09-23T01:04:13.900Z"}
{"Counter":"cpu-usage-Browser","Mean":0.00416642168107182,"UnitId":"Roche.C5800.UI","origin":"123","timestamp":"2026-09-23T01:04:13.900Z"}
{"Counter":"working-set-Browser","Mean":192,"UnitId":"Roche.C5800.UI","origin":"123","timestamp":"2026-09-23T01:04:13.900Z"}
{"Counter":"cpu-usage-combined","Mean":0.04999669841277752,"UnitId":"Roche.C5800.UI","origin":"123","timestamp":"2026-09-23T01:04:13.900Z"}
{"Counter":"working-set-combined","Mean":772,"UnitId":"Roche.C5800.UI","origin":"123","timestamp":"2026-09-23T01:04:13.900Z"}
{"Counter":"cpu-usage-GPU","Mean":0,"UnitId":"Roche.C5800.UI","origin":"123","timestamp":"2026-09-23T01:04:43.913Z"}
{"Counter":"working-set-GPU","Mean":122,"UnitId":"Roche.C5800.UI","origin":"123","timestamp":"2026-09-23T01:04:43.913Z"}
{"Counter":"cpu-usage-Tab","Mean":0.03331882187577904,"UnitId":"Roche.C5800.UI","origin":"123","timestamp":"2026-09-23T01:04:43.913Z"}
{"Counter":"working-set-Tab","Mean":384,"UnitId":"Roche.C5800.UI","origin":"123","timestamp":"2026-09-23T01:04:43.913Z"}
{"Counter":"cpu-usage-Browser","Mean":0.0041648395515553995,"UnitId":"Roche.C5800.UI","origin":"123","timestamp":"2026-09-23T01:04:43.913Z"}
{"Counter":"working-set-Browser","Mean":192,"UnitId":"Roche.C5800.UI","origin":"123","timestamp":"2026-09-23T01:04:43.913Z"}
{"Counter":"cpu-usage-combined","Mean":0.04164851166398456,"UnitId":"Roche.C5800.UI","origin":"123","timestamp":"2026-09-23T01:04:43.913Z"}
{"Counter":"working-set-combined","Mean":771,"UnitId":"Roche.C5800.UI","origin":"123","timestamp":"2026-09-23T01:04:43.913Z"}
{"Counter":"cpu-usage-GPU","Mean":0.004165121129053046,"UnitId":"Roche.C5800.UI","origin":"123","timestamp":"2026-09-23T01:05:13.924Z"}
{"Counter":"working-set-GPU","Mean":122,"UnitId":"Roche.C5800.UI","origin":"123","timestamp":"2026-09-23T01:05:13.924Z"}
{"Counter":"cpu-usage-Tab","Mean":0.04165143473698335,"UnitId":"Roche.C5800.UI","origin":"123","timestamp":"2026-09-23T01:05:13.924Z"}
{"Counter":"working-set-Tab","Mean":384,"UnitId":"Roche.C5800.UI","origin":"123","timestamp":"2026-09-23T01:05:13.924Z"}
{"Counter":"cpu-usage-Browser","Mean":0.008330374384352012,"UnitId":"Roche.C5800.UI","origin":"123","timestamp":"2026-09-23T01:05:13.924Z"}
{"Counter":"working-set-Browser","Mean":192,"UnitId":"Roche.C5800.UI","origin":"123","timestamp":"2026-09-23T01:05:13.924Z"}
{"Counter":"cpu-usage-combined","Mean":0.05414693025038841,"UnitId":"Roche.C5800.UI","origin":"123","timestamp":"2026-09-23T01:05:13.924Z"}
{"Counter":"working-set-combined","Mean":771,"UnitId":"Roche.C5800.UI","origin":"123","timestamp":"2026-09-23T01:05:13.924Z"}
{"Counter":"cpu-usage-GPU","Mean":0,"UnitId":"Roche.C5800.UI","origin":"123","timestamp":"2026-09-23T01:05:43.933Z"}
{"Counter":"working-set-GPU","Mean":122,"UnitId":"Roche.C5800.UI","origin":"123","timestamp":"2026-09-23T01:05:43.933Z"}
{"Counter":"cpu-usage-Tab","Mean":0.029157614199378235,"UnitId":"Roche.C5800.UI","origin":"123","timestamp":"2026-09-23T01:05:43.933Z"}
{"Counter":"working-set-Tab","Mean":384,"UnitId":"Roche.C5800.UI","origin":"123","timestamp":"2026-09-23T01:05:43.933Z"}
{"Counter":"cpu-usage-Browser","Mean":0.0041652994765351515,"UnitId":"Roche.C5800.UI","origin":"123","timestamp":"2026-09-23T01:05:43.933Z"}
{"Counter":"working-set-Browser","Mean":192,"UnitId":"Roche.C5800.UI","origin":"123","timestamp":"2026-09-23T01:05:43.933Z"}
{"Counter":"cpu-usage-combined","Mean":0.03332291367591338,"UnitId":"Roche.C5800.UI","origin":"123","timestamp":"2026-09-23T01:05:43.933Z"}
{"Counter":"working-set-combined","Mean":771,"UnitId":"Roche.C5800.UI","origin":"123","timestamp":"2026-09-23T01:05:43.933Z"}
{"Counter":"cpu-usage-GPU","Mean":0.004165416902748612,"UnitId":"Roche.C5800.UI","origin":"123","timestamp":"2026-09-23T01:06:13.943Z"}
{"Counter":"working-set-GPU","Mean":122,"UnitId":"Roche.C5800.UI","origin":"123","timestamp":"2026-09-23T01:06:13.943Z"}
{"Counter":"cpu-usage-Tab","Mean":0.037489063190631854,"UnitId":"Roche.C5800.UI","origin":"123","timestamp":"2026-09-23T01:06:13.943Z"}
{"Counter":"working-set-Tab","Mean":385,"UnitId":"Roche.C5800.UI","origin":"123","timestamp":"2026-09-23T01:06:13.943Z"}
{"Counter":"cpu-usage-Browser","Mean":0.008331034245582694,"UnitId":"Roche.C5800.UI","origin":"123","timestamp":"2026-09-23T01:06:13.943Z"}
{"Counter":"working-set-Browser","Mean":192,"UnitId":"Roche.C5800.UI","origin":"123","timestamp":"2026-09-23T01:06:13.943Z"}
{"Counter":"cpu-usage-combined","Mean":0.04998551433896316,"UnitId":"Roche.C5800.UI","origin":"123","timestamp":"2026-09-23T01:06:13.943Z"}
{"Counter":"working-set-combined","Mean":772,"UnitId":"Roche.C5800.UI","origin":"123","timestamp":"2026-09-23T01:06:13.943Z"}
{"Counter":"cpu-usage-GPU","Mean":0,"UnitId":"Roche.C5800.UI","origin":"123","timestamp":"2026-09-23T01:06:43.944Z"}
{"Counter":"working-set-GPU","Mean":122,"UnitId":"Roche.C5800.UI","origin":"123","timestamp":"2026-09-23T01:06:43.944Z"}
{"Counter":"cpu-usage-Tab","Mean":0.03749742142731985,"UnitId":"Roche.C5800.UI","origin":"123","timestamp":"2026-09-23T01:06:43.944Z"}
{"Counter":"working-set-Tab","Mean":385,"UnitId":"Roche.C5800.UI","origin":"123","timestamp":"2026-09-23T01:06:43.944Z"}
{"Counter":"cpu-usage-Browser","Mean":0.00833271087983061,"UnitId":"Roche.C5800.UI","origin":"123","timestamp":"2026-09-23T01:06:43.944Z"}
{"Counter":"working-set-Browser","Mean":192,"UnitId":"Roche.C5800.UI","origin":"123","timestamp":"2026-09-23T01:06:43.944Z"}
{"Counter":"cpu-usage-combined","Mean":0.04583013230715046,"UnitId":"Roche.C5800.UI","origin":"123","timestamp":"2026-09-23T01:06:43.944Z"}
{"Counter":"working-set-combined","Mean":772,"UnitId":"Roche.C5800.UI","origin":"123","timestamp":"2026-09-23T01:06:43.944Z"}
{"Counter":"cpu-usage-GPU","Mean":0.004165813369228203,"UnitId":"Roche.C5800.UI","origin":"123","timestamp":"2026-09-23T01:07:13.951Z"}
{"Counter":"working-set-GPU","Mean":122,"UnitId":"Roche.C5800.UI","origin":"123","timestamp":"2026-09-23T01:07:13.951Z"}
{"Counter":"cpu-usage-Tab","Mean":0.037492301580742085,"UnitId":"Roche.C5800.UI","origin":"123","timestamp":"2026-09-23T01:07:13.951Z"}
{"Counter":"working-set-Tab","Mean":384,"UnitId":"Roche.C5800.UI","origin":"123","timestamp":"2026-09-23T01:07:13.951Z"}
{"Counter":"cpu-usage-Browser","Mean":0.004165812258572433,"UnitId":"Roche.C5800.UI","origin":"123","timestamp":"2026-09-23T01:07:13.951Z"}
{"Counter":"working-set-Browser","Mean":192,"UnitId":"Roche.C5800.UI","origin":"123","timestamp":"2026-09-23T01:07:13.951Z"}
{"Counter":"cpu-usage-combined","Mean":0.04998973863412371,"UnitId":"Roche.C5800.UI","origin":"123","timestamp":"2026-09-23T01:07:13.951Z"}
{"Counter":"working-set-combined","Mean":771,"UnitId":"Roche.C5800.UI","origin":"123","timestamp":"2026-09-23T01:07:13.951Z"}
{"Counter":"cpu-usage-GPU","Mean":0,"UnitId":"Roche.C5800.UI","origin":"123","timestamp":"2026-09-23T01:07:43.956Z"}
{"Counter":"working-set-GPU","Mean":122,"UnitId":"Roche.C5800.UI","origin":"123","timestamp":"2026-09-23T01:07:43.956Z"}
{"Counter":"cpu-usage-Tab","Mean":0.033327303313253856,"UnitId":"Roche.C5800.UI","origin":"123","timestamp":"2026-09-23T01:07:43.956Z"}
{"Counter":"working-set-Tab","Mean":384,"UnitId":"Roche.C5800.UI","origin":"123","timestamp":"2026-09-23T01:07:43.956Z"}
{"Counter":"cpu-usage-Browser","Mean":0.004165912081125039,"UnitId":"Roche.C5800.UI","origin":"123","timestamp":"2026-09-23T01:07:43.956Z"}
{"Counter":"working-set-Browser","Mean":192,"UnitId":"Roche.C5800.UI","origin":"123","timestamp":"2026-09-23T01:07:43.956Z"}
{"Counter":"cpu-usage-combined","Mean":0.037493215394378894,"UnitId":"Roche.C5800.UI","origin":"123","timestamp":"2026-09-23T01:07:43.956Z"}
{"Counter":"working-set-combined","Mean":771,"UnitId":"Roche.C5800.UI","origin":"123","timestamp":"2026-09-23T01:07:43.956Z"}
{"Counter":"cpu-usage-GPU","Mean":0.00833215211190227,"UnitId":"Roche.C5800.UI","origin":"123","timestamp":"2026-09-23T01:08:13.960Z"}
{"Counter":"working-set-GPU","Mean":122,"UnitId":"Roche.C5800.UI","origin":"123","timestamp":"2026-09-23T01:08:13.960Z"}
{"Counter":"cpu-usage-Tab","Mean":0.03749454454376888,"UnitId":"Roche.C5800.UI","origin":"123","timestamp":"2026-09-23T01:08:13.960Z"}
{"Counter":"working-set-Tab","Mean":385,"UnitId":"Roche.C5800.UI","origin":"123","timestamp":"2026-09-23T01:08:13.960Z"}
{"Counter":"cpu-usage-Browser","Mean":0.00833211351191519,"UnitId":"Roche.C5800.UI","origin":"123","timestamp":"2026-09-23T01:08:13.960Z"}
{"Counter":"working-set-Browser","Mean":192,"UnitId":"Roche.C5800.UI","origin":"123","timestamp":"2026-09-23T01:08:13.960Z"}
{"Counter":"cpu-usage-combined","Mean":0.054158810167586335,"UnitId":"Roche.C5800.UI","origin":"123","timestamp":"2026-09-23T01:08:13.960Z"}
{"Counter":"working-set-combined","Mean":772,"UnitId":"Roche.C5800.UI","origin":"123","timestamp":"2026-09-23T01:08:13.960Z"}
{"Counter":"cpu-usage-GPU","Mean":0,"UnitId":"Roche.C5800.UI","origin":"123","timestamp":"2026-09-23T01:08:43.964Z"}
{"Counter":"working-set-GPU","Mean":122,"UnitId":"Roche.C5800.UI","origin":"123","timestamp":"2026-09-23T01:08:43.964Z"}
{"Counter":"cpu-usage-Tab","Mean":0.03332902389054428,"UnitId":"Roche.C5800.UI","origin":"123","timestamp":"2026-09-23T01:08:43.964Z"}
{"Counter":"working-set-Tab","Mean":385,"UnitId":"Roche.C5800.UI","origin":"123","timestamp":"2026-09-23T01:08:43.964Z"}
{"Counter":"cpu-usage-Browser","Mean":0.00833222709131651,"UnitId":"Roche.C5800.UI","origin":"123","timestamp":"2026-09-23T01:08:43.964Z"}
{"Counter":"working-set-Browser","Mean":192,"UnitId":"Roche.C5800.UI","origin":"123","timestamp":"2026-09-23T01:08:43.964Z"}
{"Counter":"cpu-usage-combined","Mean":0.04166125098186079,"UnitId":"Roche.C5800.UI","origin":"123","timestamp":"2026-09-23T01:08:43.964Z"}
{"Counter":"working-set-combined","Mean":772,"UnitId":"Roche.C5800.UI","origin":"123","timestamp":"2026-09-23T01:08:43.964Z"}
{"Counter":"cpu-usage-GPU","Mean":0.004166353773498277,"UnitId":"Roche.C5800.UI","origin":"123","timestamp":"2026-09-23T01:09:13.967Z"}
{"Counter":"working-set-GPU","Mean":122,"UnitId":"Roche.C5800.UI","origin":"123","timestamp":"2026-09-23T01:09:13.967Z"}
{"Counter":"cpu-usage-Tab","Mean":0.037497336439201605,"UnitId":"Roche.C5800.UI","origin":"123","timestamp":"2026-09-23T01:09:13.967Z"}
{"Counter":"working-set-Tab","Mean":384,"UnitId":"Roche.C5800.UI","origin":"123","timestamp":"2026-09-23T01:09:13.967Z"}
{"Counter":"cpu-usage-Browser","Mean":0.008332817809671508,"UnitId":"Roche.C5800.UI","origin":"123","timestamp":"2026-09-23T01:09:13.967Z"}
{"Counter":"working-set-Browser","Mean":192,"UnitId":"Roche.C5800.UI","origin":"123","timestamp":"2026-09-23T01:09:13.967Z"}
{"Counter":"cpu-usage-combined","Mean":0.04999650802237139,"UnitId":"Roche.C5800.UI","origin":"123","timestamp":"2026-09-23T01:09:13.967Z"}
{"Counter":"working-set-combined","Mean":771,"UnitId":"Roche.C5800.UI","origin":"123","timestamp":"2026-09-23T01:09:13.967Z"}
{"Counter":"cpu-usage-GPU","Mean":0,"UnitId":"Roche.C5800.UI","origin":"123","timestamp":"2026-09-23T01:09:43.968Z"}
{"Counter":"working-set-GPU","Mean":122,"UnitId":"Roche.C5800.UI","origin":"123","timestamp":"2026-09-23T01:09:43.968Z"}
{"Counter":"cpu-usage-Tab","Mean":0.033331203469431636,"UnitId":"Roche.C5800.UI","origin":"123","timestamp":"2026-09-23T01:09:43.968Z"}
{"Counter":"working-set-Tab","Mean":384,"UnitId":"Roche.C5800.UI","origin":"123","timestamp":"2026-09-23T01:09:43.968Z"}
{"Counter":"cpu-usage-Browser","Mean":0,"UnitId":"Roche.C5800.UI","origin":"123","timestamp":"2026-09-23T01:09:43.968Z"}
{"Counter":"working-set-Browser","Mean":192,"UnitId":"Roche.C5800.UI","origin":"123","timestamp":"2026-09-23T01:09:43.968Z"}
{"Counter":"cpu-usage-combined","Mean":0.033331203469431636,"UnitId":"Roche.C5800.UI","origin":"123","timestamp":"2026-09-23T01:09:43.968Z"}
{"Counter":"working-set-combined","Mean":771,"UnitId":"Roche.C5800.UI","origin":"123","timestamp":"2026-09-23T01:09:43.968Z"}
{"Counter":"cpu-usage-GPU","Mean":0.008332877802680121,"UnitId":"Roche.C5800.UI","origin":"123","timestamp":"2026-09-23T01:10:13.970Z"}
{"Counter":"working-set-GPU","Mean":122,"UnitId":"Roche.C5800.UI","origin":"123","timestamp":"2026-09-23T01:10:13.970Z"}
{"Counter":"cpu-usage-Tab","Mean":0.04999750179149382,"UnitId":"Roche.C5800.UI","origin":"123","timestamp":"2026-09-23T01:10:13.970Z"}
{"Counter":"working-set-Tab","Mean":385,"UnitId":"Roche.C5800.UI","origin":"123","timestamp":"2026-09-23T01:10:13.970Z"}
{"Counter":"cpu-usage-Browser","Mean":0.012499451690719168,"UnitId":"Roche.C5800.UI","origin":"123","timestamp":"2026-09-23T01:10:13.970Z"}
{"Counter":"working-set-Browser","Mean":192,"UnitId":"Roche.C5800.UI","origin":"123","timestamp":"2026-09-23T01:10:13.970Z"}
{"Counter":"cpu-usage-combined","Mean":0.0749963001831694,"UnitId":"Roche.C5800.UI","origin":"123","timestamp":"2026-09-23T01:10:13.970Z"}
{"Counter":"working-set-combined","Mean":772,"UnitId":"Roche.C5800.UI","origin":"123","timestamp":"2026-09-23T01:10:13.970Z"}
{"Counter":"cpu-usage-GPU","Mean":0,"UnitId":"Roche.C5800.UI","origin":"123","timestamp":"2026-09-23T01:10:43.972Z"}
{"Counter":"working-set-GPU","Mean":122,"UnitId":"Roche.C5800.UI","origin":"123","timestamp":"2026-09-23T01:10:43.972Z"}
{"Counter":"cpu-usage-Tab","Mean":0.029164821505626076,"UnitId":"Roche.C5800.UI","origin":"123","timestamp":"2026-09-23T01:10:43.972Z"}
{"Counter":"working-set-Tab","Mean":384,"UnitId":"Roche.C5800.UI","origin":"123","timestamp":"2026-09-23T01:10:43.972Z"}
{"Counter":"cpu-usage-Browser","Mean":0.004166374881545796,"UnitId":"Roche.C5800.UI","origin":"123","timestamp":"2026-09-23T01:10:43.972Z"}
{"Counter":"working-set-Browser","Mean":192,"UnitId":"Roche.C5800.UI","origin":"123","timestamp":"2026-09-23T01:10:43.972Z"}
{"Counter":"cpu-usage-combined","Mean":0.03333119638717187,"UnitId":"Roche.C5800.UI","origin":"123","timestamp":"2026-09-23T01:10:43.972Z"}
{"Counter":"working-set-combined","Mean":771,"UnitId":"Roche.C5800.UI","origin":"123","timestamp":"2026-09-23T01:10:43.972Z"}
{"Counter":"cpu-usage-GPU","Mean":0.004164671927635727,"UnitId":"Roche.C5800.UI","origin":"123","timestamp":"2026-09-23T01:11:13.986Z"}
{"Counter":"working-set-GPU","Mean":122,"UnitId":"Roche.C5800.UI","origin":"123","timestamp":"2026-09-23T01:11:13.986Z"}
{"Counter":"cpu-usage-Tab","Mean":0.041646738702197664,"UnitId":"Roche.C5800.UI","origin":"123","timestamp":"2026-09-23T01:11:13.986Z"}
{"Counter":"working-set-Tab","Mean":384,"UnitId":"Roche.C5800.UI","origin":"123","timestamp":"2026-09-23T01:11:13.986Z"}
{"Counter":"cpu-usage-Browser","Mean":0.008329335807434819,"UnitId":"Roche.C5800.UI","origin":"123","timestamp":"2026-09-23T01:11:13.986Z"}
{"Counter":"working-set-Browser","Mean":192,"UnitId":"Roche.C5800.UI","origin":"123","timestamp":"2026-09-23T01:11:13.986Z"}
{"Counter":"cpu-usage-combined","Mean":0.05414074643726821,"UnitId":"Roche.C5800.UI","origin":"123","timestamp":"2026-09-23T01:11:13.986Z"}
{"Counter":"working-set-combined","Mean":771,"UnitId":"Roche.C5800.UI","origin":"123","timestamp":"2026-09-23T01:11:13.986Z"}
{"Counter":"cpu-usage-GPU","Mean":0,"UnitId":"Roche.C5800.UI","origin":"123","timestamp":"2026-09-23T01:11:43.996Z"}
{"Counter":"working-set-GPU","Mean":122,"UnitId":"Roche.C5800.UI","origin":"123","timestamp":"2026-09-23T01:11:43.996Z"}
{"Counter":"cpu-usage-Tab","Mean":0.037487195623548186,"UnitId":"Roche.C5800.UI","origin":"123","timestamp":"2026-09-23T01:11:43.996Z"}
{"Counter":"working-set-Tab","Mean":385,"UnitId":"Roche.C5800.UI","origin":"123","timestamp":"2026-09-23T01:11:43.996Z"}
{"Counter":"cpu-usage-Browser","Mean":0.004165248677175334,"UnitId":"Roche.C5800.UI","origin":"123","timestamp":"2026-09-23T01:11:43.996Z"}
{"Counter":"working-set-Browser","Mean":192,"UnitId":"Roche.C5800.UI","origin":"123","timestamp":"2026-09-23T01:11:43.996Z"}
{"Counter":"cpu-usage-combined","Mean":0.04165244430072352,"UnitId":"Roche.C5800.UI","origin":"123","timestamp":"2026-09-23T01:11:43.996Z"}
{"Counter":"working-set-combined","Mean":772,"UnitId":"Roche.C5800.UI","origin":"123","timestamp":"2026-09-23T01:11:43.996Z"}
{"Counter":"cpu-usage-GPU","Mean":0.0041649217033037055,"UnitId":"Roche.C5800.UI","origin":"123","timestamp":"2026-09-23T01:12:14.009Z"}
{"Counter":"working-set-GPU","Mean":122,"UnitId":"Roche.C5800.UI","origin":"123","timestamp":"2026-09-23T01:12:14.009Z"}
{"Counter":"cpu-usage-Tab","Mean":0.03748404678968631,"UnitId":"Roche.C5800.UI","origin":"123","timestamp":"2026-09-23T01:12:14.009Z"}
{"Counter":"working-set-Tab","Mean":385,"UnitId":"Roche.C5800.UI","origin":"123","timestamp":"2026-09-23T01:12:14.009Z"}
{"Counter":"cpu-usage-Browser","Mean":0.004164821095611831,"UnitId":"Roche.C5800.UI","origin":"123","timestamp":"2026-09-23T01:12:14.009Z"}
{"Counter":"working-set-Browser","Mean":192,"UnitId":"Roche.C5800.UI","origin":"123","timestamp":"2026-09-23T01:12:14.009Z"}
{"Counter":"cpu-usage-combined","Mean":0.04581378958860185,"UnitId":"Roche.C5800.UI","origin":"123","timestamp":"2026-09-23T01:12:14.009Z"}
{"Counter":"working-set-combined","Mean":772,"UnitId":"Roche.C5800.UI","origin":"123","timestamp":"2026-09-23T01:12:14.009Z"}
{"Counter":"cpu-usage-GPU","Mean":0,"UnitId":"Roche.C5800.UI","origin":"123","timestamp":"2026-09-23T01:12:44.020Z"}
{"Counter":"working-set-GPU","Mean":122,"UnitId":"Roche.C5800.UI","origin":"123","timestamp":"2026-09-23T01:12:44.020Z"}
{"Counter":"cpu-usage-Tab","Mean":0.029155777955459566,"UnitId":"Roche.C5800.UI","origin":"123","timestamp":"2026-09-23T01:12:44.020Z"}
{"Counter":"working-set-Tab","Mean":385,"UnitId":"Roche.C5800.UI","origin":"123","timestamp":"2026-09-23T01:12:44.020Z"}
{"Counter":"cpu-usage-Browser","Mean":0.004165218142637262,"UnitId":"Roche.C5800.UI","origin":"123","timestamp":"2026-09-23T01:12:44.020Z"}
{"Counter":"working-set-Browser","Mean":192,"UnitId":"Roche.C5800.UI","origin":"123","timestamp":"2026-09-23T01:12:44.020Z"}
{"Counter":"cpu-usage-combined","Mean":0.03332099609809683,"UnitId":"Roche.C5800.UI","origin":"123","timestamp":"2026-09-23T01:12:44.020Z"}
{"Counter":"working-set-combined","Mean":772,"UnitId":"Roche.C5800.UI","origin":"123","timestamp":"2026-09-23T01:12:44.020Z"}
{"Counter":"cpu-usage-GPU","Mean":0.004165167484050241,"UnitId":"Roche.C5800.UI","origin":"123","timestamp":"2026-09-23T01:13:14.031Z"}
{"Counter":"working-set-GPU","Mean":122,"UnitId":"Roche.C5800.UI","origin":"123","timestamp":"2026-09-23T01:13:14.031Z"}
{"Counter":"cpu-usage-Tab","Mean":0.04165140420378626,"UnitId":"Roche.C5800.UI","origin":"123","timestamp":"2026-09-23T01:13:14.031Z"}
{"Counter":"working-set-Tab","Mean":384,"UnitId":"Roche.C5800.UI","origin":"123","timestamp":"2026-09-23T01:13:14.031Z"}
{"Counter":"cpu-usage-Browser","Mean":0.008330219497285248,"UnitId":"Roche.C5800.UI","origin":"123","timestamp":"2026-09-23T01:13:14.031Z"}
{"Counter":"working-set-Browser","Mean":192,"UnitId":"Roche.C5800.UI","origin":"123","timestamp":"2026-09-23T01:13:14.031Z"}
{"Counter":"cpu-usage-combined","Mean":0.058311916338968976,"UnitId":"Roche.C5800.UI","origin":"123","timestamp":"2026-09-23T01:13:14.031Z"}
{"Counter":"working-set-combined","Mean":771,"UnitId":"Roche.C5800.UI","origin":"123","timestamp":"2026-09-23T01:13:14.031Z"}
{"Counter":"cpu-usage-GPU","Mean":0,"UnitId":"Roche.C5800.UI","origin":"123","timestamp":"2026-09-23T01:13:44.042Z"}
{"Counter":"working-set-GPU","Mean":122,"UnitId":"Roche.C5800.UI","origin":"123","timestamp":"2026-09-23T01:13:44.042Z"}
{"Counter":"cpu-usage-Tab","Mean":0.03332180732018128,"UnitId":"Roche.C5800.UI","origin":"123","timestamp":"2026-09-23T01:13:44.042Z"}
{"Counter":"working-set-Tab","Mean":385,"UnitId":"Roche.C5800.UI","origin":"123","timestamp":"2026-09-23T01:13:44.042Z"}
{"Counter":"cpu-usage-Browser","Mean":0.0041652150892080774,"UnitId":"Roche.C5800.UI","origin":"123","timestamp":"2026-09-23T01:13:44.042Z"}
{"Counter":"working-set-Browser","Mean":192,"UnitId":"Roche.C5800.UI","origin":"123","timestamp":"2026-09-23T01:13:44.042Z"}
{"Counter":"cpu-usage-combined","Mean":0.03748702240938936,"UnitId":"Roche.C5800.UI","origin":"123","timestamp":"2026-09-23T01:13:44.042Z"}
{"Counter":"working-set-combined","Mean":772,"UnitId":"Roche.C5800.UI","origin":"123","timestamp":"2026-09-23T01:13:44.042Z"}
{"Counter":"cpu-usage-GPU","Mean":0.0041653094699976925,"UnitId":"Roche.C5800.UI","origin":"123","timestamp":"2026-09-23T01:14:14.051Z"}
{"Counter":"working-set-GPU","Mean":122,"UnitId":"Roche.C5800.UI","origin":"123","timestamp":"2026-09-23T01:14:14.051Z"}
{"Counter":"cpu-usage-Tab","Mean":0.03748771402652304,"UnitId":"Roche.C5800.UI","origin":"123","timestamp":"2026-09-23T01:14:14.051Z"}
{"Counter":"working-set-Tab","Mean":385,"UnitId":"Roche.C5800.UI","origin":"123","timestamp":"2026-09-23T01:14:14.051Z"}
{"Counter":"cpu-usage-Browser","Mean":0.008330628655896385,"UnitId":"Roche.C5800.UI","origin":"123","timestamp":"2026-09-23T01:14:14.051Z"}
{"Counter":"working-set-Browser","Mean":192,"UnitId":"Roche.C5800.UI","origin":"123","timestamp":"2026-09-23T01:14:14.051Z"}
{"Counter":"cpu-usage-combined","Mean":0.05414896314919803,"UnitId":"Roche.C5800.UI","origin":"123","timestamp":"2026-09-23T01:14:14.051Z"}
{"Counter":"working-set-combined","Mean":772,"UnitId":"Roche.C5800.UI","origin":"123","timestamp":"2026-09-23T01:14:14.051Z"}
{"Counter":"cpu-usage-GPU","Mean":0,"UnitId":"Roche.C5800.UI","origin":"123","timestamp":"2026-09-23T01:14:44.061Z"}
{"Counter":"working-set-GPU","Mean":122,"UnitId":"Roche.C5800.UI","origin":"123","timestamp":"2026-09-23T01:14:44.061Z"}
{"Counter":"cpu-usage-Tab","Mean":0.037488422325571785,"UnitId":"Roche.C5800.UI","origin":"123","timestamp":"2026-09-23T01:14:44.061Z"}
{"Counter":"working-set-Tab","Mean":385,"UnitId":"Roche.C5800.UI","origin":"123","timestamp":"2026-09-23T01:14:44.061Z"}
{"Counter":"cpu-usage-Browser","Mean":0.012496128282920342,"UnitId":"Roche.C5800.UI","origin":"123","timestamp":"2026-09-23T01:14:44.061Z"}
{"Counter":"working-set-Browser","Mean":192,"UnitId":"Roche.C5800.UI","origin":"123","timestamp":"2026-09-23T01:14:44.061Z"}
{"Counter":"cpu-usage-combined","Mean":0.04998455060849213,"UnitId":"Roche.C5800.UI","origin":"123","timestamp":"2026-09-23T01:14:44.061Z"}
{"Counter":"working-set-combined","Mean":772,"UnitId":"Roche.C5800.UI","origin":"123","timestamp":"2026-09-23T01:14:44.061Z"}
{"Counter":"cpu-usage-GPU","Mean":0.01249701404677709,"UnitId":"Roche.C5800.UI","origin":"123","timestamp":"2026-09-23T01:15:14.068Z"}
{"Counter":"working-set-GPU","Mean":122,"UnitId":"Roche.C5800.UI","origin":"123","timestamp":"2026-09-23T01:15:14.068Z"}
{"Counter":"cpu-usage-Tab","Mean":0.04165672320683719,"UnitId":"Roche.C5800.UI","origin":"123","timestamp":"2026-09-23T01:15:14.068Z"}
{"Counter":"working-set-Tab","Mean":384,"UnitId":"Roche.C5800.UI","origin":"123","timestamp":"2026-09-23T01:15:14.068Z"}
{"Counter":"cpu-usage-Browser","Mean":0.004165643445781601,"UnitId":"Roche.C5800.UI","origin":"123","timestamp":"2026-09-23T01:15:14.068Z"}
{"Counter":"working-set-Browser","Mean":192,"UnitId":"Roche.C5800.UI","origin":"123","timestamp":"2026-09-23T01:15:14.068Z"}
{"Counter":"cpu-usage-combined","Mean":0.058319380699395885,"UnitId":"Roche.C5800.UI","origin":"123","timestamp":"2026-09-23T01:15:14.068Z"}
{"Counter":"working-set-combined","Mean":771,"UnitId":"Roche.C5800.UI","origin":"123","timestamp":"2026-09-23T01:15:14.068Z"}
{"Counter":"cpu-usage-GPU","Mean":0,"UnitId":"Roche.C5800.UI","origin":"123","timestamp":"2026-09-23T01:15:44.072Z"}
{"Counter":"working-set-GPU","Mean":122,"UnitId":"Roche.C5800.UI","origin":"123","timestamp":"2026-09-23T01:15:44.072Z"}
{"Counter":"cpu-usage-Tab","Mean":0.03749418840079788,"UnitId":"Roche.C5800.UI","origin":"123","timestamp":"2026-09-23T01:15:44.072Z"}
{"Counter":"working-set-Tab","Mean":385,"UnitId":"Roche.C5800.UI","origin":"123","timestamp":"2026-09-23T01:15:44.072Z"}
{"Counter":"cpu-usage-Browser","Mean":0.0041659261038696025,"UnitId":"Roche.C5800.UI","origin":"123","timestamp":"2026-09-23T01:15:44.072Z"}
{"Counter":"working-set-Browser","Mean":192,"UnitId":"Roche.C5800.UI","origin":"123","timestamp":"2026-09-23T01:15:44.072Z"}
{"Counter":"cpu-usage-combined","Mean":0.04166011450466748,"UnitId":"Roche.C5800.UI","origin":"123","timestamp":"2026-09-23T01:15:44.072Z"}
{"Counter":"working-set-combined","Mean":772,"UnitId":"Roche.C5800.UI","origin":"123","timestamp":"2026-09-23T01:15:44.072Z"}
{"Counter":"cpu-usage-GPU","Mean":0,"UnitId":"Roche.C5800.UI","origin":"123","timestamp":"2026-09-23T01:16:14.078Z"}
{"Counter":"working-set-GPU","Mean":122,"UnitId":"Roche.C5800.UI","origin":"123","timestamp":"2026-09-23T01:16:14.078Z"}
{"Counter":"cpu-usage-Tab","Mean":0.037492943827971574,"UnitId":"Roche.C5800.UI","origin":"123","timestamp":"2026-09-23T01:16:14.078Z"}
{"Counter":"working-set-Tab","Mean":385,"UnitId":"Roche.C5800.UI","origin":"123","timestamp":"2026-09-23T01:16:14.078Z"}
{"Counter":"cpu-usage-Browser","Mean":0.008331908021601105,"UnitId":"Roche.C5800.UI","origin":"123","timestamp":"2026-09-23T01:16:14.078Z"}
{"Counter":"working-set-Browser","Mean":192,"UnitId":"Roche.C5800.UI","origin":"123","timestamp":"2026-09-23T01:16:14.078Z"}
{"Counter":"cpu-usage-combined","Mean":0.045824851849572676,"UnitId":"Roche.C5800.UI","origin":"123","timestamp":"2026-09-23T01:16:14.078Z"}
{"Counter":"working-set-combined","Mean":772,"UnitId":"Roche.C5800.UI","origin":"123","timestamp":"2026-09-23T01:16:14.078Z"}
{"Counter":"cpu-usage-GPU","Mean":0.0041661875550978306,"UnitId":"Roche.C5800.UI","origin":"123","timestamp":"2026-09-23T01:16:44.081Z"}
{"Counter":"working-set-GPU","Mean":122,"UnitId":"Roche.C5800.UI","origin":"123","timestamp":"2026-09-23T01:16:44.081Z"}
{"Counter":"cpu-usage-Tab","Mean":0.03332959486377611,"UnitId":"Roche.C5800.UI","origin":"123","timestamp":"2026-09-23T01:16:44.081Z"}
{"Counter":"working-set-Tab","Mean":385,"UnitId":"Roche.C5800.UI","origin":"123","timestamp":"2026-09-23T01:16:44.081Z"}
{"Counter":"cpu-usage-Browser","Mean":0.004166238793942529,"UnitId":"Roche.C5800.UI","origin":"123","timestamp":"2026-09-23T01:16:44.081Z"}
{"Counter":"working-set-Browser","Mean":192,"UnitId":"Roche.C5800.UI","origin":"123","timestamp":"2026-09-23T01:16:44.081Z"}
{"Counter":"cpu-usage-combined","Mean":0.041662021212816466,"UnitId":"Roche.C5800.UI","origin":"123","timestamp":"2026-09-23T01:16:44.081Z"}
{"Counter":"working-set-combined","Mean":772,"UnitId":"Roche.C5800.UI","origin":"123","timestamp":"2026-09-23T01:16:44.081Z"}
{"Counter":"cpu-usage-GPU","Mean":0.004166072862414677,"UnitId":"Roche.C5800.UI","origin":"123","timestamp":"2026-09-23T01:17:14.086Z"}
{"Counter":"working-set-GPU","Mean":122,"UnitId":"Roche.C5800.UI","origin":"123","timestamp":"2026-09-23T01:17:14.086Z"}
{"Counter":"cpu-usage-Tab","Mean":0.04166080637990256,"UnitId":"Roche.C5800.UI","origin":"123","timestamp":"2026-09-23T01:17:14.086Z"}
{"Counter":"working-set-Tab","Mean":385,"UnitId":"Roche.C5800.UI","origin":"123","timestamp":"2026-09-23T01:17:14.086Z"}
{"Counter":"cpu-usage-Browser","Mean":0.004166088830145925,"UnitId":"Roche.C5800.UI","origin":"123","timestamp":"2026-09-23T01:17:14.086Z"}
{"Counter":"working-set-Browser","Mean":192,"UnitId":"Roche.C5800.UI","origin":"123","timestamp":"2026-09-23T01:17:14.086Z"}
{"Counter":"cpu-usage-combined","Mean":0.04999296807246316,"UnitId":"Roche.C5800.UI","origin":"123","timestamp":"2026-09-23T01:17:14.086Z"}
{"Counter":"working-set-combined","Mean":772,"UnitId":"Roche.C5800.UI","origin":"123","timestamp":"2026-09-23T01:17:14.086Z"}
{"Counter":"cpu-usage-GPU","Mean":0,"UnitId":"Roche.C5800.UI","origin":"123","timestamp":"2026-09-23T01:17:44.089Z"}
{"Counter":"working-set-GPU","Mean":122,"UnitId":"Roche.C5800.UI","origin":"123","timestamp":"2026-09-23T01:17:44.089Z"}
{"Counter":"cpu-usage-Tab","Mean":0.037496217881489685,"UnitId":"Roche.C5800.UI","origin":"123","timestamp":"2026-09-23T01:17:44.089Z"}
{"Counter":"working-set-Tab","Mean":384,"UnitId":"Roche.C5800.UI","origin":"123","timestamp":"2026-09-23T01:17:44.089Z"}
{"Counter":"cpu-usage-Browser","Mean":0.012498745125989351,"UnitId":"Roche.C5800.UI","origin":"123","timestamp":"2026-09-23T01:17:44.089Z"}
{"Counter":"working-set-Browser","Mean":192,"UnitId":"Roche.C5800.UI","origin":"123","timestamp":"2026-09-23T01:17:44.089Z"}
{"Counter":"cpu-usage-combined","Mean":0.05416121638181097,"UnitId":"Roche.C5800.UI","origin":"123","timestamp":"2026-09-23T01:17:44.089Z"}
{"Counter":"working-set-combined","Mean":771,"UnitId":"Roche.C5800.UI","origin":"123","timestamp":"2026-09-23T01:17:44.089Z"}
{"Counter":"cpu-usage-GPU","Mean":0.008333226390261324,"UnitId":"Roche.C5800.UI","origin":"123","timestamp":"2026-09-23T01:18:14.089Z"}
{"Counter":"working-set-GPU","Mean":122,"UnitId":"Roche.C5800.UI","origin":"123","timestamp":"2026-09-23T01:18:14.089Z"}
{"Counter":"cpu-usage-Tab","Mean":0.03749954625549031,"UnitId":"Roche.C5800.UI","origin":"123","timestamp":"2026-09-23T01:18:14.089Z"}
{"Counter":"working-set-Tab","Mean":385,"UnitId":"Roche.C5800.UI","origin":"123","timestamp":"2026-09-23T01:18:14.089Z"}
{"Counter":"cpu-usage-Browser","Mean":0,"UnitId":"Roche.C5800.UI","origin":"123","timestamp":"2026-09-23T01:18:14.089Z"}
{"Counter":"working-set-Browser","Mean":192,"UnitId":"Roche.C5800.UI","origin":"123","timestamp":"2026-09-23T01:18:14.089Z"}
{"Counter":"cpu-usage-combined","Mean":0.045832772645751634,"UnitId":"Roche.C5800.UI","origin":"123","timestamp":"2026-09-23T01:18:14.089Z"}
{"Counter":"working-set-combined","Mean":772,"UnitId":"Roche.C5800.UI","origin":"123","timestamp":"2026-09-23T01:18:14.089Z"}
{"Counter":"cpu-usage-GPU","Mean":0,"UnitId":"Roche.C5800.UI","origin":"123","timestamp":"2026-09-23T01:18:44.091Z"}
{"Counter":"working-set-GPU","Mean":122,"UnitId":"Roche.C5800.UI","origin":"123","timestamp":"2026-09-23T01:18:44.091Z"}
{"Counter":"cpu-usage-Tab","Mean":0.03333132789843811,"UnitId":"Roche.C5800.UI","origin":"123","timestamp":"2026-09-23T01:18:44.091Z"}
{"Counter":"working-set-Tab","Mean":385,"UnitId":"Roche.C5800.UI","origin":"123","timestamp":"2026-09-23T01:18:44.091Z"}
{"Counter":"cpu-usage-Browser","Mean":0.008332722822507872,"UnitId":"Roche.C5800.UI","origin":"123","timestamp":"2026-09-23T01:18:44.091Z"}
{"Counter":"working-set-Browser","Mean":192,"UnitId":"Roche.C5800.UI","origin":"123","timestamp":"2026-09-23T01:18:44.091Z"}
{"Counter":"cpu-usage-combined","Mean":0.04583044643301151,"UnitId":"Roche.C5800.UI","origin":"123","timestamp":"2026-09-23T01:18:44.091Z"}
{"Counter":"working-set-combined","Mean":772,"UnitId":"Roche.C5800.UI","origin":"123","timestamp":"2026-09-23T01:18:44.091Z"}
{"Counter":"cpu-usage-GPU","Mean":0.004164583680729022,"UnitId":"Roche.C5800.UI","origin":"123","timestamp":"2026-09-23T01:19:14.106Z"}
{"Counter":"working-set-GPU","Mean":122,"UnitId":"Roche.C5800.UI","origin":"123","timestamp":"2026-09-23T01:19:14.106Z"}
{"Counter":"cpu-usage-Tab","Mean":0.03331707127084604,"UnitId":"Roche.C5800.UI","origin":"123","timestamp":"2026-09-23T01:19:14.106Z"}
{"Counter":"working-set-Tab","Mean":385,"UnitId":"Roche.C5800.UI","origin":"123","timestamp":"2026-09-23T01:19:14.106Z"}
{"Counter":"cpu-usage-Browser","Mean":0.004164719660225511,"UnitId":"Roche.C5800.UI","origin":"123","timestamp":"2026-09-23T01:19:14.106Z"}
{"Counter":"working-set-Browser","Mean":192,"UnitId":"Roche.C5800.UI","origin":"123","timestamp":"2026-09-23T01:19:14.106Z"}
{"Counter":"cpu-usage-combined","Mean":0.04164637461180057,"UnitId":"Roche.C5800.UI","origin":"123","timestamp":"2026-09-23T01:19:14.106Z"}
{"Counter":"working-set-combined","Mean":772,"UnitId":"Roche.C5800.UI","origin":"123","timestamp":"2026-09-23T01:19:14.106Z"}
{"Counter":"cpu-usage-GPU","Mean":0,"UnitId":"Roche.C5800.UI","origin":"123","timestamp":"2026-09-23T01:19:44.120Z"}
{"Counter":"working-set-GPU","Mean":122,"UnitId":"Roche.C5800.UI","origin":"123","timestamp":"2026-09-23T01:19:44.120Z"}
{"Counter":"cpu-usage-Tab","Mean":0.03748232083867109,"UnitId":"Roche.C5800.UI","origin":"123","timestamp":"2026-09-23T01:19:44.120Z"}
{"Counter":"working-set-Tab","Mean":385,"UnitId":"Roche.C5800.UI","origin":"123","timestamp":"2026-09-23T01:19:44.120Z"}
{"Counter":"cpu-usage-Browser","Mean":0.008329416564017714,"UnitId":"Roche.C5800.UI","origin":"123","timestamp":"2026-09-23T01:19:44.120Z"}
{"Counter":"working-set-Browser","Mean":192,"UnitId":"Roche.C5800.UI","origin":"123","timestamp":"2026-09-23T01:19:44.120Z"}
{"Counter":"cpu-usage-combined","Mean":0.045811737402688804,"UnitId":"Roche.C5800.UI","origin":"123","timestamp":"2026-09-23T01:19:44.120Z"}
{"Counter":"working-set-combined","Mean":772,"UnitId":"Roche.C5800.UI","origin":"123","timestamp":"2026-09-23T01:19:44.120Z"}
{"Counter":"cpu-usage-GPU","Mean":0.0041646659611389355,"UnitId":"Roche.C5800.UI","origin":"123","timestamp":"2026-09-23T01:20:14.134Z"}
{"Counter":"working-set-GPU","Mean":122,"UnitId":"Roche.C5800.UI","origin":"123","timestamp":"2026-09-23T01:20:14.134Z"}
{"Counter":"cpu-usage-Tab","Mean":0.0416463918149181,"UnitId":"Roche.C5800.UI","origin":"123","timestamp":"2026-09-23T01:20:14.134Z"}
{"Counter":"working-set-Tab","Mean":385,"UnitId":"Roche.C5800.UI","origin":"123","timestamp":"2026-09-23T01:20:14.134Z"}
{"Counter":"cpu-usage-Browser","Mean":0.008329152098979645,"UnitId":"Roche.C5800.UI","origin":"123","timestamp":"2026-09-23T01:20:14.134Z"}
{"Counter":"working-set-Browser","Mean":192,"UnitId":"Roche.C5800.UI","origin":"123","timestamp":"2026-09-23T01:20:14.134Z"}
{"Counter":"cpu-usage-combined","Mean":0.054140209875036684,"UnitId":"Roche.C5800.UI","origin":"123","timestamp":"2026-09-23T01:20:14.134Z"}
{"Counter":"working-set-combined","Mean":772,"UnitId":"Roche.C5800.UI","origin":"123","timestamp":"2026-09-23T01:20:14.134Z"}
{"Counter":"cpu-usage-GPU","Mean":0,"UnitId":"Roche.C5800.UI","origin":"123","timestamp":"2026-09-23T01:20:44.144Z"}
{"Counter":"working-set-GPU","Mean":122,"UnitId":"Roche.C5800.UI","origin":"123","timestamp":"2026-09-23T01:20:44.144Z"}
{"Counter":"cpu-usage-Tab","Mean":0.03332233141024605,"UnitId":"Roche.C5800.UI","origin":"123","timestamp":"2026-09-23T01:20:44.144Z"}
{"Counter":"working-set-Tab","Mean":385,"UnitId":"Roche.C5800.UI","origin":"123","timestamp":"2026-09-23T01:20:44.144Z"}
{"Counter":"cpu-usage-Browser","Mean":0.008330646144575298,"UnitId":"Roche.C5800.UI","origin":"123","timestamp":"2026-09-23T01:20:44.144Z"}
{"Counter":"working-set-Browser","Mean":192,"UnitId":"Roche.C5800.UI","origin":"123","timestamp":"2026-09-23T01:20:44.144Z"}
{"Counter":"cpu-usage-combined","Mean":0.04165297755482135,"UnitId":"Roche.C5800.UI","origin":"123","timestamp":"2026-09-23T01:20:44.144Z"}
{"Counter":"working-set-combined","Mean":772,"UnitId":"Roche.C5800.UI","origin":"123","timestamp":"2026-09-23T01:20:44.144Z"}
{"Counter":"cpu-usage-GPU","Mean":0.008330116797567233,"UnitId":"Roche.C5800.UI","origin":"123","timestamp":"2026-09-23T01:21:14.156Z"}
{"Counter":"working-set-GPU","Mean":122,"UnitId":"Roche.C5800.UI","origin":"123","timestamp":"2026-09-23T01:21:14.156Z"}
{"Counter":"cpu-usage-Tab","Mean":0.04165059370255685,"UnitId":"Roche.C5800.UI","origin":"123","timestamp":"2026-09-23T01:21:14.156Z"}
{"Counter":"working-set-Tab","Mean":385,"UnitId":"Roche.C5800.UI","origin":"123","timestamp":"2026-09-23T01:21:14.156Z"}
{"Counter":"cpu-usage-Browser","Mean":0.004165060619291868,"UnitId":"Roche.C5800.UI","origin":"123","timestamp":"2026-09-23T01:21:14.156Z"}
{"Counter":"working-set-Browser","Mean":192,"UnitId":"Roche.C5800.UI","origin":"123","timestamp":"2026-09-23T01:21:14.156Z"}
{"Counter":"cpu-usage-combined","Mean":0.05414577111941595,"UnitId":"Roche.C5800.UI","origin":"123","timestamp":"2026-09-23T01:21:14.156Z"}
{"Counter":"working-set-combined","Mean":772,"UnitId":"Roche.C5800.UI","origin":"123","timestamp":"2026-09-23T01:21:14.156Z"}
{"Counter":"cpu-usage-GPU","Mean":0,"UnitId":"Roche.C5800.UI","origin":"123","timestamp":"2026-09-23T01:21:44.166Z"}
{"Counter":"working-set-GPU","Mean":122,"UnitId":"Roche.C5800.UI","origin":"123","timestamp":"2026-09-23T01:21:44.166Z"}
{"Counter":"cpu-usage-Tab","Mean":0.03748758286296969,"UnitId":"Roche.C5800.UI","origin":"123","timestamp":"2026-09-23T01:21:44.166Z"}
{"Counter":"working-set-Tab","Mean":385,"UnitId":"Roche.C5800.UI","origin":"123","timestamp":"2026-09-23T01:21:44.166Z"}
{"Counter":"cpu-usage-Browser","Mean":0.004165311690773658,"UnitId":"Roche.C5800.UI","origin":"123","timestamp":"2026-09-23T01:21:44.166Z"}
{"Counter":"working-set-Browser","Mean":192,"UnitId":"Roche.C5800.UI","origin":"123","timestamp":"2026-09-23T01:21:44.166Z"}
{"Counter":"cpu-usage-combined","Mean":0.041652894553743346,"UnitId":"Roche.C5800.UI","origin":"123","timestamp":"2026-09-23T01:21:44.166Z"}
{"Counter":"working-set-combined","Mean":772,"UnitId":"Roche.C5800.UI","origin":"123","timestamp":"2026-09-23T01:21:44.166Z"}
{"Counter":"cpu-usage-GPU","Mean":0.008330528999587772,"UnitId":"Roche.C5800.UI","origin":"123","timestamp":"2026-09-23T01:22:14.176Z"}
{"Counter":"working-set-GPU","Mean":122,"UnitId":"Roche.C5800.UI","origin":"123","timestamp":"2026-09-23T01:22:14.176Z"}
{"Counter":"cpu-usage-Tab","Mean":0.0374870694601742,"UnitId":"Roche.C5800.UI","origin":"123","timestamp":"2026-09-23T01:22:14.176Z"}
{"Counter":"working-set-Tab","Mean":385,"UnitId":"Roche.C5800.UI","origin":"123","timestamp":"2026-09-23T01:22:14.176Z"}
{"Counter":"cpu-usage-Browser","Mean":0.00833034385060348,"UnitId":"Roche.C5800.UI","origin":"123","timestamp":"2026-09-23T01:22:14.176Z"}
{"Counter":"working-set-Browser","Mean":192,"UnitId":"Roche.C5800.UI","origin":"123","timestamp":"2026-09-23T01:22:14.176Z"}
{"Counter":"cpu-usage-combined","Mean":0.05414794231036545,"UnitId":"Roche.C5800.UI","origin":"123","timestamp":"2026-09-23T01:22:14.176Z"}
{"Counter":"working-set-combined","Mean":772,"UnitId":"Roche.C5800.UI","origin":"123","timestamp":"2026-09-23T01:22:14.176Z"}
{"Counter":"cpu-usage-GPU","Mean":0,"UnitId":"Roche.C5800.UI","origin":"123","timestamp":"2026-09-23T01:22:44.185Z"}
{"Counter":"working-set-GPU","Mean":122,"UnitId":"Roche.C5800.UI","origin":"123","timestamp":"2026-09-23T01:22:44.185Z"}
{"Counter":"cpu-usage-Tab","Mean":0.03332394708823681,"UnitId":"Roche.C5800.UI","origin":"123","timestamp":"2026-09-23T01:22:44.185Z"}
{"Counter":"working-set-Tab","Mean":385,"UnitId":"Roche.C5800.UI","origin":"123","timestamp":"2026-09-23T01:22:44.185Z"}
{"Counter":"cpu-usage-Browser","Mean":0.008331023973487882,"UnitId":"Roche.C5800.UI","origin":"123","timestamp":"2026-09-23T01:22:44.185Z"}
{"Counter":"working-set-Browser","Mean":192,"UnitId":"Roche.C5800.UI","origin":"123","timestamp":"2026-09-23T01:22:44.185Z"}
{"Counter":"cpu-usage-combined","Mean":0.04582047555263839,"UnitId":"Roche.C5800.UI","origin":"123","timestamp":"2026-09-23T01:22:44.185Z"}
{"Counter":"working-set-combined","Mean":772,"UnitId":"Roche.C5800.UI","origin":"123","timestamp":"2026-09-23T01:22:44.185Z"}
{"Counter":"cpu-usage-GPU","Mean":0,"UnitId":"Roche.C5800.UI","origin":"123","timestamp":"2026-09-23T01:23:14.188Z"}
{"Counter":"working-set-GPU","Mean":122,"UnitId":"Roche.C5800.UI","origin":"123","timestamp":"2026-09-23T01:23:14.188Z"}
{"Counter":"cpu-usage-Tab","Mean":0.037495689245593065,"UnitId":"Roche.C5800.UI","origin":"123","timestamp":"2026-09-23T01:23:14.188Z"}
{"Counter":"working-set-Tab","Mean":385,"UnitId":"Roche.C5800.UI","origin":"123","timestamp":"2026-09-23T01:23:14.188Z"}
{"Counter":"cpu-usage-Browser","Mean":0.0041662333783953134,"UnitId":"Roche.C5800.UI","origin":"123","timestamp":"2026-09-23T01:23:14.188Z"}
{"Counter":"working-set-Browser","Mean":192,"UnitId":"Roche.C5800.UI","origin":"123","timestamp":"2026-09-23T01:23:14.188Z"}
{"Counter":"cpu-usage-combined","Mean":0.04166192262398838,"UnitId":"Roche.C5800.UI","origin":"123","timestamp":"2026-09-23T01:23:14.188Z"}
{"Counter":"working-set-combined","Mean":772,"UnitId":"Roche.C5800.UI","origin":"123","timestamp":"2026-09-23T01:23:14.188Z"}
{"Counter":"cpu-usage-GPU","Mean":0,"UnitId":"Roche.C5800.UI","origin":"123","timestamp":"2026-09-23T01:23:44.194Z"}
{"Counter":"working-set-GPU","Mean":122,"UnitId":"Roche.C5800.UI","origin":"123","timestamp":"2026-09-23T01:23:44.194Z"}
{"Counter":"cpu-usage-Tab","Mean":0.03332700342448291,"UnitId":"Roche.C5800.UI","origin":"123","timestamp":"2026-09-23T01:23:44.194Z"}
{"Counter":"working-set-Tab","Mean":385,"UnitId":"Roche.C5800.UI","origin":"123","timestamp":"2026-09-23T01:23:44.194Z"}
{"Counter":"cpu-usage-Browser","Mean":0.008331738083215,"UnitId":"Roche.C5800.UI","origin":"123","timestamp":"2026-09-23T01:23:44.194Z"}
{"Counter":"working-set-Browser","Mean":192,"UnitId":"Roche.C5800.UI","origin":"123","timestamp":"2026-09-23T01:23:44.194Z"}
{"Counter":"cpu-usage-combined","Mean":0.04165874150769791,"UnitId":"Roche.C5800.UI","origin":"123","timestamp":"2026-09-23T01:23:44.194Z"}
{"Counter":"working-set-combined","Mean":772,"UnitId":"Roche.C5800.UI","origin":"123","timestamp":"2026-09-23T01:23:44.194Z"}
{"Counter":"cpu-usage-GPU","Mean":0.008331964391583796,"UnitId":"Roche.C5800.UI","origin":"123","timestamp":"2026-09-23T01:24:14.199Z"}
{"Counter":"working-set-GPU","Mean":122,"UnitId":"Roche.C5800.UI","origin":"123","timestamp":"2026-09-23T01:24:14.199Z"}
{"Counter":"cpu-usage-Tab","Mean":0.041659748371120506,"UnitId":"Roche.C5800.UI","origin":"123","timestamp":"2026-09-23T01:24:14.199Z"}
{"Counter":"working-set-Tab","Mean":385,"UnitId":"Roche.C5800.UI","origin":"123","timestamp":"2026-09-23T01:24:14.199Z"}
{"Counter":"cpu-usage-Browser","Mean":0.004165981501575707,"UnitId":"Roche.C5800.UI","origin":"123","timestamp":"2026-09-23T01:24:14.199Z"}
{"Counter":"working-set-Browser","Mean":192,"UnitId":"Roche.C5800.UI","origin":"123","timestamp":"2026-09-23T01:24:14.199Z"}
{"Counter":"cpu-usage-combined","Mean":0.05415769426428001,"UnitId":"Roche.C5800.UI","origin":"123","timestamp":"2026-09-23T01:24:14.199Z"}
{"Counter":"working-set-combined","Mean":772,"UnitId":"Roche.C5800.UI","origin":"123","timestamp":"2026-09-23T01:24:14.199Z"}
{"Counter":"cpu-usage-GPU","Mean":0,"UnitId":"Roche.C5800.UI","origin":"123","timestamp":"2026-09-23T01:24:44.201Z"}
{"Counter":"working-set-GPU","Mean":122,"UnitId":"Roche.C5800.UI","origin":"123","timestamp":"2026-09-23T01:24:44.201Z"}
{"Counter":"cpu-usage-Tab","Mean":0.033331026826276956,"UnitId":"Roche.C5800.UI","origin":"123","timestamp":"2026-09-23T01:24:44.201Z"}
{"Counter":"working-set-Tab","Mean":385,"UnitId":"Roche.C5800.UI","origin":"123","timestamp":"2026-09-23T01:24:44.201Z"}
{"Counter":"cpu-usage-Browser","Mean":0.008332682550826113,"UnitId":"Roche.C5800.UI","origin":"123","timestamp":"2026-09-23T01:24:44.201Z"}
{"Counter":"working-set-Browser","Mean":192,"UnitId":"Roche.C5800.UI","origin":"123","timestamp":"2026-09-23T01:24:44.201Z"}
{"Counter":"cpu-usage-combined","Mean":0.0458300723159115,"UnitId":"Roche.C5800.UI","origin":"123","timestamp":"2026-09-23T01:24:44.201Z"}
{"Counter":"working-set-combined","Mean":772,"UnitId":"Roche.C5800.UI","origin":"123","timestamp":"2026-09-23T01:24:44.201Z"}
{"Counter":"cpu-usage-GPU","Mean":0,"UnitId":"Roche.C5800.UI","origin":"123","timestamp":"2026-09-23T01:25:14.202Z"}
{"Counter":"working-set-GPU","Mean":122,"UnitId":"Roche.C5800.UI","origin":"123","timestamp":"2026-09-23T01:25:14.202Z"}
{"Counter":"cpu-usage-Tab","Mean":0.04166485146797105,"UnitId":"Roche.C5800.UI","origin":"123","timestamp":"2026-09-23T01:25:14.202Z"}
{"Counter":"working-set-Tab","Mean":385,"UnitId":"Roche.C5800.UI","origin":"123","timestamp":"2026-09-23T01:25:14.202Z"}
{"Counter":"cpu-usage-Browser","Mean":0.004166482230386601,"UnitId":"Roche.C5800.UI","origin":"123","timestamp":"2026-09-23T01:25:14.202Z"}
{"Counter":"working-set-Browser","Mean":192,"UnitId":"Roche.C5800.UI","origin":"123","timestamp":"2026-09-23T01:25:14.202Z"}
{"Counter":"cpu-usage-combined","Mean":0.04583133369835765,"UnitId":"Roche.C5800.UI","origin":"123","timestamp":"2026-09-23T01:25:14.202Z"}
{"Counter":"working-set-combined","Mean":772,"UnitId":"Roche.C5800.UI","origin":"123","timestamp":"2026-09-23T01:25:14.202Z"}
{"Counter":"cpu-usage-GPU","Mean":0,"UnitId":"Roche.C5800.UI","origin":"123","timestamp":"2026-09-23T01:25:44.204Z"}
{"Counter":"working-set-GPU","Mean":122,"UnitId":"Roche.C5800.UI","origin":"123","timestamp":"2026-09-23T01:25:44.204Z"}
{"Counter":"cpu-usage-Tab","Mean":0.03333168008200127,"UnitId":"Roche.C5800.UI","origin":"123","timestamp":"2026-09-23T01:25:44.204Z"}
{"Counter":"working-set-Tab","Mean":384,"UnitId":"Roche.C5800.UI","origin":"123","timestamp":"2026-09-23T01:25:44.204Z"}
{"Counter":"cpu-usage-Browser","Mean":0.004166498756766769,"UnitId":"Roche.C5800.UI","origin":"123","timestamp":"2026-09-23T01:25:44.204Z"}
{"Counter":"working-set-Browser","Mean":192,"UnitId":"Roche.C5800.UI","origin":"123","timestamp":"2026-09-23T01:25:44.204Z"}
{"Counter":"cpu-usage-combined","Mean":0.03749817883876804,"UnitId":"Roche.C5800.UI","origin":"123","timestamp":"2026-09-23T01:25:44.204Z"}
{"Counter":"working-set-combined","Mean":771,"UnitId":"Roche.C5800.UI","origin":"123","timestamp":"2026-09-23T01:25:44.204Z"}
{"Counter":"cpu-usage-GPU","Mean":0.008329373271634223,"UnitId":"Roche.C5800.UI","origin":"123","timestamp":"2026-09-23T01:26:14.218Z"}
{"Counter":"working-set-GPU","Mean":122,"UnitId":"Roche.C5800.UI","origin":"123","timestamp":"2026-09-23T01:26:14.218Z"}
{"Counter":"cpu-usage-Tab","Mean":0.0374819486935092,"UnitId":"Roche.C5800.UI","origin":"123","timestamp":"2026-09-23T01:26:14.218Z"}
{"Counter":"working-set-Tab","Mean":384,"UnitId":"Roche.C5800.UI","origin":"123","timestamp":"2026-09-23T01:26:14.218Z"}
{"Counter":"cpu-usage-Browser","Mean":0.008329216479268181,"UnitId":"Roche.C5800.UI","origin":"123","timestamp":"2026-09-23T01:26:14.218Z"}
{"Counter":"working-set-Browser","Mean":192,"UnitId":"Roche.C5800.UI","origin":"123","timestamp":"2026-09-23T01:26:14.218Z"}
{"Counter":"cpu-usage-combined","Mean":0.05414053844441161,"UnitId":"Roche.C5800.UI","origin":"123","timestamp":"2026-09-23T01:26:14.218Z"}
{"Counter":"working-set-combined","Mean":771,"UnitId":"Roche.C5800.UI","origin":"123","timestamp":"2026-09-23T01:26:14.218Z"}
{"Counter":"cpu-usage-GPU","Mean":0,"UnitId":"Roche.C5800.UI","origin":"123","timestamp":"2026-09-23T01:26:44.232Z"}
{"Counter":"working-set-GPU","Mean":122,"UnitId":"Roche.C5800.UI","origin":"123","timestamp":"2026-09-23T01:26:44.232Z"}
{"Counter":"cpu-usage-Tab","Mean":0.03331773286021709,"UnitId":"Roche.C5800.UI","origin":"123","timestamp":"2026-09-23T01:26:44.232Z"}
{"Counter":"working-set-Tab","Mean":385,"UnitId":"Roche.C5800.UI","origin":"123","timestamp":"2026-09-23T01:26:44.232Z"}
{"Counter":"cpu-usage-Browser","Mean":0.008329538950689996,"UnitId":"Roche.C5800.UI","origin":"123","timestamp":"2026-09-23T01:26:44.232Z"}
{"Counter":"working-set-Browser","Mean":192,"UnitId":"Roche.C5800.UI","origin":"123","timestamp":"2026-09-23T01:26:44.232Z"}
{"Counter":"cpu-usage-combined","Mean":0.041647271810907084,"UnitId":"Roche.C5800.UI","origin":"123","timestamp":"2026-09-23T01:26:44.232Z"}
{"Counter":"working-set-combined","Mean":772,"UnitId":"Roche.C5800.UI","origin":"123","timestamp":"2026-09-23T01:26:44.232Z"}
{"Counter":"cpu-usage-GPU","Mean":0.004165260474730398,"UnitId":"Roche.C5800.UI","origin":"123","timestamp":"2026-09-23T01:27:14.242Z"}
{"Counter":"working-set-GPU","Mean":122,"UnitId":"Roche.C5800.UI","origin":"123","timestamp":"2026-09-23T01:27:14.242Z"}
{"Counter":"cpu-usage-Tab","Mean":0.04165259225574345,"UnitId":"Roche.C5800.UI","origin":"123","timestamp":"2026-09-23T01:27:14.242Z"}
{"Counter":"working-set-Tab","Mean":385,"UnitId":"Roche.C5800.UI","origin":"123","timestamp":"2026-09-23T01:27:14.242Z"}
{"Counter":"cpu-usage-Browser","Mean":0.0041652496487361666,"UnitId":"Roche.C5800.UI","origin":"123","timestamp":"2026-09-23T01:27:14.242Z"}
{"Counter":"working-set-Browser","Mean":192,"UnitId":"Roche.C5800.UI","origin":"123","timestamp":"2026-09-23T01:27:14.242Z"}
{"Counter":"cpu-usage-combined","Mean":0.04998310237921001,"UnitId":"Roche.C5800.UI","origin":"123","timestamp":"2026-09-23T01:27:14.242Z"}
{"Counter":"working-set-combined","Mean":772,"UnitId":"Roche.C5800.UI","origin":"123","timestamp":"2026-09-23T01:27:14.242Z"}
{"Counter":"cpu-usage-GPU","Mean":0,"UnitId":"Roche.C5800.UI","origin":"123","timestamp":"2026-09-23T01:27:44.254Z"}
{"Counter":"working-set-GPU","Mean":122,"UnitId":"Roche.C5800.UI","origin":"123","timestamp":"2026-09-23T01:27:44.254Z"}
{"Counter":"cpu-usage-Tab","Mean":0.03332098568673735,"UnitId":"Roche.C5800.UI","origin":"123","timestamp":"2026-09-23T01:27:44.254Z"}
{"Counter":"working-set-Tab","Mean":385,"UnitId":"Roche.C5800.UI","origin":"123","timestamp":"2026-09-23T01:27:44.254Z"}
{"Counter":"cpu-usage-Browser","Mean":0.008330426569822236,"UnitId":"Roche.C5800.UI","origin":"123","timestamp":"2026-09-23T01:27:44.254Z"}
{"Counter":"working-set-Browser","Mean":192,"UnitId":"Roche.C5800.UI","origin":"123","timestamp":"2026-09-23T01:27:44.254Z"}
{"Counter":"cpu-usage-combined","Mean":0.04165141225655959,"UnitId":"Roche.C5800.UI","origin":"123","timestamp":"2026-09-23T01:27:44.254Z"}
{"Counter":"working-set-combined","Mean":772,"UnitId":"Roche.C5800.UI","origin":"123","timestamp":"2026-09-23T01:27:44.254Z"}
{"Counter":"cpu-usage-GPU","Mean":0.004165093510847619,"UnitId":"Roche.C5800.UI","origin":"123","timestamp":"2026-09-23T01:28:14.265Z"}
{"Counter":"working-set-GPU","Mean":122,"UnitId":"Roche.C5800.UI","origin":"123","timestamp":"2026-09-23T01:28:14.265Z"}
{"Counter":"cpu-usage-Tab","Mean":0.04164997474512131,"UnitId":"Roche.C5800.UI","origin":"123","timestamp":"2026-09-23T01:28:14.265Z"}
{"Counter":"working-set-Tab","Mean":384,"UnitId":"Roche.C5800.UI","origin":"123","timestamp":"2026-09-23T01:28:14.265Z"}
{"Counter":"cpu-usage-Browser","Mean":0.004164868415313881,"UnitId":"Roche.C5800.UI","origin":"123","timestamp":"2026-09-23T01:28:14.265Z"}
{"Counter":"working-set-Browser","Mean":192,"UnitId":"Roche.C5800.UI","origin":"123","timestamp":"2026-09-23T01:28:14.265Z"}
{"Counter":"cpu-usage-combined","Mean":0.04997993667128281,"UnitId":"Roche.C5800.UI","origin":"123","timestamp":"2026-09-23T01:28:14.265Z"}
{"Counter":"working-set-combined","Mean":771,"UnitId":"Roche.C5800.UI","origin":"123","timestamp":"2026-09-23T01:28:14.265Z"}
{"Counter":"cpu-usage-GPU","Mean":0,"UnitId":"Roche.C5800.UI","origin":"123","timestamp":"2026-09-23T01:28:44.275Z"}
{"Counter":"working-set-GPU","Mean":122,"UnitId":"Roche.C5800.UI","origin":"123","timestamp":"2026-09-23T01:28:44.275Z"}
{"Counter":"cpu-usage-Tab","Mean":0.029157186693366432,"UnitId":"Roche.C5800.UI","origin":"123","timestamp":"2026-09-23T01:28:44.275Z"}
{"Counter":"working-set-Tab","Mean":385,"UnitId":"Roche.C5800.UI","origin":"123","timestamp":"2026-09-23T01:28:44.275Z"}
{"Counter":"cpu-usage-Browser","Mean":0.008330653362146731,"UnitId":"Roche.C5800.UI","origin":"123","timestamp":"2026-09-23T01:28:44.275Z"}
{"Counter":"working-set-Browser","Mean":192,"UnitId":"Roche.C5800.UI","origin":"123","timestamp":"2026-09-23T01:28:44.275Z"}
{"Counter":"cpu-usage-combined","Mean":0.041653153967065155,"UnitId":"Roche.C5800.UI","origin":"123","timestamp":"2026-09-23T01:28:44.275Z"}
{"Counter":"working-set-combined","Mean":772,"UnitId":"Roche.C5800.UI","origin":"123","timestamp":"2026-09-23T01:28:44.275Z"}
{"Counter":"cpu-usage-GPU","Mean":0.004165585697178249,"UnitId":"Roche.C5800.UI","origin":"123","timestamp":"2026-09-23T01:29:14.283Z"}
{"Counter":"working-set-GPU","Mean":122,"UnitId":"Roche.C5800.UI","origin":"123","timestamp":"2026-09-23T01:29:14.283Z"}
{"Counter":"cpu-usage-Tab","Mean":0.04165582782026783,"UnitId":"Roche.C5800.UI","origin":"123","timestamp":"2026-09-23T01:29:14.283Z"}
{"Counter":"working-set-Tab","Mean":385,"UnitId":"Roche.C5800.UI","origin":"123","timestamp":"2026-09-23T01:29:14.283Z"}
{"Counter":"cpu-usage-Browser","Mean":0.0041655831984767425,"UnitId":"Roche.C5800.UI","origin":"123","timestamp":"2026-09-23T01:29:14.283Z"}
{"Counter":"working-set-Browser","Mean":192,"UnitId":"Roche.C5800.UI","origin":"123","timestamp":"2026-09-23T01:29:14.283Z"}
{"Counter":"cpu-usage-combined","Mean":0.04998699671592282,"UnitId":"Roche.C5800.UI","origin":"123","timestamp":"2026-09-23T01:29:14.283Z"}
{"Counter":"working-set-combined","Mean":772,"UnitId":"Roche.C5800.UI","origin":"123","timestamp":"2026-09-23T01:29:14.283Z"}
{"Counter":"cpu-usage-GPU","Mean":0,"UnitId":"Roche.C5800.UI","origin":"123","timestamp":"2026-09-23T01:29:44.288Z"}
{"Counter":"working-set-GPU","Mean":122,"UnitId":"Roche.C5800.UI","origin":"123","timestamp":"2026-09-23T01:29:44.288Z"}
{"Counter":"cpu-usage-Tab","Mean":0.03332734774167893,"UnitId":"Roche.C5800.UI","origin":"123","timestamp":"2026-09-23T01:29:44.288Z"}
{"Counter":"working-set-Tab","Mean":385,"UnitId":"Roche.C5800.UI","origin":"123","timestamp":"2026-09-23T01:29:44.288Z"}
{"Counter":"cpu-usage-Browser","Mean":0.008331904689409256,"UnitId":"Roche.C5800.UI","origin":"123","timestamp":"2026-09-23T01:29:44.288Z"}
{"Counter":"working-set-Browser","Mean":192,"UnitId":"Roche.C5800.UI","origin":"123","timestamp":"2026-09-23T01:29:44.288Z"}
{"Counter":"cpu-usage-combined","Mean":0.04165925243108819,"UnitId":"Roche.C5800.UI","origin":"123","timestamp":"2026-09-23T01:29:44.288Z"}
{"Counter":"working-set-combined","Mean":772,"UnitId":"Roche.C5800.UI","origin":"123","timestamp":"2026-09-23T01:29:44.288Z"}
{"Counter":"cpu-usage-GPU","Mean":0.008332284298740122,"UnitId":"Roche.C5800.UI","origin":"123","timestamp":"2026-09-23T01:30:14.292Z"}
{"Counter":"working-set-GPU","Mean":122,"UnitId":"Roche.C5800.UI","origin":"123","timestamp":"2026-09-23T01:30:14.292Z"}
{"Counter":"cpu-usage-Tab","Mean":0.03749512688334273,"UnitId":"Roche.C5800.UI","origin":"123","timestamp":"2026-09-23T01:30:14.292Z"}
{"Counter":"working-set-Tab","Mean":384,"UnitId":"Roche.C5800.UI","origin":"123","timestamp":"2026-09-23T01:30:14.292Z"}
{"Counter":"cpu-usage-Browser","Mean":0.004166091884856286,"UnitId":"Roche.C5800.UI","origin":"123","timestamp":"2026-09-23T01:30:14.292Z"}
{"Counter":"working-set-Browser","Mean":192,"UnitId":"Roche.C5800.UI","origin":"123","timestamp":"2026-09-23T01:30:14.292Z"}
{"Counter":"cpu-usage-combined","Mean":0.05415961119737578,"UnitId":"Roche.C5800.UI","origin":"123","timestamp":"2026-09-23T01:30:14.292Z"}
{"Counter":"working-set-combined","Mean":771,"UnitId":"Roche.C5800.UI","origin":"123","timestamp":"2026-09-23T01:30:14.292Z"}
{"Counter":"cpu-usage-GPU","Mean":0,"UnitId":"Roche.C5800.UI","origin":"123","timestamp":"2026-09-23T01:30:44.296Z"}
{"Counter":"working-set-GPU","Mean":122,"UnitId":"Roche.C5800.UI","origin":"123","timestamp":"2026-09-23T01:30:44.296Z"}
{"Counter":"cpu-usage-Tab","Mean":0.0333288461596787,"UnitId":"Roche.C5800.UI","origin":"123","timestamp":"2026-09-23T01:30:44.296Z"}
{"Counter":"working-set-Tab","Mean":384,"UnitId":"Roche.C5800.UI","origin":"123","timestamp":"2026-09-23T01:30:44.296Z"}
{"Counter":"cpu-usage-Browser","Mean":0.004166107158475284,"UnitId":"Roche.C5800.UI","origin":"123","timestamp":"2026-09-23T01:30:44.296Z"}
{"Counter":"working-set-Browser","Mean":192,"UnitId":"Roche.C5800.UI","origin":"123","timestamp":"2026-09-23T01:30:44.296Z"}
{"Counter":"cpu-usage-combined","Mean":0.03749495331815399,"UnitId":"Roche.C5800.UI","origin":"123","timestamp":"2026-09-23T01:30:44.296Z"}
{"Counter":"working-set-combined","Mean":771,"UnitId":"Roche.C5800.UI","origin":"123","timestamp":"2026-09-23T01:30:44.296Z"}
{"Counter":"cpu-usage-GPU","Mean":0.008332580068095178,"UnitId":"Roche.C5800.UI","origin":"123","timestamp":"2026-09-23T01:31:14.299Z"}
{"Counter":"working-set-GPU","Mean":122,"UnitId":"Roche.C5800.UI","origin":"123","timestamp":"2026-09-23T01:31:14.299Z"}
{"Counter":"cpu-usage-Tab","Mean":0.04166278230659628,"UnitId":"Roche.C5800.UI","origin":"123","timestamp":"2026-09-23T01:31:14.299Z"}
{"Counter":"working-set-Tab","Mean":385,"UnitId":"Roche.C5800.UI","origin":"123","timestamp":"2026-09-23T01:31:14.299Z"}
{"Counter":"cpu-usage-Browser","Mean":0.012498829692913088,"UnitId":"Roche.C5800.UI","origin":"123","timestamp":"2026-09-23T01:31:14.299Z"}
{"Counter":"working-set-Browser","Mean":192,"UnitId":"Roche.C5800.UI","origin":"123","timestamp":"2026-09-23T01:31:14.299Z"}
{"Counter":"cpu-usage-combined","Mean":0.06249419206760455,"UnitId":"Roche.C5800.UI","origin":"123","timestamp":"2026-09-23T01:31:14.299Z"}
{"Counter":"working-set-combined","Mean":772,"UnitId":"Roche.C5800.UI","origin":"123","timestamp":"2026-09-23T01:31:14.299Z"}
{"Counter":"cpu-usage-GPU","Mean":0,"UnitId":"Roche.C5800.UI","origin":"123","timestamp":"2026-09-23T01:31:44.302Z"}
{"Counter":"working-set-GPU","Mean":122,"UnitId":"Roche.C5800.UI","origin":"123","timestamp":"2026-09-23T01:31:44.302Z"}
{"Counter":"cpu-usage-Tab","Mean":0.033329429346175915,"UnitId":"Roche.C5800.UI","origin":"123","timestamp":"2026-09-23T01:31:44.302Z"}
{"Counter":"working-set-Tab","Mean":385,"UnitId":"Roche.C5800.UI","origin":"123","timestamp":"2026-09-23T01:31:44.302Z"}
{"Counter":"cpu-usage-Browser","Mean":0.004166142843639793,"UnitId":"Roche.C5800.UI","origin":"123","timestamp":"2026-09-23T01:31:44.302Z"}
{"Counter":"working-set-Browser","Mean":192,"UnitId":"Roche.C5800.UI","origin":"123","timestamp":"2026-09-23T01:31:44.302Z"}
{"Counter":"cpu-usage-combined","Mean":0.03749557218981571,"UnitId":"Roche.C5800.UI","origin":"123","timestamp":"2026-09-23T01:31:44.302Z"}
{"Counter":"working-set-combined","Mean":772,"UnitId":"Roche.C5800.UI","origin":"123","timestamp":"2026-09-23T01:31:44.302Z"}
{"Counter":"cpu-usage-GPU","Mean":0.004166437373729866,"UnitId":"Roche.C5800.UI","origin":"123","timestamp":"2026-09-23T01:32:14.304Z"}
{"Counter":"working-set-GPU","Mean":122,"UnitId":"Roche.C5800.UI","origin":"123","timestamp":"2026-09-23T01:32:14.304Z"}
{"Counter":"cpu-usage-Tab","Mean":0.041664811193741505,"UnitId":"Roche.C5800.UI","origin":"123","timestamp":"2026-09-23T01:32:14.304Z"}
{"Counter":"working-set-Tab","Mean":385,"UnitId":"Roche.C5800.UI","origin":"123","timestamp":"2026-09-23T01:32:14.304Z"}
{"Counter":"cpu-usage-Browser","Mean":0.004166550142147691,"UnitId":"Roche.C5800.UI","origin":"123","timestamp":"2026-09-23T01:32:14.304Z"}
{"Counter":"working-set-Browser","Mean":192,"UnitId":"Roche.C5800.UI","origin":"123","timestamp":"2026-09-23T01:32:14.304Z"}
{"Counter":"cpu-usage-combined","Mean":0.04999779870961907,"UnitId":"Roche.C5800.UI","origin":"123","timestamp":"2026-09-23T01:32:14.304Z"}
{"Counter":"working-set-combined","Mean":772,"UnitId":"Roche.C5800.UI","origin":"123","timestamp":"2026-09-23T01:32:14.304Z"}
{"Counter":"cpu-usage-GPU","Mean":0,"UnitId":"Roche.C5800.UI","origin":"123","timestamp":"2026-09-23T01:32:44.305Z"}
{"Counter":"working-set-GPU","Mean":122,"UnitId":"Roche.C5800.UI","origin":"123","timestamp":"2026-09-23T01:32:44.305Z"}
{"Counter":"cpu-usage-Tab","Mean":0.03333201005253425,"UnitId":"Roche.C5800.UI","origin":"123","timestamp":"2026-09-23T01:32:44.305Z"}
{"Counter":"working-set-Tab","Mean":384,"UnitId":"Roche.C5800.UI","origin":"123","timestamp":"2026-09-23T01:32:44.305Z"}
{"Counter":"cpu-usage-Browser","Mean":0.008332890301332312,"UnitId":"Roche.C5800.UI","origin":"123","timestamp":"2026-09-23T01:32:44.305Z"}
{"Counter":"working-set-Browser","Mean":192,"UnitId":"Roche.C5800.UI","origin":"123","timestamp":"2026-09-23T01:32:44.305Z"}
{"Counter":"cpu-usage-combined","Mean":0.041664900353866566,"UnitId":"Roche.C5800.UI","origin":"123","timestamp":"2026-09-23T01:32:44.305Z"}
{"Counter":"working-set-combined","Mean":771,"UnitId":"Roche.C5800.UI","origin":"123","timestamp":"2026-09-23T01:32:44.305Z"}
{"Counter":"cpu-usage-GPU","Mean":0,"UnitId":"Roche.C5800.UI","origin":"123","timestamp":"2026-09-23T01:33:14.306Z"}
{"Counter":"working-set-GPU","Mean":122,"UnitId":"Roche.C5800.UI","origin":"123","timestamp":"2026-09-23T01:33:14.306Z"}
{"Counter":"cpu-usage-Tab","Mean":0.041665563918074966,"UnitId":"Roche.C5800.UI","origin":"123","timestamp":"2026-09-23T01:33:14.306Z"}
{"Counter":"working-set-Tab","Mean":385,"UnitId":"Roche.C5800.UI","origin":"123","timestamp":"2026-09-23T01:33:14.306Z"}
{"Counter":"cpu-usage-Browser","Mean":0.004166572363245512,"UnitId":"Roche.C5800.UI","origin":"123","timestamp":"2026-09-23T01:33:14.306Z"}
{"Counter":"working-set-Browser","Mean":192,"UnitId":"Roche.C5800.UI","origin":"123","timestamp":"2026-09-23T01:33:14.306Z"}
{"Counter":"cpu-usage-combined","Mean":0.0499986919787204,"UnitId":"Roche.C5800.UI","origin":"123","timestamp":"2026-09-23T01:33:14.306Z"}
{"Counter":"working-set-combined","Mean":772,"UnitId":"Roche.C5800.UI","origin":"123","timestamp":"2026-09-23T01:33:14.306Z"}
{"Counter":"cpu-usage-GPU","Mean":0.004166670555559185,"UnitId":"Roche.C5800.UI","origin":"123","timestamp":"2026-09-23T01:33:44.306Z"}
{"Counter":"working-set-GPU","Mean":122,"UnitId":"Roche.C5800.UI","origin":"123","timestamp":"2026-09-23T01:33:44.306Z"}
{"Counter":"cpu-usage-Tab","Mean":0.0291666968055867,"UnitId":"Roche.C5800.UI","origin":"123","timestamp":"2026-09-23T01:33:44.306Z"}
{"Counter":"working-set-Tab","Mean":385,"UnitId":"Roche.C5800.UI","origin":"123","timestamp":"2026-09-23T01:33:44.306Z"}
{"Counter":"cpu-usage-Browser","Mean":0.008333342777788482,"UnitId":"Roche.C5800.UI","origin":"123","timestamp":"2026-09-23T01:33:44.306Z"}
{"Counter":"working-set-Browser","Mean":192,"UnitId":"Roche.C5800.UI","origin":"123","timestamp":"2026-09-23T01:33:44.306Z"}
{"Counter":"cpu-usage-combined","Mean":0.04166671013893437,"UnitId":"Roche.C5800.UI","origin":"123","timestamp":"2026-09-23T01:33:44.306Z"}
{"Counter":"working-set-combined","Mean":772,"UnitId":"Roche.C5800.UI","origin":"123","timestamp":"2026-09-23T01:33:44.306Z"}
{"Counter":"cpu-usage-GPU","Mean":0.004164835249779497,"UnitId":"Roche.C5800.UI","origin":"123","timestamp":"2026-09-23T01:34:14.319Z"}
{"Counter":"working-set-GPU","Mean":122,"UnitId":"Roche.C5800.UI","origin":"123","timestamp":"2026-09-23T01:34:14.319Z"}
{"Counter":"cpu-usage-Tab","Mean":0.041648065252456075,"UnitId":"Roche.C5800.UI","origin":"123","timestamp":"2026-09-23T01:34:14.319Z"}
{"Counter":"working-set-Tab","Mean":385,"UnitId":"Roche.C5800.UI","origin":"123","timestamp":"2026-09-23T01:34:14.319Z"}
{"Counter":"cpu-usage-Browser","Mean":0,"UnitId":"Roche.C5800.UI","origin":"123","timestamp":"2026-09-23T01:34:14.319Z"}
{"Counter":"working-set-Browser","Mean":192,"UnitId":"Roche.C5800.UI","origin":"123","timestamp":"2026-09-23T01:34:14.319Z"}
{"Counter":"cpu-usage-combined","Mean":0.04581290050223557,"UnitId":"Roche.C5800.UI","origin":"123","timestamp":"2026-09-23T01:34:14.319Z"}
{"Counter":"working-set-combined","Mean":772,"UnitId":"Roche.C5800.UI","origin":"123","timestamp":"2026-09-23T01:34:14.319Z"}
{"Counter":"cpu-usage-GPU","Mean":0,"UnitId":"Roche.C5800.UI","origin":"123","timestamp":"2026-09-23T01:34:44.331Z"}
{"Counter":"working-set-GPU","Mean":122,"UnitId":"Roche.C5800.UI","origin":"123","timestamp":"2026-09-23T01:34:44.331Z"}
{"Counter":"cpu-usage-Tab","Mean":0.03332014521985532,"UnitId":"Roche.C5800.UI","origin":"123","timestamp":"2026-09-23T01:34:44.331Z"}
{"Counter":"working-set-Tab","Mean":385,"UnitId":"Roche.C5800.UI","origin":"123","timestamp":"2026-09-23T01:34:44.331Z"}
{"Counter":"cpu-usage-Browser","Mean":0.012495156044506746,"UnitId":"Roche.C5800.UI","origin":"123","timestamp":"2026-09-23T01:34:44.331Z"}
{"Counter":"working-set-Browser","Mean":192,"UnitId":"Roche.C5800.UI","origin":"123","timestamp":"2026-09-23T01:34:44.331Z"}
{"Counter":"cpu-usage-combined","Mean":0.04998033662551228,"UnitId":"Roche.C5800.UI","origin":"123","timestamp":"2026-09-23T01:34:44.331Z"}
{"Counter":"working-set-combined","Mean":772,"UnitId":"Roche.C5800.UI","origin":"123","timestamp":"2026-09-23T01:34:44.331Z"}
{"Counter":"cpu-usage-GPU","Mean":0.0041650310589698095,"UnitId":"Roche.C5800.UI","origin":"123","timestamp":"2026-09-23T01:35:14.343Z"}
{"Counter":"working-set-GPU","Mean":122,"UnitId":"Roche.C5800.UI","origin":"123","timestamp":"2026-09-23T01:35:14.343Z"}
{"Counter":"cpu-usage-Tab","Mean":0.03748527078759853,"UnitId":"Roche.C5800.UI","origin":"123","timestamp":"2026-09-23T01:35:14.343Z"}
{"Counter":"working-set-Tab","Mean":385,"UnitId":"Roche.C5800.UI","origin":"123","timestamp":"2026-09-23T01:35:14.343Z"}
{"Counter":"cpu-usage-Browser","Mean":0.004165030642630242,"UnitId":"Roche.C5800.UI","origin":"123","timestamp":"2026-09-23T01:35:14.343Z"}
{"Counter":"working-set-Browser","Mean":192,"UnitId":"Roche.C5800.UI","origin":"123","timestamp":"2026-09-23T01:35:14.343Z"}
{"Counter":"cpu-usage-combined","Mean":0.04581533248919858,"UnitId":"Roche.C5800.UI","origin":"123","timestamp":"2026-09-23T01:35:14.343Z"}
{"Counter":"working-set-combined","Mean":772,"UnitId":"Roche.C5800.UI","origin":"123","timestamp":"2026-09-23T01:35:14.343Z"}
{"Counter":"cpu-usage-GPU","Mean":0,"UnitId":"Roche.C5800.UI","origin":"123","timestamp":"2026-09-23T01:35:44.353Z"}
{"Counter":"working-set-GPU","Mean":122,"UnitId":"Roche.C5800.UI","origin":"123","timestamp":"2026-09-23T01:35:44.353Z"}
{"Counter":"cpu-usage-Tab","Mean":0.03332158303243666,"UnitId":"Roche.C5800.UI","origin":"123","timestamp":"2026-09-23T01:35:44.353Z"}
{"Counter":"working-set-Tab","Mean":385,"UnitId":"Roche.C5800.UI","origin":"123","timestamp":"2026-09-23T01:35:44.353Z"}
{"Counter":"cpu-usage-Browser","Mean":0.004165186081854104,"UnitId":"Roche.C5800.UI","origin":"123","timestamp":"2026-09-23T01:35:44.353Z"}
{"Counter":"working-set-Browser","Mean":192,"UnitId":"Roche.C5800.UI","origin":"123","timestamp":"2026-09-23T01:35:44.353Z"}
{"Counter":"cpu-usage-combined","Mean":0.03748676911429076,"UnitId":"Roche.C5800.UI","origin":"123","timestamp":"2026-09-23T01:35:44.353Z"}
{"Counter":"working-set-combined","Mean":772,"UnitId":"Roche.C5800.UI","origin":"123","timestamp":"2026-09-23T01:35:44.353Z"}
{"Counter":"cpu-usage-GPU","Mean":0.00833122969783463,"UnitId":"Roche.C5800.UI","origin":"123","timestamp":"2026-09-23T01:36:14.361Z"}
{"Counter":"working-set-GPU","Mean":122,"UnitId":"Roche.C5800.UI","origin":"123","timestamp":"2026-09-23T01:36:14.361Z"}
{"Counter":"cpu-usage-Tab","Mean":0.04165616653562192,"UnitId":"Roche.C5800.UI","origin":"123","timestamp":"2026-09-23T01:36:14.361Z"}
{"Counter":"working-set-Tab","Mean":385,"UnitId":"Roche.C5800.UI","origin":"123","timestamp":"2026-09-23T01:36:14.361Z"}
{"Counter":"cpu-usage-Browser","Mean":0.008331248299592222,"UnitId":"Roche.C5800.UI","origin":"123","timestamp":"2026-09-23T01:36:14.361Z"}
{"Counter":"working-set-Browser","Mean":192,"UnitId":"Roche.C5800.UI","origin":"123","timestamp":"2026-09-23T01:36:14.361Z"}
{"Counter":"cpu-usage-combined","Mean":0.058318644533048775,"UnitId":"Roche.C5800.UI","origin":"123","timestamp":"2026-09-23T01:36:14.361Z"}
{"Counter":"working-set-combined","Mean":772,"UnitId":"Roche.C5800.UI","origin":"123","timestamp":"2026-09-23T01:36:14.361Z"}
{"Counter":"cpu-usage-GPU","Mean":0,"UnitId":"Roche.C5800.UI","origin":"123","timestamp":"2026-09-23T01:36:44.370Z"}
{"Counter":"working-set-GPU","Mean":122,"UnitId":"Roche.C5800.UI","origin":"123","timestamp":"2026-09-23T01:36:44.370Z"}
{"Counter":"cpu-usage-Tab","Mean":0.03332367724245771,"UnitId":"Roche.C5800.UI","origin":"123","timestamp":"2026-09-23T01:36:44.370Z"}
{"Counter":"working-set-Tab","Mean":385,"UnitId":"Roche.C5800.UI","origin":"123","timestamp":"2026-09-23T01:36:44.370Z"}
{"Counter":"cpu-usage-Browser","Mean":0.004165398996905275,"UnitId":"Roche.C5800.UI","origin":"123","timestamp":"2026-09-23T01:36:44.370Z"}
{"Counter":"working-set-Browser","Mean":192,"UnitId":"Roche.C5800.UI","origin":"123","timestamp":"2026-09-23T01:36:44.370Z"}
{"Counter":"cpu-usage-combined","Mean":0.037489076239362984,"UnitId":"Roche.C5800.UI","origin":"123","timestamp":"2026-09-23T01:36:44.370Z"}
{"Counter":"working-set-combined","Mean":772,"UnitId":"Roche.C5800.UI","origin":"123","timestamp":"2026-09-23T01:36:44.370Z"}
{"Counter":"cpu-usage-GPU","Mean":0,"UnitId":"Roche.C5800.UI","origin":"123","timestamp":"2026-09-23T01:37:14.377Z"}
{"Counter":"working-set-GPU","Mean":122,"UnitId":"Roche.C5800.UI","origin":"123","timestamp":"2026-09-23T01:37:14.377Z"}
{"Counter":"cpu-usage-Tab","Mean":0.03749055862765227,"UnitId":"Roche.C5800.UI","origin":"123","timestamp":"2026-09-23T01:37:14.377Z"}
{"Counter":"working-set-Tab","Mean":385,"UnitId":"Roche.C5800.UI","origin":"123","timestamp":"2026-09-23T01:37:14.377Z"}
{"Counter":"cpu-usage-Browser","Mean":0.008331356302482754,"UnitId":"Roche.C5800.UI","origin":"123","timestamp":"2026-09-23T01:37:14.377Z"}
{"Counter":"working-set-Browser","Mean":192,"UnitId":"Roche.C5800.UI","origin":"123","timestamp":"2026-09-23T01:37:14.377Z"}
{"Counter":"cpu-usage-combined","Mean":0.04582191493013502,"UnitId":"Roche.C5800.UI","origin":"123","timestamp":"2026-09-23T01:37:14.377Z"}
{"Counter":"working-set-combined","Mean":772,"UnitId":"Roche.C5800.UI","origin":"123","timestamp":"2026-09-23T01:37:14.377Z"}
{"Counter":"cpu-usage-GPU","Mean":0,"UnitId":"Roche.C5800.UI","origin":"123","timestamp":"2026-09-23T01:37:44.384Z"}
{"Counter":"working-set-GPU","Mean":122,"UnitId":"Roche.C5800.UI","origin":"123","timestamp":"2026-09-23T01:37:44.384Z"}
{"Counter":"cpu-usage-Tab","Mean":0.03749163811497909,"UnitId":"Roche.C5800.UI","origin":"123","timestamp":"2026-09-23T01:37:44.384Z"}
{"Counter":"working-set-Tab","Mean":385,"UnitId":"Roche.C5800.UI","origin":"123","timestamp":"2026-09-23T01:37:44.384Z"}
{"Counter":"cpu-usage-Browser","Mean":0.00833148568752403,"UnitId":"Roche.C5800.UI","origin":"123","timestamp":"2026-09-23T01:37:44.384Z"}
{"Counter":"working-set-Browser","Mean":192,"UnitId":"Roche.C5800.UI","origin":"123","timestamp":"2026-09-23T01:37:44.384Z"}
{"Counter":"cpu-usage-combined","Mean":0.04582312380250312,"UnitId":"Roche.C5800.UI","origin":"123","timestamp":"2026-09-23T01:37:44.384Z"}
{"Counter":"working-set-combined","Mean":772,"UnitId":"Roche.C5800.UI","origin":"123","timestamp":"2026-09-23T01:37:44.384Z"}
{"Counter":"cpu-usage-GPU","Mean":0.008331238582245803,"UnitId":"Roche.C5800.UI","origin":"123","timestamp":"2026-09-23T01:38:14.391Z"}
{"Counter":"working-set-GPU","Mean":122,"UnitId":"Roche.C5800.UI","origin":"123","timestamp":"2026-09-23T01:38:14.391Z"}
{"Counter":"cpu-usage-Tab","Mean":0.03749053738836318,"UnitId":"Roche.C5800.UI","origin":"123","timestamp":"2026-09-23T01:38:14.391Z"}
{"Counter":"working-set-Tab","Mean":385,"UnitId":"Roche.C5800.UI","origin":"123","timestamp":"2026-09-23T01:38:14.391Z"}
{"Counter":"cpu-usage-Browser","Mean":0.004165614848917315,"UnitId":"Roche.C5800.UI","origin":"123","timestamp":"2026-09-23T01:38:14.391Z"}
{"Counter":"working-set-Browser","Mean":192,"UnitId":"Roche.C5800.UI","origin":"123","timestamp":"2026-09-23T01:38:14.391Z"}
{"Counter":"cpu-usage-combined","Mean":0.0499873908195263,"UnitId":"Roche.C5800.UI","origin":"123","timestamp":"2026-09-23T01:38:14.391Z"}
{"Counter":"working-set-combined","Mean":772,"UnitId":"Roche.C5800.UI","origin":"123","timestamp":"2026-09-23T01:38:14.391Z"}
{"Counter":"cpu-usage-GPU","Mean":0,"UnitId":"Roche.C5800.UI","origin":"123","timestamp":"2026-09-23T01:38:44.397Z"}
{"Counter":"working-set-GPU","Mean":122,"UnitId":"Roche.C5800.UI","origin":"123","timestamp":"2026-09-23T01:38:44.397Z"}
{"Counter":"cpu-usage-Tab","Mean":0.03332692900847554,"UnitId":"Roche.C5800.UI","origin":"123","timestamp":"2026-09-23T01:38:44.397Z"}
{"Counter":"working-set-Tab","Mean":385,"UnitId":"Roche.C5800.UI","origin":"123","timestamp":"2026-09-23T01:38:44.397Z"}
{"Counter":"cpu-usage-Browser","Mean":0.008331675052275429,"UnitId":"Roche.C5800.UI","origin":"123","timestamp":"2026-09-23T01:38:44.397Z"}
{"Counter":"working-set-Browser","Mean":192,"UnitId":"Roche.C5800.UI","origin":"123","timestamp":"2026-09-23T01:38:44.397Z"}
{"Counter":"cpu-usage-combined","Mean":0.0458244588023285,"UnitId":"Roche.C5800.UI","origin":"123","timestamp":"2026-09-23T01:38:44.397Z"}
{"Counter":"working-set-combined","Mean":772,"UnitId":"Roche.C5800.UI","origin":"123","timestamp":"2026-09-23T01:38:44.397Z"}
{"Counter":"cpu-usage-GPU","Mean":0,"UnitId":"Roche.C5800.UI","origin":"123","timestamp":"2026-09-23T01:39:14.401Z"}
{"Counter":"working-set-GPU","Mean":122,"UnitId":"Roche.C5800.UI","origin":"123","timestamp":"2026-09-23T01:39:14.401Z"}
{"Counter":"cpu-usage-Tab","Mean":0.04166194081384702,"UnitId":"Roche.C5800.UI","origin":"123","timestamp":"2026-09-23T01:39:14.401Z"}
{"Counter":"working-set-Tab","Mean":385,"UnitId":"Roche.C5800.UI","origin":"123","timestamp":"2026-09-23T01:39:14.401Z"}
{"Counter":"cpu-usage-Browser","Mean":0.0041662232416396485,"UnitId":"Roche.C5800.UI","origin":"123","timestamp":"2026-09-23T01:39:14.401Z"}
{"Counter":"working-set-Browser","Mean":192,"UnitId":"Roche.C5800.UI","origin":"123","timestamp":"2026-09-23T01:39:14.401Z"}
{"Counter":"cpu-usage-combined","Mean":0.04582816405548667,"UnitId":"Roche.C5800.UI","origin":"123","timestamp":"2026-09-23T01:39:14.401Z"}
{"Counter":"working-set-combined","Mean":772,"UnitId":"Roche.C5800.UI","origin":"123","timestamp":"2026-09-23T01:39:14.401Z"}
{"Counter":"cpu-usage-GPU","Mean":0,"UnitId":"Roche.C5800.UI","origin":"123","timestamp":"2026-09-23T01:39:44.402Z"}
{"Counter":"working-set-GPU","Mean":122,"UnitId":"Roche.C5800.UI","origin":"123","timestamp":"2026-09-23T01:39:44.402Z"}
{"Counter":"cpu-usage-Tab","Mean":0.029165611843704985,"UnitId":"Roche.C5800.UI","origin":"123","timestamp":"2026-09-23T01:39:44.402Z"}
{"Counter":"working-set-Tab","Mean":385,"UnitId":"Roche.C5800.UI","origin":"123","timestamp":"2026-09-23T01:39:44.402Z"}
{"Counter":"cpu-usage-Browser","Mean":0.0083329866810874,"UnitId":"Roche.C5800.UI","origin":"123","timestamp":"2026-09-23T01:39:44.402Z"}
{"Counter":"working-set-Browser","Mean":192,"UnitId":"Roche.C5800.UI","origin":"123","timestamp":"2026-09-23T01:39:44.402Z"}
{"Counter":"cpu-usage-combined","Mean":0.037498598524792384,"UnitId":"Roche.C5800.UI","origin":"123","timestamp":"2026-09-23T01:39:44.402Z"}
{"Counter":"working-set-combined","Mean":772,"UnitId":"Roche.C5800.UI","origin":"123","timestamp":"2026-09-23T01:39:44.402Z"}
{"Counter":"cpu-usage-GPU","Mean":0.008333383889195594,"UnitId":"Roche.C5800.UI","origin":"123","timestamp":"2026-09-23T01:40:14.402Z"}
{"Counter":"working-set-GPU","Mean":122,"UnitId":"Roche.C5800.UI","origin":"123","timestamp":"2026-09-23T01:40:14.402Z"}
{"Counter":"cpu-usage-Tab","Mean":0.041666719444511294,"UnitId":"Roche.C5800.UI","origin":"123","timestamp":"2026-09-23T01:40:14.402Z"}
{"Counter":"working-set-Tab","Mean":385,"UnitId":"Roche.C5800.UI","origin":"123","timestamp":"2026-09-23T01:40:14.402Z"}
{"Counter":"cpu-usage-Browser","Mean":0.008333255556281475,"UnitId":"Roche.C5800.UI","origin":"123","timestamp":"2026-09-23T01:40:14.402Z"}
{"Counter":"working-set-Browser","Mean":192,"UnitId":"Roche.C5800.UI","origin":"123","timestamp":"2026-09-23T01:40:14.402Z"}
{"Counter":"cpu-usage-combined","Mean":0.05833335888998836,"UnitId":"Roche.C5800.UI","origin":"123","timestamp":"2026-09-23T01:40:14.402Z"}
{"Counter":"working-set-combined","Mean":772,"UnitId":"Roche.C5800.UI","origin":"123","timestamp":"2026-09-23T01:40:14.402Z"}
{"Counter":"cpu-usage-GPU","Mean":0,"UnitId":"Roche.C5800.UI","origin":"123","timestamp":"2026-09-23T01:40:44.404Z"}
{"Counter":"working-set-GPU","Mean":122,"UnitId":"Roche.C5800.UI","origin":"123","timestamp":"2026-09-23T01:40:44.404Z"}
{"Counter":"cpu-usage-Tab","Mean":0.03333117791716136,"UnitId":"Roche.C5800.UI","origin":"123","timestamp":"2026-09-23T01:40:44.404Z"}
{"Counter":"working-set-Tab","Mean":385,"UnitId":"Roche.C5800.UI","origin":"123","timestamp":"2026-09-23T01:40:44.404Z"}
{"Counter":"cpu-usage-Browser","Mean":0.0041664501501405314,"UnitId":"Roche.C5800.UI","origin":"123","timestamp":"2026-09-23T01:40:44.404Z"}
{"Counter":"working-set-Browser","Mean":192,"UnitId":"Roche.C5800.UI","origin":"123","timestamp":"2026-09-23T01:40:44.404Z"}
{"Counter":"cpu-usage-combined","Mean":0.03749762806730189,"UnitId":"Roche.C5800.UI","origin":"123","timestamp":"2026-09-23T01:40:44.404Z"}
{"Counter":"working-set-combined","Mean":772,"UnitId":"Roche.C5800.UI","origin":"123","timestamp":"2026-09-23T01:40:44.404Z"}
{"Counter":"cpu-usage-GPU","Mean":0.004164898389640371,"UnitId":"Roche.C5800.UI","origin":"123","timestamp":"2026-09-23T01:41:14.416Z"}
{"Counter":"working-set-GPU","Mean":122,"UnitId":"Roche.C5800.UI","origin":"123","timestamp":"2026-09-23T01:41:14.416Z"}
{"Counter":"cpu-usage-Tab","Mean":0.041648897858543615,"UnitId":"Roche.C5800.UI","origin":"123","timestamp":"2026-09-23T01:41:14.416Z"}
{"Counter":"working-set-Tab","Mean":384,"UnitId":"Roche.C5800.UI","origin":"123","timestamp":"2026-09-23T01:41:14.416Z"}
{"Counter":"cpu-usage-Browser","Mean":0.008329745434316593,"UnitId":"Roche.C5800.UI","origin":"123","timestamp":"2026-09-23T01:41:14.416Z"}
{"Counter":"working-set-Browser","Mean":192,"UnitId":"Roche.C5800.UI","origin":"123","timestamp":"2026-09-23T01:41:14.416Z"}
{"Counter":"cpu-usage-combined","Mean":0.05414354168250057,"UnitId":"Roche.C5800.UI","origin":"123","timestamp":"2026-09-23T01:41:14.416Z"}
{"Counter":"working-set-combined","Mean":771,"UnitId":"Roche.C5800.UI","origin":"123","timestamp":"2026-09-23T01:41:14.416Z"}
{"Counter":"cpu-usage-GPU","Mean":0,"UnitId":"Roche.C5800.UI","origin":"123","timestamp":"2026-09-23T01:41:44.429Z"}
{"Counter":"working-set-GPU","Mean":122,"UnitId":"Roche.C5800.UI","origin":"123","timestamp":"2026-09-23T01:41:44.429Z"}
{"Counter":"cpu-usage-Tab","Mean":0.03331913937995747,"UnitId":"Roche.C5800.UI","origin":"123","timestamp":"2026-09-23T01:41:44.429Z"}
{"Counter":"working-set-Tab","Mean":385,"UnitId":"Roche.C5800.UI","origin":"123","timestamp":"2026-09-23T01:41:44.429Z"}
{"Counter":"cpu-usage-Browser","Mean":0.008329830639549403,"UnitId":"Roche.C5800.UI","origin":"123","timestamp":"2026-09-23T01:41:44.429Z"}
{"Counter":"working-set-Browser","Mean":192,"UnitId":"Roche.C5800.UI","origin":"123","timestamp":"2026-09-23T01:41:44.429Z"}
{"Counter":"cpu-usage-combined","Mean":0.041648970019506876,"UnitId":"Roche.C5800.UI","origin":"123","timestamp":"2026-09-23T01:41:44.429Z"}
{"Counter":"working-set-combined","Mean":772,"UnitId":"Roche.C5800.UI","origin":"123","timestamp":"2026-09-23T01:41:44.429Z"}
{"Counter":"cpu-usage-GPU","Mean":0.008330311651620235,"UnitId":"Roche.C5800.UI","origin":"123","timestamp":"2026-09-23T01:42:14.440Z"}
{"Counter":"working-set-GPU","Mean":122,"UnitId":"Roche.C5800.UI","origin":"123","timestamp":"2026-09-23T01:42:14.440Z"}
{"Counter":"cpu-usage-Tab","Mean":0.0416513889372045,"UnitId":"Roche.C5800.UI","origin":"123","timestamp":"2026-09-23T01:42:14.440Z"}
{"Counter":"working-set-Tab","Mean":385,"UnitId":"Roche.C5800.UI","origin":"123","timestamp":"2026-09-23T01:42:14.440Z"}
{"Counter":"cpu-usage-Browser","Mean":0.004165115438840061,"UnitId":"Roche.C5800.UI","origin":"123","timestamp":"2026-09-23T01:42:14.440Z"}
{"Counter":"working-set-Browser","Mean":192,"UnitId":"Roche.C5800.UI","origin":"123","timestamp":"2026-09-23T01:42:14.440Z"}
{"Counter":"cpu-usage-combined","Mean":0.054146816027664794,"UnitId":"Roche.C5800.UI","origin":"123","timestamp":"2026-09-23T01:42:14.440Z"}
{"Counter":"working-set-combined","Mean":772,"UnitId":"Roche.C5800.UI","origin":"123","timestamp":"2026-09-23T01:42:14.440Z"}
{"Counter":"cpu-usage-GPU","Mean":0,"UnitId":"Roche.C5800.UI","origin":"123","timestamp":"2026-09-23T01:42:44.450Z"}
{"Counter":"working-set-GPU","Mean":122,"UnitId":"Roche.C5800.UI","origin":"123","timestamp":"2026-09-23T01:42:44.450Z"}
{"Counter":"cpu-usage-Tab","Mean":0.03748827866487078,"UnitId":"Roche.C5800.UI","origin":"123","timestamp":"2026-09-23T01:42:44.450Z"}
{"Counter":"working-set-Tab","Mean":385,"UnitId":"Roche.C5800.UI","origin":"123","timestamp":"2026-09-23T01:42:44.450Z"}
{"Counter":"cpu-usage-Browser","Mean":0.008330748024529721,"UnitId":"Roche.C5800.UI","origin":"123","timestamp":"2026-09-23T01:42:44.450Z"}
{"Counter":"working-set-Browser","Mean":192,"UnitId":"Roche.C5800.UI","origin":"123","timestamp":"2026-09-23T01:42:44.450Z"}
{"Counter":"cpu-usage-combined","Mean":0.049984385849826715,"UnitId":"Roche.C5800.UI","origin":"123","timestamp":"2026-09-23T01:42:44.450Z"}
{"Counter":"working-set-combined","Mean":772,"UnitId":"Roche.C5800.UI","origin":"123","timestamp":"2026-09-23T01:42:44.450Z"}
{"Counter":"cpu-usage-GPU","Mean":0.004165721186814633,"UnitId":"Roche.C5800.UI","origin":"123","timestamp":"2026-09-23T01:43:14.456Z"}
{"Counter":"working-set-GPU","Mean":122,"UnitId":"Roche.C5800.UI","origin":"123","timestamp":"2026-09-23T01:43:14.456Z"}
{"Counter":"cpu-usage-Tab","Mean":0.03749149318019741,"UnitId":"Roche.C5800.UI","origin":"123","timestamp":"2026-09-23T01:43:14.456Z"}
{"Counter":"working-set-Tab","Mean":385,"UnitId":"Roche.C5800.UI","origin":"123","timestamp":"2026-09-23T01:43:14.456Z"}
{"Counter":"cpu-usage-Browser","Mean":0.008331420716850769,"UnitId":"Roche.C5800.UI","origin":"123","timestamp":"2026-09-23T01:43:14.456Z"}
{"Counter":"working-set-Browser","Mean":192,"UnitId":"Roche.C5800.UI","origin":"123","timestamp":"2026-09-23T01:43:14.456Z"}
{"Counter":"cpu-usage-combined","Mean":0.05415436085193599,"UnitId":"Roche.C5800.UI","origin":"123","timestamp":"2026-09-23T01:43:14.456Z"}
{"Counter":"working-set-combined","Mean":772,"UnitId":"Roche.C5800.UI","origin":"123","timestamp":"2026-09-23T01:43:14.456Z"}
{"Counter":"cpu-usage-GPU","Mean":0,"UnitId":"Roche.C5800.UI","origin":"123","timestamp":"2026-09-23T01:43:44.463Z"}
{"Counter":"working-set-GPU","Mean":122,"UnitId":"Roche.C5800.UI","origin":"123","timestamp":"2026-09-23T01:43:44.463Z"}
{"Counter":"cpu-usage-Tab","Mean":0.03332615599020491,"UnitId":"Roche.C5800.UI","origin":"123","timestamp":"2026-09-23T01:43:44.463Z"}
{"Counter":"working-set-Tab","Mean":385,"UnitId":"Roche.C5800.UI","origin":"123","timestamp":"2026-09-23T01:43:44.463Z"}
{"Counter":"cpu-usage-Browser","Mean":0.004165803651010299,"UnitId":"Roche.C5800.UI","origin":"123","timestamp":"2026-09-23T01:43:44.463Z"}
{"Counter":"working-set-Browser","Mean":192,"UnitId":"Roche.C5800.UI","origin":"123","timestamp":"2026-09-23T01:43:44.463Z"}
{"Counter":"cpu-usage-combined","Mean":0.037491959641215204,"UnitId":"Roche.C5800.UI","origin":"123","timestamp":"2026-09-23T01:43:44.463Z"}
{"Counter":"working-set-combined","Mean":772,"UnitId":"Roche.C5800.UI","origin":"123","timestamp":"2026-09-23T01:43:44.463Z"}
{"Counter":"cpu-usage-GPU","Mean":0.008331937178393475,"UnitId":"Roche.C5800.UI","origin":"123","timestamp":"2026-09-23T01:44:14.468Z"}
{"Counter":"working-set-GPU","Mean":122,"UnitId":"Roche.C5800.UI","origin":"123","timestamp":"2026-09-23T01:44:14.468Z"}
{"Counter":"cpu-usage-Tab","Mean":0.04165955399214841,"UnitId":"Roche.C5800.UI","origin":"123","timestamp":"2026-09-23T01:44:14.468Z"}
{"Counter":"working-set-Tab","Mean":385,"UnitId":"Roche.C5800.UI","origin":"123","timestamp":"2026-09-23T01:44:14.468Z"}
{"Counter":"cpu-usage-Browser","Mean":0.004165927908784175,"UnitId":"Roche.C5800.UI","origin":"123","timestamp":"2026-09-23T01:44:14.468Z"}
{"Counter":"working-set-Browser","Mean":192,"UnitId":"Roche.C5800.UI","origin":"123","timestamp":"2026-09-23T01:44:14.468Z"}
{"Counter":"cpu-usage-combined","Mean":0.05415741907932606,"UnitId":"Roche.C5800.UI","origin":"123","timestamp":"2026-09-23T01:44:14.468Z"}
{"Counter":"working-set-combined","Mean":772,"UnitId":"Roche.C5800.UI","origin":"123","timestamp":"2026-09-23T01:44:14.468Z"}
{"Counter":"cpu-usage-GPU","Mean":0,"UnitId":"Roche.C5800.UI","origin":"123","timestamp":"2026-09-23T01:44:44.471Z"}
{"Counter":"working-set-GPU","Mean":122,"UnitId":"Roche.C5800.UI","origin":"123","timestamp":"2026-09-23T01:44:44.471Z"}
{"Counter":"cpu-usage-Tab","Mean":0.033329662626489405,"UnitId":"Roche.C5800.UI","origin":"123","timestamp":"2026-09-23T01:44:44.471Z"}
{"Counter":"working-set-Tab","Mean":385,"UnitId":"Roche.C5800.UI","origin":"123","timestamp":"2026-09-23T01:44:44.471Z"}
{"Counter":"cpu-usage-Browser","Mean":0.008332463424151853,"UnitId":"Roche.C5800.UI","origin":"123","timestamp":"2026-09-23T01:44:44.471Z"}
{"Counter":"working-set-Browser","Mean":192,"UnitId":"Roche.C5800.UI","origin":"123","timestamp":"2026-09-23T01:44:44.471Z"}
{"Counter":"cpu-usage-combined","Mean":0.041662126050641256,"UnitId":"Roche.C5800.UI","origin":"123","timestamp":"2026-09-23T01:44:44.471Z"}
{"Counter":"working-set-combined","Mean":772,"UnitId":"Roche.C5800.UI","origin":"123","timestamp":"2026-09-23T01:44:44.471Z"}
{"Counter":"cpu-usage-GPU","Mean":0.004166487368826895,"UnitId":"Roche.C5800.UI","origin":"123","timestamp":"2026-09-23T01:45:14.473Z"}
{"Counter":"working-set-GPU","Mean":122,"UnitId":"Roche.C5800.UI","origin":"123","timestamp":"2026-09-23T01:45:14.473Z"}
{"Counter":"cpu-usage-Tab","Mean":0.04166484035783098,"UnitId":"Roche.C5800.UI","origin":"123","timestamp":"2026-09-23T01:45:14.473Z"}
{"Counter":"working-set-Tab","Mean":385,"UnitId":"Roche.C5800.UI","origin":"123","timestamp":"2026-09-23T01:45:14.473Z"}
{"Counter":"cpu-usage-Browser","Mean":0.008332920853751072,"UnitId":"Roche.C5800.UI","origin":"123","timestamp":"2026-09-23T01:45:14.473Z"}
{"Counter":"working-set-Browser","Mean":192,"UnitId":"Roche.C5800.UI","origin":"123","timestamp":"2026-09-23T01:45:14.473Z"}
{"Counter":"cpu-usage-combined","Mean":0.05416424858040895,"UnitId":"Roche.C5800.UI","origin":"123","timestamp":"2026-09-23T01:45:14.473Z"}
{"Counter":"working-set-combined","Mean":772,"UnitId":"Roche.C5800.UI","origin":"123","timestamp":"2026-09-23T01:45:14.473Z"}
{"Counter":"cpu-usage-GPU","Mean":0,"UnitId":"Roche.C5800.UI","origin":"123","timestamp":"2026-09-23T01:45:44.474Z"}
{"Counter":"working-set-GPU","Mean":122,"UnitId":"Roche.C5800.UI","origin":"123","timestamp":"2026-09-23T01:45:44.474Z"}
{"Counter":"cpu-usage-Tab","Mean":0.029165389222618715,"UnitId":"Roche.C5800.UI","origin":"123","timestamp":"2026-09-23T01:45:44.474Z"}
{"Counter":"working-set-Tab","Mean":385,"UnitId":"Roche.C5800.UI","origin":"123","timestamp":"2026-09-23T01:45:44.474Z"}
{"Counter":"cpu-usage-Browser","Mean":0.004166503061979766,"UnitId":"Roche.C5800.UI","origin":"123","timestamp":"2026-09-23T01:45:44.474Z"}
{"Counter":"working-set-Browser","Mean":192,"UnitId":"Roche.C5800.UI","origin":"123","timestamp":"2026-09-23T01:45:44.474Z"}
{"Counter":"cpu-usage-combined","Mean":0.03333189228459848,"UnitId":"Roche.C5800.UI","origin":"123","timestamp":"2026-09-23T01:45:44.474Z"}
{"Counter":"working-set-combined","Mean":772,"UnitId":"Roche.C5800.UI","origin":"123","timestamp":"2026-09-23T01:45:44.474Z"}
{"Counter":"cpu-usage-GPU","Mean":0.004164699262734951,"UnitId":"Roche.C5800.UI","origin":"123","timestamp":"2026-09-23T01:46:14.488Z"}
{"Counter":"working-set-GPU","Mean":122,"UnitId":"Roche.C5800.UI","origin":"123","timestamp":"2026-09-23T01:46:14.488Z"}
{"Counter":"cpu-usage-Tab","Mean":0.03748217722472964,"UnitId":"Roche.C5800.UI","origin":"123","timestamp":"2026-09-23T01:46:14.488Z"}
{"Counter":"working-set-Tab","Mean":385,"UnitId":"Roche.C5800.UI","origin":"123","timestamp":"2026-09-23T01:46:14.488Z"}
{"Counter":"cpu-usage-Browser","Mean":0.0041646722051476215,"UnitId":"Roche.C5800.UI","origin":"123","timestamp":"2026-09-23T01:46:14.488Z"}
{"Counter":"working-set-Browser","Mean":192,"UnitId":"Roche.C5800.UI","origin":"123","timestamp":"2026-09-23T01:46:14.488Z"}
{"Counter":"cpu-usage-combined","Mean":0.04997622728054363,"UnitId":"Roche.C5800.UI","origin":"123","timestamp":"2026-09-23T01:46:14.488Z"}
{"Counter":"working-set-combined","Mean":772,"UnitId":"Roche.C5800.UI","origin":"123","timestamp":"2026-09-23T01:46:14.488Z"}
{"Counter":"cpu-usage-GPU","Mean":0,"UnitId":"Roche.C5800.UI","origin":"123","timestamp":"2026-09-23T01:46:44.501Z"}
{"Counter":"working-set-GPU","Mean":122,"UnitId":"Roche.C5800.UI","origin":"123","timestamp":"2026-09-23T01:46:44.501Z"}
{"Counter":"cpu-usage-Tab","Mean":0.033318750826721505,"UnitId":"Roche.C5800.UI","origin":"123","timestamp":"2026-09-23T01:46:44.501Z"}
{"Counter":"working-set-Tab","Mean":385,"UnitId":"Roche.C5800.UI","origin":"123","timestamp":"2026-09-23T01:46:44.501Z"}
{"Counter":"cpu-usage-Browser","Mean":0.004164829005281903,"UnitId":"Roche.C5800.UI","origin":"123","timestamp":"2026-09-23T01:46:44.501Z"}
{"Counter":"working-set-Browser","Mean":192,"UnitId":"Roche.C5800.UI","origin":"123","timestamp":"2026-09-23T01:46:44.501Z"}
{"Counter":"cpu-usage-combined","Mean":0.03748357983200341,"UnitId":"Roche.C5800.UI","origin":"123","timestamp":"2026-09-23T01:46:44.501Z"}
{"Counter":"working-set-combined","Mean":772,"UnitId":"Roche.C5800.UI","origin":"123","timestamp":"2026-09-23T01:46:44.501Z"}
{"Counter":"cpu-usage-GPU","Mean":0.004166058560985382,"UnitId":"Roche.C5800.UI","origin":"123","timestamp":"2026-09-23T01:47:14.506Z"}
{"Counter":"working-set-GPU","Mean":122,"UnitId":"Roche.C5800.UI","origin":"123","timestamp":"2026-09-23T01:47:14.506Z"}
{"Counter":"cpu-usage-Tab","Mean":0.037494522050328445,"UnitId":"Roche.C5800.UI","origin":"123","timestamp":"2026-09-23T01:47:14.506Z"}
{"Counter":"working-set-Tab","Mean":385,"UnitId":"Roche.C5800.UI","origin":"123","timestamp":"2026-09-23T01:47:14.506Z"}
{"Counter":"cpu-usage-Browser","Mean":0.012498165269338462,"UnitId":"Roche.C5800.UI","origin":"123","timestamp":"2026-09-23T01:47:14.506Z"}
{"Counter":"working-set-Browser","Mean":192,"UnitId":"Roche.C5800.UI","origin":"123","timestamp":"2026-09-23T01:47:14.506Z"}
{"Counter":"cpu-usage-combined","Mean":0.05415874588065229,"UnitId":"Roche.C5800.UI","origin":"123","timestamp":"2026-09-23T01:47:14.506Z"}
{"Counter":"working-set-combined","Mean":772,"UnitId":"Roche.C5800.UI","origin":"123","timestamp":"2026-09-23T01:47:14.506Z"}
{"Counter":"cpu-usage-GPU","Mean":0,"UnitId":"Roche.C5800.UI","origin":"123","timestamp":"2026-09-23T01:47:44.515Z"}
{"Counter":"working-set-GPU","Mean":122,"UnitId":"Roche.C5800.UI","origin":"123","timestamp":"2026-09-23T01:47:44.515Z"}
{"Counter":"cpu-usage-Tab","Mean":0.033322899933364195,"UnitId":"Roche.C5800.UI","origin":"123","timestamp":"2026-09-23T01:47:44.515Z"}
{"Counter":"working-set-Tab","Mean":385,"UnitId":"Roche.C5800.UI","origin":"123","timestamp":"2026-09-23T01:47:44.515Z"}
{"Counter":"cpu-usage-Browser","Mean":0.00416537304064601,"UnitId":"Roche.C5800.UI","origin":"123","timestamp":"2026-09-23T01:47:44.515Z"}
{"Counter":"working-set-Browser","Mean":192,"UnitId":"Roche.C5800.UI","origin":"123","timestamp":"2026-09-23T01:47:44.515Z"}
{"Counter":"cpu-usage-combined","Mean":0.0374882729740102,"UnitId":"Roche.C5800.UI","origin":"123","timestamp":"2026-09-23T01:47:44.515Z"}
{"Counter":"working-set-combined","Mean":772,"UnitId":"Roche.C5800.UI","origin":"123","timestamp":"2026-09-23T01:47:44.515Z"}
{"Counter":"cpu-usage-GPU","Mean":0.008330817426470538,"UnitId":"Roche.C5800.UI","origin":"123","timestamp":"2026-09-23T01:48:14.524Z"}
{"Counter":"working-set-GPU","Mean":122,"UnitId":"Roche.C5800.UI","origin":"123","timestamp":"2026-09-23T01:48:14.524Z"}
{"Counter":"cpu-usage-Tab","Mean":0.04581968212270624,"UnitId":"Roche.C5800.UI","origin":"123","timestamp":"2026-09-23T01:48:14.524Z"}
{"Counter":"working-set-Tab","Mean":385,"UnitId":"Roche.C5800.UI","origin":"123","timestamp":"2026-09-23T01:48:14.524Z"}
{"Counter":"cpu-usage-Browser","Mean":0.004165440499831533,"UnitId":"Roche.C5800.UI","origin":"123","timestamp":"2026-09-23T01:48:14.524Z"}
{"Counter":"working-set-Browser","Mean":192,"UnitId":"Roche.C5800.UI","origin":"123","timestamp":"2026-09-23T01:48:14.524Z"}
{"Counter":"cpu-usage-combined","Mean":0.05831594004900831,"UnitId":"Roche.C5800.UI","origin":"123","timestamp":"2026-09-23T01:48:14.524Z"}
{"Counter":"working-set-combined","Mean":772,"UnitId":"Roche.C5800.UI","origin":"123","timestamp":"2026-09-23T01:48:14.524Z"}
{"Counter":"cpu-usage-GPU","Mean":0,"UnitId":"Roche.C5800.UI","origin":"123","timestamp":"2026-09-23T01:48:44.533Z"}
{"Counter":"working-set-GPU","Mean":122,"UnitId":"Roche.C5800.UI","origin":"123","timestamp":"2026-09-23T01:48:44.533Z"}
{"Counter":"cpu-usage-Tab","Mean":0.03332297766264171,"UnitId":"Roche.C5800.UI","origin":"123","timestamp":"2026-09-23T01:48:44.533Z"}
{"Counter":"working-set-Tab","Mean":385,"UnitId":"Roche.C5800.UI","origin":"123","timestamp":"2026-09-23T01:48:44.533Z"}
{"Counter":"cpu-usage-Browser","Mean":0.0083306644661272,"UnitId":"Roche.C5800.UI","origin":"123","timestamp":"2026-09-23T01:48:44.533Z"}
{"Counter":"working-set-Browser","Mean":192,"UnitId":"Roche.C5800.UI","origin":"123","timestamp":"2026-09-23T01:48:44.533Z"}
{"Counter":"cpu-usage-combined","Mean":0.04165364212876891,"UnitId":"Roche.C5800.UI","origin":"123","timestamp":"2026-09-23T01:48:44.533Z"}
{"Counter":"working-set-combined","Mean":772,"UnitId":"Roche.C5800.UI","origin":"123","timestamp":"2026-09-23T01:48:44.533Z"}
{"Counter":"cpu-usage-GPU","Mean":0.008331153348207219,"UnitId":"Roche.C5800.UI","origin":"123","timestamp":"2026-09-23T01:49:14.541Z"}
{"Counter":"working-set-GPU","Mean":122,"UnitId":"Roche.C5800.UI","origin":"123","timestamp":"2026-09-23T01:49:14.541Z"}
{"Counter":"cpu-usage-Tab","Mean":0.0374903712229909,"UnitId":"Roche.C5800.UI","origin":"123","timestamp":"2026-09-23T01:49:14.541Z"}
{"Counter":"working-set-Tab","Mean":386,"UnitId":"Roche.C5800.UI","origin":"123","timestamp":"2026-09-23T01:49:14.541Z"}
{"Counter":"cpu-usage-Browser","Mean":0.008331201378900473,"UnitId":"Roche.C5800.UI","origin":"123","timestamp":"2026-09-23T01:49:14.541Z"}
{"Counter":"working-set-Browser","Mean":192,"UnitId":"Roche.C5800.UI","origin":"123","timestamp":"2026-09-23T01:49:14.541Z"}
{"Counter":"cpu-usage-combined","Mean":0.054152725950098596,"UnitId":"Roche.C5800.UI","origin":"123","timestamp":"2026-09-23T01:49:14.541Z"}
{"Counter":"working-set-combined","Mean":773,"UnitId":"Roche.C5800.UI","origin":"123","timestamp":"2026-09-23T01:49:14.541Z"}
{"Counter":"cpu-usage-GPU","Mean":0,"UnitId":"Roche.C5800.UI","origin":"123","timestamp":"2026-09-23T01:49:44.548Z"}
{"Counter":"working-set-GPU","Mean":122,"UnitId":"Roche.C5800.UI","origin":"123","timestamp":"2026-09-23T01:49:44.548Z"}
{"Counter":"cpu-usage-Tab","Mean":0.0333254962874564,"UnitId":"Roche.C5800.UI","origin":"123","timestamp":"2026-09-23T01:49:44.548Z"}
{"Counter":"working-set-Tab","Mean":385,"UnitId":"Roche.C5800.UI","origin":"123","timestamp":"2026-09-23T01:49:44.548Z"}
{"Counter":"cpu-usage-Browser","Mean":0.0041657389566010315,"UnitId":"Roche.C5800.UI","origin":"123","timestamp":"2026-09-23T01:49:44.548Z"}
{"Counter":"working-set-Browser","Mean":192,"UnitId":"Roche.C5800.UI","origin":"123","timestamp":"2026-09-23T01:49:44.548Z"}
{"Counter":"cpu-usage-combined","Mean":0.04165693991065976,"UnitId":"Roche.C5800.UI","origin":"123","timestamp":"2026-09-23T01:49:44.548Z"}
{"Counter":"working-set-combined","Mean":772,"UnitId":"Roche.C5800.UI","origin":"123","timestamp":"2026-09-23T01:49:44.548Z"}
{"Counter":"cpu-usage-GPU","Mean":0.0041658609891513645,"UnitId":"Roche.C5800.UI","origin":"123","timestamp":"2026-09-23T01:50:14.554Z"}
{"Counter":"working-set-GPU","Mean":122,"UnitId":"Roche.C5800.UI","origin":"123","timestamp":"2026-09-23T01:50:14.554Z"}
{"Counter":"cpu-usage-Tab","Mean":0.04165877094094766,"UnitId":"Roche.C5800.UI","origin":"123","timestamp":"2026-09-23T01:50:14.554Z"}
{"Counter":"working-set-Tab","Mean":385,"UnitId":"Roche.C5800.UI","origin":"123","timestamp":"2026-09-23T01:50:14.554Z"}
{"Counter":"cpu-usage-Browser","Mean":0.008331800004405856,"UnitId":"Roche.C5800.UI","origin":"123","timestamp":"2026-09-23T01:50:14.554Z"}
{"Counter":"working-set-Browser","Mean":192,"UnitId":"Roche.C5800.UI","origin":"123","timestamp":"2026-09-23T01:50:14.554Z"}
{"Counter":"cpu-usage-combined","Mean":0.05415643193450488,"UnitId":"Roche.C5800.UI","origin":"123","timestamp":"2026-09-23T01:50:14.554Z"}
{"Counter":"working-set-combined","Mean":772,"UnitId":"Roche.C5800.UI","origin":"123","timestamp":"2026-09-23T01:50:14.554Z"}
{"Counter":"cpu-usage-GPU","Mean":0,"UnitId":"Roche.C5800.UI","origin":"123","timestamp":"2026-09-23T01:50:44.559Z"}
{"Counter":"working-set-GPU","Mean":122,"UnitId":"Roche.C5800.UI","origin":"123","timestamp":"2026-09-23T01:50:44.559Z"}
{"Counter":"cpu-usage-Tab","Mean":0.03332710227611111,"UnitId":"Roche.C5800.UI","origin":"123","timestamp":"2026-09-23T01:50:44.559Z"}
{"Counter":"working-set-Tab","Mean":385,"UnitId":"Roche.C5800.UI","origin":"123","timestamp":"2026-09-23T01:50:44.559Z"}
{"Counter":"cpu-usage-Browser","Mean":0.008331725588019033,"UnitId":"Roche.C5800.UI","origin":"123","timestamp":"2026-09-23T01:50:44.559Z"}
{"Counter":"working-set-Browser","Mean":192,"UnitId":"Roche.C5800.UI","origin":"123","timestamp":"2026-09-23T01:50:44.559Z"}
{"Counter":"cpu-usage-combined","Mean":0.041658827864130145,"UnitId":"Roche.C5800.UI","origin":"123","timestamp":"2026-09-23T01:50:44.559Z"}
{"Counter":"working-set-combined","Mean":772,"UnitId":"Roche.C5800.UI","origin":"123","timestamp":"2026-09-23T01:50:44.559Z"}
{"Counter":"cpu-usage-GPU","Mean":0,"UnitId":"Roche.C5800.UI","origin":"123","timestamp":"2026-09-23T01:51:14.562Z"}
{"Counter":"working-set-GPU","Mean":122,"UnitId":"Roche.C5800.UI","origin":"123","timestamp":"2026-09-23T01:51:14.562Z"}
{"Counter":"cpu-usage-Tab","Mean":0.037496482829910555,"UnitId":"Roche.C5800.UI","origin":"123","timestamp":"2026-09-23T01:51:14.562Z"}
{"Counter":"working-set-Tab","Mean":386,"UnitId":"Roche.C5800.UI","origin":"123","timestamp":"2026-09-23T01:51:14.562Z"}
{"Counter":"cpu-usage-Browser","Mean":0.004166227129704483,"UnitId":"Roche.C5800.UI","origin":"123","timestamp":"2026-09-23T01:51:14.562Z"}
{"Counter":"working-set-Browser","Mean":192,"UnitId":"Roche.C5800.UI","origin":"123","timestamp":"2026-09-23T01:51:14.562Z"}
{"Counter":"cpu-usage-combined","Mean":0.04166270995961504,"UnitId":"Roche.C5800.UI","origin":"123","timestamp":"2026-09-23T01:51:14.562Z"}
{"Counter":"working-set-combined","Mean":773,"UnitId":"Roche.C5800.UI","origin":"123","timestamp":"2026-09-23T01:51:14.562Z"}
{"Counter":"cpu-usage-GPU","Mean":0.004166345302565662,"UnitId":"Roche.C5800.UI","origin":"123","timestamp":"2026-09-23T01:51:44.564Z"}
{"Counter":"working-set-GPU","Mean":122,"UnitId":"Roche.C5800.UI","origin":"123","timestamp":"2026-09-23T01:51:44.564Z"}
{"Counter":"cpu-usage-Tab","Mean":0.033330676878386124,"UnitId":"Roche.C5800.UI","origin":"123","timestamp":"2026-09-23T01:51:44.564Z"}
{"Counter":"working-set-Tab","Mean":385,"UnitId":"Roche.C5800.UI","origin":"123","timestamp":"2026-09-23T01:51:44.564Z"}
{"Counter":"cpu-usage-Browser","Mean":0.008332639224485934,"UnitId":"Roche.C5800.UI","origin":"123","timestamp":"2026-09-23T01:51:44.564Z"}
{"Counter":"working-set-Browser","Mean":192,"UnitId":"Roche.C5800.UI","origin":"123","timestamp":"2026-09-23T01:51:44.564Z"}
{"Counter":"cpu-usage-combined","Mean":0.04999599962577468,"UnitId":"Roche.C5800.UI","origin":"123","timestamp":"2026-09-23T01:51:44.564Z"}
{"Counter":"working-set-combined","Mean":772,"UnitId":"Roche.C5800.UI","origin":"123","timestamp":"2026-09-23T01:51:44.564Z"}
{"Counter":"cpu-usage-GPU","Mean":0.008333245000936323,"UnitId":"Roche.C5800.UI","origin":"123","timestamp":"2026-09-23T01:52:14.565Z"}
{"Counter":"working-set-GPU","Mean":122,"UnitId":"Roche.C5800.UI","origin":"123","timestamp":"2026-09-23T01:52:14.565Z"}
{"Counter":"cpu-usage-Tab","Mean":0.04583308583466983,"UnitId":"Roche.C5800.UI","origin":"123","timestamp":"2026-09-23T01:52:14.565Z"}
{"Counter":"working-set-Tab","Mean":385,"UnitId":"Roche.C5800.UI","origin":"123","timestamp":"2026-09-23T01:52:14.565Z"}
{"Counter":"cpu-usage-Browser","Mean":0.008333359722305787,"UnitId":"Roche.C5800.UI","origin":"123","timestamp":"2026-09-23T01:52:14.565Z"}
{"Counter":"working-set-Browser","Mean":192,"UnitId":"Roche.C5800.UI","origin":"123","timestamp":"2026-09-23T01:52:14.565Z"}
{"Counter":"cpu-usage-combined","Mean":0.062499690557911936,"UnitId":"Roche.C5800.UI","origin":"123","timestamp":"2026-09-23T01:52:14.565Z"}
{"Counter":"working-set-combined","Mean":772,"UnitId":"Roche.C5800.UI","origin":"123","timestamp":"2026-09-23T01:52:14.565Z"}
{"Counter":"cpu-usage-GPU","Mean":0,"UnitId":"Roche.C5800.UI","origin":"123","timestamp":"2026-09-23T01:52:44.565Z"}
{"Counter":"working-set-GPU","Mean":122,"UnitId":"Roche.C5800.UI","origin":"123","timestamp":"2026-09-23T01:52:44.565Z"}
{"Counter":"cpu-usage-Tab","Mean":0.03333245891182788,"UnitId":"Roche.C5800.UI","origin":"123","timestamp":"2026-09-23T01:52:44.565Z"}
{"Counter":"working-set-Tab","Mean":385,"UnitId":"Roche.C5800.UI","origin":"123","timestamp":"2026-09-23T01:52:44.565Z"}
{"Counter":"cpu-usage-Browser","Mean":0,"UnitId":"Roche.C5800.UI","origin":"123","timestamp":"2026-09-23T01:52:44.565Z"}
{"Counter":"working-set-Browser","Mean":192,"UnitId":"Roche.C5800.UI","origin":"123","timestamp":"2026-09-23T01:52:44.565Z"}
{"Counter":"cpu-usage-combined","Mean":0.03333245891182788,"UnitId":"Roche.C5800.UI","origin":"123","timestamp":"2026-09-23T01:52:44.565Z"}
{"Counter":"working-set-combined","Mean":772,"UnitId":"Roche.C5800.UI","origin":"123","timestamp":"2026-09-23T01:52:44.565Z"}
{"Counter":"cpu-usage-GPU","Mean":0.004164762398472671,"UnitId":"Roche.C5800.UI","origin":"123","timestamp":"2026-09-23T01:53:14.579Z"}
{"Counter":"working-set-GPU","Mean":122,"UnitId":"Roche.C5800.UI","origin":"123","timestamp":"2026-09-23T01:53:14.579Z"}
{"Counter":"cpu-usage-Tab","Mean":0.041647622597107095,"UnitId":"Roche.C5800.UI","origin":"123","timestamp":"2026-09-23T01:53:14.579Z"}
{"Counter":"working-set-Tab","Mean":385,"UnitId":"Roche.C5800.UI","origin":"123","timestamp":"2026-09-23T01:53:14.579Z"}
{"Counter":"cpu-usage-Browser","Mean":0.012494276788279182,"UnitId":"Roche.C5800.UI","origin":"123","timestamp":"2026-09-23T01:53:14.579Z"}
{"Counter":"working-set-Browser","Mean":192,"UnitId":"Roche.C5800.UI","origin":"123","timestamp":"2026-09-23T01:53:14.579Z"}
{"Counter":"cpu-usage-combined","Mean":0.05830666178385895,"UnitId":"Roche.C5800.UI","origin":"123","timestamp":"2026-09-23T01:53:14.579Z"}
{"Counter":"working-set-combined","Mean":772,"UnitId":"Roche.C5800.UI","origin":"123","timestamp":"2026-09-23T01:53:14.579Z"}
{"Counter":"cpu-usage-GPU","Mean":0,"UnitId":"Roche.C5800.UI","origin":"123","timestamp":"2026-09-23T01:53:44.592Z"}
{"Counter":"working-set-GPU","Mean":122,"UnitId":"Roche.C5800.UI","origin":"123","timestamp":"2026-09-23T01:53:44.592Z"}
{"Counter":"cpu-usage-Tab","Mean":0.033319078320991666,"UnitId":"Roche.C5800.UI","origin":"123","timestamp":"2026-09-23T01:53:44.592Z"}
{"Counter":"working-set-Tab","Mean":386,"UnitId":"Roche.C5800.UI","origin":"123","timestamp":"2026-09-23T01:53:44.592Z"}
{"Counter":"cpu-usage-Browser","Mean":0.004164905466974865,"UnitId":"Roche.C5800.UI","origin":"123","timestamp":"2026-09-23T01:53:44.592Z"}
{"Counter":"working-set-Browser","Mean":192,"UnitId":"Roche.C5800.UI","origin":"123","timestamp":"2026-09-23T01:53:44.592Z"}
{"Counter":"cpu-usage-combined","Mean":0.03748398378796653,"UnitId":"Roche.C5800.UI","origin":"123","timestamp":"2026-09-23T01:53:44.592Z"}
{"Counter":"working-set-combined","Mean":773,"UnitId":"Roche.C5800.UI","origin":"123","timestamp":"2026-09-23T01:53:44.592Z"}
{"Counter":"cpu-usage-GPU","Mean":0.004165014405452024,"UnitId":"Roche.C5800.UI","origin":"123","timestamp":"2026-09-23T01:54:14.604Z"}
{"Counter":"working-set-GPU","Mean":122,"UnitId":"Roche.C5800.UI","origin":"123","timestamp":"2026-09-23T01:54:14.604Z"}
{"Counter":"cpu-usage-Tab","Mean":0.03748529202092073,"UnitId":"Roche.C5800.UI","origin":"123","timestamp":"2026-09-23T01:54:14.604Z"}
{"Counter":"working-set-Tab","Mean":385,"UnitId":"Roche.C5800.UI","origin":"123","timestamp":"2026-09-23T01:54:14.604Z"}
{"Counter":"cpu-usage-Browser","Mean":0.004165046047249682,"UnitId":"Roche.C5800.UI","origin":"123","timestamp":"2026-09-23T01:54:14.604Z"}
{"Counter":"working-set-Browser","Mean":192,"UnitId":"Roche.C5800.UI","origin":"123","timestamp":"2026-09-23T01:54:14.604Z"}
{"Counter":"cpu-usage-combined","Mean":0.04581535247362244,"UnitId":"Roche.C5800.UI","origin":"123","timestamp":"2026-09-23T01:54:14.604Z"}
{"Counter":"working-set-combined","Mean":772,"UnitId":"Roche.C5800.UI","origin":"123","timestamp":"2026-09-23T01:54:14.604Z"}
{"Counter":"cpu-usage-GPU","Mean":0,"UnitId":"Roche.C5800.UI","origin":"123","timestamp":"2026-09-23T01:54:44.615Z"}
{"Counter":"working-set-GPU","Mean":122,"UnitId":"Roche.C5800.UI","origin":"123","timestamp":"2026-09-23T01:54:44.615Z"}
{"Counter":"cpu-usage-Tab","Mean":0.03332098679702548,"UnitId":"Roche.C5800.UI","origin":"123","timestamp":"2026-09-23T01:54:44.615Z"}
{"Counter":"working-set-Tab","Mean":385,"UnitId":"Roche.C5800.UI","origin":"123","timestamp":"2026-09-23T01:54:44.615Z"}
{"Counter":"cpu-usage-Browser","Mean":0.012495372130675203,"UnitId":"Roche.C5800.UI","origin":"123","timestamp":"2026-09-23T01:54:44.615Z"}
{"Counter":"working-set-Browser","Mean":192,"UnitId":"Roche.C5800.UI","origin":"123","timestamp":"2026-09-23T01:54:44.615Z"}
{"Counter":"cpu-usage-combined","Mean":0.04581635892770068,"UnitId":"Roche.C5800.UI","origin":"123","timestamp":"2026-09-23T01:54:44.615Z"}
{"Counter":"working-set-combined","Mean":772,"UnitId":"Roche.C5800.UI","origin":"123","timestamp":"2026-09-23T01:54:44.615Z"}
{"Counter":"cpu-usage-GPU","Mean":0.008330777450811424,"UnitId":"Roche.C5800.UI","origin":"123","timestamp":"2026-09-23T01:55:14.624Z"}
{"Counter":"working-set-GPU","Mean":122,"UnitId":"Roche.C5800.UI","origin":"123","timestamp":"2026-09-23T01:55:14.624Z"}
{"Counter":"cpu-usage-Tab","Mean":0.041653952491901056,"UnitId":"Roche.C5800.UI","origin":"123","timestamp":"2026-09-23T01:55:14.624Z"}
{"Counter":"working-set-Tab","Mean":385,"UnitId":"Roche.C5800.UI","origin":"123","timestamp":"2026-09-23T01:55:14.624Z"}
{"Counter":"cpu-usage-Browser","Mean":0.0041653903910508485,"UnitId":"Roche.C5800.UI","origin":"123","timestamp":"2026-09-23T01:55:14.624Z"}
{"Counter":"working-set-Browser","Mean":192,"UnitId":"Roche.C5800.UI","origin":"123","timestamp":"2026-09-23T01:55:14.624Z"}
{"Counter":"cpu-usage-combined","Mean":0.05415012033376333,"UnitId":"Roche.C5800.UI","origin":"123","timestamp":"2026-09-23T01:55:14.624Z"}
{"Counter":"working-set-combined","Mean":772,"UnitId":"Roche.C5800.UI","origin":"123","timestamp":"2026-09-23T01:55:14.624Z"}
{"Counter":"cpu-usage-GPU","Mean":0,"UnitId":"Roche.C5800.UI","origin":"123","timestamp":"2026-09-23T01:55:44.632Z"}
{"Counter":"working-set-GPU","Mean":122,"UnitId":"Roche.C5800.UI","origin":"123","timestamp":"2026-09-23T01:55:44.632Z"}
{"Counter":"cpu-usage-Tab","Mean":0.033324756651796385,"UnitId":"Roche.C5800.UI","origin":"123","timestamp":"2026-09-23T01:55:44.632Z"}
{"Counter":"working-set-Tab","Mean":385,"UnitId":"Roche.C5800.UI","origin":"123","timestamp":"2026-09-23T01:55:44.632Z"}
{"Counter":"cpu-usage-Browser","Mean":0.004165581255044311,"UnitId":"Roche.C5800.UI","origin":"123","timestamp":"2026-09-23T01:55:44.632Z"}
{"Counter":"working-set-Browser","Mean":192,"UnitId":"Roche.C5800.UI","origin":"123","timestamp":"2026-09-23T01:55:44.632Z"}
{"Counter":"cpu-usage-combined","Mean":0.041655918745435436,"UnitId":"Roche.C5800.UI","origin":"123","timestamp":"2026-09-23T01:55:44.632Z"}
{"Counter":"working-set-combined","Mean":772,"UnitId":"Roche.C5800.UI","origin":"123","timestamp":"2026-09-23T01:55:44.632Z"}
{"Counter":"cpu-usage-GPU","Mean":0.004165978030498225,"UnitId":"Roche.C5800.UI","origin":"123","timestamp":"2026-09-23T01:56:14.637Z"}
{"Counter":"working-set-GPU","Mean":122,"UnitId":"Roche.C5800.UI","origin":"123","timestamp":"2026-09-23T01:56:14.637Z"}
{"Counter":"cpu-usage-Tab","Mean":0.04165987610686125,"UnitId":"Roche.C5800.UI","origin":"123","timestamp":"2026-09-23T01:56:14.637Z"}
{"Counter":"working-set-Tab","Mean":385,"UnitId":"Roche.C5800.UI","origin":"123","timestamp":"2026-09-23T01:56:14.637Z"}
{"Counter":"cpu-usage-Browser","Mean":0.00833199743641103,"UnitId":"Roche.C5800.UI","origin":"123","timestamp":"2026-09-23T01:56:14.637Z"}
{"Counter":"working-set-Browser","Mean":192,"UnitId":"Roche.C5800.UI","origin":"123","timestamp":"2026-09-23T01:56:14.637Z"}
{"Counter":"cpu-usage-combined","Mean":0.054157851573770496,"UnitId":"Roche.C5800.UI","origin":"123","timestamp":"2026-09-23T01:56:14.637Z"}
{"Counter":"working-set-combined","Mean":772,"UnitId":"Roche.C5800.UI","origin":"123","timestamp":"2026-09-23T01:56:14.637Z"}
{"Counter":"cpu-usage-GPU","Mean":0,"UnitId":"Roche.C5800.UI","origin":"123","timestamp":"2026-09-23T01:56:44.643Z"}
{"Counter":"working-set-GPU","Mean":122,"UnitId":"Roche.C5800.UI","origin":"123","timestamp":"2026-09-23T01:56:44.643Z"}
{"Counter":"cpu-usage-Tab","Mean":0.03332661024515988,"UnitId":"Roche.C5800.UI","origin":"123","timestamp":"2026-09-23T01:56:44.643Z"}
{"Counter":"working-set-Tab","Mean":385,"UnitId":"Roche.C5800.UI","origin":"123","timestamp":"2026-09-23T01:56:44.643Z"}
{"Counter":"cpu-usage-Browser","Mean":0.00416582850197207,"UnitId":"Roche.C5800.UI","origin":"123","timestamp":"2026-09-23T01:56:44.643Z"}
{"Counter":"working-set-Browser","Mean":192,"UnitId":"Roche.C5800.UI","origin":"123","timestamp":"2026-09-23T01:56:44.643Z"}
{"Counter":"cpu-usage-combined","Mean":0.03749243874713195,"UnitId":"Roche.C5800.UI","origin":"123","timestamp":"2026-09-23T01:56:44.643Z"}
{"Counter":"working-set-combined","Mean":772,"UnitId":"Roche.C5800.UI","origin":"123","timestamp":"2026-09-23T01:56:44.643Z"}
{"Counter":"cpu-usage-GPU","Mean":0.004166451122261942,"UnitId":"Roche.C5800.UI","origin":"123","timestamp":"2026-09-23T01:57:14.644Z"}
{"Counter":"working-set-GPU","Mean":122,"UnitId":"Roche.C5800.UI","origin":"123","timestamp":"2026-09-23T01:57:14.644Z"}
{"Counter":"cpu-usage-Tab","Mean":0.0374983500725968,"UnitId":"Roche.C5800.UI","origin":"123","timestamp":"2026-09-23T01:57:14.644Z"}
{"Counter":"working-set-Tab","Mean":385,"UnitId":"Roche.C5800.UI","origin":"123","timestamp":"2026-09-23T01:57:14.644Z"}
{"Counter":"cpu-usage-Browser","Mean":0.008332972237869692,"UnitId":"Roche.C5800.UI","origin":"123","timestamp":"2026-09-23T01:57:14.644Z"}
{"Counter":"working-set-Browser","Mean":192,"UnitId":"Roche.C5800.UI","origin":"123","timestamp":"2026-09-23T01:57:14.644Z"}
{"Counter":"cpu-usage-combined","Mean":0.04999777343272843,"UnitId":"Roche.C5800.UI","origin":"123","timestamp":"2026-09-23T01:57:14.644Z"}
{"Counter":"working-set-combined","Mean":772,"UnitId":"Roche.C5800.UI","origin":"123","timestamp":"2026-09-23T01:57:14.644Z"}
{"Counter":"cpu-usage-GPU","Mean":0,"UnitId":"Roche.C5800.UI","origin":"123","timestamp":"2026-09-23T01:57:44.649Z"}
{"Counter":"working-set-GPU","Mean":122,"UnitId":"Roche.C5800.UI","origin":"123","timestamp":"2026-09-23T01:57:44.649Z"}
{"Counter":"cpu-usage-Tab","Mean":0.03332729998112675,"UnitId":"Roche.C5800.UI","origin":"123","timestamp":"2026-09-23T01:57:44.649Z"}
{"Counter":"working-set-Tab","Mean":386,"UnitId":"Roche.C5800.UI","origin":"123","timestamp":"2026-09-23T01:57:44.649Z"}
{"Counter":"cpu-usage-Browser","Mean":0.004165889728232351,"UnitId":"Roche.C5800.UI","origin":"123","timestamp":"2026-09-23T01:57:44.649Z"}
{"Counter":"working-set-Browser","Mean":192,"UnitId":"Roche.C5800.UI","origin":"123","timestamp":"2026-09-23T01:57:44.649Z"}
{"Counter":"cpu-usage-combined","Mean":0.037493189709359095,"UnitId":"Roche.C5800.UI","origin":"123","timestamp":"2026-09-23T01:57:44.649Z"}
{"Counter":"working-set-combined","Mean":773,"UnitId":"Roche.C5800.UI","origin":"123","timestamp":"2026-09-23T01:57:44.649Z"}
{"Counter":"cpu-usage-GPU","Mean":0.008332032147646275,"UnitId":"Roche.C5800.UI","origin":"123","timestamp":"2026-09-23T01:58:14.654Z"}
{"Counter":"working-set-GPU","Mean":122,"UnitId":"Roche.C5800.UI","origin":"123","timestamp":"2026-09-23T01:58:14.654Z"}
{"Counter":"cpu-usage-Tab","Mean":0.04166023710340704,"UnitId":"Roche.C5800.UI","origin":"123","timestamp":"2026-09-23T01:58:14.654Z"}
{"Counter":"working-set-Tab","Mean":385,"UnitId":"Roche.C5800.UI","origin":"123","timestamp":"2026-09-23T01:58:14.654Z"}
{"Counter":"cpu-usage-Browser","Mean":0.00833201104318078,"UnitId":"Roche.C5800.UI","origin":"123","timestamp":"2026-09-23T01:58:14.654Z"}
{"Counter":"working-set-Browser","Mean":192,"UnitId":"Roche.C5800.UI","origin":"123","timestamp":"2026-09-23T01:58:14.654Z"}
{"Counter":"cpu-usage-combined","Mean":0.06249029109193418,"UnitId":"Roche.C5800.UI","origin":"123","timestamp":"2026-09-23T01:58:14.654Z"}
{"Counter":"working-set-combined","Mean":772,"UnitId":"Roche.C5800.UI","origin":"123","timestamp":"2026-09-23T01:58:14.654Z"}
{"Counter":"cpu-usage-GPU","Mean":0,"UnitId":"Roche.C5800.UI","origin":"123","timestamp":"2026-09-23T01:58:44.658Z"}
{"Counter":"working-set-GPU","Mean":122,"UnitId":"Roche.C5800.UI","origin":"123","timestamp":"2026-09-23T01:58:44.658Z"}
{"Counter":"cpu-usage-Tab","Mean":0.03332892058424798,"UnitId":"Roche.C5800.UI","origin":"123","timestamp":"2026-09-23T01:58:44.658Z"}
{"Counter":"working-set-Tab","Mean":385,"UnitId":"Roche.C5800.UI","origin":"123","timestamp":"2026-09-23T01:58:44.658Z"}
{"Counter":"cpu-usage-Browser","Mean":0.004166148120097319,"UnitId":"Roche.C5800.UI","origin":"123","timestamp":"2026-09-23T01:58:44.658Z"}
{"Counter":"working-set-Browser","Mean":192,"UnitId":"Roche.C5800.UI","origin":"123","timestamp":"2026-09-23T01:58:44.658Z"}
{"Counter":"cpu-usage-combined","Mean":0.0374950687043453,"UnitId":"Roche.C5800.UI","origin":"123","timestamp":"2026-09-23T01:58:44.658Z"}
{"Counter":"working-set-combined","Mean":772,"UnitId":"Roche.C5800.UI","origin":"123","timestamp":"2026-09-23T01:58:44.658Z"}
{"Counter":"cpu-usage-GPU","Mean":0.008332458980637631,"UnitId":"Roche.C5800.UI","origin":"123","timestamp":"2026-09-23T01:59:14.661Z"}
{"Counter":"working-set-GPU","Mean":122,"UnitId":"Roche.C5800.UI","origin":"123","timestamp":"2026-09-23T01:59:14.661Z"}
{"Counter":"cpu-usage-Tab","Mean":0.041662350447160344,"UnitId":"Roche.C5800.UI","origin":"123","timestamp":"2026-09-23T01:59:14.661Z"}
{"Counter":"working-set-Tab","Mean":386,"UnitId":"Roche.C5800.UI","origin":"123","timestamp":"2026-09-23T01:59:14.661Z"}
{"Counter":"cpu-usage-Browser","Mean":0.008332469533991643,"UnitId":"Roche.C5800.UI","origin":"123","timestamp":"2026-09-23T01:59:14.661Z"}
{"Counter":"working-set-Browser","Mean":192,"UnitId":"Roche.C5800.UI","origin":"123","timestamp":"2026-09-23T01:59:14.661Z"}
{"Counter":"cpu-usage-combined","Mean":0.05832727896178962,"UnitId":"Roche.C5800.UI","origin":"123","timestamp":"2026-09-23T01:59:14.661Z"}
{"Counter":"working-set-combined","Mean":773,"UnitId":"Roche.C5800.UI","origin":"123","timestamp":"2026-09-23T01:59:14.661Z"}
{"Counter":"cpu-usage-GPU","Mean":0,"UnitId":"Roche.C5800.UI","origin":"123","timestamp":"2026-09-23T01:59:44.663Z"}
{"Counter":"working-set-GPU","Mean":122,"UnitId":"Roche.C5800.UI","origin":"123","timestamp":"2026-09-23T01:59:44.663Z"}
{"Counter":"cpu-usage-Tab","Mean":0.033330892400979834,"UnitId":"Roche.C5800.UI","origin":"123","timestamp":"2026-09-23T01:59:44.663Z"}
{"Counter":"working-set-Tab","Mean":386,"UnitId":"Roche.C5800.UI","origin":"123","timestamp":"2026-09-23T01:59:44.663Z"}
{"Counter":"cpu-usage-Browser","Mean":0.00833274143093369,"UnitId":"Roche.C5800.UI","origin":"123","timestamp":"2026-09-23T01:59:44.663Z"}
{"Counter":"working-set-Browser","Mean":192,"UnitId":"Roche.C5800.UI","origin":"123","timestamp":"2026-09-23T01:59:44.663Z"}
{"Counter":"cpu-usage-combined","Mean":0.04166363383191352,"UnitId":"Roche.C5800.UI","origin":"123","timestamp":"2026-09-23T01:59:44.663Z"}
{"Counter":"working-set-combined","Mean":773,"UnitId":"Roche.C5800.UI","origin":"123","timestamp":"2026-09-23T01:59:44.663Z"}
{"Counter":"cpu-usage-GPU","Mean":0,"UnitId":"Roche.C5800.UI","origin":"123","timestamp":"2026-09-23T02:00:14.664Z"}
{"Counter":"working-set-GPU","Mean":122,"UnitId":"Roche.C5800.UI","origin":"123","timestamp":"2026-09-23T02:00:14.664Z"}
{"Counter":"cpu-usage-Tab","Mean":0.03749903127502539,"UnitId":"Roche.C5800.UI","origin":"123","timestamp":"2026-09-23T02:00:14.664Z"}
{"Counter":"working-set-Tab","Mean":385,"UnitId":"Roche.C5800.UI","origin":"123","timestamp":"2026-09-23T02:00:14.664Z"}
{"Counter":"cpu-usage-Browser","Mean":0.004166541670416554,"UnitId":"Roche.C5800.UI","origin":"123","timestamp":"2026-09-23T02:00:14.664Z"}
{"Counter":"working-set-Browser","Mean":192,"UnitId":"Roche.C5800.UI","origin":"123","timestamp":"2026-09-23T02:00:14.664Z"}
{"Counter":"cpu-usage-combined","Mean":0.04583212364311419,"UnitId":"Roche.C5800.UI","origin":"123","timestamp":"2026-09-23T02:00:14.664Z"}
{"Counter":"working-set-combined","Mean":772,"UnitId":"Roche.C5800.UI","origin":"123","timestamp":"2026-09-23T02:00:14.664Z"}
{"Counter":"cpu-usage-GPU","Mean":0,"UnitId":"Roche.C5800.UI","origin":"123","timestamp":"2026-09-23T02:00:44.665Z"}
{"Counter":"working-set-GPU","Mean":122,"UnitId":"Roche.C5800.UI","origin":"123","timestamp":"2026-09-23T02:00:44.665Z"}
{"Counter":"cpu-usage-Tab","Mean":0.033332342251690385,"UnitId":"Roche.C5800.UI","origin":"123","timestamp":"2026-09-23T02:00:44.665Z"}
{"Counter":"working-set-Tab","Mean":386,"UnitId":"Roche.C5800.UI","origin":"123","timestamp":"2026-09-23T02:00:44.665Z"}
{"Counter":"cpu-usage-Browser","Mean":0.008333100562057633,"UnitId":"Roche.C5800.UI","origin":"123","timestamp":"2026-09-23T02:00:44.665Z"}
{"Counter":"working-set-Browser","Mean":192,"UnitId":"Roche.C5800.UI","origin":"123","timestamp":"2026-09-23T02:00:44.665Z"}
{"Counter":"cpu-usage-combined","Mean":0.04166544281374802,"UnitId":"Roche.C5800.UI","origin":"123","timestamp":"2026-09-23T02:00:44.665Z"}
{"Counter":"working-set-combined","Mean":773,"UnitId":"Roche.C5800.UI","origin":"123","timestamp":"2026-09-23T02:00:44.665Z"}
{"Counter":"cpu-usage-GPU","Mean":0.004166487368826895,"UnitId":"Roche.C5800.UI","origin":"123","timestamp":"2026-09-23T02:01:14.667Z"}
{"Counter":"working-set-GPU","Mean":122,"UnitId":"Roche.C5800.UI","origin":"123","timestamp":"2026-09-23T02:01:14.667Z"}
{"Counter":"cpu-usage-Tab","Mean":0.03749857505414794,"UnitId":"Roche.C5800.UI","origin":"123","timestamp":"2026-09-23T02:01:14.667Z"}
{"Counter":"working-set-Tab","Mean":386,"UnitId":"Roche.C5800.UI","origin":"123","timestamp":"2026-09-23T02:01:14.667Z"}
{"Counter":"cpu-usage-Browser","Mean":0.004166543198103229,"UnitId":"Roche.C5800.UI","origin":"123","timestamp":"2026-09-23T02:01:14.667Z"}
{"Counter":"working-set-Browser","Mean":192,"UnitId":"Roche.C5800.UI","origin":"123","timestamp":"2026-09-23T02:01:14.667Z"}
{"Counter":"cpu-usage-combined","Mean":0.04583160562107807,"UnitId":"Roche.C5800.UI","origin":"123","timestamp":"2026-09-23T02:01:14.667Z"}
{"Counter":"working-set-combined","Mean":773,"UnitId":"Roche.C5800.UI","origin":"123","timestamp":"2026-09-23T02:01:14.667Z"}
{"Counter":"cpu-usage-GPU","Mean":0,"UnitId":"Roche.C5800.UI","origin":"123","timestamp":"2026-09-23T02:01:44.676Z"}
{"Counter":"working-set-GPU","Mean":122,"UnitId":"Roche.C5800.UI","origin":"123","timestamp":"2026-09-23T02:01:44.676Z"}
{"Counter":"cpu-usage-Tab","Mean":0.03332379606290013,"UnitId":"Roche.C5800.UI","origin":"123","timestamp":"2026-09-23T02:01:44.676Z"}
{"Counter":"working-set-Tab","Mean":386,"UnitId":"Roche.C5800.UI","origin":"123","timestamp":"2026-09-23T02:01:44.676Z"}
{"Counter":"cpu-usage-Browser","Mean":0.004165627065005477,"UnitId":"Roche.C5800.UI","origin":"123","timestamp":"2026-09-23T02:01:44.676Z"}
{"Counter":"working-set-Browser","Mean":192,"UnitId":"Roche.C5800.UI","origin":"123","timestamp":"2026-09-23T02:01:44.676Z"}
{"Counter":"cpu-usage-combined","Mean":0.03748942312790561,"UnitId":"Roche.C5800.UI","origin":"123","timestamp":"2026-09-23T02:01:44.676Z"}
{"Counter":"working-set-combined","Mean":773,"UnitId":"Roche.C5800.UI","origin":"123","timestamp":"2026-09-23T02:01:44.676Z"}
{"Counter":"cpu-usage-GPU","Mean":0.008329353845710982,"UnitId":"Roche.C5800.UI","origin":"123","timestamp":"2026-09-23T02:02:14.690Z"}
{"Counter":"working-set-GPU","Mean":122,"UnitId":"Roche.C5800.UI","origin":"123","timestamp":"2026-09-23T02:02:14.690Z"}
{"Counter":"cpu-usage-Tab","Mean":0.03748095967248638,"UnitId":"Roche.C5800.UI","origin":"123","timestamp":"2026-09-23T02:02:14.690Z"}
{"Counter":"working-set-Tab","Mean":385,"UnitId":"Roche.C5800.UI","origin":"123","timestamp":"2026-09-23T02:02:14.690Z"}
{"Counter":"cpu-usage-Browser","Mean":0.008328612675668765,"UnitId":"Roche.C5800.UI","origin":"123","timestamp":"2026-09-23T02:02:14.690Z"}
{"Counter":"working-set-Browser","Mean":192,"UnitId":"Roche.C5800.UI","origin":"123","timestamp":"2026-09-23T02:02:14.690Z"}
{"Counter":"cpu-usage-combined","Mean":0.05830334698839831,"UnitId":"Roche.C5800.UI","origin":"123","timestamp":"2026-09-23T02:02:14.690Z"}
{"Counter":"working-set-combined","Mean":772,"UnitId":"Roche.C5800.UI","origin":"123","timestamp":"2026-09-23T02:02:14.690Z"}
{"Counter":"cpu-usage-GPU","Mean":0,"UnitId":"Roche.C5800.UI","origin":"123","timestamp":"2026-09-23T02:02:44.702Z"}
{"Counter":"working-set-GPU","Mean":122,"UnitId":"Roche.C5800.UI","origin":"123","timestamp":"2026-09-23T02:02:44.702Z"}
{"Counter":"cpu-usage-Tab","Mean":0.033319956481471236,"UnitId":"Roche.C5800.UI","origin":"123","timestamp":"2026-09-23T02:02:44.702Z"}
{"Counter":"working-set-Tab","Mean":385,"UnitId":"Roche.C5800.UI","origin":"123","timestamp":"2026-09-23T02:02:44.702Z"}
{"Counter":"cpu-usage-Browser","Mean":0.004165082685721287,"UnitId":"Roche.C5800.UI","origin":"123","timestamp":"2026-09-23T02:02:44.702Z"}
{"Counter":"working-set-Browser","Mean":192,"UnitId":"Roche.C5800.UI","origin":"123","timestamp":"2026-09-23T02:02:44.702Z"}
{"Counter":"cpu-usage-combined","Mean":0.03748503916719252,"UnitId":"Roche.C5800.UI","origin":"123","timestamp":"2026-09-23T02:02:44.702Z"}
{"Counter":"working-set-combined","Mean":772,"UnitId":"Roche.C5800.UI","origin":"123","timestamp":"2026-09-23T02:02:44.702Z"}
{"Counter":"cpu-usage-GPU","Mean":0.0041650620071107276,"UnitId":"Roche.C5800.UI","origin":"123","timestamp":"2026-09-23T02:03:14.714Z"}
{"Counter":"working-set-GPU","Mean":122,"UnitId":"Roche.C5800.UI","origin":"123","timestamp":"2026-09-23T02:03:14.714Z"}
{"Counter":"cpu-usage-Tab","Mean":0.041650285609336514,"UnitId":"Roche.C5800.UI","origin":"123","timestamp":"2026-09-23T02:03:14.714Z"}
{"Counter":"working-set-Tab","Mean":385,"UnitId":"Roche.C5800.UI","origin":"123","timestamp":"2026-09-23T02:03:14.714Z"}
{"Counter":"cpu-usage-Browser","Mean":0.008329969414018305,"UnitId":"Roche.C5800.UI","origin":"123","timestamp":"2026-09-23T02:03:14.714Z"}
{"Counter":"working-set-Browser","Mean":192,"UnitId":"Roche.C5800.UI","origin":"123","timestamp":"2026-09-23T02:03:14.714Z"}
{"Counter":"cpu-usage-combined","Mean":0.054145317030465545,"UnitId":"Roche.C5800.UI","origin":"123","timestamp":"2026-09-23T02:03:14.714Z"}
{"Counter":"working-set-combined","Mean":772,"UnitId":"Roche.C5800.UI","origin":"123","timestamp":"2026-09-23T02:03:14.714Z"}
{"Counter":"cpu-usage-GPU","Mean":0,"UnitId":"Roche.C5800.UI","origin":"123","timestamp":"2026-09-23T02:03:44.724Z"}
{"Counter":"working-set-GPU","Mean":122,"UnitId":"Roche.C5800.UI","origin":"123","timestamp":"2026-09-23T02:03:44.724Z"}
{"Counter":"cpu-usage-Tab","Mean":0.03332270117014664,"UnitId":"Roche.C5800.UI","origin":"123","timestamp":"2026-09-23T02:03:44.724Z"}
{"Counter":"working-set-Tab","Mean":386,"UnitId":"Roche.C5800.UI","origin":"123","timestamp":"2026-09-23T02:03:44.724Z"}
{"Counter":"cpu-usage-Browser","Mean":0.0041654627090949815,"UnitId":"Roche.C5800.UI","origin":"123","timestamp":"2026-09-23T02:03:44.724Z"}
{"Counter":"working-set-Browser","Mean":192,"UnitId":"Roche.C5800.UI","origin":"123","timestamp":"2026-09-23T02:03:44.724Z"}
{"Counter":"cpu-usage-combined","Mean":0.03748816387924162,"UnitId":"Roche.C5800.UI","origin":"123","timestamp":"2026-09-23T02:03:44.724Z"}
{"Counter":"working-set-combined","Mean":773,"UnitId":"Roche.C5800.UI","origin":"123","timestamp":"2026-09-23T02:03:44.724Z"}
{"Counter":"cpu-usage-GPU","Mean":0.004165242570231905,"UnitId":"Roche.C5800.UI","origin":"123","timestamp":"2026-09-23T02:04:14.734Z"}
{"Counter":"working-set-GPU","Mean":122,"UnitId":"Roche.C5800.UI","origin":"123","timestamp":"2026-09-23T02:04:14.734Z"}
{"Counter":"cpu-usage-Tab","Mean":0.04165202320370902,"UnitId":"Roche.C5800.UI","origin":"123","timestamp":"2026-09-23T02:04:14.734Z"}
{"Counter":"working-set-Tab","Mean":386,"UnitId":"Roche.C5800.UI","origin":"123","timestamp":"2026-09-23T02:04:14.734Z"}
{"Counter":"cpu-usage-Browser","Mean":0.008330235041246992,"UnitId":"Roche.C5800.UI","origin":"123","timestamp":"2026-09-23T02:04:14.734Z"}
{"Counter":"working-set-Browser","Mean":192,"UnitId":"Roche.C5800.UI","origin":"123","timestamp":"2026-09-23T02:04:14.734Z"}
{"Counter":"cpu-usage-combined","Mean":0.05414750081518791,"UnitId":"Roche.C5800.UI","origin":"123","timestamp":"2026-09-23T02:04:14.734Z"}
{"Counter":"working-set-combined","Mean":773,"UnitId":"Roche.C5800.UI","origin":"123","timestamp":"2026-09-23T02:04:14.734Z"}
{"Counter":"cpu-usage-GPU","Mean":0,"UnitId":"Roche.C5800.UI","origin":"123","timestamp":"2026-09-23T02:04:44.743Z"}
{"Counter":"working-set-GPU","Mean":122,"UnitId":"Roche.C5800.UI","origin":"123","timestamp":"2026-09-23T02:04:44.743Z"}
{"Counter":"cpu-usage-Tab","Mean":0.03748910066879889,"UnitId":"Roche.C5800.UI","origin":"123","timestamp":"2026-09-23T02:04:44.743Z"}
{"Counter":"working-set-Tab","Mean":385,"UnitId":"Roche.C5800.UI","origin":"123","timestamp":"2026-09-23T02:04:44.743Z"}
{"Counter":"cpu-usage-Browser","Mean":0.008330805211645106,"UnitId":"Roche.C5800.UI","origin":"123","timestamp":"2026-09-23T02:04:44.743Z"}
{"Counter":"working-set-Browser","Mean":192,"UnitId":"Roche.C5800.UI","origin":"123","timestamp":"2026-09-23T02:04:44.743Z"}
{"Counter":"cpu-usage-combined","Mean":0.045819905880444,"UnitId":"Roche.C5800.UI","origin":"123","timestamp":"2026-09-23T02:04:44.743Z"}
{"Counter":"working-set-combined","Mean":772,"UnitId":"Roche.C5800.UI","origin":"123","timestamp":"2026-09-23T02:04:44.743Z"}
{"Counter":"cpu-usage-GPU","Mean":0.004165836831969738,"UnitId":"Roche.C5800.UI","origin":"123","timestamp":"2026-09-23T02:05:14.749Z"}
{"Counter":"working-set-GPU","Mean":122,"UnitId":"Roche.C5800.UI","origin":"123","timestamp":"2026-09-23T02:05:14.749Z"}
{"Counter":"cpu-usage-Tab","Mean":0.03749257397084884,"UnitId":"Roche.C5800.UI","origin":"123","timestamp":"2026-09-23T02:05:14.749Z"}
{"Counter":"working-set-Tab","Mean":385,"UnitId":"Roche.C5800.UI","origin":"123","timestamp":"2026-09-23T02:05:14.749Z"}
{"Counter":"cpu-usage-Browser","Mean":0.004165832111633636,"UnitId":"Roche.C5800.UI","origin":"123","timestamp":"2026-09-23T02:05:14.749Z"}
{"Counter":"working-set-Browser","Mean":192,"UnitId":"Roche.C5800.UI","origin":"123","timestamp":"2026-09-23T02:05:14.749Z"}
{"Counter":"cpu-usage-combined","Mean":0.04582424291445221,"UnitId":"Roche.C5800.UI","origin":"123","timestamp":"2026-09-23T02:05:14.749Z"}
{"Counter":"working-set-combined","Mean":772,"UnitId":"Roche.C5800.UI","origin":"123","timestamp":"2026-09-23T02:05:14.749Z"}
{"Counter":"cpu-usage-GPU","Mean":0,"UnitId":"Roche.C5800.UI","origin":"123","timestamp":"2026-09-23T02:05:44.749Z"}
{"Counter":"working-set-GPU","Mean":122,"UnitId":"Roche.C5800.UI","origin":"123","timestamp":"2026-09-23T02:05:44.749Z"}
{"Counter":"cpu-usage-Tab","Mean":0.03333271223379538,"UnitId":"Roche.C5800.UI","origin":"123","timestamp":"2026-09-23T02:05:44.749Z"}
{"Counter":"working-set-Tab","Mean":386,"UnitId":"Roche.C5800.UI","origin":"123","timestamp":"2026-09-23T02:05:44.749Z"}
{"Counter":"cpu-usage-Browser","Mean":0.004166611389622231,"UnitId":"Roche.C5800.UI","origin":"123","timestamp":"2026-09-23T02:05:44.749Z"}
{"Counter":"working-set-Browser","Mean":192,"UnitId":"Roche.C5800.UI","origin":"123","timestamp":"2026-09-23T02:05:44.749Z"}
{"Counter":"cpu-usage-combined","Mean":0.0416659244577911,"UnitId":"Roche.C5800.UI","origin":"123","timestamp":"2026-09-23T02:05:44.749Z"}
{"Counter":"working-set-combined","Mean":773,"UnitId":"Roche.C5800.UI","origin":"123","timestamp":"2026-09-23T02:05:44.749Z"}
{"Counter":"cpu-usage-GPU","Mean":0.008332556183593277,"UnitId":"Roche.C5800.UI","origin":"123","timestamp":"2026-09-23T02:06:14.752Z"}
{"Counter":"working-set-GPU","Mean":122,"UnitId":"Roche.C5800.UI","origin":"123","timestamp":"2026-09-23T02:06:14.752Z"}
{"Counter":"cpu-usage-Tab","Mean":0.04166294755421499,"UnitId":"Roche.C5800.UI","origin":"123","timestamp":"2026-09-23T02:06:14.752Z"}
{"Counter":"working-set-Tab","Mean":385,"UnitId":"Roche.C5800.UI","origin":"123","timestamp":"2026-09-23T02:06:14.752Z"}
{"Counter":"cpu-usage-Browser","Mean":0.008332633392128395,"UnitId":"Roche.C5800.UI","origin":"123","timestamp":"2026-09-23T02:06:14.752Z"}
{"Counter":"working-set-Browser","Mean":192,"UnitId":"Roche.C5800.UI","origin":"123","timestamp":"2026-09-23T02:06:14.752Z"}
{"Counter":"cpu-usage-combined","Mean":0.05832813712993666,"UnitId":"Roche.C5800.UI","origin":"123","timestamp":"2026-09-23T02:06:14.752Z"}
{"Counter":"working-set-combined","Mean":772,"UnitId":"Roche.C5800.UI","origin":"123","timestamp":"2026-09-23T02:06:14.752Z"}
{"Counter":"cpu-usage-GPU","Mean":0,"UnitId":"Roche.C5800.UI","origin":"123","timestamp":"2026-09-23T02:06:44.755Z"}
{"Counter":"working-set-GPU","Mean":122,"UnitId":"Roche.C5800.UI","origin":"123","timestamp":"2026-09-23T02:06:44.755Z"}
{"Counter":"cpu-usage-Tab","Mean":0.03749709522502324,"UnitId":"Roche.C5800.UI","origin":"123","timestamp":"2026-09-23T02:06:44.755Z"}
{"Counter":"working-set-Tab","Mean":384,"UnitId":"Roche.C5800.UI","origin":"123","timestamp":"2026-09-23T02:06:44.755Z"}
{"Counter":"cpu-usage-Browser","Mean":0.004166367104871826,"UnitId":"Roche.C5800.UI","origin":"123","timestamp":"2026-09-23T02:06:44.755Z"}
{"Counter":"working-set-Browser","Mean":192,"UnitId":"Roche.C5800.UI","origin":"123","timestamp":"2026-09-23T02:06:44.755Z"}
{"Counter":"cpu-usage-combined","Mean":0.04166346232989506,"UnitId":"Roche.C5800.UI","origin":"123","timestamp":"2026-09-23T02:06:44.755Z"}
{"Counter":"working-set-combined","Mean":771,"UnitId":"Roche.C5800.UI","origin":"123","timestamp":"2026-09-23T02:06:44.755Z"}
{"Counter":"cpu-usage-GPU","Mean":0.0041664412621943816,"UnitId":"Roche.C5800.UI","origin":"123","timestamp":"2026-09-23T02:07:14.756Z"}
{"Counter":"working-set-GPU","Mean":122,"UnitId":"Roche.C5800.UI","origin":"123","timestamp":"2026-09-23T02:07:14.756Z"}
{"Counter":"cpu-usage-Tab","Mean":0.03749797260961424,"UnitId":"Roche.C5800.UI","origin":"123","timestamp":"2026-09-23T02:07:14.756Z"}
{"Counter":"working-set-Tab","Mean":385,"UnitId":"Roche.C5800.UI","origin":"123","timestamp":"2026-09-23T02:07:14.756Z"}
{"Counter":"cpu-usage-Browser","Mean":0.00833289696729548,"UnitId":"Roche.C5800.UI","origin":"123","timestamp":"2026-09-23T02:07:14.756Z"}
{"Counter":"working-set-Browser","Mean":192,"UnitId":"Roche.C5800.UI","origin":"123","timestamp":"2026-09-23T02:07:14.756Z"}
{"Counter":"cpu-usage-combined","Mean":0.0499973108391041,"UnitId":"Roche.C5800.UI","origin":"123","timestamp":"2026-09-23T02:07:14.756Z"}
{"Counter":"working-set-combined","Mean":772,"UnitId":"Roche.C5800.UI","origin":"123","timestamp":"2026-09-23T02:07:14.756Z"}
{"Counter":"cpu-usage-GPU","Mean":0,"UnitId":"Roche.C5800.UI","origin":"123","timestamp":"2026-09-23T02:07:44.770Z"}
{"Counter":"working-set-GPU","Mean":122,"UnitId":"Roche.C5800.UI","origin":"123","timestamp":"2026-09-23T02:07:44.770Z"}
{"Counter":"cpu-usage-Tab","Mean":0.03331715230303149,"UnitId":"Roche.C5800.UI","origin":"123","timestamp":"2026-09-23T02:07:44.770Z"}
{"Counter":"working-set-Tab","Mean":385,"UnitId":"Roche.C5800.UI","origin":"123","timestamp":"2026-09-23T02:07:44.770Z"}
{"Counter":"cpu-usage-Browser","Mean":0.004164587426983954,"UnitId":"Roche.C5800.UI","origin":"123","timestamp":"2026-09-23T02:07:44.770Z"}
{"Counter":"working-set-Browser","Mean":192,"UnitId":"Roche.C5800.UI","origin":"123","timestamp":"2026-09-23T02:07:44.770Z"}
{"Counter":"cpu-usage-combined","Mean":0.037481739730015444,"UnitId":"Roche.C5800.UI","origin":"123","timestamp":"2026-09-23T02:07:44.770Z"}
{"Counter":"working-set-combined","Mean":772,"UnitId":"Roche.C5800.UI","origin":"123","timestamp":"2026-09-23T02:07:44.770Z"}
{"Counter":"cpu-usage-GPU","Mean":0.008331613410604937,"UnitId":"Roche.C5800.UI","origin":"123","timestamp":"2026-09-23T02:08:14.777Z"}
{"Counter":"working-set-GPU","Mean":122,"UnitId":"Roche.C5800.UI","origin":"123","timestamp":"2026-09-23T02:08:14.777Z"}
{"Counter":"cpu-usage-Tab","Mean":0.041658475221822214,"UnitId":"Roche.C5800.UI","origin":"123","timestamp":"2026-09-23T02:08:14.777Z"}
{"Counter":"working-set-Tab","Mean":385,"UnitId":"Roche.C5800.UI","origin":"123","timestamp":"2026-09-23T02:08:14.777Z"}
{"Counter":"cpu-usage-Browser","Mean":0.008331810556090698,"UnitId":"Roche.C5800.UI","origin":"123","timestamp":"2026-09-23T02:08:14.777Z"}
{"Counter":"working-set-Browser","Mean":192,"UnitId":"Roche.C5800.UI","origin":"123","timestamp":"2026-09-23T02:08:14.777Z"}
{"Counter":"cpu-usage-combined","Mean":0.06248778253025349,"UnitId":"Roche.C5800.UI","origin":"123","timestamp":"2026-09-23T02:08:14.777Z"}
{"Counter":"working-set-combined","Mean":772,"UnitId":"Roche.C5800.UI","origin":"123","timestamp":"2026-09-23T02:08:14.777Z"}
{"Counter":"cpu-usage-GPU","Mean":0,"UnitId":"Roche.C5800.UI","origin":"123","timestamp":"2026-09-23T02:08:44.784Z"}
{"Counter":"working-set-GPU","Mean":122,"UnitId":"Roche.C5800.UI","origin":"123","timestamp":"2026-09-23T02:08:44.784Z"}
{"Counter":"cpu-usage-Tab","Mean":0.03332441905123713,"UnitId":"Roche.C5800.UI","origin":"123","timestamp":"2026-09-23T02:08:44.784Z"}
{"Counter":"working-set-Tab","Mean":385,"UnitId":"Roche.C5800.UI","origin":"123","timestamp":"2026-09-23T02:08:44.784Z"}
{"Counter":"cpu-usage-Browser","Mean":0.008330976500081461,"UnitId":"Roche.C5800.UI","origin":"123","timestamp":"2026-09-23T02:08:44.784Z"}
{"Counter":"working-set-Browser","Mean":192,"UnitId":"Roche.C5800.UI","origin":"123","timestamp":"2026-09-23T02:08:44.784Z"}
{"Counter":"cpu-usage-combined","Mean":0.041655395551318586,"UnitId":"Roche.C5800.UI","origin":"123","timestamp":"2026-09-23T02:08:44.784Z"}
{"Counter":"working-set-combined","Mean":772,"UnitId":"Roche.C5800.UI","origin":"123","timestamp":"2026-09-23T02:08:44.784Z"}
{"Counter":"cpu-usage-GPU","Mean":0.004165565291203673,"UnitId":"Roche.C5800.UI","origin":"123","timestamp":"2026-09-23T02:09:14.792Z"}
{"Counter":"working-set-GPU","Mean":122,"UnitId":"Roche.C5800.UI","origin":"123","timestamp":"2026-09-23T02:09:14.792Z"}
{"Counter":"cpu-usage-Tab","Mean":0.04165584170193639,"UnitId":"Roche.C5800.UI","origin":"123","timestamp":"2026-09-23T02:09:14.792Z"}
{"Counter":"working-set-Tab","Mean":385,"UnitId":"Roche.C5800.UI","origin":"123","timestamp":"2026-09-23T02:09:14.792Z"}
{"Counter":"cpu-usage-Browser","Mean":0.004165632895436449,"UnitId":"Roche.C5800.UI","origin":"123","timestamp":"2026-09-23T02:09:14.792Z"}
{"Counter":"working-set-Browser","Mean":192,"UnitId":"Roche.C5800.UI","origin":"123","timestamp":"2026-09-23T02:09:14.792Z"}
{"Counter":"cpu-usage-combined","Mean":0.049987039888576515,"UnitId":"Roche.C5800.UI","origin":"123","timestamp":"2026-09-23T02:09:14.792Z"}
{"Counter":"working-set-combined","Mean":772,"UnitId":"Roche.C5800.UI","origin":"123","timestamp":"2026-09-23T02:09:14.792Z"}
{"Counter":"cpu-usage-GPU","Mean":0,"UnitId":"Roche.C5800.UI","origin":"123","timestamp":"2026-09-23T02:09:44.803Z"}
{"Counter":"working-set-GPU","Mean":122,"UnitId":"Roche.C5800.UI","origin":"123","timestamp":"2026-09-23T02:09:44.803Z"}
{"Counter":"cpu-usage-Tab","Mean":0.03332146644841551,"UnitId":"Roche.C5800.UI","origin":"123","timestamp":"2026-09-23T02:09:44.803Z"}
{"Counter":"working-set-Tab","Mean":385,"UnitId":"Roche.C5800.UI","origin":"123","timestamp":"2026-09-23T02:09:44.803Z"}
{"Counter":"cpu-usage-Browser","Mean":0.004165167206472337,"UnitId":"Roche.C5800.UI","origin":"123","timestamp":"2026-09-23T02:09:44.803Z"}
{"Counter":"working-set-Browser","Mean":192,"UnitId":"Roche.C5800.UI","origin":"123","timestamp":"2026-09-23T02:09:44.803Z"}
{"Counter":"cpu-usage-combined","Mean":0.037486633654887844,"UnitId":"Roche.C5800.UI","origin":"123","timestamp":"2026-09-23T02:09:44.803Z"}
{"Counter":"working-set-combined","Mean":772,"UnitId":"Roche.C5800.UI","origin":"123","timestamp":"2026-09-23T02:09:44.803Z"}
{"Counter":"cpu-usage-GPU","Mean":0.004165495190569239,"UnitId":"Roche.C5800.UI","origin":"123","timestamp":"2026-09-23T02:10:14.811Z"}
{"Counter":"working-set-GPU","Mean":122,"UnitId":"Roche.C5800.UI","origin":"123","timestamp":"2026-09-23T02:10:14.811Z"}
{"Counter":"cpu-usage-Tab","Mean":0.0416551504060844,"UnitId":"Roche.C5800.UI","origin":"123","timestamp":"2026-09-23T02:10:14.811Z"}
{"Counter":"working-set-Tab","Mean":385,"UnitId":"Roche.C5800.UI","origin":"123","timestamp":"2026-09-23T02:10:14.811Z"}
{"Counter":"cpu-usage-Browser","Mean":0.008331093657655034,"UnitId":"Roche.C5800.UI","origin":"123","timestamp":"2026-09-23T02:10:14.811Z"}
{"Counter":"working-set-Browser","Mean":192,"UnitId":"Roche.C5800.UI","origin":"123","timestamp":"2026-09-23T02:10:14.811Z"}
{"Counter":"cpu-usage-combined","Mean":0.05415173925430867,"UnitId":"Roche.C5800.UI","origin":"123","timestamp":"2026-09-23T02:10:14.811Z"}
{"Counter":"working-set-combined","Mean":772,"UnitId":"Roche.C5800.UI","origin":"123","timestamp":"2026-09-23T02:10:14.811Z"}
{"Counter":"cpu-usage-GPU","Mean":0,"UnitId":"Roche.C5800.UI","origin":"123","timestamp":"2026-09-23T02:10:44.818Z"}
{"Counter":"working-set-GPU","Mean":122,"UnitId":"Roche.C5800.UI","origin":"123","timestamp":"2026-09-23T02:10:44.818Z"}
{"Counter":"cpu-usage-Tab","Mean":0.03332551072511579,"UnitId":"Roche.C5800.UI","origin":"123","timestamp":"2026-09-23T02:10:44.818Z"}
{"Counter":"working-set-Tab","Mean":385,"UnitId":"Roche.C5800.UI","origin":"123","timestamp":"2026-09-23T02:10:44.818Z"}
{"Counter":"cpu-usage-Browser","Mean":0.008331286613921846,"UnitId":"Roche.C5800.UI","origin":"123","timestamp":"2026-09-23T02:10:44.818Z"}
{"Counter":"working-set-Browser","Mean":192,"UnitId":"Roche.C5800.UI","origin":"123","timestamp":"2026-09-23T02:10:44.818Z"}
{"Counter":"cpu-usage-combined","Mean":0.04582245716572419,"UnitId":"Roche.C5800.UI","origin":"123","timestamp":"2026-09-23T02:10:44.818Z"}
{"Counter":"working-set-combined","Mean":772,"UnitId":"Roche.C5800.UI","origin":"123","timestamp":"2026-09-23T02:10:44.818Z"}
{"Counter":"cpu-usage-GPU","Mean":0.008331545939011217,"UnitId":"Roche.C5800.UI","origin":"123","timestamp":"2026-09-23T02:11:14.825Z"}
{"Counter":"working-set-GPU","Mean":122,"UnitId":"Roche.C5800.UI","origin":"123","timestamp":"2026-09-23T02:11:14.825Z"}
{"Counter":"cpu-usage-Tab","Mean":0.04165791850378087,"UnitId":"Roche.C5800.UI","origin":"123","timestamp":"2026-09-23T02:11:14.825Z"}
{"Counter":"working-set-Tab","Mean":384,"UnitId":"Roche.C5800.UI","origin":"123","timestamp":"2026-09-23T02:11:14.825Z"}
{"Counter":"cpu-usage-Browser","Mean":0.004165838636806958,"UnitId":"Roche.C5800.UI","origin":"123","timestamp":"2026-09-23T02:11:14.825Z"}
{"Counter":"working-set-Browser","Mean":192,"UnitId":"Roche.C5800.UI","origin":"123","timestamp":"2026-09-23T02:11:14.825Z"}
{"Counter":"cpu-usage-combined","Mean":0.05415530307959905,"UnitId":"Roche.C5800.UI","origin":"123","timestamp":"2026-09-23T02:11:14.825Z"}
{"Counter":"working-set-combined","Mean":771,"UnitId":"Roche.C5800.UI","origin":"123","timestamp":"2026-09-23T02:11:14.825Z"}
{"Counter":"cpu-usage-GPU","Mean":0,"UnitId":"Roche.C5800.UI","origin":"123","timestamp":"2026-09-23T02:11:44.831Z"}
{"Counter":"working-set-GPU","Mean":122,"UnitId":"Roche.C5800.UI","origin":"123","timestamp":"2026-09-23T02:11:44.831Z"}
{"Counter":"cpu-usage-Tab","Mean":0.02916044091253184,"UnitId":"Roche.C5800.UI","origin":"123","timestamp":"2026-09-23T02:11:44.831Z"}
{"Counter":"working-set-Tab","Mean":385,"UnitId":"Roche.C5800.UI","origin":"123","timestamp":"2026-09-23T02:11:44.831Z"}
{"Counter":"cpu-usage-Browser","Mean":0.004165746730930253,"UnitId":"Roche.C5800.UI","origin":"123","timestamp":"2026-09-23T02:11:44.831Z"}
{"Counter":"working-set-Browser","Mean":192,"UnitId":"Roche.C5800.UI","origin":"123","timestamp":"2026-09-23T02:11:44.831Z"}
{"Counter":"cpu-usage-combined","Mean":0.033326187643462096,"UnitId":"Roche.C5800.UI","origin":"123","timestamp":"2026-09-23T02:11:44.831Z"}
{"Counter":"working-set-combined","Mean":772,"UnitId":"Roche.C5800.UI","origin":"123","timestamp":"2026-09-23T02:11:44.831Z"}
{"Counter":"cpu-usage-GPU","Mean":0.004165729794035988,"UnitId":"Roche.C5800.UI","origin":"123","timestamp":"2026-09-23T02:12:14.838Z"}
{"Counter":"working-set-GPU","Mean":122,"UnitId":"Roche.C5800.UI","origin":"123","timestamp":"2026-09-23T02:12:14.838Z"}
{"Counter":"cpu-usage-Tab","Mean":0.04165735485927712,"UnitId":"Roche.C5800.UI","origin":"123","timestamp":"2026-09-23T02:12:14.838Z"}
{"Counter":"working-set-Tab","Mean":385,"UnitId":"Roche.C5800.UI","origin":"123","timestamp":"2026-09-23T02:12:14.838Z"}
{"Counter":"cpu-usage-Browser","Mean":0.008331418773299229,"UnitId":"Roche.C5800.UI","origin":"123","timestamp":"2026-09-23T02:12:14.838Z"}
{"Counter":"working-set-Browser","Mean":192,"UnitId":"Roche.C5800.UI","origin":"123","timestamp":"2026-09-23T02:12:14.838Z"}
{"Counter":"cpu-usage-combined","Mean":0.05415450342661234,"UnitId":"Roche.C5800.UI","origin":"123","timestamp":"2026-09-23T02:12:14.838Z"}
{"Counter":"working-set-combined","Mean":772,"UnitId":"Roche.C5800.UI","origin":"123","timestamp":"2026-09-23T02:12:14.838Z"}
{"Counter":"cpu-usage-GPU","Mean":0,"UnitId":"Roche.C5800.UI","origin":"123","timestamp":"2026-09-23T02:12:44.843Z"}
{"Counter":"working-set-GPU","Mean":122,"UnitId":"Roche.C5800.UI","origin":"123","timestamp":"2026-09-23T02:12:44.843Z"}
{"Counter":"cpu-usage-Tab","Mean":0.033327974195082766,"UnitId":"Roche.C5800.UI","origin":"123","timestamp":"2026-09-23T02:12:44.843Z"}
{"Counter":"working-set-Tab","Mean":385,"UnitId":"Roche.C5800.UI","origin":"123","timestamp":"2026-09-23T02:12:44.843Z"}
{"Counter":"cpu-usage-Browser","Mean":0.004166038150377713,"UnitId":"Roche.C5800.UI","origin":"123","timestamp":"2026-09-23T02:12:44.843Z"}
{"Counter":"working-set-Browser","Mean":192,"UnitId":"Roche.C5800.UI","origin":"123","timestamp":"2026-09-23T02:12:44.843Z"}
{"Counter":"cpu-usage-combined","Mean":0.03749401234546048,"UnitId":"Roche.C5800.UI","origin":"123","timestamp":"2026-09-23T02:12:44.843Z"}
{"Counter":"working-set-combined","Mean":772,"UnitId":"Roche.C5800.UI","origin":"123","timestamp":"2026-09-23T02:12:44.843Z"}
{"Counter":"cpu-usage-GPU","Mean":0.004166120210565714,"UnitId":"Roche.C5800.UI","origin":"123","timestamp":"2026-09-23T02:13:14.847Z"}
{"Counter":"working-set-GPU","Mean":122,"UnitId":"Roche.C5800.UI","origin":"123","timestamp":"2026-09-23T02:13:14.847Z"}
{"Counter":"cpu-usage-Tab","Mean":0.041661361786599176,"UnitId":"Roche.C5800.UI","origin":"123","timestamp":"2026-09-23T02:13:14.847Z"}
{"Counter":"working-set-Tab","Mean":384,"UnitId":"Roche.C5800.UI","origin":"123","timestamp":"2026-09-23T02:13:14.847Z"}
{"Counter":"cpu-usage-Browser","Mean":0.008332283743324466,"UnitId":"Roche.C5800.UI","origin":"123","timestamp":"2026-09-23T02:13:14.847Z"}
{"Counter":"working-set-Browser","Mean":192,"UnitId":"Roche.C5800.UI","origin":"123","timestamp":"2026-09-23T02:13:14.847Z"}
{"Counter":"cpu-usage-combined","Mean":0.05832590275227059,"UnitId":"Roche.C5800.UI","origin":"123","timestamp":"2026-09-23T02:13:14.847Z"}
{"Counter":"working-set-combined","Mean":771,"UnitId":"Roche.C5800.UI","origin":"123","timestamp":"2026-09-23T02:13:14.847Z"}
{"Counter":"cpu-usage-GPU","Mean":0,"UnitId":"Roche.C5800.UI","origin":"123","timestamp":"2026-09-23T02:13:44.849Z"}
{"Counter":"working-set-GPU","Mean":122,"UnitId":"Roche.C5800.UI","origin":"123","timestamp":"2026-09-23T02:13:44.849Z"}
{"Counter":"cpu-usage-Tab","Mean":0.033330415810936015,"UnitId":"Roche.C5800.UI","origin":"123","timestamp":"2026-09-23T02:13:44.849Z"}
{"Counter":"working-set-Tab","Mean":384,"UnitId":"Roche.C5800.UI","origin":"123","timestamp":"2026-09-23T02:13:44.849Z"}
{"Counter":"cpu-usage-Browser","Mean":0.004166264483268549,"UnitId":"Roche.C5800.UI","origin":"123","timestamp":"2026-09-23T02:13:44.849Z"}
{"Counter":"working-set-Browser","Mean":192,"UnitId":"Roche.C5800.UI","origin":"123","timestamp":"2026-09-23T02:13:44.849Z"}
{"Counter":"cpu-usage-combined","Mean":0.03749668029420456,"UnitId":"Roche.C5800.UI","origin":"123","timestamp":"2026-09-23T02:13:44.849Z"}
{"Counter":"working-set-combined","Mean":771,"UnitId":"Roche.C5800.UI","origin":"123","timestamp":"2026-09-23T02:13:44.849Z"}
{"Counter":"cpu-usage-GPU","Mean":0.012499191718935508,"UnitId":"Roche.C5800.UI","origin":"123","timestamp":"2026-09-23T02:14:14.851Z"}
{"Counter":"working-set-GPU","Mean":122,"UnitId":"Roche.C5800.UI","origin":"123","timestamp":"2026-09-23T02:14:14.851Z"}
{"Counter":"cpu-usage-Tab","Mean":0.04583005342917625,"UnitId":"Roche.C5800.UI","origin":"123","timestamp":"2026-09-23T02:14:14.851Z"}
{"Counter":"working-set-Tab","Mean":384,"UnitId":"Roche.C5800.UI","origin":"123","timestamp":"2026-09-23T02:14:14.851Z"}
{"Counter":"cpu-usage-Browser","Mean":0.008332713101721461,"UnitId":"Roche.C5800.UI","origin":"123","timestamp":"2026-09-23T02:14:14.851Z"}
{"Counter":"working-set-Browser","Mean":192,"UnitId":"Roche.C5800.UI","origin":"123","timestamp":"2026-09-23T02:14:14.851Z"}
{"Counter":"cpu-usage-combined","Mean":0.06666195824983322,"UnitId":"Roche.C5800.UI","origin":"123","timestamp":"2026-09-23T02:14:14.851Z"}
{"Counter":"working-set-combined","Mean":771,"UnitId":"Roche.C5800.UI","origin":"123","timestamp":"2026-09-23T02:14:14.851Z"}
{"Counter":"cpu-usage-GPU","Mean":0,"UnitId":"Roche.C5800.UI","origin":"123","timestamp":"2026-09-23T02:14:44.852Z"}
{"Counter":"working-set-GPU","Mean":122,"UnitId":"Roche.C5800.UI","origin":"123","timestamp":"2026-09-23T02:14:44.852Z"}
{"Counter":"cpu-usage-Tab","Mean":0.029165651701987438,"UnitId":"Roche.C5800.UI","origin":"123","timestamp":"2026-09-23T02:14:44.852Z"}
{"Counter":"working-set-Tab","Mean":385,"UnitId":"Roche.C5800.UI","origin":"123","timestamp":"2026-09-23T02:14:44.852Z"}
{"Counter":"cpu-usage-Browser","Mean":0.008333027233466291,"UnitId":"Roche.C5800.UI","origin":"123","timestamp":"2026-09-23T02:14:44.852Z"}
{"Counter":"working-set-Browser","Mean":192,"UnitId":"Roche.C5800.UI","origin":"123","timestamp":"2026-09-23T02:14:44.852Z"}
{"Counter":"cpu-usage-combined","Mean":0.03749867893545373,"UnitId":"Roche.C5800.UI","origin":"123","timestamp":"2026-09-23T02:14:44.852Z"}
{"Counter":"working-set-combined","Mean":772,"UnitId":"Roche.C5800.UI","origin":"123","timestamp":"2026-09-23T02:14:44.852Z"}
{"Counter":"cpu-usage-GPU","Mean":0,"UnitId":"Roche.C5800.UI","origin":"123","timestamp":"2026-09-23T02:15:14.853Z"}
{"Counter":"working-set-GPU","Mean":122,"UnitId":"Roche.C5800.UI","origin":"123","timestamp":"2026-09-23T02:15:14.853Z"}
{"Counter":"cpu-usage-Tab","Mean":0.04166507089445141,"UnitId":"Roche.C5800.UI","origin":"123","timestamp":"2026-09-23T02:15:14.853Z"}
{"Counter":"working-set-Tab","Mean":385,"UnitId":"Roche.C5800.UI","origin":"123","timestamp":"2026-09-23T02:15:14.853Z"}
{"Counter":"cpu-usage-Browser","Mean":0.008333051398427686,"UnitId":"Roche.C5800.UI","origin":"123","timestamp":"2026-09-23T02:15:14.853Z"}
{"Counter":"working-set-Browser","Mean":192,"UnitId":"Roche.C5800.UI","origin":"123","timestamp":"2026-09-23T02:15:14.853Z"}
{"Counter":"cpu-usage-combined","Mean":0.049998122292879095,"UnitId":"Roche.C5800.UI","origin":"123","timestamp":"2026-09-23T02:15:14.853Z"}
{"Counter":"working-set-combined","Mean":772,"UnitId":"Roche.C5800.UI","origin":"123","timestamp":"2026-09-23T02:15:14.853Z"}
{"Counter":"cpu-usage-GPU","Mean":0,"UnitId":"Roche.C5800.UI","origin":"123","timestamp":"2026-09-23T02:15:44.867Z"}
{"Counter":"working-set-GPU","Mean":122,"UnitId":"Roche.C5800.UI","origin":"123","timestamp":"2026-09-23T02:15:44.867Z"}
{"Counter":"cpu-usage-Tab","Mean":0.03331760964275593,"UnitId":"Roche.C5800.UI","origin":"123","timestamp":"2026-09-23T02:15:44.867Z"}
{"Counter":"working-set-Tab","Mean":385,"UnitId":"Roche.C5800.UI","origin":"123","timestamp":"2026-09-23T02:15:44.867Z"}
{"Counter":"cpu-usage-Browser","Mean":0,"UnitId":"Roche.C5800.UI","origin":"123","timestamp":"2026-09-23T02:15:44.867Z"}
{"Counter":"working-set-Browser","Mean":192,"UnitId":"Roche.C5800.UI","origin":"123","timestamp":"2026-09-23T02:15:44.867Z"}
{"Counter":"cpu-usage-combined","Mean":0.03331760964275593,"UnitId":"Roche.C5800.UI","origin":"123","timestamp":"2026-09-23T02:15:44.867Z"}
{"Counter":"working-set-combined","Mean":772,"UnitId":"Roche.C5800.UI","origin":"123","timestamp":"2026-09-23T02:15:44.867Z"}
{"Counter":"cpu-usage-GPU","Mean":0.008330149827740831,"UnitId":"Roche.C5800.UI","origin":"123","timestamp":"2026-09-23T02:16:14.879Z"}
{"Counter":"working-set-GPU","Mean":122,"UnitId":"Roche.C5800.UI","origin":"123","timestamp":"2026-09-23T02:16:14.879Z"}
{"Counter":"cpu-usage-Tab","Mean":0.037486030206076534,"UnitId":"Roche.C5800.UI","origin":"123","timestamp":"2026-09-23T02:16:14.879Z"}
{"Counter":"working-set-Tab","Mean":385,"UnitId":"Roche.C5800.UI","origin":"123","timestamp":"2026-09-23T02:16:14.879Z"}
{"Counter":"cpu-usage-Browser","Mean":0.00833035467617962,"UnitId":"Roche.C5800.UI","origin":"123","timestamp":"2026-09-23T02:16:14.879Z"}
{"Counter":"working-set-Browser","Mean":192,"UnitId":"Roche.C5800.UI","origin":"123","timestamp":"2026-09-23T02:16:14.879Z"}
{"Counter":"cpu-usage-combined","Mean":0.05414653470999699,"UnitId":"Roche.C5800.UI","origin":"123","timestamp":"2026-09-23T02:16:14.879Z"}
{"Counter":"working-set-combined","Mean":772,"UnitId":"Roche.C5800.UI","origin":"123","timestamp":"2026-09-23T02:16:14.879Z"}
{"Counter":"cpu-usage-GPU","Mean":0,"UnitId":"Roche.C5800.UI","origin":"123","timestamp":"2026-09-23T02:16:44.891Z"}
{"Counter":"working-set-GPU","Mean":122,"UnitId":"Roche.C5800.UI","origin":"123","timestamp":"2026-09-23T02:16:44.891Z"}
{"Counter":"cpu-usage-Tab","Mean":0.03748450765298702,"UnitId":"Roche.C5800.UI","origin":"123","timestamp":"2026-09-23T02:16:44.891Z"}
{"Counter":"working-set-Tab","Mean":385,"UnitId":"Roche.C5800.UI","origin":"123","timestamp":"2026-09-23T02:16:44.891Z"}
{"Counter":"cpu-usage-Browser","Mean":0.008329740993700784,"UnitId":"Roche.C5800.UI","origin":"123","timestamp":"2026-09-23T02:16:44.891Z"}
{"Counter":"working-set-Browser","Mean":192,"UnitId":"Roche.C5800.UI","origin":"123","timestamp":"2026-09-23T02:16:44.891Z"}
{"Counter":"cpu-usage-combined","Mean":0.04997915341980528,"UnitId":"Roche.C5800.UI","origin":"123","timestamp":"2026-09-23T02:16:44.891Z"}
{"Counter":"working-set-combined","Mean":772,"UnitId":"Roche.C5800.UI","origin":"123","timestamp":"2026-09-23T02:16:44.891Z"}
{"Counter":"cpu-usage-GPU","Mean":0.004165356939599625,"UnitId":"Roche.C5800.UI","origin":"123","timestamp":"2026-09-23T02:17:14.900Z"}
{"Counter":"working-set-GPU","Mean":122,"UnitId":"Roche.C5800.UI","origin":"123","timestamp":"2026-09-23T02:17:14.900Z"}
{"Counter":"cpu-usage-Tab","Mean":0.037488528510275856,"UnitId":"Roche.C5800.UI","origin":"123","timestamp":"2026-09-23T02:17:14.900Z"}
{"Counter":"working-set-Tab","Mean":385,"UnitId":"Roche.C5800.UI","origin":"123","timestamp":"2026-09-23T02:17:14.900Z"}
{"Counter":"cpu-usage-Browser","Mean":0.00416543814011121,"UnitId":"Roche.C5800.UI","origin":"123","timestamp":"2026-09-23T02:17:14.900Z"}
{"Counter":"working-set-Browser","Mean":192,"UnitId":"Roche.C5800.UI","origin":"123","timestamp":"2026-09-23T02:17:14.900Z"}
{"Counter":"cpu-usage-combined","Mean":0.04581932358998669,"UnitId":"Roche.C5800.UI","origin":"123","timestamp":"2026-09-23T02:17:14.900Z"}
{"Counter":"working-set-combined","Mean":772,"UnitId":"Roche.C5800.UI","origin":"123","timestamp":"2026-09-23T02:17:14.900Z"}
{"Counter":"cpu-usage-GPU","Mean":0,"UnitId":"Roche.C5800.UI","origin":"123","timestamp":"2026-09-23T02:17:44.908Z"}
{"Counter":"working-set-GPU","Mean":122,"UnitId":"Roche.C5800.UI","origin":"123","timestamp":"2026-09-23T02:17:44.908Z"}
{"Counter":"cpu-usage-Tab","Mean":0.033324203612350334,"UnitId":"Roche.C5800.UI","origin":"123","timestamp":"2026-09-23T02:17:44.908Z"}
{"Counter":"working-set-Tab","Mean":385,"UnitId":"Roche.C5800.UI","origin":"123","timestamp":"2026-09-23T02:17:44.908Z"}
{"Counter":"cpu-usage-Browser","Mean":0.008330983440604187,"UnitId":"Roche.C5800.UI","origin":"123","timestamp":"2026-09-23T02:17:44.908Z"}
{"Counter":"working-set-Browser","Mean":192,"UnitId":"Roche.C5800.UI","origin":"123","timestamp":"2026-09-23T02:17:44.908Z"}
{"Counter":"cpu-usage-combined","Mean":0.04165518705295452,"UnitId":"Roche.C5800.UI","origin":"123","timestamp":"2026-09-23T02:17:44.908Z"}
{"Counter":"working-set-combined","Mean":772,"UnitId":"Roche.C5800.UI","origin":"123","timestamp":"2026-09-23T02:17:44.908Z"}
{"Counter":"cpu-usage-GPU","Mean":0.00833100453986429,"UnitId":"Roche.C5800.UI","origin":"123","timestamp":"2026-09-23T02:18:14.917Z"}
{"Counter":"working-set-GPU","Mean":122,"UnitId":"Roche.C5800.UI","origin":"123","timestamp":"2026-09-23T02:18:14.917Z"}
{"Counter":"cpu-usage-Tab","Mean":0.04165519899038461,"UnitId":"Roche.C5800.UI","origin":"123","timestamp":"2026-09-23T02:18:14.917Z"}
{"Counter":"working-set-Tab","Mean":385,"UnitId":"Roche.C5800.UI","origin":"123","timestamp":"2026-09-23T02:18:14.917Z"}
{"Counter":"cpu-usage-Browser","Mean":0.008331105873326335,"UnitId":"Roche.C5800.UI","origin":"123","timestamp":"2026-09-23T02:18:14.917Z"}
{"Counter":"working-set-Browser","Mean":192,"UnitId":"Roche.C5800.UI","origin":"123","timestamp":"2026-09-23T02:18:14.917Z"}
{"Counter":"cpu-usage-combined","Mean":0.05831730940357523,"UnitId":"Roche.C5800.UI","origin":"123","timestamp":"2026-09-23T02:18:14.917Z"}
{"Counter":"working-set-combined","Mean":772,"UnitId":"Roche.C5800.UI","origin":"123","timestamp":"2026-09-23T02:18:14.917Z"}
{"Counter":"cpu-usage-GPU","Mean":0,"UnitId":"Roche.C5800.UI","origin":"123","timestamp":"2026-09-23T02:18:44.923Z"}
{"Counter":"working-set-GPU","Mean":122,"UnitId":"Roche.C5800.UI","origin":"123","timestamp":"2026-09-23T02:18:44.923Z"}
{"Counter":"cpu-usage-Tab","Mean":0.03749159313509934,"UnitId":"Roche.C5800.UI","origin":"123","timestamp":"2026-09-23T02:18:44.923Z"}
{"Counter":"working-set-Tab","Mean":385,"UnitId":"Roche.C5800.UI","origin":"123","timestamp":"2026-09-23T02:18:44.923Z"}
{"Counter":"cpu-usage-Browser","Mean":0.004165730626994781,"UnitId":"Roche.C5800.UI","origin":"123","timestamp":"2026-09-23T02:18:44.923Z"}
{"Counter":"working-set-Browser","Mean":192,"UnitId":"Roche.C5800.UI","origin":"123","timestamp":"2026-09-23T02:18:44.923Z"}
{"Counter":"cpu-usage-combined","Mean":0.04165732376209412,"UnitId":"Roche.C5800.UI","origin":"123","timestamp":"2026-09-23T02:18:44.923Z"}
{"Counter":"working-set-combined","Mean":772,"UnitId":"Roche.C5800.UI","origin":"123","timestamp":"2026-09-23T02:18:44.923Z"}
{"Counter":"cpu-usage-GPU","Mean":0.0041659591479380415,"UnitId":"Roche.C5800.UI","origin":"123","timestamp":"2026-09-23T02:19:14.928Z"}
{"Counter":"working-set-GPU","Mean":122,"UnitId":"Roche.C5800.UI","origin":"123","timestamp":"2026-09-23T02:19:14.928Z"}
{"Counter":"cpu-usage-Tab","Mean":0.04999143146864628,"UnitId":"Roche.C5800.UI","origin":"123","timestamp":"2026-09-23T02:19:14.928Z"}
{"Counter":"working-set-Tab","Mean":386,"UnitId":"Roche.C5800.UI","origin":"123","timestamp":"2026-09-23T02:19:14.928Z"}
{"Counter":"cpu-usage-Browser","Mean":0.008331836657741714,"UnitId":"Roche.C5800.UI","origin":"123","timestamp":"2026-09-23T02:19:14.928Z"}
{"Counter":"working-set-Browser","Mean":192,"UnitId":"Roche.C5800.UI","origin":"123","timestamp":"2026-09-23T02:19:14.928Z"}
{"Counter":"cpu-usage-combined","Mean":0.06665516476306758,"UnitId":"Roche.C5800.UI","origin":"123","timestamp":"2026-09-23T02:19:14.928Z"}
{"Counter":"working-set-combined","Mean":773,"UnitId":"Roche.C5800.UI","origin":"123","timestamp":"2026-09-23T02:19:14.928Z"}
{"Counter":"cpu-usage-GPU","Mean":0,"UnitId":"Roche.C5800.UI","origin":"123","timestamp":"2026-09-23T02:19:44.932Z"}
{"Counter":"working-set-GPU","Mean":122,"UnitId":"Roche.C5800.UI","origin":"123","timestamp":"2026-09-23T02:19:44.932Z"}
{"Counter":"cpu-usage-Tab","Mean":0.029162838558058613,"UnitId":"Roche.C5800.UI","origin":"123","timestamp":"2026-09-23T02:19:44.932Z"}
{"Counter":"working-set-Tab","Mean":386,"UnitId":"Roche.C5800.UI","origin":"123","timestamp":"2026-09-23T02:19:44.932Z"}
{"Counter":"cpu-usage-Browser","Mean":0.004166128819436078,"UnitId":"Roche.C5800.UI","origin":"123","timestamp":"2026-09-23T02:19:44.932Z"}
{"Counter":"working-set-Browser","Mean":192,"UnitId":"Roche.C5800.UI","origin":"123","timestamp":"2026-09-23T02:19:44.932Z"}
{"Counter":"cpu-usage-combined","Mean":0.03332896737749469,"UnitId":"Roche.C5800.UI","origin":"123","timestamp":"2026-09-23T02:19:44.932Z"}
{"Counter":"working-set-combined","Mean":773,"UnitId":"Roche.C5800.UI","origin":"123","timestamp":"2026-09-23T02:19:44.932Z"}
{"Counter":"cpu-usage-GPU","Mean":0.008332525911572502,"UnitId":"Roche.C5800.UI","origin":"123","timestamp":"2026-09-23T02:20:14.935Z"}
{"Counter":"working-set-GPU","Mean":122,"UnitId":"Roche.C5800.UI","origin":"123","timestamp":"2026-09-23T02:20:14.935Z"}
{"Counter":"cpu-usage-Tab","Mean":0.049995448747649,"UnitId":"Roche.C5800.UI","origin":"123","timestamp":"2026-09-23T02:20:14.935Z"}
{"Counter":"working-set-Tab","Mean":386,"UnitId":"Roche.C5800.UI","origin":"123","timestamp":"2026-09-23T02:20:14.935Z"}
{"Counter":"cpu-usage-Browser","Mean":0.008332662553997736,"UnitId":"Roche.C5800.UI","origin":"123","timestamp":"2026-09-23T02:20:14.935Z"}
{"Counter":"working-set-Browser","Mean":192,"UnitId":"Roche.C5800.UI","origin":"123","timestamp":"2026-09-23T02:20:14.935Z"}
{"Counter":"cpu-usage-combined","Mean":0.06666063721321924,"UnitId":"Roche.C5800.UI","origin":"123","timestamp":"2026-09-23T02:20:14.935Z"}
{"Counter":"working-set-combined","Mean":773,"UnitId":"Roche.C5800.UI","origin":"123","timestamp":"2026-09-23T02:20:14.935Z"}
{"Counter":"cpu-usage-GPU","Mean":0,"UnitId":"Roche.C5800.UI","origin":"123","timestamp":"2026-09-23T02:20:44.938Z"}
{"Counter":"working-set-GPU","Mean":122,"UnitId":"Roche.C5800.UI","origin":"123","timestamp":"2026-09-23T02:20:44.938Z"}
{"Counter":"cpu-usage-Tab","Mean":0.033330415810936015,"UnitId":"Roche.C5800.UI","origin":"123","timestamp":"2026-09-23T02:20:44.938Z"}
{"Counter":"working-set-Tab","Mean":386,"UnitId":"Roche.C5800.UI","origin":"123","timestamp":"2026-09-23T02:20:44.938Z"}
{"Counter":"cpu-usage-Browser","Mean":0.008332556461319257,"UnitId":"Roche.C5800.UI","origin":"123","timestamp":"2026-09-23T02:20:44.938Z"}
{"Counter":"working-set-Browser","Mean":192,"UnitId":"Roche.C5800.UI","origin":"123","timestamp":"2026-09-23T02:20:44.938Z"}
{"Counter":"cpu-usage-combined","Mean":0.04166297227225527,"UnitId":"Roche.C5800.UI","origin":"123","timestamp":"2026-09-23T02:20:44.938Z"}
{"Counter":"working-set-combined","Mean":773,"UnitId":"Roche.C5800.UI","origin":"123","timestamp":"2026-09-23T02:20:44.938Z"}
{"Counter":"cpu-usage-GPU","Mean":0,"UnitId":"Roche.C5800.UI","origin":"123","timestamp":"2026-09-23T02:21:14.940Z"}
{"Counter":"working-set-GPU","Mean":122,"UnitId":"Roche.C5800.UI","origin":"123","timestamp":"2026-09-23T02:21:14.940Z"}
{"Counter":"cpu-usage-Tab","Mean":0.03333142010981903,"UnitId":"Roche.C5800.UI","origin":"123","timestamp":"2026-09-23T02:21:14.940Z"}
{"Counter":"working-set-Tab","Mean":386,"UnitId":"Roche.C5800.UI","origin":"123","timestamp":"2026-09-23T02:21:14.940Z"}
{"Counter":"cpu-usage-Browser","Mean":0.004166524310419394,"UnitId":"Roche.C5800.UI","origin":"123","timestamp":"2026-09-23T02:21:14.940Z"}
{"Counter":"working-set-Browser","Mean":192,"UnitId":"Roche.C5800.UI","origin":"123","timestamp":"2026-09-23T02:21:14.940Z"}
{"Counter":"cpu-usage-combined","Mean":0.037497944420238426,"UnitId":"Roche.C5800.UI","origin":"123","timestamp":"2026-09-23T02:21:14.940Z"}
{"Counter":"working-set-combined","Mean":773,"UnitId":"Roche.C5800.UI","origin":"123","timestamp":"2026-09-23T02:21:14.940Z"}
{"Counter":"cpu-usage-GPU","Mean":0,"UnitId":"Roche.C5800.UI","origin":"123","timestamp":"2026-09-23T02:21:44.943Z"}
{"Counter":"working-set-GPU","Mean":122,"UnitId":"Roche.C5800.UI","origin":"123","timestamp":"2026-09-23T02:21:44.943Z"}
{"Counter":"cpu-usage-Tab","Mean":0.03332988591213382,"UnitId":"Roche.C5800.UI","origin":"123","timestamp":"2026-09-23T02:21:44.943Z"}
{"Counter":"working-set-Tab","Mean":386,"UnitId":"Roche.C5800.UI","origin":"123","timestamp":"2026-09-23T02:21:44.943Z"}
{"Counter":"cpu-usage-Browser","Mean":0.004166124376143705,"UnitId":"Roche.C5800.UI","origin":"123","timestamp":"2026-09-23T02:21:44.943Z"}
{"Counter":"working-set-Browser","Mean":192,"UnitId":"Roche.C5800.UI","origin":"123","timestamp":"2026-09-23T02:21:44.943Z"}
{"Counter":"cpu-usage-combined","Mean":0.03749601028827753,"UnitId":"Roche.C5800.UI","origin":"123","timestamp":"2026-09-23T02:21:44.943Z"}
{"Counter":"working-set-combined","Mean":773,"UnitId":"Roche.C5800.UI","origin":"123","timestamp":"2026-09-23T02:21:44.943Z"}
{"Counter":"cpu-usage-GPU","Mean":0.012494231829638651,"UnitId":"Roche.C5800.UI","origin":"123","timestamp":"2026-09-23T02:22:14.956Z"}
{"Counter":"working-set-GPU","Mean":122,"UnitId":"Roche.C5800.UI","origin":"123","timestamp":"2026-09-23T02:22:14.956Z"}
{"Counter":"cpu-usage-Tab","Mean":0.04581214216343993,"UnitId":"Roche.C5800.UI","origin":"123","timestamp":"2026-09-23T02:22:14.956Z"}
{"Counter":"working-set-Tab","Mean":386,"UnitId":"Roche.C5800.UI","origin":"123","timestamp":"2026-09-23T02:22:14.956Z"}
{"Counter":"cpu-usage-Browser","Mean":0.008329495657034282,"UnitId":"Roche.C5800.UI","origin":"123","timestamp":"2026-09-23T02:22:14.956Z"}
{"Counter":"working-set-Browser","Mean":192,"UnitId":"Roche.C5800.UI","origin":"123","timestamp":"2026-09-23T02:22:14.956Z"}
{"Counter":"cpu-usage-combined","Mean":0.06663586965011287,"UnitId":"Roche.C5800.UI","origin":"123","timestamp":"2026-09-23T02:22:14.956Z"}
{"Counter":"working-set-combined","Mean":773,"UnitId":"Roche.C5800.UI","origin":"123","timestamp":"2026-09-23T02:22:14.956Z"}
{"Counter":"cpu-usage-GPU","Mean":0,"UnitId":"Roche.C5800.UI","origin":"123","timestamp":"2026-09-23T02:22:44.969Z"}
{"Counter":"working-set-GPU","Mean":122,"UnitId":"Roche.C5800.UI","origin":"123","timestamp":"2026-09-23T02:22:44.969Z"}
{"Counter":"cpu-usage-Tab","Mean":0.0333190627787452,"UnitId":"Roche.C5800.UI","origin":"123","timestamp":"2026-09-23T02:22:44.969Z"}
{"Counter":"working-set-Tab","Mean":386,"UnitId":"Roche.C5800.UI","origin":"123","timestamp":"2026-09-23T02:22:44.969Z"}
{"Counter":"cpu-usage-Browser","Mean":0.00416486536239743,"UnitId":"Roche.C5800.UI","origin":"123","timestamp":"2026-09-23T02:22:44.969Z"}
{"Counter":"working-set-Browser","Mean":192,"UnitId":"Roche.C5800.UI","origin":"123","timestamp":"2026-09-23T02:22:44.969Z"}
{"Counter":"cpu-usage-combined","Mean":0.04164880862939723,"UnitId":"Roche.C5800.UI","origin":"123","timestamp":"2026-09-23T02:22:44.969Z"}
{"Counter":"working-set-combined","Mean":773,"UnitId":"Roche.C5800.UI","origin":"123","timestamp":"2026-09-23T02:22:44.969Z"}
{"Counter":"cpu-usage-GPU","Mean":0.004165924854314275,"UnitId":"Roche.C5800.UI","origin":"123","timestamp":"2026-09-23T02:23:14.975Z"}
{"Counter":"working-set-GPU","Mean":122,"UnitId":"Roche.C5800.UI","origin":"123","timestamp":"2026-09-23T02:23:14.975Z"}
{"Counter":"cpu-usage-Tab","Mean":0.041659041673405714,"UnitId":"Roche.C5800.UI","origin":"123","timestamp":"2026-09-23T02:23:14.975Z"}
{"Counter":"working-set-Tab","Mean":386,"UnitId":"Roche.C5800.UI","origin":"123","timestamp":"2026-09-23T02:23:14.975Z"}
{"Counter":"cpu-usage-Browser","Mean":0.008331803614189767,"UnitId":"Roche.C5800.UI","origin":"123","timestamp":"2026-09-23T02:23:14.975Z"}
{"Counter":"working-set-Browser","Mean":192,"UnitId":"Roche.C5800.UI","origin":"123","timestamp":"2026-09-23T02:23:14.975Z"}
{"Counter":"cpu-usage-combined","Mean":0.05832266542363342,"UnitId":"Roche.C5800.UI","origin":"123","timestamp":"2026-09-23T02:23:14.975Z"}
{"Counter":"working-set-combined","Mean":773,"UnitId":"Roche.C5800.UI","origin":"123","timestamp":"2026-09-23T02:23:14.975Z"}
{"Counter":"cpu-usage-GPU","Mean":0,"UnitId":"Roche.C5800.UI","origin":"123","timestamp":"2026-09-23T02:23:44.986Z"}
{"Counter":"working-set-GPU","Mean":122,"UnitId":"Roche.C5800.UI","origin":"123","timestamp":"2026-09-23T02:23:44.986Z"}
{"Counter":"cpu-usage-Tab","Mean":0.0333213254383562,"UnitId":"Roche.C5800.UI","origin":"123","timestamp":"2026-09-23T02:23:44.986Z"}
{"Counter":"working-set-Tab","Mean":386,"UnitId":"Roche.C5800.UI","origin":"123","timestamp":"2026-09-23T02:23:44.986Z"}
{"Counter":"cpu-usage-Browser","Mean":0.0041651581852105895,"UnitId":"Roche.C5800.UI","origin":"123","timestamp":"2026-09-23T02:23:44.986Z"}
{"Counter":"working-set-Browser","Mean":192,"UnitId":"Roche.C5800.UI","origin":"123","timestamp":"2026-09-23T02:23:44.986Z"}
{"Counter":"cpu-usage-combined","Mean":0.03748648362356679,"UnitId":"Roche.C5800.UI","origin":"123","timestamp":"2026-09-23T02:23:44.986Z"}
{"Counter":"working-set-combined","Mean":773,"UnitId":"Roche.C5800.UI","origin":"123","timestamp":"2026-09-23T02:23:44.986Z"}
{"Counter":"cpu-usage-GPU","Mean":0.008329917789375764,"UnitId":"Roche.C5800.UI","origin":"123","timestamp":"2026-09-23T02:24:14.998Z"}
{"Counter":"working-set-GPU","Mean":122,"UnitId":"Roche.C5800.UI","origin":"123","timestamp":"2026-09-23T02:24:14.998Z"}
{"Counter":"cpu-usage-Tab","Mean":0.04581473560499341,"UnitId":"Roche.C5800.UI","origin":"123","timestamp":"2026-09-23T02:24:14.998Z"}
{"Counter":"working-set-Tab","Mean":385,"UnitId":"Roche.C5800.UI","origin":"123","timestamp":"2026-09-23T02:24:14.998Z"}
{"Counter":"cpu-usage-Browser","Mean":0.008330019929072879,"UnitId":"Roche.C5800.UI","origin":"123","timestamp":"2026-09-23T02:24:14.998Z"}
{"Counter":"working-set-Browser","Mean":192,"UnitId":"Roche.C5800.UI","origin":"123","timestamp":"2026-09-23T02:24:14.998Z"}
{"Counter":"cpu-usage-combined","Mean":0.06247467332344206,"UnitId":"Roche.C5800.UI","origin":"123","timestamp":"2026-09-23T02:24:14.998Z"}
{"Counter":"working-set-combined","Mean":772,"UnitId":"Roche.C5800.UI","origin":"123","timestamp":"2026-09-23T02:24:14.998Z"}
{"Counter":"cpu-usage-GPU","Mean":0,"UnitId":"Roche.C5800.UI","origin":"123","timestamp":"2026-09-23T02:24:45.010Z"}
{"Counter":"working-set-GPU","Mean":122,"UnitId":"Roche.C5800.UI","origin":"123","timestamp":"2026-09-23T02:24:45.010Z"}
{"Counter":"cpu-usage-Tab","Mean":0.03331952794225593,"UnitId":"Roche.C5800.UI","origin":"123","timestamp":"2026-09-23T02:24:45.010Z"}
{"Counter":"working-set-Tab","Mean":385,"UnitId":"Roche.C5800.UI","origin":"123","timestamp":"2026-09-23T02:24:45.010Z"}
{"Counter":"cpu-usage-Browser","Mean":0.008329876434612969,"UnitId":"Roche.C5800.UI","origin":"123","timestamp":"2026-09-23T02:24:45.010Z"}
{"Counter":"working-set-Browser","Mean":192,"UnitId":"Roche.C5800.UI","origin":"123","timestamp":"2026-09-23T02:24:45.010Z"}
{"Counter":"cpu-usage-combined","Mean":0.0416494043768689,"UnitId":"Roche.C5800.UI","origin":"123","timestamp":"2026-09-23T02:24:45.010Z"}
{"Counter":"working-set-combined","Mean":772,"UnitId":"Roche.C5800.UI","origin":"123","timestamp":"2026-09-23T02:24:45.010Z"}
{"Counter":"cpu-usage-GPU","Mean":0.004165105168738906,"UnitId":"Roche.C5800.UI","origin":"123","timestamp":"2026-09-23T02:25:15.022Z"}
{"Counter":"working-set-GPU","Mean":122,"UnitId":"Roche.C5800.UI","origin":"123","timestamp":"2026-09-23T02:25:15.022Z"}
{"Counter":"cpu-usage-Tab","Mean":0.037485961507415476,"UnitId":"Roche.C5800.UI","origin":"123","timestamp":"2026-09-23T02:25:15.022Z"}
{"Counter":"working-set-Tab","Mean":386,"UnitId":"Roche.C5800.UI","origin":"123","timestamp":"2026-09-23T02:25:15.022Z"}
{"Counter":"cpu-usage-Browser","Mean":0.004165108222006933,"UnitId":"Roche.C5800.UI","origin":"123","timestamp":"2026-09-23T02:25:15.022Z"}
{"Counter":"working-set-Browser","Mean":192,"UnitId":"Roche.C5800.UI","origin":"123","timestamp":"2026-09-23T02:25:15.022Z"}
{"Counter":"cpu-usage-combined","Mean":0.04581617489816132,"UnitId":"Roche.C5800.UI","origin":"123","timestamp":"2026-09-23T02:25:15.022Z"}
{"Counter":"working-set-combined","Mean":773,"UnitId":"Roche.C5800.UI","origin":"123","timestamp":"2026-09-23T02:25:15.022Z"}
{"Counter":"cpu-usage-GPU","Mean":0,"UnitId":"Roche.C5800.UI","origin":"123","timestamp":"2026-09-23T02:25:45.032Z"}
{"Counter":"working-set-GPU","Mean":122,"UnitId":"Roche.C5800.UI","origin":"123","timestamp":"2026-09-23T02:25:45.032Z"}
{"Counter":"cpu-usage-Tab","Mean":0.0333215819221088,"UnitId":"Roche.C5800.UI","origin":"123","timestamp":"2026-09-23T02:25:45.032Z"}
{"Counter":"working-set-Tab","Mean":386,"UnitId":"Roche.C5800.UI","origin":"123","timestamp":"2026-09-23T02:25:45.032Z"}
{"Counter":"cpu-usage-Browser","Mean":0.004165192743794396,"UnitId":"Roche.C5800.UI","origin":"123","timestamp":"2026-09-23T02:25:45.032Z"}
{"Counter":"working-set-Browser","Mean":192,"UnitId":"Roche.C5800.UI","origin":"123","timestamp":"2026-09-23T02:25:45.032Z"}
{"Counter":"cpu-usage-combined","Mean":0.037486774665903194,"UnitId":"Roche.C5800.UI","origin":"123","timestamp":"2026-09-23T02:25:45.032Z"}
{"Counter":"working-set-combined","Mean":773,"UnitId":"Roche.C5800.UI","origin":"123","timestamp":"2026-09-23T02:25:45.032Z"}
{"Counter":"cpu-usage-GPU","Mean":0.004165348056316972,"UnitId":"Roche.C5800.UI","origin":"123","timestamp":"2026-09-23T02:26:15.042Z"}
{"Counter":"working-set-GPU","Mean":122,"UnitId":"Roche.C5800.UI","origin":"123","timestamp":"2026-09-23T02:26:15.042Z"}
{"Counter":"cpu-usage-Tab","Mean":0.03748813750368925,"UnitId":"Roche.C5800.UI","origin":"123","timestamp":"2026-09-23T02:26:15.042Z"}
{"Counter":"working-set-Tab","Mean":386,"UnitId":"Roche.C5800.UI","origin":"123","timestamp":"2026-09-23T02:26:15.042Z"}
{"Counter":"cpu-usage-Browser","Mean":0.0083306436461881,"UnitId":"Roche.C5800.UI","origin":"123","timestamp":"2026-09-23T02:26:15.042Z"}
{"Counter":"working-set-Browser","Mean":192,"UnitId":"Roche.C5800.UI","origin":"123","timestamp":"2026-09-23T02:26:15.042Z"}
{"Counter":"cpu-usage-combined","Mean":0.04998412920619432,"UnitId":"Roche.C5800.UI","origin":"123","timestamp":"2026-09-23T02:26:15.042Z"}
{"Counter":"working-set-combined","Mean":773,"UnitId":"Roche.C5800.UI","origin":"123","timestamp":"2026-09-23T02:26:15.042Z"}
{"Counter":"cpu-usage-GPU","Mean":0,"UnitId":"Roche.C5800.UI","origin":"123","timestamp":"2026-09-23T02:26:45.050Z"}
{"Counter":"working-set-GPU","Mean":122,"UnitId":"Roche.C5800.UI","origin":"123","timestamp":"2026-09-23T02:26:45.050Z"}
{"Counter":"cpu-usage-Tab","Mean":0.037489995169955645,"UnitId":"Roche.C5800.UI","origin":"123","timestamp":"2026-09-23T02:26:45.050Z"}
{"Counter":"working-set-Tab","Mean":385,"UnitId":"Roche.C5800.UI","origin":"123","timestamp":"2026-09-23T02:26:45.050Z"}
{"Counter":"cpu-usage-Browser","Mean":0.004165589445236128,"UnitId":"Roche.C5800.UI","origin":"123","timestamp":"2026-09-23T02:26:45.050Z"}
{"Counter":"working-set-Browser","Mean":192,"UnitId":"Roche.C5800.UI","origin":"123","timestamp":"2026-09-23T02:26:45.050Z"}
{"Counter":"cpu-usage-combined","Mean":0.041655584615191775,"UnitId":"Roche.C5800.UI","origin":"123","timestamp":"2026-09-23T02:26:45.050Z"}
{"Counter":"working-set-combined","Mean":772,"UnitId":"Roche.C5800.UI","origin":"123","timestamp":"2026-09-23T02:26:45.050Z"}
{"Counter":"cpu-usage-GPU","Mean":0.0041656907841722945,"UnitId":"Roche.C5800.UI","origin":"123","timestamp":"2026-09-23T02:27:15.057Z"}
{"Counter":"working-set-GPU","Mean":122,"UnitId":"Roche.C5800.UI","origin":"123","timestamp":"2026-09-23T02:27:15.057Z"}
{"Counter":"cpu-usage-Tab","Mean":0.03749116957985829,"UnitId":"Roche.C5800.UI","origin":"123","timestamp":"2026-09-23T02:27:15.057Z"}
{"Counter":"working-set-Tab","Mean":386,"UnitId":"Roche.C5800.UI","origin":"123","timestamp":"2026-09-23T02:27:15.057Z"}
{"Counter":"cpu-usage-Browser","Mean":0.012497071936045384,"UnitId":"Roche.C5800.UI","origin":"123","timestamp":"2026-09-23T02:27:15.057Z"}
{"Counter":"working-set-Browser","Mean":192,"UnitId":"Roche.C5800.UI","origin":"123","timestamp":"2026-09-23T02:27:15.057Z"}
{"Counter":"cpu-usage-combined","Mean":0.058319622390129194,"UnitId":"Roche.C5800.UI","origin":"123","timestamp":"2026-09-23T02:27:15.057Z"}
{"Counter":"working-set-combined","Mean":773,"UnitId":"Roche.C5800.UI","origin":"123","timestamp":"2026-09-23T02:27:15.057Z"}
{"Counter":"cpu-usage-GPU","Mean":0,"UnitId":"Roche.C5800.UI","origin":"123","timestamp":"2026-09-23T02:27:45.062Z"}
{"Counter":"working-set-GPU","Mean":122,"UnitId":"Roche.C5800.UI","origin":"123","timestamp":"2026-09-23T02:27:45.062Z"}
{"Counter":"cpu-usage-Tab","Mean":0.033327700951872465,"UnitId":"Roche.C5800.UI","origin":"123","timestamp":"2026-09-23T02:27:45.062Z"}
{"Counter":"working-set-Tab","Mean":386,"UnitId":"Roche.C5800.UI","origin":"123","timestamp":"2026-09-23T02:27:45.062Z"}
{"Counter":"cpu-usage-Browser","Mean":0.004165953455435096,"UnitId":"Roche.C5800.UI","origin":"123","timestamp":"2026-09-23T02:27:45.062Z"}
{"Counter":"working-set-Browser","Mean":192,"UnitId":"Roche.C5800.UI","origin":"123","timestamp":"2026-09-23T02:27:45.062Z"}
{"Counter":"cpu-usage-combined","Mean":0.037493654407307564,"UnitId":"Roche.C5800.UI","origin":"123","timestamp":"2026-09-23T02:27:45.062Z"}
{"Counter":"working-set-combined","Mean":773,"UnitId":"Roche.C5800.UI","origin":"123","timestamp":"2026-09-23T02:27:45.062Z"}
{"Counter":"cpu-usage-GPU","Mean":0.004166308641877375,"UnitId":"Roche.C5800.UI","origin":"123","timestamp":"2026-09-23T02:28:15.064Z"}
{"Counter":"working-set-GPU","Mean":122,"UnitId":"Roche.C5800.UI","origin":"123","timestamp":"2026-09-23T02:28:15.064Z"}
{"Counter":"cpu-usage-Tab","Mean":0.03749677652711122,"UnitId":"Roche.C5800.UI","origin":"123","timestamp":"2026-09-23T02:28:15.064Z"}
{"Counter":"working-set-Tab","Mean":386,"UnitId":"Roche.C5800.UI","origin":"123","timestamp":"2026-09-23T02:28:15.064Z"}
{"Counter":"cpu-usage-Browser","Mean":0.008332640890875301,"UnitId":"Roche.C5800.UI","origin":"123","timestamp":"2026-09-23T02:28:15.064Z"}
{"Counter":"working-set-Browser","Mean":192,"UnitId":"Roche.C5800.UI","origin":"123","timestamp":"2026-09-23T02:28:15.064Z"}
{"Counter":"cpu-usage-combined","Mean":0.04999572605986389,"UnitId":"Roche.C5800.UI","origin":"123","timestamp":"2026-09-23T02:28:15.064Z"}
{"Counter":"working-set-combined","Mean":773,"UnitId":"Roche.C5800.UI","origin":"123","timestamp":"2026-09-23T02:28:15.064Z"}
{"Counter":"cpu-usage-GPU","Mean":0,"UnitId":"Roche.C5800.UI","origin":"123","timestamp":"2026-09-23T02:28:45.067Z"}
{"Counter":"working-set-GPU","Mean":122,"UnitId":"Roche.C5800.UI","origin":"123","timestamp":"2026-09-23T02:28:45.067Z"}
{"Counter":"cpu-usage-Tab","Mean":0.03333028916692275,"UnitId":"Roche.C5800.UI","origin":"123","timestamp":"2026-09-23T02:28:45.067Z"}
{"Counter":"working-set-Tab","Mean":385,"UnitId":"Roche.C5800.UI","origin":"123","timestamp":"2026-09-23T02:28:45.067Z"}
{"Counter":"cpu-usage-Browser","Mean":0.004166258373346079,"UnitId":"Roche.C5800.UI","origin":"123","timestamp":"2026-09-23T02:28:45.067Z"}
{"Counter":"working-set-Browser","Mean":192,"UnitId":"Roche.C5800.UI","origin":"123","timestamp":"2026-09-23T02:28:45.067Z"}
{"Counter":"cpu-usage-combined","Mean":0.04166281674485338,"UnitId":"Roche.C5800.UI","origin":"123","timestamp":"2026-09-23T02:28:45.067Z"}
{"Counter":"working-set-combined","Mean":772,"UnitId":"Roche.C5800.UI","origin":"123","timestamp":"2026-09-23T02:28:45.067Z"}
{"Counter":"cpu-usage-GPU","Mean":0.008332796978967787,"UnitId":"Roche.C5800.UI","origin":"123","timestamp":"2026-09-23T02:29:15.069Z"}
{"Counter":"working-set-GPU","Mean":122,"UnitId":"Roche.C5800.UI","origin":"123","timestamp":"2026-09-23T02:29:15.069Z"}
{"Counter":"cpu-usage-Tab","Mean":0.04166423208670507,"UnitId":"Roche.C5800.UI","origin":"123","timestamp":"2026-09-23T02:29:15.069Z"}
{"Counter":"working-set-Tab","Mean":386,"UnitId":"Roche.C5800.UI","origin":"123","timestamp":"2026-09-23T02:29:15.069Z"}
{"Counter":"cpu-usage-Browser","Mean":0.008332883913127618,"UnitId":"Roche.C5800.UI","origin":"123","timestamp":"2026-09-23T02:29:15.069Z"}
{"Counter":"working-set-Browser","Mean":192,"UnitId":"Roche.C5800.UI","origin":"123","timestamp":"2026-09-23T02:29:15.069Z"}
{"Counter":"cpu-usage-combined","Mean":0.05832991297880047,"UnitId":"Roche.C5800.UI","origin":"123","timestamp":"2026-09-23T02:29:15.069Z"}
{"Counter":"working-set-combined","Mean":773,"UnitId":"Roche.C5800.UI","origin":"123","timestamp":"2026-09-23T02:29:15.069Z"}
{"Counter":"cpu-usage-GPU","Mean":0,"UnitId":"Roche.C5800.UI","origin":"123","timestamp":"2026-09-23T02:29:45.070Z"}
{"Counter":"working-set-GPU","Mean":122,"UnitId":"Roche.C5800.UI","origin":"123","timestamp":"2026-09-23T02:29:45.070Z"}
{"Counter":"cpu-usage-Tab","Mean":0.03333260446038246,"UnitId":"Roche.C5800.UI","origin":"123","timestamp":"2026-09-23T02:29:45.070Z"}
{"Counter":"working-set-Tab","Mean":386,"UnitId":"Roche.C5800.UI","origin":"123","timestamp":"2026-09-23T02:29:45.070Z"}
{"Counter":"cpu-usage-Browser","Mean":0.008333137504601976,"UnitId":"Roche.C5800.UI","origin":"123","timestamp":"2026-09-23T02:29:45.070Z"}
{"Counter":"working-set-Browser","Mean":192,"UnitId":"Roche.C5800.UI","origin":"123","timestamp":"2026-09-23T02:29:45.070Z"}
{"Counter":"cpu-usage-combined","Mean":0.04166574196498444,"UnitId":"Roche.C5800.UI","origin":"123","timestamp":"2026-09-23T02:29:45.070Z"}
{"Counter":"working-set-combined","Mean":773,"UnitId":"Roche.C5800.UI","origin":"123","timestamp":"2026-09-23T02:29:45.070Z"}
{"Counter":"cpu-usage-GPU","Mean":0.004164690104742956,"UnitId":"Roche.C5800.UI","origin":"123","timestamp":"2026-09-23T02:30:15.084Z"}
{"Counter":"working-set-GPU","Mean":122,"UnitId":"Roche.C5800.UI","origin":"123","timestamp":"2026-09-23T02:30:15.084Z"}
{"Counter":"cpu-usage-Tab","Mean":0.03748222467964942,"UnitId":"Roche.C5800.UI","origin":"123","timestamp":"2026-09-23T02:30:15.084Z"}
{"Counter":"working-set-Tab","Mean":386,"UnitId":"Roche.C5800.UI","origin":"123","timestamp":"2026-09-23T02:30:15.084Z"}
{"Counter":"cpu-usage-Browser","Mean":0.008329411846236125,"UnitId":"Roche.C5800.UI","origin":"123","timestamp":"2026-09-23T02:30:15.084Z"}
{"Counter":"working-set-Browser","Mean":192,"UnitId":"Roche.C5800.UI","origin":"123","timestamp":"2026-09-23T02:30:15.084Z"}
{"Counter":"cpu-usage-combined","Mean":0.0499763266306285,"UnitId":"Roche.C5800.UI","origin":"123","timestamp":"2026-09-23T02:30:15.084Z"}
{"Counter":"working-set-combined","Mean":773,"UnitId":"Roche.C5800.UI","origin":"123","timestamp":"2026-09-23T02:30:15.084Z"}
{"Counter":"cpu-usage-GPU","Mean":0,"UnitId":"Roche.C5800.UI","origin":"123","timestamp":"2026-09-23T02:30:45.093Z"}
{"Counter":"working-set-GPU","Mean":122,"UnitId":"Roche.C5800.UI","origin":"123","timestamp":"2026-09-23T02:30:45.093Z"}
{"Counter":"cpu-usage-Tab","Mean":0.03332280443789111,"UnitId":"Roche.C5800.UI","origin":"123","timestamp":"2026-09-23T02:30:45.093Z"}
{"Counter":"working-set-Tab","Mean":386,"UnitId":"Roche.C5800.UI","origin":"123","timestamp":"2026-09-23T02:30:45.093Z"}
{"Counter":"cpu-usage-Browser","Mean":0.004165340283475732,"UnitId":"Roche.C5800.UI","origin":"123","timestamp":"2026-09-23T02:30:45.093Z"}
{"Counter":"working-set-Browser","Mean":192,"UnitId":"Roche.C5800.UI","origin":"123","timestamp":"2026-09-23T02:30:45.093Z"}
{"Counter":"cpu-usage-combined","Mean":0.03748814472136684,"UnitId":"Roche.C5800.UI","origin":"123","timestamp":"2026-09-23T02:30:45.093Z"}
{"Counter":"working-set-combined","Mean":773,"UnitId":"Roche.C5800.UI","origin":"123","timestamp":"2026-09-23T02:30:45.093Z"}
{"Counter":"cpu-usage-GPU","Mean":0.004165134313752637,"UnitId":"Roche.C5800.UI","origin":"123","timestamp":"2026-09-23T02:31:15.104Z"}
{"Counter":"working-set-GPU","Mean":122,"UnitId":"Roche.C5800.UI","origin":"123","timestamp":"2026-09-23T02:31:15.104Z"}
{"Counter":"cpu-usage-Tab","Mean":0.04165137783424298,"UnitId":"Roche.C5800.UI","origin":"123","timestamp":"2026-09-23T02:31:15.104Z"}
{"Counter":"working-set-Tab","Mean":386,"UnitId":"Roche.C5800.UI","origin":"123","timestamp":"2026-09-23T02:31:15.104Z"}
{"Counter":"cpu-usage-Browser","Mean":0.008330296940098667,"UnitId":"Roche.C5800.UI","origin":"123","timestamp":"2026-09-23T02:31:15.104Z"}
{"Counter":"working-set-Browser","Mean":192,"UnitId":"Roche.C5800.UI","origin":"123","timestamp":"2026-09-23T02:31:15.104Z"}
{"Counter":"cpu-usage-combined","Mean":0.05414680908809428,"UnitId":"Roche.C5800.UI","origin":"123","timestamp":"2026-09-23T02:31:15.104Z"}
{"Counter":"working-set-combined","Mean":773,"UnitId":"Roche.C5800.UI","origin":"123","timestamp":"2026-09-23T02:31:15.104Z"}
{"Counter":"cpu-usage-GPU","Mean":0,"UnitId":"Roche.C5800.UI","origin":"123","timestamp":"2026-09-23T02:31:45.110Z"}
{"Counter":"working-set-GPU","Mean":122,"UnitId":"Roche.C5800.UI","origin":"123","timestamp":"2026-09-23T02:31:45.110Z"}
{"Counter":"cpu-usage-Tab","Mean":0.033327165585888906,"UnitId":"Roche.C5800.UI","origin":"123","timestamp":"2026-09-23T02:31:45.110Z"}
{"Counter":"working-set-Tab","Mean":386,"UnitId":"Roche.C5800.UI","origin":"123","timestamp":"2026-09-23T02:31:45.110Z"}
{"Counter":"cpu-usage-Browser","Mean":0,"UnitId":"Roche.C5800.UI","origin":"123","timestamp":"2026-09-23T02:31:45.110Z"}
{"Counter":"working-set-Browser","Mean":192,"UnitId":"Roche.C5800.UI","origin":"123","timestamp":"2026-09-23T02:31:45.110Z"}
{"Counter":"cpu-usage-combined","Mean":0.033327165585888906,"UnitId":"Roche.C5800.UI","origin":"123","timestamp":"2026-09-23T02:31:45.110Z"}
{"Counter":"working-set-combined","Mean":773,"UnitId":"Roche.C5800.UI","origin":"123","timestamp":"2026-09-23T02:31:45.110Z"}
{"Counter":"cpu-usage-GPU","Mean":0,"UnitId":"Roche.C5800.UI","origin":"123","timestamp":"2026-09-23T02:32:15.120Z"}
{"Counter":"working-set-GPU","Mean":122,"UnitId":"Roche.C5800.UI","origin":"123","timestamp":"2026-09-23T02:32:15.120Z"}
{"Counter":"cpu-usage-Tab","Mean":0.03748715814919003,"UnitId":"Roche.C5800.UI","origin":"123","timestamp":"2026-09-23T02:32:15.120Z"}
{"Counter":"working-set-Tab","Mean":386,"UnitId":"Roche.C5800.UI","origin":"123","timestamp":"2026-09-23T02:32:15.120Z"}
{"Counter":"cpu-usage-Browser","Mean":0.00833049291293312,"UnitId":"Roche.C5800.UI","origin":"123","timestamp":"2026-09-23T02:32:15.120Z"}
{"Counter":"working-set-Browser","Mean":192,"UnitId":"Roche.C5800.UI","origin":"123","timestamp":"2026-09-23T02:32:15.120Z"}
{"Counter":"cpu-usage-combined","Mean":0.04581765106212315,"UnitId":"Roche.C5800.UI","origin":"123","timestamp":"2026-09-23T02:32:15.120Z"}
{"Counter":"working-set-combined","Mean":773,"UnitId":"Roche.C5800.UI","origin":"123","timestamp":"2026-09-23T02:32:15.120Z"}
{"Counter":"cpu-usage-GPU","Mean":0,"UnitId":"Roche.C5800.UI","origin":"123","timestamp":"2026-09-23T02:32:45.130Z"}
{"Counter":"working-set-GPU","Mean":122,"UnitId":"Roche.C5800.UI","origin":"123","timestamp":"2026-09-23T02:32:45.130Z"}
{"Counter":"cpu-usage-Tab","Mean":0.03332230809232919,"UnitId":"Roche.C5800.UI","origin":"123","timestamp":"2026-09-23T02:32:45.130Z"}
{"Counter":"working-set-Tab","Mean":386,"UnitId":"Roche.C5800.UI","origin":"123","timestamp":"2026-09-23T02:32:45.130Z"}
{"Counter":"cpu-usage-Browser","Mean":0.004165250759091959,"UnitId":"Roche.C5800.UI","origin":"123","timestamp":"2026-09-23T02:32:45.130Z"}
{"Counter":"working-set-Browser","Mean":192,"UnitId":"Roche.C5800.UI","origin":"123","timestamp":"2026-09-23T02:32:45.130Z"}
{"Counter":"cpu-usage-combined","Mean":0.04165282460037425,"UnitId":"Roche.C5800.UI","origin":"123","timestamp":"2026-09-23T02:32:45.130Z"}
{"Counter":"working-set-combined","Mean":773,"UnitId":"Roche.C5800.UI","origin":"123","timestamp":"2026-09-23T02:32:45.130Z"}
{"Counter":"cpu-usage-GPU","Mean":0.004165384977709026,"UnitId":"Roche.C5800.UI","origin":"123","timestamp":"2026-09-23T02:33:15.139Z"}
{"Counter":"working-set-GPU","Mean":122,"UnitId":"Roche.C5800.UI","origin":"123","timestamp":"2026-09-23T02:33:15.139Z"}
{"Counter":"cpu-usage-Tab","Mean":0.041653938611491616,"UnitId":"Roche.C5800.UI","origin":"123","timestamp":"2026-09-23T02:33:15.139Z"}
{"Counter":"working-set-Tab","Mean":386,"UnitId":"Roche.C5800.UI","origin":"123","timestamp":"2026-09-23T02:33:15.139Z"}
{"Counter":"cpu-usage-Browser","Mean":0.008330864620450806,"UnitId":"Roche.C5800.UI","origin":"123","timestamp":"2026-09-23T02:33:15.139Z"}
{"Counter":"working-set-Browser","Mean":192,"UnitId":"Roche.C5800.UI","origin":"123","timestamp":"2026-09-23T02:33:15.139Z"}
{"Counter":"cpu-usage-combined","Mean":0.05831560539001125,"UnitId":"Roche.C5800.UI","origin":"123","timestamp":"2026-09-23T02:33:15.139Z"}
{"Counter":"working-set-combined","Mean":773,"UnitId":"Roche.C5800.UI","origin":"123","timestamp":"2026-09-23T02:33:15.139Z"}
{"Counter":"cpu-usage-GPU","Mean":0,"UnitId":"Roche.C5800.UI","origin":"123","timestamp":"2026-09-23T02:33:45.144Z"}
{"Counter":"working-set-GPU","Mean":122,"UnitId":"Roche.C5800.UI","origin":"123","timestamp":"2026-09-23T02:33:45.144Z"}
{"Counter":"cpu-usage-Tab","Mean":0.03332732552745159,"UnitId":"Roche.C5800.UI","origin":"123","timestamp":"2026-09-23T02:33:45.144Z"}
{"Counter":"working-set-Tab","Mean":386,"UnitId":"Roche.C5800.UI","origin":"123","timestamp":"2026-09-23T02:33:45.144Z"}
{"Counter":"cpu-usage-Browser","Mean":0.008331769460205652,"UnitId":"Roche.C5800.UI","origin":"123","timestamp":"2026-09-23T02:33:45.144Z"}
{"Counter":"working-set-Browser","Mean":192,"UnitId":"Roche.C5800.UI","origin":"123","timestamp":"2026-09-23T02:33:45.144Z"}
{"Counter":"cpu-usage-combined","Mean":0.04165909498765724,"UnitId":"Roche.C5800.UI","origin":"123","timestamp":"2026-09-23T02:33:45.144Z"}
{"Counter":"working-set-combined","Mean":773,"UnitId":"Roche.C5800.UI","origin":"123","timestamp":"2026-09-23T02:33:45.144Z"}
{"Counter":"cpu-usage-GPU","Mean":0.008331202489443284,"UnitId":"Roche.C5800.UI","origin":"123","timestamp":"2026-09-23T02:34:15.152Z"}
{"Counter":"working-set-GPU","Mean":122,"UnitId":"Roche.C5800.UI","origin":"123","timestamp":"2026-09-23T02:34:15.152Z"}
{"Counter":"cpu-usage-Tab","Mean":0.037490383716576696,"UnitId":"Roche.C5800.UI","origin":"123","timestamp":"2026-09-23T02:34:15.152Z"}
{"Counter":"working-set-Tab","Mean":386,"UnitId":"Roche.C5800.UI","origin":"123","timestamp":"2026-09-23T02:34:15.152Z"}
{"Counter":"cpu-usage-Browser","Mean":0.004165560987928437,"UnitId":"Roche.C5800.UI","origin":"123","timestamp":"2026-09-23T02:34:15.152Z"}
{"Counter":"working-set-Browser","Mean":192,"UnitId":"Roche.C5800.UI","origin":"123","timestamp":"2026-09-23T02:34:15.152Z"}
{"Counter":"cpu-usage-combined","Mean":0.049987147193948415,"UnitId":"Roche.C5800.UI","origin":"123","timestamp":"2026-09-23T02:34:15.152Z"}
{"Counter":"working-set-combined","Mean":773,"UnitId":"Roche.C5800.UI","origin":"123","timestamp":"2026-09-23T02:34:15.152Z"}
{"Counter":"cpu-usage-GPU","Mean":0,"UnitId":"Roche.C5800.UI","origin":"123","timestamp":"2026-09-23T02:34:45.158Z"}
{"Counter":"working-set-GPU","Mean":122,"UnitId":"Roche.C5800.UI","origin":"123","timestamp":"2026-09-23T02:34:45.158Z"}
{"Counter":"cpu-usage-Tab","Mean":0.03332632591787034,"UnitId":"Roche.C5800.UI","origin":"123","timestamp":"2026-09-23T02:34:45.158Z"}
{"Counter":"working-set-Tab","Mean":386,"UnitId":"Roche.C5800.UI","origin":"123","timestamp":"2026-09-23T02:34:45.158Z"}
{"Counter":"cpu-usage-Browser","Mean":0.008331583423095036,"UnitId":"Roche.C5800.UI","origin":"123","timestamp":"2026-09-23T02:34:45.158Z"}
{"Counter":"working-set-Browser","Mean":192,"UnitId":"Roche.C5800.UI","origin":"123","timestamp":"2026-09-23T02:34:45.158Z"}
{"Counter":"cpu-usage-combined","Mean":0.041657909340965374,"UnitId":"Roche.C5800.UI","origin":"123","timestamp":"2026-09-23T02:34:45.158Z"}
{"Counter":"working-set-combined","Mean":773,"UnitId":"Roche.C5800.UI","origin":"123","timestamp":"2026-09-23T02:34:45.158Z"}
{"Counter":"cpu-usage-GPU","Mean":0.004166087025091909,"UnitId":"Roche.C5800.UI","origin":"123","timestamp":"2026-09-23T02:35:15.163Z"}
{"Counter":"working-set-GPU","Mean":122,"UnitId":"Roche.C5800.UI","origin":"123","timestamp":"2026-09-23T02:35:15.163Z"}
{"Counter":"cpu-usage-Tab","Mean":0.03749499066924659,"UnitId":"Roche.C5800.UI","origin":"123","timestamp":"2026-09-23T02:35:15.163Z"}
{"Counter":"working-set-Tab","Mean":386,"UnitId":"Roche.C5800.UI","origin":"123","timestamp":"2026-09-23T02:35:15.163Z"}
{"Counter":"cpu-usage-Browser","Mean":0.0041661449264503774,"UnitId":"Roche.C5800.UI","origin":"123","timestamp":"2026-09-23T02:35:15.163Z"}
{"Counter":"working-set-Browser","Mean":192,"UnitId":"Roche.C5800.UI","origin":"123","timestamp":"2026-09-23T02:35:15.163Z"}
{"Counter":"cpu-usage-combined","Mean":0.04582722262078887,"UnitId":"Roche.C5800.UI","origin":"123","timestamp":"2026-09-23T02:35:15.163Z"}
{"Counter":"working-set-combined","Mean":773,"UnitId":"Roche.C5800.UI","origin":"123","timestamp":"2026-09-23T02:35:15.163Z"}
{"Counter":"cpu-usage-GPU","Mean":0,"UnitId":"Roche.C5800.UI","origin":"123","timestamp":"2026-09-23T02:35:45.165Z"}
{"Counter":"working-set-GPU","Mean":122,"UnitId":"Roche.C5800.UI","origin":"123","timestamp":"2026-09-23T02:35:45.165Z"}
{"Counter":"cpu-usage-Tab","Mean":0.037496749031858935,"UnitId":"Roche.C5800.UI","origin":"123","timestamp":"2026-09-23T02:35:45.165Z"}
{"Counter":"working-set-Tab","Mean":386,"UnitId":"Roche.C5800.UI","origin":"123","timestamp":"2026-09-23T02:35:45.165Z"}
{"Counter":"cpu-usage-Browser","Mean":0.008332525633848559,"UnitId":"Roche.C5800.UI","origin":"123","timestamp":"2026-09-23T02:35:45.165Z"}
{"Counter":"working-set-Browser","Mean":192,"UnitId":"Roche.C5800.UI","origin":"123","timestamp":"2026-09-23T02:35:45.165Z"}
{"Counter":"cpu-usage-combined","Mean":0.04582927466570749,"UnitId":"Roche.C5800.UI","origin":"123","timestamp":"2026-09-23T02:35:45.165Z"}
{"Counter":"working-set-combined","Mean":773,"UnitId":"Roche.C5800.UI","origin":"123","timestamp":"2026-09-23T02:35:45.165Z"}
{"Counter":"cpu-usage-GPU","Mean":0.004166246986720204,"UnitId":"Roche.C5800.UI","origin":"123","timestamp":"2026-09-23T02:36:15.168Z"}
{"Counter":"working-set-GPU","Mean":122,"UnitId":"Roche.C5800.UI","origin":"123","timestamp":"2026-09-23T02:36:15.168Z"}
{"Counter":"cpu-usage-Tab","Mean":0.037496556566222,"UnitId":"Roche.C5800.UI","origin":"123","timestamp":"2026-09-23T02:36:15.168Z"}
{"Counter":"working-set-Tab","Mean":386,"UnitId":"Roche.C5800.UI","origin":"123","timestamp":"2026-09-23T02:36:15.168Z"}
{"Counter":"cpu-usage-Browser","Mean":0.008332720600611835,"UnitId":"Roche.C5800.UI","origin":"123","timestamp":"2026-09-23T02:36:15.168Z"}
{"Counter":"working-set-Browser","Mean":192,"UnitId":"Roche.C5800.UI","origin":"123","timestamp":"2026-09-23T02:36:15.168Z"}
{"Counter":"cpu-usage-combined","Mean":0.04999552415355404,"UnitId":"Roche.C5800.UI","origin":"123","timestamp":"2026-09-23T02:36:15.168Z"}
{"Counter":"working-set-combined","Mean":773,"UnitId":"Roche.C5800.UI","origin":"123","timestamp":"2026-09-23T02:36:15.168Z"}
{"Counter":"cpu-usage-GPU","Mean":0,"UnitId":"Roche.C5800.UI","origin":"123","timestamp":"2026-09-23T02:36:45.176Z"}
{"Counter":"working-set-GPU","Mean":122,"UnitId":"Roche.C5800.UI","origin":"123","timestamp":"2026-09-23T02:36:45.176Z"}
{"Counter":"cpu-usage-Tab","Mean":0.033324497898123945,"UnitId":"Roche.C5800.UI","origin":"123","timestamp":"2026-09-23T02:36:45.176Z"}
{"Counter":"working-set-Tab","Mean":386,"UnitId":"Roche.C5800.UI","origin":"123","timestamp":"2026-09-23T02:36:45.176Z"}
{"Counter":"cpu-usage-Browser","Mean":0.004165496717488615,"UnitId":"Roche.C5800.UI","origin":"123","timestamp":"2026-09-23T02:36:45.176Z"}
{"Counter":"working-set-Browser","Mean":192,"UnitId":"Roche.C5800.UI","origin":"123","timestamp":"2026-09-23T02:36:45.176Z"}
{"Counter":"cpu-usage-combined","Mean":0.03748999461561256,"UnitId":"Roche.C5800.UI","origin":"123","timestamp":"2026-09-23T02:36:45.176Z"}
{"Counter":"working-set-combined","Mean":773,"UnitId":"Roche.C5800.UI","origin":"123","timestamp":"2026-09-23T02:36:45.176Z"}
{"Counter":"cpu-usage-GPU","Mean":0.004165592082762383,"UnitId":"Roche.C5800.UI","origin":"123","timestamp":"2026-09-23T02:37:15.183Z"}
{"Counter":"working-set-GPU","Mean":122,"UnitId":"Roche.C5800.UI","origin":"123","timestamp":"2026-09-23T02:37:15.183Z"}
{"Counter":"cpu-usage-Tab","Mean":0.041655904169559395,"UnitId":"Roche.C5800.UI","origin":"123","timestamp":"2026-09-23T02:37:15.183Z"}
{"Counter":"working-set-Tab","Mean":386,"UnitId":"Roche.C5800.UI","origin":"123","timestamp":"2026-09-23T02:37:15.183Z"}
{"Counter":"cpu-usage-Browser","Mean":0.004165591388676203,"UnitId":"Roche.C5800.UI","origin":"123","timestamp":"2026-09-23T02:37:15.183Z"}
{"Counter":"working-set-Browser","Mean":192,"UnitId":"Roche.C5800.UI","origin":"123","timestamp":"2026-09-23T02:37:15.183Z"}
{"Counter":"cpu-usage-combined","Mean":0.05415267875203978,"UnitId":"Roche.C5800.UI","origin":"123","timestamp":"2026-09-23T02:37:15.183Z"}
{"Counter":"working-set-combined","Mean":773,"UnitId":"Roche.C5800.UI","origin":"123","timestamp":"2026-09-23T02:37:15.183Z"}
{"Counter":"cpu-usage-GPU","Mean":0,"UnitId":"Roche.C5800.UI","origin":"123","timestamp":"2026-09-23T02:37:45.196Z"}
{"Counter":"working-set-GPU","Mean":122,"UnitId":"Roche.C5800.UI","origin":"123","timestamp":"2026-09-23T02:37:45.196Z"}
{"Counter":"cpu-usage-Tab","Mean":0.033319474653175925,"UnitId":"Roche.C5800.UI","origin":"123","timestamp":"2026-09-23T02:37:45.196Z"}
{"Counter":"working-set-Tab","Mean":386,"UnitId":"Roche.C5800.UI","origin":"123","timestamp":"2026-09-23T02:37:45.196Z"}
{"Counter":"cpu-usage-Browser","Mean":0.00416495237227024,"UnitId":"Roche.C5800.UI","origin":"123","timestamp":"2026-09-23T02:37:45.196Z"}
{"Counter":"working-set-Browser","Mean":192,"UnitId":"Roche.C5800.UI","origin":"123","timestamp":"2026-09-23T02:37:45.196Z"}
{"Counter":"cpu-usage-combined","Mean":0.03748442702544617,"UnitId":"Roche.C5800.UI","origin":"123","timestamp":"2026-09-23T02:37:45.196Z"}
{"Counter":"working-set-combined","Mean":773,"UnitId":"Roche.C5800.UI","origin":"123","timestamp":"2026-09-23T02:37:45.196Z"}
{"Counter":"cpu-usage-GPU","Mean":0.008329713239959248,"UnitId":"Roche.C5800.UI","origin":"123","timestamp":"2026-09-23T02:38:15.209Z"}
{"Counter":"working-set-GPU","Mean":122,"UnitId":"Roche.C5800.UI","origin":"123","timestamp":"2026-09-23T02:38:15.209Z"}
{"Counter":"cpu-usage-Tab","Mean":0.03331881743520406,"UnitId":"Roche.C5800.UI","origin":"123","timestamp":"2026-09-23T02:38:15.209Z"}
{"Counter":"working-set-Tab","Mean":386,"UnitId":"Roche.C5800.UI","origin":"123","timestamp":"2026-09-23T02:38:15.209Z"}
{"Counter":"cpu-usage-Browser","Mean":0.012494526564396357,"UnitId":"Roche.C5800.UI","origin":"123","timestamp":"2026-09-23T02:38:15.209Z"}
{"Counter":"working-set-Browser","Mean":192,"UnitId":"Roche.C5800.UI","origin":"123","timestamp":"2026-09-23T02:38:15.209Z"}
{"Counter":"cpu-usage-combined","Mean":0.054143057239559665,"UnitId":"Roche.C5800.UI","origin":"123","timestamp":"2026-09-23T02:38:15.209Z"}
{"Counter":"working-set-combined","Mean":773,"UnitId":"Roche.C5800.UI","origin":"123","timestamp":"2026-09-23T02:38:15.209Z"}
{"Counter":"cpu-usage-GPU","Mean":0,"UnitId":"Roche.C5800.UI","origin":"123","timestamp":"2026-09-23T02:38:45.220Z"}
{"Counter":"working-set-GPU","Mean":122,"UnitId":"Roche.C5800.UI","origin":"123","timestamp":"2026-09-23T02:38:45.220Z"}
{"Counter":"cpu-usage-Tab","Mean":0.037486153864300986,"UnitId":"Roche.C5800.UI","origin":"123","timestamp":"2026-09-23T02:38:45.220Z"}
{"Counter":"working-set-Tab","Mean":386,"UnitId":"Roche.C5800.UI","origin":"123","timestamp":"2026-09-23T02:38:45.220Z"}
{"Counter":"cpu-usage-Browser","Mean":0.004165153605200351,"UnitId":"Roche.C5800.UI","origin":"123","timestamp":"2026-09-23T02:38:45.220Z"}
{"Counter":"working-set-Browser","Mean":192,"UnitId":"Roche.C5800.UI","origin":"123","timestamp":"2026-09-23T02:38:45.220Z"}
{"Counter":"cpu-usage-combined","Mean":0.04165130746950134,"UnitId":"Roche.C5800.UI","origin":"123","timestamp":"2026-09-23T02:38:45.220Z"}
{"Counter":"working-set-combined","Mean":773,"UnitId":"Roche.C5800.UI","origin":"123","timestamp":"2026-09-23T02:38:45.220Z"}
{"Counter":"cpu-usage-GPU","Mean":0,"UnitId":"Roche.C5800.UI","origin":"123","timestamp":"2026-09-23T02:39:15.231Z"}
{"Counter":"working-set-GPU","Mean":122,"UnitId":"Roche.C5800.UI","origin":"123","timestamp":"2026-09-23T02:39:15.231Z"}
{"Counter":"cpu-usage-Tab","Mean":0.04165211896991444,"UnitId":"Roche.C5800.UI","origin":"123","timestamp":"2026-09-23T02:39:15.231Z"}
{"Counter":"working-set-Tab","Mean":386,"UnitId":"Roche.C5800.UI","origin":"123","timestamp":"2026-09-23T02:39:15.231Z"}
{"Counter":"cpu-usage-Browser","Mean":0.008330465154180748,"UnitId":"Roche.C5800.UI","origin":"123","timestamp":"2026-09-23T02:39:15.231Z"}
{"Counter":"working-set-Browser","Mean":192,"UnitId":"Roche.C5800.UI","origin":"123","timestamp":"2026-09-23T02:39:15.231Z"}
{"Counter":"cpu-usage-combined","Mean":0.04998258412409519,"UnitId":"Roche.C5800.UI","origin":"123","timestamp":"2026-09-23T02:39:15.231Z"}
{"Counter":"working-set-combined","Mean":773,"UnitId":"Roche.C5800.UI","origin":"123","timestamp":"2026-09-23T02:39:15.231Z"}
{"Counter":"cpu-usage-GPU","Mean":0,"UnitId":"Roche.C5800.UI","origin":"123","timestamp":"2026-09-23T02:39:45.240Z"}
{"Counter":"working-set-GPU","Mean":122,"UnitId":"Roche.C5800.UI","origin":"123","timestamp":"2026-09-23T02:39:45.240Z"}
{"Counter":"cpu-usage-Tab","Mean":0.033322781119312216,"UnitId":"Roche.C5800.UI","origin":"123","timestamp":"2026-09-23T02:39:45.240Z"}
{"Counter":"working-set-Tab","Mean":386,"UnitId":"Roche.C5800.UI","origin":"123","timestamp":"2026-09-23T02:39:45.240Z"}
{"Counter":"cpu-usage-Browser","Mean":0.004165246872849275,"UnitId":"Roche.C5800.UI","origin":"123","timestamp":"2026-09-23T02:39:45.240Z"}
{"Counter":"working-set-Browser","Mean":192,"UnitId":"Roche.C5800.UI","origin":"123","timestamp":"2026-09-23T02:39:45.240Z"}
{"Counter":"cpu-usage-combined","Mean":0.03748802799216149,"UnitId":"Roche.C5800.UI","origin":"123","timestamp":"2026-09-23T02:39:45.240Z"}
{"Counter":"working-set-combined","Mean":773,"UnitId":"Roche.C5800.UI","origin":"123","timestamp":"2026-09-23T02:39:45.240Z"}
{"Counter":"cpu-usage-GPU","Mean":0.008331199713086811,"UnitId":"Roche.C5800.UI","origin":"123","timestamp":"2026-09-23T02:40:15.248Z"}
{"Counter":"working-set-GPU","Mean":122,"UnitId":"Roche.C5800.UI","origin":"123","timestamp":"2026-09-23T02:40:15.248Z"}
{"Counter":"cpu-usage-Tab","Mean":0.04165614154823548,"UnitId":"Roche.C5800.UI","origin":"123","timestamp":"2026-09-23T02:40:15.248Z"}
{"Counter":"working-set-Tab","Mean":386,"UnitId":"Roche.C5800.UI","origin":"123","timestamp":"2026-09-23T02:40:15.248Z"}
{"Counter":"cpu-usage-Browser","Mean":0.008331387676597924,"UnitId":"Roche.C5800.UI","origin":"123","timestamp":"2026-09-23T02:40:15.248Z"}
{"Counter":"working-set-Browser","Mean":192,"UnitId":"Roche.C5800.UI","origin":"123","timestamp":"2026-09-23T02:40:15.248Z"}
{"Counter":"cpu-usage-combined","Mean":0.06665003804085183,"UnitId":"Roche.C5800.UI","origin":"123","timestamp":"2026-09-23T02:40:15.248Z"}
{"Counter":"working-set-combined","Mean":773,"UnitId":"Roche.C5800.UI","origin":"123","timestamp":"2026-09-23T02:40:15.248Z"}
{"Counter":"cpu-usage-GPU","Mean":0,"UnitId":"Roche.C5800.UI","origin":"123","timestamp":"2026-09-23T02:40:45.254Z"}
{"Counter":"working-set-GPU","Mean":122,"UnitId":"Roche.C5800.UI","origin":"123","timestamp":"2026-09-23T02:40:45.254Z"}
{"Counter":"cpu-usage-Tab","Mean":0.03332631703272071,"UnitId":"Roche.C5800.UI","origin":"123","timestamp":"2026-09-23T02:40:45.254Z"}
{"Counter":"working-set-Tab","Mean":386,"UnitId":"Roche.C5800.UI","origin":"123","timestamp":"2026-09-23T02:40:45.254Z"}
{"Counter":"cpu-usage-Browser","Mean":0.008331553435800998,"UnitId":"Roche.C5800.UI","origin":"123","timestamp":"2026-09-23T02:40:45.254Z"}
{"Counter":"working-set-Browser","Mean":192,"UnitId":"Roche.C5800.UI","origin":"123","timestamp":"2026-09-23T02:40:45.254Z"}
{"Counter":"cpu-usage-combined","Mean":0.04165787046852171,"UnitId":"Roche.C5800.UI","origin":"123","timestamp":"2026-09-23T02:40:45.254Z"}
{"Counter":"working-set-combined","Mean":773,"UnitId":"Roche.C5800.UI","origin":"123","timestamp":"2026-09-23T02:40:45.254Z"}
{"Counter":"cpu-usage-GPU","Mean":0.008332754206915953,"UnitId":"Roche.C5800.UI","origin":"123","timestamp":"2026-09-23T02:41:15.256Z"}
{"Counter":"working-set-GPU","Mean":122,"UnitId":"Roche.C5800.UI","origin":"123","timestamp":"2026-09-23T02:41:15.256Z"}
{"Counter":"cpu-usage-Tab","Mean":0.03749737393391216,"UnitId":"Roche.C5800.UI","origin":"123","timestamp":"2026-09-23T02:41:15.256Z"}
{"Counter":"working-set-Tab","Mean":386,"UnitId":"Roche.C5800.UI","origin":"123","timestamp":"2026-09-23T02:41:15.256Z"}
{"Counter":"cpu-usage-Browser","Mean":0.004166385852260224,"UnitId":"Roche.C5800.UI","origin":"123","timestamp":"2026-09-23T02:41:15.256Z"}
{"Counter":"working-set-Browser","Mean":192,"UnitId":"Roche.C5800.UI","origin":"123","timestamp":"2026-09-23T02:41:15.256Z"}
{"Counter":"cpu-usage-combined","Mean":0.04999651399308834,"UnitId":"Roche.C5800.UI","origin":"123","timestamp":"2026-09-23T02:41:15.256Z"}
{"Counter":"working-set-combined","Mean":773,"UnitId":"Roche.C5800.UI","origin":"123","timestamp":"2026-09-23T02:41:15.256Z"}
{"Counter":"cpu-usage-GPU","Mean":0,"UnitId":"Roche.C5800.UI","origin":"123","timestamp":"2026-09-23T02:41:45.261Z"}
{"Counter":"working-set-GPU","Mean":122,"UnitId":"Roche.C5800.UI","origin":"123","timestamp":"2026-09-23T02:41:45.261Z"}
{"Counter":"cpu-usage-Tab","Mean":0.037494495808015386,"UnitId":"Roche.C5800.UI","origin":"123","timestamp":"2026-09-23T02:41:45.261Z"}
{"Counter":"working-set-Tab","Mean":386,"UnitId":"Roche.C5800.UI","origin":"123","timestamp":"2026-09-23T02:41:45.261Z"}
{"Counter":"cpu-usage-Browser","Mean":0.00833207074687949,"UnitId":"Roche.C5800.UI","origin":"123","timestamp":"2026-09-23T02:41:45.261Z"}
{"Counter":"working-set-Browser","Mean":192,"UnitId":"Roche.C5800.UI","origin":"123","timestamp":"2026-09-23T02:41:45.261Z"}
{"Counter":"cpu-usage-combined","Mean":0.04582656655489488,"UnitId":"Roche.C5800.UI","origin":"123","timestamp":"2026-09-23T02:41:45.261Z"}
{"Counter":"working-set-combined","Mean":773,"UnitId":"Roche.C5800.UI","origin":"123","timestamp":"2026-09-23T02:41:45.261Z"}
{"Counter":"cpu-usage-GPU","Mean":0.008332487308121982,"UnitId":"Roche.C5800.UI","origin":"123","timestamp":"2026-09-23T02:42:15.264Z"}
{"Counter":"working-set-GPU","Mean":122,"UnitId":"Roche.C5800.UI","origin":"123","timestamp":"2026-09-23T02:42:15.264Z"}
{"Counter":"cpu-usage-Tab","Mean":0.041662615671669526,"UnitId":"Roche.C5800.UI","origin":"123","timestamp":"2026-09-23T02:42:15.264Z"}
{"Counter":"working-set-Tab","Mean":386,"UnitId":"Roche.C5800.UI","origin":"123","timestamp":"2026-09-23T02:42:15.264Z"}
{"Counter":"cpu-usage-Browser","Mean":0.0041663144742164464,"UnitId":"Roche.C5800.UI","origin":"123","timestamp":"2026-09-23T02:42:15.264Z"}
{"Counter":"working-set-Browser","Mean":192,"UnitId":"Roche.C5800.UI","origin":"123","timestamp":"2026-09-23T02:42:15.264Z"}
{"Counter":"cpu-usage-combined","Mean":0.05416141745400796,"UnitId":"Roche.C5800.UI","origin":"123","timestamp":"2026-09-23T02:42:15.264Z"}
{"Counter":"working-set-combined","Mean":773,"UnitId":"Roche.C5800.UI","origin":"123","timestamp":"2026-09-23T02:42:15.264Z"}
{"Counter":"cpu-usage-GPU","Mean":0,"UnitId":"Roche.C5800.UI","origin":"123","timestamp":"2026-09-23T02:42:45.264Z"}
{"Counter":"working-set-GPU","Mean":122,"UnitId":"Roche.C5800.UI","origin":"123","timestamp":"2026-09-23T02:42:45.264Z"}
{"Counter":"cpu-usage-Tab","Mean":0.033332276700161936,"UnitId":"Roche.C5800.UI","origin":"123","timestamp":"2026-09-23T02:42:45.264Z"}
{"Counter":"working-set-Tab","Mean":386,"UnitId":"Roche.C5800.UI","origin":"123","timestamp":"2026-09-23T02:42:45.264Z"}
{"Counter":"cpu-usage-Browser","Mean":0.004166440984446676,"UnitId":"Roche.C5800.UI","origin":"123","timestamp":"2026-09-23T02:42:45.264Z"}
{"Counter":"working-set-Browser","Mean":192,"UnitId":"Roche.C5800.UI","origin":"123","timestamp":"2026-09-23T02:42:45.264Z"}
{"Counter":"cpu-usage-combined","Mean":0.037498717684608614,"UnitId":"Roche.C5800.UI","origin":"123","timestamp":"2026-09-23T02:42:45.264Z"}
{"Counter":"working-set-combined","Mean":773,"UnitId":"Roche.C5800.UI","origin":"123","timestamp":"2026-09-23T02:42:45.264Z"}
{"Counter":"cpu-usage-GPU","Mean":0.004166414737455542,"UnitId":"Roche.C5800.UI","origin":"123","timestamp":"2026-09-23T02:43:15.266Z"}
{"Counter":"working-set-GPU","Mean":122,"UnitId":"Roche.C5800.UI","origin":"123","timestamp":"2026-09-23T02:43:15.266Z"}
{"Counter":"cpu-usage-Tab","Mean":0.03749798510826685,"UnitId":"Roche.C5800.UI","origin":"123","timestamp":"2026-09-23T02:43:15.266Z"}
{"Counter":"working-set-Tab","Mean":386,"UnitId":"Roche.C5800.UI","origin":"123","timestamp":"2026-09-23T02:43:15.266Z"}
{"Counter":"cpu-usage-Browser","Mean":0.008332991402919434,"UnitId":"Roche.C5800.UI","origin":"123","timestamp":"2026-09-23T02:43:15.266Z"}
{"Counter":"working-set-Browser","Mean":192,"UnitId":"Roche.C5800.UI","origin":"123","timestamp":"2026-09-23T02:43:15.266Z"}
{"Counter":"cpu-usage-combined","Mean":0.049997391248641825,"UnitId":"Roche.C5800.UI","origin":"123","timestamp":"2026-09-23T02:43:15.266Z"}
{"Counter":"working-set-combined","Mean":773,"UnitId":"Roche.C5800.UI","origin":"123","timestamp":"2026-09-23T02:43:15.266Z"}
{"Counter":"cpu-usage-GPU","Mean":0,"UnitId":"Roche.C5800.UI","origin":"123","timestamp":"2026-09-23T02:43:45.267Z"}
{"Counter":"working-set-GPU","Mean":122,"UnitId":"Roche.C5800.UI","origin":"123","timestamp":"2026-09-23T02:43:45.267Z"}
{"Counter":"cpu-usage-Tab","Mean":0.03333231558663075,"UnitId":"Roche.C5800.UI","origin":"123","timestamp":"2026-09-23T02:43:45.267Z"}
{"Counter":"working-set-Tab","Mean":386,"UnitId":"Roche.C5800.UI","origin":"123","timestamp":"2026-09-23T02:43:45.267Z"}
{"Counter":"cpu-usage-Browser","Mean":0.004166579168504128,"UnitId":"Roche.C5800.UI","origin":"123","timestamp":"2026-09-23T02:43:45.267Z"}
{"Counter":"working-set-Browser","Mean":192,"UnitId":"Roche.C5800.UI","origin":"123","timestamp":"2026-09-23T02:43:45.267Z"}
{"Counter":"cpu-usage-combined","Mean":0.03749889475513488,"UnitId":"Roche.C5800.UI","origin":"123","timestamp":"2026-09-23T02:43:45.267Z"}
{"Counter":"working-set-combined","Mean":773,"UnitId":"Roche.C5800.UI","origin":"123","timestamp":"2026-09-23T02:43:45.267Z"}
{"Counter":"cpu-usage-GPU","Mean":0.008333101950869164,"UnitId":"Roche.C5800.UI","origin":"123","timestamp":"2026-09-23T02:44:15.268Z"}
{"Counter":"working-set-GPU","Mean":122,"UnitId":"Roche.C5800.UI","origin":"123","timestamp":"2026-09-23T02:44:15.268Z"}
{"Counter":"cpu-usage-Tab","Mean":0.04583179949577688,"UnitId":"Roche.C5800.UI","origin":"123","timestamp":"2026-09-23T02:44:15.268Z"}
{"Counter":"working-set-Tab","Mean":386,"UnitId":"Roche.C5800.UI","origin":"123","timestamp":"2026-09-23T02:44:15.268Z"}
{"Counter":"cpu-usage-Browser","Mean":0.008332995291491008,"UnitId":"Roche.C5800.UI","origin":"123","timestamp":"2026-09-23T02:44:15.268Z"}
{"Counter":"working-set-Browser","Mean":192,"UnitId":"Roche.C5800.UI","origin":"123","timestamp":"2026-09-23T02:44:15.268Z"}
{"Counter":"cpu-usage-combined","Mean":0.0666644091049624,"UnitId":"Roche.C5800.UI","origin":"123","timestamp":"2026-09-23T02:44:15.268Z"}
{"Counter":"working-set-combined","Mean":773,"UnitId":"Roche.C5800.UI","origin":"123","timestamp":"2026-09-23T02:44:15.268Z"}
{"Counter":"cpu-usage-GPU","Mean":0,"UnitId":"Roche.C5800.UI","origin":"123","timestamp":"2026-09-23T02:44:45.280Z"}
{"Counter":"working-set-GPU","Mean":122,"UnitId":"Roche.C5800.UI","origin":"123","timestamp":"2026-09-23T02:44:45.280Z"}
{"Counter":"cpu-usage-Tab","Mean":0.03332050826970032,"UnitId":"Roche.C5800.UI","origin":"123","timestamp":"2026-09-23T02:44:45.280Z"}
{"Counter":"working-set-Tab","Mean":386,"UnitId":"Roche.C5800.UI","origin":"123","timestamp":"2026-09-23T02:44:45.280Z"}
{"Counter":"cpu-usage-Browser","Mean":0.00833012623473296,"UnitId":"Roche.C5800.UI","origin":"123","timestamp":"2026-09-23T02:44:45.280Z"}
{"Counter":"working-set-Browser","Mean":192,"UnitId":"Roche.C5800.UI","origin":"123","timestamp":"2026-09-23T02:44:45.280Z"}
{"Counter":"cpu-usage-combined","Mean":0.041650634504433286,"UnitId":"Roche.C5800.UI","origin":"123","timestamp":"2026-09-23T02:44:45.280Z"}
{"Counter":"working-set-combined","Mean":773,"UnitId":"Roche.C5800.UI","origin":"123","timestamp":"2026-09-23T02:44:45.280Z"}
{"Counter":"cpu-usage-GPU","Mean":0.004165178170827686,"UnitId":"Roche.C5800.UI","origin":"123","timestamp":"2026-09-23T02:45:15.290Z"}
{"Counter":"working-set-GPU","Mean":122,"UnitId":"Roche.C5800.UI","origin":"123","timestamp":"2026-09-23T02:45:15.290Z"}
{"Counter":"cpu-usage-Tab","Mean":0.04165152217320449,"UnitId":"Roche.C5800.UI","origin":"123","timestamp":"2026-09-23T02:45:15.290Z"}
{"Counter":"working-set-Tab","Mean":386,"UnitId":"Roche.C5800.UI","origin":"123","timestamp":"2026-09-23T02:45:15.290Z"}
{"Counter":"cpu-usage-Browser","Mean":0.008330259467589793,"UnitId":"Roche.C5800.UI","origin":"123","timestamp":"2026-09-23T02:45:15.290Z"}
{"Counter":"working-set-Browser","Mean":192,"UnitId":"Roche.C5800.UI","origin":"123","timestamp":"2026-09-23T02:45:15.290Z"}
{"Counter":"cpu-usage-combined","Mean":0.054146959811621966,"UnitId":"Roche.C5800.UI","origin":"123","timestamp":"2026-09-23T02:45:15.290Z"}
{"Counter":"working-set-combined","Mean":773,"UnitId":"Roche.C5800.UI","origin":"123","timestamp":"2026-09-23T02:45:15.290Z"}
{"Counter":"cpu-usage-GPU","Mean":0,"UnitId":"Roche.C5800.UI","origin":"123","timestamp":"2026-09-23T02:45:45.300Z"}
{"Counter":"working-set-GPU","Mean":122,"UnitId":"Roche.C5800.UI","origin":"123","timestamp":"2026-09-23T02:45:45.300Z"}
{"Counter":"cpu-usage-Tab","Mean":0.03332246243533818,"UnitId":"Roche.C5800.UI","origin":"123","timestamp":"2026-09-23T02:45:45.300Z"}
{"Counter":"working-set-Tab","Mean":386,"UnitId":"Roche.C5800.UI","origin":"123","timestamp":"2026-09-23T02:45:45.300Z"}
{"Counter":"cpu-usage-Browser","Mean":0.004165266304135216,"UnitId":"Roche.C5800.UI","origin":"123","timestamp":"2026-09-23T02:45:45.300Z"}
{"Counter":"working-set-Browser","Mean":192,"UnitId":"Roche.C5800.UI","origin":"123","timestamp":"2026-09-23T02:45:45.300Z"}
{"Counter":"cpu-usage-combined","Mean":0.0374877287394734,"UnitId":"Roche.C5800.UI","origin":"123","timestamp":"2026-09-23T02:45:45.300Z"}
{"Counter":"working-set-combined","Mean":773,"UnitId":"Roche.C5800.UI","origin":"123","timestamp":"2026-09-23T02:45:45.300Z"}
{"Counter":"cpu-usage-GPU","Mean":0.008331047849206701,"UnitId":"Roche.C5800.UI","origin":"123","timestamp":"2026-09-23T02:46:15.308Z"}
{"Counter":"working-set-GPU","Mean":122,"UnitId":"Roche.C5800.UI","origin":"123","timestamp":"2026-09-23T02:46:15.308Z"}
{"Counter":"cpu-usage-Tab","Mean":0.03748987398503664,"UnitId":"Roche.C5800.UI","origin":"123","timestamp":"2026-09-23T02:46:15.308Z"}
{"Counter":"working-set-Tab","Mean":385,"UnitId":"Roche.C5800.UI","origin":"123","timestamp":"2026-09-23T02:46:15.308Z"}
{"Counter":"cpu-usage-Browser","Mean":0.004165599440090115,"UnitId":"Roche.C5800.UI","origin":"123","timestamp":"2026-09-23T02:46:15.308Z"}
{"Counter":"working-set-Browser","Mean":192,"UnitId":"Roche.C5800.UI","origin":"123","timestamp":"2026-09-23T02:46:15.308Z"}
{"Counter":"cpu-usage-combined","Mean":0.04998652127433346,"UnitId":"Roche.C5800.UI","origin":"123","timestamp":"2026-09-23T02:46:15.308Z"}
{"Counter":"working-set-combined","Mean":772,"UnitId":"Roche.C5800.UI","origin":"123","timestamp":"2026-09-23T02:46:15.308Z"}
{"Counter":"cpu-usage-GPU","Mean":0,"UnitId":"Roche.C5800.UI","origin":"123","timestamp":"2026-09-23T02:46:45.316Z"}
{"Counter":"working-set-GPU","Mean":122,"UnitId":"Roche.C5800.UI","origin":"123","timestamp":"2026-09-23T02:46:45.316Z"}
{"Counter":"cpu-usage-Tab","Mean":0.0333248543795507,"UnitId":"Roche.C5800.UI","origin":"123","timestamp":"2026-09-23T02:46:45.316Z"}
{"Counter":"working-set-Tab","Mean":386,"UnitId":"Roche.C5800.UI","origin":"123","timestamp":"2026-09-23T02:46:45.316Z"}
{"Counter":"cpu-usage-Browser","Mean":0.0041656427516783045,"UnitId":"Roche.C5800.UI","origin":"123","timestamp":"2026-09-23T02:46:45.316Z"}
{"Counter":"working-set-Browser","Mean":192,"UnitId":"Roche.C5800.UI","origin":"123","timestamp":"2026-09-23T02:46:45.316Z"}
{"Counter":"cpu-usage-combined","Mean":0.037490497131229004,"UnitId":"Roche.C5800.UI","origin":"123","timestamp":"2026-09-23T02:46:45.316Z"}
{"Counter":"working-set-combined","Mean":773,"UnitId":"Roche.C5800.UI","origin":"123","timestamp":"2026-09-23T02:46:45.316Z"}
{"Counter":"cpu-usage-GPU","Mean":0.00416548894409254,"UnitId":"Roche.C5800.UI","origin":"123","timestamp":"2026-09-23T02:47:15.325Z"}
{"Counter":"working-set-GPU","Mean":122,"UnitId":"Roche.C5800.UI","origin":"123","timestamp":"2026-09-23T02:47:15.325Z"}
{"Counter":"cpu-usage-Tab","Mean":0.04165487694799449,"UnitId":"Roche.C5800.UI","origin":"123","timestamp":"2026-09-23T02:47:15.325Z"}
{"Counter":"working-set-Tab","Mean":386,"UnitId":"Roche.C5800.UI","origin":"123","timestamp":"2026-09-23T02:47:15.325Z"}
{"Counter":"cpu-usage-Browser","Mean":0.012496453506494858,"UnitId":"Roche.C5800.UI","origin":"123","timestamp":"2026-09-23T02:47:15.325Z"}
{"Counter":"working-set-Browser","Mean":192,"UnitId":"Roche.C5800.UI","origin":"123","timestamp":"2026-09-23T02:47:15.325Z"}
{"Counter":"cpu-usage-combined","Mean":0.06248230626051969,"UnitId":"Roche.C5800.UI","origin":"123","timestamp":"2026-09-23T02:47:15.325Z"}
{"Counter":"working-set-combined","Mean":773,"UnitId":"Roche.C5800.UI","origin":"123","timestamp":"2026-09-23T02:47:15.325Z"}
{"Counter":"cpu-usage-GPU","Mean":0,"UnitId":"Roche.C5800.UI","origin":"123","timestamp":"2026-09-23T02:47:45.332Z"}
{"Counter":"working-set-GPU","Mean":122,"UnitId":"Roche.C5800.UI","origin":"123","timestamp":"2026-09-23T02:47:45.332Z"}
{"Counter":"cpu-usage-Tab","Mean":0.03332516200361005,"UnitId":"Roche.C5800.UI","origin":"123","timestamp":"2026-09-23T02:47:45.332Z"}
{"Counter":"working-set-Tab","Mean":386,"UnitId":"Roche.C5800.UI","origin":"123","timestamp":"2026-09-23T02:47:45.332Z"}
{"Counter":"cpu-usage-Browser","Mean":0.004165639419985699,"UnitId":"Roche.C5800.UI","origin":"123","timestamp":"2026-09-23T02:47:45.332Z"}
{"Counter":"working-set-Browser","Mean":192,"UnitId":"Roche.C5800.UI","origin":"123","timestamp":"2026-09-23T02:47:45.332Z"}
{"Counter":"cpu-usage-combined","Mean":0.037490801423595746,"UnitId":"Roche.C5800.UI","origin":"123","timestamp":"2026-09-23T02:47:45.332Z"}
{"Counter":"working-set-combined","Mean":773,"UnitId":"Roche.C5800.UI","origin":"123","timestamp":"2026-09-23T02:47:45.332Z"}
{"Counter":"cpu-usage-GPU","Mean":0.00416569911361921,"UnitId":"Roche.C5800.UI","origin":"123","timestamp":"2026-09-23T02:48:15.339Z"}
{"Counter":"working-set-GPU","Mean":122,"UnitId":"Roche.C5800.UI","origin":"123","timestamp":"2026-09-23T02:48:15.339Z"}
{"Counter":"cpu-usage-Tab","Mean":0.03749100965588452,"UnitId":"Roche.C5800.UI","origin":"123","timestamp":"2026-09-23T02:48:15.339Z"}
{"Counter":"working-set-Tab","Mean":385,"UnitId":"Roche.C5800.UI","origin":"123","timestamp":"2026-09-23T02:48:15.339Z"}
{"Counter":"cpu-usage-Browser","Mean":0.004165611239632252,"UnitId":"Roche.C5800.UI","origin":"123","timestamp":"2026-09-23T02:48:15.339Z"}
{"Counter":"working-set-Browser","Mean":192,"UnitId":"Roche.C5800.UI","origin":"123","timestamp":"2026-09-23T02:48:15.339Z"}
{"Counter":"cpu-usage-combined","Mean":0.045822320009135976,"UnitId":"Roche.C5800.UI","origin":"123","timestamp":"2026-09-23T02:48:15.339Z"}
{"Counter":"working-set-combined","Mean":772,"UnitId":"Roche.C5800.UI","origin":"123","timestamp":"2026-09-23T02:48:15.339Z"}
{"Counter":"cpu-usage-GPU","Mean":0,"UnitId":"Roche.C5800.UI","origin":"123","timestamp":"2026-09-23T02:48:45.344Z"}
{"Counter":"working-set-GPU","Mean":122,"UnitId":"Roche.C5800.UI","origin":"123","timestamp":"2026-09-23T02:48:45.344Z"}
{"Counter":"cpu-usage-Tab","Mean":0.037493913488043776,"UnitId":"Roche.C5800.UI","origin":"123","timestamp":"2026-09-23T02:48:45.344Z"}
{"Counter":"working-set-Tab","Mean":386,"UnitId":"Roche.C5800.UI","origin":"123","timestamp":"2026-09-23T02:48:45.344Z"}
{"Counter":"cpu-usage-Browser","Mean":0.008332116288880738,"UnitId":"Roche.C5800.UI","origin":"123","timestamp":"2026-09-23T02:48:45.344Z"}
{"Counter":"working-set-Browser","Mean":192,"UnitId":"Roche.C5800.UI","origin":"123","timestamp":"2026-09-23T02:48:45.344Z"}
{"Counter":"cpu-usage-combined","Mean":0.045826029776924515,"UnitId":"Roche.C5800.UI","origin":"123","timestamp":"2026-09-23T02:48:45.344Z"}
{"Counter":"working-set-combined","Mean":773,"UnitId":"Roche.C5800.UI","origin":"123","timestamp":"2026-09-23T02:48:45.344Z"}
{"Counter":"cpu-usage-GPU","Mean":0.004166125764671553,"UnitId":"Roche.C5800.UI","origin":"123","timestamp":"2026-09-23T02:49:15.348Z"}
{"Counter":"working-set-GPU","Mean":122,"UnitId":"Roche.C5800.UI","origin":"123","timestamp":"2026-09-23T02:49:15.348Z"}
{"Counter":"cpu-usage-Tab","Mean":0.0374948107181966,"UnitId":"Roche.C5800.UI","origin":"123","timestamp":"2026-09-23T02:49:15.348Z"}
{"Counter":"working-set-Tab","Mean":386,"UnitId":"Roche.C5800.UI","origin":"123","timestamp":"2026-09-23T02:49:15.348Z"}
{"Counter":"cpu-usage-Browser","Mean":0.004166024265724892,"UnitId":"Roche.C5800.UI","origin":"123","timestamp":"2026-09-23T02:49:15.348Z"}
{"Counter":"working-set-Browser","Mean":192,"UnitId":"Roche.C5800.UI","origin":"123","timestamp":"2026-09-23T02:49:15.348Z"}
{"Counter":"cpu-usage-combined","Mean":0.04582696074859305,"UnitId":"Roche.C5800.UI","origin":"123","timestamp":"2026-09-23T02:49:15.348Z"}
{"Counter":"working-set-combined","Mean":773,"UnitId":"Roche.C5800.UI","origin":"123","timestamp":"2026-09-23T02:49:15.348Z"}
{"Counter":"cpu-usage-GPU","Mean":0,"UnitId":"Roche.C5800.UI","origin":"123","timestamp":"2026-09-23T02:49:45.350Z"}
{"Counter":"working-set-GPU","Mean":122,"UnitId":"Roche.C5800.UI","origin":"123","timestamp":"2026-09-23T02:49:45.350Z"}
{"Counter":"cpu-usage-Tab","Mean":0.033331608978095534,"UnitId":"Roche.C5800.UI","origin":"123","timestamp":"2026-09-23T02:49:45.350Z"}
{"Counter":"working-set-Tab","Mean":386,"UnitId":"Roche.C5800.UI","origin":"123","timestamp":"2026-09-23T02:49:45.350Z"}
{"Counter":"cpu-usage-Browser","Mean":0.008332927797513854,"UnitId":"Roche.C5800.UI","origin":"123","timestamp":"2026-09-23T02:49:45.350Z"}
{"Counter":"working-set-Browser","Mean":192,"UnitId":"Roche.C5800.UI","origin":"123","timestamp":"2026-09-23T02:49:45.350Z"}
{"Counter":"cpu-usage-combined","Mean":0.041664536775609384,"UnitId":"Roche.C5800.UI","origin":"123","timestamp":"2026-09-23T02:49:45.350Z"}
{"Counter":"working-set-combined","Mean":773,"UnitId":"Roche.C5800.UI","origin":"123","timestamp":"2026-09-23T02:49:45.350Z"}
{"Counter":"cpu-usage-GPU","Mean":0.004166565141362722,"UnitId":"Roche.C5800.UI","origin":"123","timestamp":"2026-09-23T02:50:15.350Z"}
{"Counter":"working-set-GPU","Mean":122,"UnitId":"Roche.C5800.UI","origin":"123","timestamp":"2026-09-23T02:50:15.350Z"}
{"Counter":"cpu-usage-Tab","Mean":0.041665713910675244,"UnitId":"Roche.C5800.UI","origin":"123","timestamp":"2026-09-23T02:50:15.350Z"}
{"Counter":"working-set-Tab","Mean":386,"UnitId":"Roche.C5800.UI","origin":"123","timestamp":"2026-09-23T02:50:15.350Z"}
{"Counter":"cpu-usage-Browser","Mean":0.012499742088654904,"UnitId":"Roche.C5800.UI","origin":"123","timestamp":"2026-09-23T02:50:15.350Z"}
{"Counter":"working-set-Browser","Mean":192,"UnitId":"Roche.C5800.UI","origin":"123","timestamp":"2026-09-23T02:50:15.350Z"}
{"Counter":"cpu-usage-combined","Mean":0.06249859433723416,"UnitId":"Roche.C5800.UI","origin":"123","timestamp":"2026-09-23T02:50:15.350Z"}
{"Counter":"working-set-combined","Mean":773,"UnitId":"Roche.C5800.UI","origin":"123","timestamp":"2026-09-23T02:50:15.350Z"}
{"Counter":"cpu-usage-GPU","Mean":0,"UnitId":"Roche.C5800.UI","origin":"123","timestamp":"2026-09-23T02:50:45.351Z"}
{"Counter":"working-set-GPU","Mean":122,"UnitId":"Roche.C5800.UI","origin":"123","timestamp":"2026-09-23T02:50:45.351Z"}
{"Counter":"cpu-usage-Tab","Mean":0.03333296111526755,"UnitId":"Roche.C5800.UI","origin":"123","timestamp":"2026-09-23T02:50:45.351Z"}
{"Counter":"working-set-Tab","Mean":385,"UnitId":"Roche.C5800.UI","origin":"123","timestamp":"2026-09-23T02:50:45.351Z"}
{"Counter":"cpu-usage-Browser","Mean":0,"UnitId":"Roche.C5800.UI","origin":"123","timestamp":"2026-09-23T02:50:45.351Z"}
{"Counter":"working-set-Browser","Mean":192,"UnitId":"Roche.C5800.UI","origin":"123","timestamp":"2026-09-23T02:50:45.351Z"}
{"Counter":"cpu-usage-combined","Mean":0.03333296111526755,"UnitId":"Roche.C5800.UI","origin":"123","timestamp":"2026-09-23T02:50:45.351Z"}
{"Counter":"working-set-combined","Mean":772,"UnitId":"Roche.C5800.UI","origin":"123","timestamp":"2026-09-23T02:50:45.351Z"}
{"Counter":"cpu-usage-GPU","Mean":0.00833327083380208,"UnitId":"Roche.C5800.UI","origin":"123","timestamp":"2026-09-23T02:51:15.351Z"}
{"Counter":"working-set-GPU","Mean":122,"UnitId":"Roche.C5800.UI","origin":"123","timestamp":"2026-09-23T02:51:15.351Z"}
{"Counter":"cpu-usage-Tab","Mean":0.037499732501908155,"UnitId":"Roche.C5800.UI","origin":"123","timestamp":"2026-09-23T02:51:15.351Z"}
{"Counter":"working-set-Tab","Mean":386,"UnitId":"Roche.C5800.UI","origin":"123","timestamp":"2026-09-23T02:51:15.351Z"}
{"Counter":"cpu-usage-Browser","Mean":0.008333279167018749,"UnitId":"Roche.C5800.UI","origin":"123","timestamp":"2026-09-23T02:51:15.351Z"}
{"Counter":"working-set-Browser","Mean":192,"UnitId":"Roche.C5800.UI","origin":"123","timestamp":"2026-09-23T02:51:15.351Z"}
{"Counter":"cpu-usage-combined","Mean":0.05416628250272898,"UnitId":"Roche.C5800.UI","origin":"123","timestamp":"2026-09-23T02:51:15.351Z"}
{"Counter":"working-set-combined","Mean":773,"UnitId":"Roche.C5800.UI","origin":"123","timestamp":"2026-09-23T02:51:15.351Z"}
{"Counter":"cpu-usage-GPU","Mean":0,"UnitId":"Roche.C5800.UI","origin":"123","timestamp":"2026-09-23T02:51:45.365Z"}
{"Counter":"working-set-GPU","Mean":122,"UnitId":"Roche.C5800.UI","origin":"123","timestamp":"2026-09-23T02:51:45.365Z"}
{"Counter":"cpu-usage-Tab","Mean":0.033318010380359406,"UnitId":"Roche.C5800.UI","origin":"123","timestamp":"2026-09-23T02:51:45.365Z"}
{"Counter":"working-set-Tab","Mean":386,"UnitId":"Roche.C5800.UI","origin":"123","timestamp":"2026-09-23T02:51:45.365Z"}
{"Counter":"cpu-usage-Browser","Mean":0.008329570311119113,"UnitId":"Roche.C5800.UI","origin":"123","timestamp":"2026-09-23T02:51:45.365Z"}
{"Counter":"working-set-Browser","Mean":192,"UnitId":"Roche.C5800.UI","origin":"123","timestamp":"2026-09-23T02:51:45.365Z"}
{"Counter":"cpu-usage-combined","Mean":0.04164758069147852,"UnitId":"Roche.C5800.UI","origin":"123","timestamp":"2026-09-23T02:51:45.365Z"}
{"Counter":"working-set-combined","Mean":773,"UnitId":"Roche.C5800.UI","origin":"123","timestamp":"2026-09-23T02:51:45.365Z"}
{"Counter":"cpu-usage-GPU","Mean":0,"UnitId":"Roche.C5800.UI","origin":"123","timestamp":"2026-09-23T02:52:15.372Z"}
{"Counter":"working-set-GPU","Mean":122,"UnitId":"Roche.C5800.UI","origin":"123","timestamp":"2026-09-23T02:52:15.372Z"}
{"Counter":"cpu-usage-Tab","Mean":0.03749129826967161,"UnitId":"Roche.C5800.UI","origin":"123","timestamp":"2026-09-23T02:52:15.372Z"}
{"Counter":"working-set-Tab","Mean":386,"UnitId":"Roche.C5800.UI","origin":"123","timestamp":"2026-09-23T02:52:15.372Z"}
{"Counter":"cpu-usage-Browser","Mean":0.004165698419497361,"UnitId":"Roche.C5800.UI","origin":"123","timestamp":"2026-09-23T02:52:15.372Z"}
{"Counter":"working-set-Browser","Mean":192,"UnitId":"Roche.C5800.UI","origin":"123","timestamp":"2026-09-23T02:52:15.372Z"}
{"Counter":"cpu-usage-combined","Mean":0.045822696080436986,"UnitId":"Roche.C5800.UI","origin":"123","timestamp":"2026-09-23T02:52:15.372Z"}
{"Counter":"working-set-combined","Mean":773,"UnitId":"Roche.C5800.UI","origin":"123","timestamp":"2026-09-23T02:52:15.372Z"}
{"Counter":"cpu-usage-GPU","Mean":0.004164929335809722,"UnitId":"Roche.C5800.UI","origin":"123","timestamp":"2026-09-23T02:52:45.384Z"}
{"Counter":"working-set-GPU","Mean":122,"UnitId":"Roche.C5800.UI","origin":"123","timestamp":"2026-09-23T02:52:45.384Z"}
{"Counter":"cpu-usage-Tab","Mean":0.03748407426631339,"UnitId":"Roche.C5800.UI","origin":"123","timestamp":"2026-09-23T02:52:45.384Z"}
{"Counter":"working-set-Tab","Mean":385,"UnitId":"Roche.C5800.UI","origin":"123","timestamp":"2026-09-23T02:52:45.384Z"}
{"Counter":"cpu-usage-Browser","Mean":0.004165028422153953,"UnitId":"Roche.C5800.UI","origin":"123","timestamp":"2026-09-23T02:52:45.384Z"}
{"Counter":"working-set-Browser","Mean":192,"UnitId":"Roche.C5800.UI","origin":"123","timestamp":"2026-09-23T02:52:45.384Z"}
{"Counter":"cpu-usage-combined","Mean":0.045814032024277064,"UnitId":"Roche.C5800.UI","origin":"123","timestamp":"2026-09-23T02:52:45.384Z"}
{"Counter":"working-set-combined","Mean":772,"UnitId":"Roche.C5800.UI","origin":"123","timestamp":"2026-09-23T02:52:45.384Z"}
{"Counter":"cpu-usage-GPU","Mean":0.004165016625913368,"UnitId":"Roche.C5800.UI","origin":"123","timestamp":"2026-09-23T02:53:15.396Z"}
{"Counter":"working-set-GPU","Mean":122,"UnitId":"Roche.C5800.UI","origin":"123","timestamp":"2026-09-23T02:53:15.396Z"}
{"Counter":"cpu-usage-Tab","Mean":0.03748539943691932,"UnitId":"Roche.C5800.UI","origin":"123","timestamp":"2026-09-23T02:53:15.396Z"}
{"Counter":"working-set-Tab","Mean":385,"UnitId":"Roche.C5800.UI","origin":"123","timestamp":"2026-09-23T02:53:15.396Z"}
{"Counter":"cpu-usage-Browser","Mean":0.004164955564089087,"UnitId":"Roche.C5800.UI","origin":"123","timestamp":"2026-09-23T02:53:15.396Z"}
{"Counter":"working-set-Browser","Mean":192,"UnitId":"Roche.C5800.UI","origin":"123","timestamp":"2026-09-23T02:53:15.396Z"}
{"Counter":"cpu-usage-combined","Mean":0.04581537162692178,"UnitId":"Roche.C5800.UI","origin":"123","timestamp":"2026-09-23T02:53:15.396Z"}
{"Counter":"working-set-combined","Mean":772,"UnitId":"Roche.C5800.UI","origin":"123","timestamp":"2026-09-23T02:53:15.396Z"}
{"Counter":"cpu-usage-GPU","Mean":0,"UnitId":"Roche.C5800.UI","origin":"123","timestamp":"2026-09-23T02:53:45.406Z"}
{"Counter":"working-set-GPU","Mean":122,"UnitId":"Roche.C5800.UI","origin":"123","timestamp":"2026-09-23T02:53:45.406Z"}
{"Counter":"cpu-usage-Tab","Mean":0.03332269672853758,"UnitId":"Roche.C5800.UI","origin":"123","timestamp":"2026-09-23T02:53:45.406Z"}
{"Counter":"working-set-Tab","Mean":386,"UnitId":"Roche.C5800.UI","origin":"123","timestamp":"2026-09-23T02:53:45.406Z"}
{"Counter":"cpu-usage-Browser","Mean":0.0041652546453418956,"UnitId":"Roche.C5800.UI","origin":"123","timestamp":"2026-09-23T02:53:45.406Z"}
{"Counter":"working-set-Browser","Mean":192,"UnitId":"Roche.C5800.UI","origin":"123","timestamp":"2026-09-23T02:53:45.406Z"}
{"Counter":"cpu-usage-combined","Mean":0.03748795137387948,"UnitId":"Roche.C5800.UI","origin":"123","timestamp":"2026-09-23T02:53:45.406Z"}
{"Counter":"working-set-combined","Mean":773,"UnitId":"Roche.C5800.UI","origin":"123","timestamp":"2026-09-23T02:53:45.406Z"}
{"Counter":"cpu-usage-GPU","Mean":0.004165510459813371,"UnitId":"Roche.C5800.UI","origin":"123","timestamp":"2026-09-23T02:54:15.414Z"}
{"Counter":"working-set-GPU","Mean":122,"UnitId":"Roche.C5800.UI","origin":"123","timestamp":"2026-09-23T02:54:15.414Z"}
{"Counter":"cpu-usage-Tab","Mean":0.03748958164526078,"UnitId":"Roche.C5800.UI","origin":"123","timestamp":"2026-09-23T02:54:15.414Z"}
{"Counter":"working-set-Tab","Mean":386,"UnitId":"Roche.C5800.UI","origin":"123","timestamp":"2026-09-23T02:54:15.414Z"}
{"Counter":"cpu-usage-Browser","Mean":0.008331010647564792,"UnitId":"Roche.C5800.UI","origin":"123","timestamp":"2026-09-23T02:54:15.414Z"}
{"Counter":"working-set-Browser","Mean":192,"UnitId":"Roche.C5800.UI","origin":"123","timestamp":"2026-09-23T02:54:15.414Z"}
{"Counter":"cpu-usage-combined","Mean":0.04998610275263895,"UnitId":"Roche.C5800.UI","origin":"123","timestamp":"2026-09-23T02:54:15.414Z"}
{"Counter":"working-set-combined","Mean":773,"UnitId":"Roche.C5800.UI","origin":"123","timestamp":"2026-09-23T02:54:15.414Z"}
{"Counter":"cpu-usage-GPU","Mean":0,"UnitId":"Roche.C5800.UI","origin":"123","timestamp":"2026-09-23T02:54:45.422Z"}
{"Counter":"working-set-GPU","Mean":122,"UnitId":"Roche.C5800.UI","origin":"123","timestamp":"2026-09-23T02:54:45.422Z"}
{"Counter":"cpu-usage-Tab","Mean":0.03332454342959472,"UnitId":"Roche.C5800.UI","origin":"123","timestamp":"2026-09-23T02:54:45.422Z"}
{"Counter":"working-set-Tab","Mean":385,"UnitId":"Roche.C5800.UI","origin":"123","timestamp":"2026-09-23T02:54:45.422Z"}
{"Counter":"cpu-usage-Browser","Mean":0.004165570843830017,"UnitId":"Roche.C5800.UI","origin":"123","timestamp":"2026-09-23T02:54:45.422Z"}
{"Counter":"working-set-Browser","Mean":192,"UnitId":"Roche.C5800.UI","origin":"123","timestamp":"2026-09-23T02:54:45.422Z"}
{"Counter":"cpu-usage-combined","Mean":0.04165568303501814,"UnitId":"Roche.C5800.UI","origin":"123","timestamp":"2026-09-23T02:54:45.422Z"}
{"Counter":"working-set-combined","Mean":772,"UnitId":"Roche.C5800.UI","origin":"123","timestamp":"2026-09-23T02:54:45.422Z"}
{"Counter":"cpu-usage-GPU","Mean":0.004165781715770847,"UnitId":"Roche.C5800.UI","origin":"123","timestamp":"2026-09-23T02:55:15.428Z"}
{"Counter":"working-set-GPU","Mean":122,"UnitId":"Roche.C5800.UI","origin":"123","timestamp":"2026-09-23T02:55:15.428Z"}
{"Counter":"cpu-usage-Tab","Mean":0.03749188300732891,"UnitId":"Roche.C5800.UI","origin":"123","timestamp":"2026-09-23T02:55:15.428Z"}
{"Counter":"working-set-Tab","Mean":386,"UnitId":"Roche.C5800.UI","origin":"123","timestamp":"2026-09-23T02:55:15.428Z"}
{"Counter":"cpu-usage-Browser","Mean":0.01249721187203135,"UnitId":"Roche.C5800.UI","origin":"123","timestamp":"2026-09-23T02:55:15.428Z"}
{"Counter":"working-set-Browser","Mean":192,"UnitId":"Roche.C5800.UI","origin":"123","timestamp":"2026-09-23T02:55:15.428Z"}
{"Counter":"cpu-usage-combined","Mean":0.05415487659513111,"UnitId":"Roche.C5800.UI","origin":"123","timestamp":"2026-09-23T02:55:15.428Z"}
{"Counter":"working-set-combined","Mean":773,"UnitId":"Roche.C5800.UI","origin":"123","timestamp":"2026-09-23T02:55:15.428Z"}
{"Counter":"cpu-usage-GPU","Mean":0,"UnitId":"Roche.C5800.UI","origin":"123","timestamp":"2026-09-23T02:55:45.432Z"}
{"Counter":"working-set-GPU","Mean":122,"UnitId":"Roche.C5800.UI","origin":"123","timestamp":"2026-09-23T02:55:45.432Z"}
{"Counter":"cpu-usage-Tab","Mean":0.037495479295046326,"UnitId":"Roche.C5800.UI","origin":"123","timestamp":"2026-09-23T02:55:45.432Z"}
{"Counter":"working-set-Tab","Mean":386,"UnitId":"Roche.C5800.UI","origin":"123","timestamp":"2026-09-23T02:55:45.432Z"}
{"Counter":"cpu-usage-Browser","Mean":0.0041662332395353135,"UnitId":"Roche.C5800.UI","origin":"123","timestamp":"2026-09-23T02:55:45.432Z"}
{"Counter":"working-set-Browser","Mean":192,"UnitId":"Roche.C5800.UI","origin":"123","timestamp":"2026-09-23T02:55:45.432Z"}
{"Counter":"cpu-usage-combined","Mean":0.04166171253458164,"UnitId":"Roche.C5800.UI","origin":"123","timestamp":"2026-09-23T02:55:45.432Z"}
{"Counter":"working-set-combined","Mean":773,"UnitId":"Roche.C5800.UI","origin":"123","timestamp":"2026-09-23T02:55:45.432Z"}
{"Counter":"cpu-usage-GPU","Mean":0.004165962341300164,"UnitId":"Roche.C5800.UI","origin":"123","timestamp":"2026-09-23T02:56:15.437Z"}
{"Counter":"working-set-GPU","Mean":122,"UnitId":"Roche.C5800.UI","origin":"123","timestamp":"2026-09-23T02:56:15.437Z"}
{"Counter":"cpu-usage-Tab","Mean":0.033327397723798724,"UnitId":"Roche.C5800.UI","origin":"123","timestamp":"2026-09-23T02:56:15.437Z"}
{"Counter":"working-set-Tab","Mean":386,"UnitId":"Roche.C5800.UI","origin":"123","timestamp":"2026-09-23T02:56:15.437Z"}
{"Counter":"cpu-usage-Browser","Mean":0.004165845300834852,"UnitId":"Roche.C5800.UI","origin":"123","timestamp":"2026-09-23T02:56:15.437Z"}
{"Counter":"working-set-Browser","Mean":192,"UnitId":"Roche.C5800.UI","origin":"123","timestamp":"2026-09-23T02:56:15.437Z"}
{"Counter":"cpu-usage-combined","Mean":0.04165920536593374,"UnitId":"Roche.C5800.UI","origin":"123","timestamp":"2026-09-23T02:56:15.437Z"}
{"Counter":"working-set-combined","Mean":773,"UnitId":"Roche.C5800.UI","origin":"123","timestamp":"2026-09-23T02:56:15.437Z"}
{"Counter":"cpu-usage-GPU","Mean":0,"UnitId":"Roche.C5800.UI","origin":"123","timestamp":"2026-09-23T02:56:45.442Z"}
{"Counter":"working-set-GPU","Mean":122,"UnitId":"Roche.C5800.UI","origin":"123","timestamp":"2026-09-23T02:56:45.442Z"}
{"Counter":"cpu-usage-Tab","Mean":0.03332825632895255,"UnitId":"Roche.C5800.UI","origin":"123","timestamp":"2026-09-23T02:56:45.442Z"}
{"Counter":"working-set-Tab","Mean":386,"UnitId":"Roche.C5800.UI","origin":"123","timestamp":"2026-09-23T02:56:45.442Z"}
{"Counter":"cpu-usage-Browser","Mean":0.004166066614205334,"UnitId":"Roche.C5800.UI","origin":"123","timestamp":"2026-09-23T02:56:45.442Z"}
{"Counter":"working-set-Browser","Mean":192,"UnitId":"Roche.C5800.UI","origin":"123","timestamp":"2026-09-23T02:56:45.442Z"}
{"Counter":"cpu-usage-combined","Mean":0.03749432294315789,"UnitId":"Roche.C5800.UI","origin":"123","timestamp":"2026-09-23T02:56:45.442Z"}
{"Counter":"working-set-combined","Mean":773,"UnitId":"Roche.C5800.UI","origin":"123","timestamp":"2026-09-23T02:56:45.442Z"}
{"Counter":"cpu-usage-GPU","Mean":0.008332678662546413,"UnitId":"Roche.C5800.UI","origin":"123","timestamp":"2026-09-23T02:57:15.444Z"}
{"Counter":"working-set-GPU","Mean":122,"UnitId":"Roche.C5800.UI","origin":"123","timestamp":"2026-09-23T02:57:15.444Z"}
{"Counter":"cpu-usage-Tab","Mean":0.045829754029543625,"UnitId":"Roche.C5800.UI","origin":"123","timestamp":"2026-09-23T02:57:15.444Z"}
{"Counter":"working-set-Tab","Mean":386,"UnitId":"Roche.C5800.UI","origin":"123","timestamp":"2026-09-23T02:57:15.444Z"}
{"Counter":"cpu-usage-Browser","Mean":0.008332703658693525,"UnitId":"Roche.C5800.UI","origin":"123","timestamp":"2026-09-23T02:57:15.444Z"}
{"Counter":"working-set-Browser","Mean":192,"UnitId":"Roche.C5800.UI","origin":"123","timestamp":"2026-09-23T02:57:15.444Z"}
{"Counter":"cpu-usage-combined","Mean":0.06666148679145179,"UnitId":"Roche.C5800.UI","origin":"123","timestamp":"2026-09-23T02:57:15.444Z"}
{"Counter":"working-set-combined","Mean":773,"UnitId":"Roche.C5800.UI","origin":"123","timestamp":"2026-09-23T02:57:15.444Z"}
{"Counter":"cpu-usage-GPU","Mean":0,"UnitId":"Roche.C5800.UI","origin":"123","timestamp":"2026-09-23T02:57:45.446Z"}
{"Counter":"working-set-GPU","Mean":122,"UnitId":"Roche.C5800.UI","origin":"123","timestamp":"2026-09-23T02:57:45.446Z"}
{"Counter":"cpu-usage-Tab","Mean":0.03333156564930173,"UnitId":"Roche.C5800.UI","origin":"123","timestamp":"2026-09-23T02:57:45.446Z"}
{"Counter":"working-set-Tab","Mean":386,"UnitId":"Roche.C5800.UI","origin":"123","timestamp":"2026-09-23T02:57:45.446Z"}
{"Counter":"cpu-usage-Browser","Mean":0.00833281086609203,"UnitId":"Roche.C5800.UI","origin":"123","timestamp":"2026-09-23T02:57:45.446Z"}
{"Counter":"working-set-Browser","Mean":192,"UnitId":"Roche.C5800.UI","origin":"123","timestamp":"2026-09-23T02:57:45.446Z"}
{"Counter":"cpu-usage-combined","Mean":0.04166437651539376,"UnitId":"Roche.C5800.UI","origin":"123","timestamp":"2026-09-23T02:57:45.446Z"}
{"Counter":"working-set-combined","Mean":773,"UnitId":"Roche.C5800.UI","origin":"123","timestamp":"2026-09-23T02:57:45.446Z"}
{"Counter":"cpu-usage-GPU","Mean":0.004166535420800911,"UnitId":"Roche.C5800.UI","origin":"123","timestamp":"2026-09-23T02:58:15.447Z"}
{"Counter":"working-set-GPU","Mean":122,"UnitId":"Roche.C5800.UI","origin":"123","timestamp":"2026-09-23T02:58:15.447Z"}
{"Counter":"cpu-usage-Tab","Mean":0.03749899877673266,"UnitId":"Roche.C5800.UI","origin":"123","timestamp":"2026-09-23T02:58:15.447Z"}
{"Counter":"working-set-Tab","Mean":386,"UnitId":"Roche.C5800.UI","origin":"123","timestamp":"2026-09-23T02:58:15.447Z"}
{"Counter":"cpu-usage-Browser","Mean":0.0041666136117866764,"UnitId":"Roche.C5800.UI","origin":"123","timestamp":"2026-09-23T02:58:15.447Z"}
{"Counter":"working-set-Browser","Mean":192,"UnitId":"Roche.C5800.UI","origin":"123","timestamp":"2026-09-23T02:58:15.447Z"}
{"Counter":"cpu-usage-combined","Mean":0.04583214780932025,"UnitId":"Roche.C5800.UI","origin":"123","timestamp":"2026-09-23T02:58:15.447Z"}
{"Counter":"working-set-combined","Mean":773,"UnitId":"Roche.C5800.UI","origin":"123","timestamp":"2026-09-23T02:58:15.447Z"}
{"Counter":"cpu-usage-GPU","Mean":0,"UnitId":"Roche.C5800.UI","origin":"123","timestamp":"2026-09-23T02:58:45.447Z"}
{"Counter":"working-set-GPU","Mean":122,"UnitId":"Roche.C5800.UI","origin":"123","timestamp":"2026-09-23T02:58:45.447Z"}
{"Counter":"cpu-usage-Tab","Mean":0.03333261668207467,"UnitId":"Roche.C5800.UI","origin":"123","timestamp":"2026-09-23T02:58:45.447Z"}
{"Counter":"working-set-Tab","Mean":386,"UnitId":"Roche.C5800.UI","origin":"123","timestamp":"2026-09-23T02:58:45.447Z"}
{"Counter":"cpu-usage-Browser","Mean":0.0041665920846683515,"UnitId":"Roche.C5800.UI","origin":"123","timestamp":"2026-09-23T02:58:45.447Z"}
{"Counter":"working-set-Browser","Mean":192,"UnitId":"Roche.C5800.UI","origin":"123","timestamp":"2026-09-23T02:58:45.447Z"}
{"Counter":"cpu-usage-combined","Mean":0.03749920876674302,"UnitId":"Roche.C5800.UI","origin":"123","timestamp":"2026-09-23T02:58:45.447Z"}
{"Counter":"working-set-combined","Mean":773,"UnitId":"Roche.C5800.UI","origin":"123","timestamp":"2026-09-23T02:58:45.447Z"}
{"Counter":"cpu-usage-GPU","Mean":0.008329737108165834,"UnitId":"Roche.C5800.UI","origin":"123","timestamp":"2026-09-23T02:59:15.460Z"}
{"Counter":"working-set-GPU","Mean":122,"UnitId":"Roche.C5800.UI","origin":"123","timestamp":"2026-09-23T02:59:15.460Z"}
{"Counter":"cpu-usage-Tab","Mean":0.04581325491081442,"UnitId":"Roche.C5800.UI","origin":"123","timestamp":"2026-09-23T02:59:15.460Z"}
{"Counter":"working-set-Tab","Mean":386,"UnitId":"Roche.C5800.UI","origin":"123","timestamp":"2026-09-23T02:59:15.460Z"}
{"Counter":"cpu-usage-Browser","Mean":0.008329553659534425,"UnitId":"Roche.C5800.UI","origin":"123","timestamp":"2026-09-23T02:59:15.460Z"}
{"Counter":"working-set-Browser","Mean":192,"UnitId":"Roche.C5800.UI","origin":"123","timestamp":"2026-09-23T02:59:15.460Z"}
{"Counter":"cpu-usage-combined","Mean":0.06247254567851468,"UnitId":"Roche.C5800.UI","origin":"123","timestamp":"2026-09-23T02:59:15.460Z"}
{"Counter":"working-set-combined","Mean":773,"UnitId":"Roche.C5800.UI","origin":"123","timestamp":"2026-09-23T02:59:15.460Z"}
{"Counter":"cpu-usage-GPU","Mean":0,"UnitId":"Roche.C5800.UI","origin":"123","timestamp":"2026-09-23T02:59:45.472Z"}
{"Counter":"working-set-GPU","Mean":122,"UnitId":"Roche.C5800.UI","origin":"123","timestamp":"2026-09-23T02:59:45.472Z"}
{"Counter":"cpu-usage-Tab","Mean":0.033320326188666816,"UnitId":"Roche.C5800.UI","origin":"123","timestamp":"2026-09-23T02:59:45.472Z"}
{"Counter":"working-set-Tab","Mean":386,"UnitId":"Roche.C5800.UI","origin":"123","timestamp":"2026-09-23T02:59:45.472Z"}
{"Counter":"cpu-usage-Browser","Mean":0.00416507297091223,"UnitId":"Roche.C5800.UI","origin":"123","timestamp":"2026-09-23T02:59:45.472Z"}
{"Counter":"working-set-Browser","Mean":192,"UnitId":"Roche.C5800.UI","origin":"123","timestamp":"2026-09-23T02:59:45.472Z"}
{"Counter":"cpu-usage-combined","Mean":0.03748539915957905,"UnitId":"Roche.C5800.UI","origin":"123","timestamp":"2026-09-23T02:59:45.472Z"}
{"Counter":"working-set-combined","Mean":773,"UnitId":"Roche.C5800.UI","origin":"123","timestamp":"2026-09-23T02:59:45.472Z"}
{"Counter":"cpu-usage-GPU","Mean":0.004165028144594583,"UnitId":"Roche.C5800.UI","origin":"123","timestamp":"2026-09-23T03:00:15.484Z"}
{"Counter":"working-set-GPU","Mean":122,"UnitId":"Roche.C5800.UI","origin":"123","timestamp":"2026-09-23T03:00:15.484Z"}
{"Counter":"cpu-usage-Tab","Mean":0.03748525205233421,"UnitId":"Roche.C5800.UI","origin":"123","timestamp":"2026-09-23T03:00:15.484Z"}
{"Counter":"working-set-Tab","Mean":386,"UnitId":"Roche.C5800.UI","origin":"123","timestamp":"2026-09-23T03:00:15.484Z"}
{"Counter":"cpu-usage-Browser","Mean":0.008330056566748527,"UnitId":"Roche.C5800.UI","origin":"123","timestamp":"2026-09-23T03:00:15.484Z"}
{"Counter":"working-set-Browser","Mean":192,"UnitId":"Roche.C5800.UI","origin":"123","timestamp":"2026-09-23T03:00:15.484Z"}
{"Counter":"cpu-usage-combined","Mean":0.049980336763677316,"UnitId":"Roche.C5800.UI","origin":"123","timestamp":"2026-09-23T03:00:15.484Z"}
{"Counter":"working-set-combined","Mean":773,"UnitId":"Roche.C5800.UI","origin":"123","timestamp":"2026-09-23T03:00:15.484Z"}
{"Counter":"cpu-usage-GPU","Mean":0,"UnitId":"Roche.C5800.UI","origin":"123","timestamp":"2026-09-23T03:00:45.494Z"}
{"Counter":"working-set-GPU","Mean":122,"UnitId":"Roche.C5800.UI","origin":"123","timestamp":"2026-09-23T03:00:45.494Z"}
{"Counter":"cpu-usage-Tab","Mean":0.03332201273487354,"UnitId":"Roche.C5800.UI","origin":"123","timestamp":"2026-09-23T03:00:45.494Z"}
{"Counter":"working-set-Tab","Mean":386,"UnitId":"Roche.C5800.UI","origin":"123","timestamp":"2026-09-23T03:00:45.494Z"}
{"Counter":"cpu-usage-Browser","Mean":0.004165273799108245,"UnitId":"Roche.C5800.UI","origin":"123","timestamp":"2026-09-23T03:00:45.494Z"}
{"Counter":"working-set-Browser","Mean":192,"UnitId":"Roche.C5800.UI","origin":"123","timestamp":"2026-09-23T03:00:45.494Z"}
{"Counter":"cpu-usage-combined","Mean":0.0416525460371463,"UnitId":"Roche.C5800.UI","origin":"123","timestamp":"2026-09-23T03:00:45.494Z"}
{"Counter":"working-set-combined","Mean":773,"UnitId":"Roche.C5800.UI","origin":"123","timestamp":"2026-09-23T03:00:45.494Z"}
{"Counter":"cpu-usage-GPU","Mean":0,"UnitId":"Roche.C5800.UI","origin":"123","timestamp":"2026-09-23T03:01:15.505Z"}
{"Counter":"working-set-GPU","Mean":122,"UnitId":"Roche.C5800.UI","origin":"123","timestamp":"2026-09-23T03:01:15.505Z"}
{"Counter":"cpu-usage-Tab","Mean":0.037486391190451496,"UnitId":"Roche.C5800.UI","origin":"123","timestamp":"2026-09-23T03:01:15.505Z"}
{"Counter":"working-set-Tab","Mean":387,"UnitId":"Roche.C5800.UI","origin":"123","timestamp":"2026-09-23T03:01:15.505Z"}
{"Counter":"cpu-usage-Browser","Mean":0.004165088930979612,"UnitId":"Roche.C5800.UI","origin":"123","timestamp":"2026-09-23T03:01:15.505Z"}
{"Counter":"working-set-Browser","Mean":192,"UnitId":"Roche.C5800.UI","origin":"123","timestamp":"2026-09-23T03:01:15.505Z"}
{"Counter":"cpu-usage-combined","Mean":0.041651480121431106,"UnitId":"Roche.C5800.UI","origin":"123","timestamp":"2026-09-23T03:01:15.505Z"}
{"Counter":"working-set-combined","Mean":774,"UnitId":"Roche.C5800.UI","origin":"123","timestamp":"2026-09-23T03:01:15.505Z"}
{"Counter":"cpu-usage-GPU","Mean":0,"UnitId":"Roche.C5800.UI","origin":"123","timestamp":"2026-09-23T03:01:45.512Z"}
{"Counter":"working-set-GPU","Mean":122,"UnitId":"Roche.C5800.UI","origin":"123","timestamp":"2026-09-23T03:01:45.512Z"}
{"Counter":"cpu-usage-Tab","Mean":0.037491074624834315,"UnitId":"Roche.C5800.UI","origin":"123","timestamp":"2026-09-23T03:01:45.512Z"}
{"Counter":"working-set-Tab","Mean":386,"UnitId":"Roche.C5800.UI","origin":"123","timestamp":"2026-09-23T03:01:45.512Z"}
{"Counter":"cpu-usage-Browser","Mean":0.008331436542947056,"UnitId":"Roche.C5800.UI","origin":"123","timestamp":"2026-09-23T03:01:45.512Z"}
{"Counter":"working-set-Browser","Mean":192,"UnitId":"Roche.C5800.UI","origin":"123","timestamp":"2026-09-23T03:01:45.512Z"}
{"Counter":"cpu-usage-combined","Mean":0.04582251116778137,"UnitId":"Roche.C5800.UI","origin":"123","timestamp":"2026-09-23T03:01:45.512Z"}
{"Counter":"working-set-combined","Mean":773,"UnitId":"Roche.C5800.UI","origin":"123","timestamp":"2026-09-23T03:01:45.512Z"}
{"Counter":"cpu-usage-GPU","Mean":0.004165728128119401,"UnitId":"Roche.C5800.UI","origin":"123","timestamp":"2026-09-23T03:02:15.519Z"}
{"Counter":"working-set-GPU","Mean":122,"UnitId":"Roche.C5800.UI","origin":"123","timestamp":"2026-09-23T03:02:15.519Z"}
{"Counter":"cpu-usage-Tab","Mean":0.04165702445407303,"UnitId":"Roche.C5800.UI","origin":"123","timestamp":"2026-09-23T03:02:15.519Z"}
{"Counter":"working-set-Tab","Mean":386,"UnitId":"Roche.C5800.UI","origin":"123","timestamp":"2026-09-23T03:02:15.519Z"}
{"Counter":"cpu-usage-Browser","Mean":0.008331363521284784,"UnitId":"Roche.C5800.UI","origin":"123","timestamp":"2026-09-23T03:02:15.519Z"}
{"Counter":"working-set-Browser","Mean":192,"UnitId":"Roche.C5800.UI","origin":"123","timestamp":"2026-09-23T03:02:15.519Z"}
{"Counter":"cpu-usage-combined","Mean":0.058319798697059194,"UnitId":"Roche.C5800.UI","origin":"123","timestamp":"2026-09-23T03:02:15.519Z"}
{"Counter":"working-set-combined","Mean":773,"UnitId":"Roche.C5800.UI","origin":"123","timestamp":"2026-09-23T03:02:15.519Z"}
{"Counter":"cpu-usage-GPU","Mean":0,"UnitId":"Roche.C5800.UI","origin":"123","timestamp":"2026-09-23T03:02:45.525Z"}
{"Counter":"working-set-GPU","Mean":122,"UnitId":"Roche.C5800.UI","origin":"123","timestamp":"2026-09-23T03:02:45.525Z"}
{"Counter":"cpu-usage-Tab","Mean":0.03332672686517776,"UnitId":"Roche.C5800.UI","origin":"123","timestamp":"2026-09-23T03:02:45.525Z"}
{"Counter":"working-set-Tab","Mean":386,"UnitId":"Roche.C5800.UI","origin":"123","timestamp":"2026-09-23T03:02:45.525Z"}
{"Counter":"cpu-usage-Browser","Mean":0.004165826697143633,"UnitId":"Roche.C5800.UI","origin":"123","timestamp":"2026-09-23T03:02:45.525Z"}
{"Counter":"working-set-Browser","Mean":192,"UnitId":"Roche.C5800.UI","origin":"123","timestamp":"2026-09-23T03:02:45.525Z"}
{"Counter":"cpu-usage-combined","Mean":0.03749255356232139,"UnitId":"Roche.C5800.UI","origin":"123","timestamp":"2026-09-23T03:02:45.525Z"}
{"Counter":"working-set-combined","Mean":773,"UnitId":"Roche.C5800.UI","origin":"123","timestamp":"2026-09-23T03:02:45.525Z"}
{"Counter":"cpu-usage-GPU","Mean":0.00833270921341325,"UnitId":"Roche.C5800.UI","origin":"123","timestamp":"2026-09-23T03:03:15.527Z"}
{"Counter":"working-set-GPU","Mean":122,"UnitId":"Roche.C5800.UI","origin":"123","timestamp":"2026-09-23T03:03:15.527Z"}
{"Counter":"cpu-usage-Tab","Mean":0.03749691525377179,"UnitId":"Roche.C5800.UI","origin":"123","timestamp":"2026-09-23T03:03:15.527Z"}
{"Counter":"working-set-Tab","Mean":386,"UnitId":"Roche.C5800.UI","origin":"123","timestamp":"2026-09-23T03:03:15.527Z"}
{"Counter":"cpu-usage-Browser","Mean":0.004166309197337535,"UnitId":"Roche.C5800.UI","origin":"123","timestamp":"2026-09-23T03:03:15.527Z"}
{"Counter":"working-set-Browser","Mean":192,"UnitId":"Roche.C5800.UI","origin":"123","timestamp":"2026-09-23T03:03:15.527Z"}
{"Counter":"cpu-usage-combined","Mean":0.049995933664522575,"UnitId":"Roche.C5800.UI","origin":"123","timestamp":"2026-09-23T03:03:15.527Z"}
{"Counter":"working-set-combined","Mean":773,"UnitId":"Roche.C5800.UI","origin":"123","timestamp":"2026-09-23T03:03:15.527Z"}
{"Counter":"cpu-usage-GPU","Mean":0.004166128680583047,"UnitId":"Roche.C5800.UI","origin":"123","timestamp":"2026-09-23T03:03:45.531Z"}
{"Counter":"working-set-GPU","Mean":122,"UnitId":"Roche.C5800.UI","origin":"123","timestamp":"2026-09-23T03:03:45.531Z"}
{"Counter":"cpu-usage-Tab","Mean":0.03749541681021856,"UnitId":"Roche.C5800.UI","origin":"123","timestamp":"2026-09-23T03:03:45.531Z"}
{"Counter":"working-set-Tab","Mean":386,"UnitId":"Roche.C5800.UI","origin":"123","timestamp":"2026-09-23T03:03:45.531Z"}
{"Counter":"cpu-usage-Browser","Mean":0.008332413712606585,"UnitId":"Roche.C5800.UI","origin":"123","timestamp":"2026-09-23T03:03:45.531Z"}
{"Counter":"working-set-Browser","Mean":192,"UnitId":"Roche.C5800.UI","origin":"123","timestamp":"2026-09-23T03:03:45.531Z"}
{"Counter":"cpu-usage-combined","Mean":0.0499939592034082,"UnitId":"Roche.C5800.UI","origin":"123","timestamp":"2026-09-23T03:03:45.531Z"}
{"Counter":"working-set-combined","Mean":773,"UnitId":"Roche.C5800.UI","origin":"123","timestamp":"2026-09-23T03:03:45.531Z"}
{"Counter":"cpu-usage-GPU","Mean":0.004166354884442814,"UnitId":"Roche.C5800.UI","origin":"123","timestamp":"2026-09-23T03:04:15.533Z"}
{"Counter":"working-set-GPU","Mean":122,"UnitId":"Roche.C5800.UI","origin":"123","timestamp":"2026-09-23T03:04:15.533Z"}
{"Counter":"cpu-usage-Tab","Mean":0.037497091475604545,"UnitId":"Roche.C5800.UI","origin":"123","timestamp":"2026-09-23T03:04:15.533Z"}
{"Counter":"working-set-Tab","Mean":386,"UnitId":"Roche.C5800.UI","origin":"123","timestamp":"2026-09-23T03:04:15.533Z"}
{"Counter":"cpu-usage-Browser","Mean":0.004166335026398565,"UnitId":"Roche.C5800.UI","origin":"123","timestamp":"2026-09-23T03:04:15.533Z"}
{"Counter":"working-set-Browser","Mean":192,"UnitId":"Roche.C5800.UI","origin":"123","timestamp":"2026-09-23T03:04:15.533Z"}
{"Counter":"cpu-usage-combined","Mean":0.045829781386445924,"UnitId":"Roche.C5800.UI","origin":"123","timestamp":"2026-09-23T03:04:15.533Z"}
{"Counter":"working-set-combined","Mean":773,"UnitId":"Roche.C5800.UI","origin":"123","timestamp":"2026-09-23T03:04:15.533Z"}
{"Counter":"cpu-usage-GPU","Mean":0,"UnitId":"Roche.C5800.UI","origin":"123","timestamp":"2026-09-23T03:04:45.534Z"}
{"Counter":"working-set-GPU","Mean":122,"UnitId":"Roche.C5800.UI","origin":"123","timestamp":"2026-09-23T03:04:45.534Z"}
{"Counter":"cpu-usage-Tab","Mean":0.03333254890734905,"UnitId":"Roche.C5800.UI","origin":"123","timestamp":"2026-09-23T03:04:45.534Z"}
{"Counter":"working-set-Tab","Mean":386,"UnitId":"Roche.C5800.UI","origin":"123","timestamp":"2026-09-23T03:04:45.534Z"}
{"Counter":"cpu-usage-Browser","Mean":0.01249966459233344,"UnitId":"Roche.C5800.UI","origin":"123","timestamp":"2026-09-23T03:04:45.534Z"}
{"Counter":"working-set-Browser","Mean":192,"UnitId":"Roche.C5800.UI","origin":"123","timestamp":"2026-09-23T03:04:45.534Z"}
{"Counter":"cpu-usage-combined","Mean":0.045832213499682486,"UnitId":"Roche.C5800.UI","origin":"123","timestamp":"2026-09-23T03:04:45.534Z"}
{"Counter":"working-set-combined","Mean":773,"UnitId":"Roche.C5800.UI","origin":"123","timestamp":"2026-09-23T03:04:45.534Z"}
{"Counter":"cpu-usage-GPU","Mean":0,"UnitId":"Roche.C5800.UI","origin":"123","timestamp":"2026-09-23T03:05:15.536Z"}
{"Counter":"working-set-GPU","Mean":122,"UnitId":"Roche.C5800.UI","origin":"123","timestamp":"2026-09-23T03:05:15.536Z"}
{"Counter":"cpu-usage-Tab","Mean":0.04166469037152004,"UnitId":"Roche.C5800.UI","origin":"123","timestamp":"2026-09-23T03:05:15.536Z"}
{"Counter":"working-set-Tab","Mean":387,"UnitId":"Roche.C5800.UI","origin":"123","timestamp":"2026-09-23T03:05:15.536Z"}
{"Counter":"cpu-usage-Browser","Mean":0.004166479036227402,"UnitId":"Roche.C5800.UI","origin":"123","timestamp":"2026-09-23T03:05:15.536Z"}
{"Counter":"working-set-Browser","Mean":192,"UnitId":"Roche.C5800.UI","origin":"123","timestamp":"2026-09-23T03:05:15.536Z"}
{"Counter":"cpu-usage-combined","Mean":0.045831169407747445,"UnitId":"Roche.C5800.UI","origin":"123","timestamp":"2026-09-23T03:05:15.536Z"}
{"Counter":"working-set-combined","Mean":774,"UnitId":"Roche.C5800.UI","origin":"123","timestamp":"2026-09-23T03:05:15.536Z"}
{"Counter":"cpu-usage-GPU","Mean":0.004166575974196295,"UnitId":"Roche.C5800.UI","origin":"123","timestamp":"2026-09-23T03:05:45.536Z"}
{"Counter":"working-set-GPU","Mean":122,"UnitId":"Roche.C5800.UI","origin":"123","timestamp":"2026-09-23T03:05:45.536Z"}
{"Counter":"cpu-usage-Tab","Mean":0.03333252557513023,"UnitId":"Roche.C5800.UI","origin":"123","timestamp":"2026-09-23T03:05:45.536Z"}
{"Counter":"working-set-Tab","Mean":386,"UnitId":"Roche.C5800.UI","origin":"123","timestamp":"2026-09-23T03:05:45.536Z"}
{"Counter":"cpu-usage-Browser","Mean":0.008333088618297575,"UnitId":"Roche.C5800.UI","origin":"123","timestamp":"2026-09-23T03:05:45.536Z"}
{"Counter":"working-set-Browser","Mean":192,"UnitId":"Roche.C5800.UI","origin":"123","timestamp":"2026-09-23T03:05:45.536Z"}
{"Counter":"cpu-usage-combined","Mean":0.0458321901676241,"UnitId":"Roche.C5800.UI","origin":"123","timestamp":"2026-09-23T03:05:45.536Z"}
{"Counter":"working-set-combined","Mean":773,"UnitId":"Roche.C5800.UI","origin":"123","timestamp":"2026-09-23T03:05:45.536Z"}
{"Counter":"cpu-usage-GPU","Mean":0.00416478682072202,"UnitId":"Roche.C5800.UI","origin":"123","timestamp":"2026-09-23T03:06:15.550Z"}
{"Counter":"working-set-GPU","Mean":122,"UnitId":"Roche.C5800.UI","origin":"123","timestamp":"2026-09-23T03:06:15.550Z"}
{"Counter":"cpu-usage-Tab","Mean":0.0374830738932656,"UnitId":"Roche.C5800.UI","origin":"123","timestamp":"2026-09-23T03:06:15.550Z"}
{"Counter":"working-set-Tab","Mean":386,"UnitId":"Roche.C5800.UI","origin":"123","timestamp":"2026-09-23T03:06:15.550Z"}
{"Counter":"cpu-usage-Browser","Mean":0.008329540893364585,"UnitId":"Roche.C5800.UI","origin":"123","timestamp":"2026-09-23T03:06:15.550Z"}
{"Counter":"working-set-Browser","Mean":192,"UnitId":"Roche.C5800.UI","origin":"123","timestamp":"2026-09-23T03:06:15.550Z"}
{"Counter":"cpu-usage-combined","Mean":0.04997740160735221,"UnitId":"Roche.C5800.UI","origin":"123","timestamp":"2026-09-23T03:06:15.550Z"}
{"Counter":"working-set-combined","Mean":773,"UnitId":"Roche.C5800.UI","origin":"123","timestamp":"2026-09-23T03:06:15.550Z"}
{"Counter":"cpu-usage-GPU","Mean":0,"UnitId":"Roche.C5800.UI","origin":"123","timestamp":"2026-09-23T03:06:45.562Z"}
{"Counter":"working-set-GPU","Mean":122,"UnitId":"Roche.C5800.UI","origin":"123","timestamp":"2026-09-23T03:06:45.562Z"}
{"Counter":"cpu-usage-Tab","Mean":0.03331937695697196,"UnitId":"Roche.C5800.UI","origin":"123","timestamp":"2026-09-23T03:06:45.562Z"}
{"Counter":"working-set-Tab","Mean":386,"UnitId":"Roche.C5800.UI","origin":"123","timestamp":"2026-09-23T03:06:45.562Z"}
{"Counter":"cpu-usage-Browser","Mean":0.004164930862314283,"UnitId":"Roche.C5800.UI","origin":"123","timestamp":"2026-09-23T03:06:45.562Z"}
{"Counter":"working-set-Browser","Mean":192,"UnitId":"Roche.C5800.UI","origin":"123","timestamp":"2026-09-23T03:06:45.562Z"}
{"Counter":"cpu-usage-combined","Mean":0.04164923715509597,"UnitId":"Roche.C5800.UI","origin":"123","timestamp":"2026-09-23T03:06:45.562Z"}
{"Counter":"working-set-combined","Mean":773,"UnitId":"Roche.C5800.UI","origin":"123","timestamp":"2026-09-23T03:06:45.562Z"}
{"Counter":"cpu-usage-GPU","Mean":0.004165295035011637,"UnitId":"Roche.C5800.UI","origin":"123","timestamp":"2026-09-23T03:07:15.572Z"}
{"Counter":"working-set-GPU","Mean":122,"UnitId":"Roche.C5800.UI","origin":"123","timestamp":"2026-09-23T03:07:15.572Z"}
{"Counter":"cpu-usage-Tab","Mean":0.037487885165110806,"UnitId":"Roche.C5800.UI","origin":"123","timestamp":"2026-09-23T03:07:15.572Z"}
{"Counter":"working-set-Tab","Mean":387,"UnitId":"Roche.C5800.UI","origin":"123","timestamp":"2026-09-23T03:07:15.572Z"}
{"Counter":"cpu-usage-Browser","Mean":0.004165361520057049,"UnitId":"Roche.C5800.UI","origin":"123","timestamp":"2026-09-23T03:07:15.572Z"}
{"Counter":"working-set-Browser","Mean":192,"UnitId":"Roche.C5800.UI","origin":"123","timestamp":"2026-09-23T03:07:15.572Z"}
{"Counter":"cpu-usage-combined","Mean":0.049983886028872965,"UnitId":"Roche.C5800.UI","origin":"123","timestamp":"2026-09-23T03:07:15.572Z"}
{"Counter":"working-set-combined","Mean":774,"UnitId":"Roche.C5800.UI","origin":"123","timestamp":"2026-09-23T03:07:15.572Z"}
{"Counter":"cpu-usage-GPU","Mean":0,"UnitId":"Roche.C5800.UI","origin":"123","timestamp":"2026-09-23T03:07:45.576Z"}
{"Counter":"working-set-GPU","Mean":122,"UnitId":"Roche.C5800.UI","origin":"123","timestamp":"2026-09-23T03:07:45.576Z"}
{"Counter":"cpu-usage-Tab","Mean":0.03749517187170199,"UnitId":"Roche.C5800.UI","origin":"123","timestamp":"2026-09-23T03:07:45.576Z"}
{"Counter":"working-set-Tab","Mean":386,"UnitId":"Roche.C5800.UI","origin":"123","timestamp":"2026-09-23T03:07:45.576Z"}
{"Counter":"cpu-usage-Browser","Mean":0.008332256528048025,"UnitId":"Roche.C5800.UI","origin":"123","timestamp":"2026-09-23T03:07:45.576Z"}
{"Counter":"working-set-Browser","Mean":192,"UnitId":"Roche.C5800.UI","origin":"123","timestamp":"2026-09-23T03:07:45.576Z"}
{"Counter":"cpu-usage-combined","Mean":0.045827428399750014,"UnitId":"Roche.C5800.UI","origin":"123","timestamp":"2026-09-23T03:07:45.576Z"}
{"Counter":"working-set-combined","Mean":773,"UnitId":"Roche.C5800.UI","origin":"123","timestamp":"2026-09-23T03:07:45.576Z"}
{"Counter":"cpu-usage-GPU","Mean":0.008331078665743761,"UnitId":"Roche.C5800.UI","origin":"123","timestamp":"2026-09-23T03:08:15.584Z"}
{"Counter":"working-set-GPU","Mean":122,"UnitId":"Roche.C5800.UI","origin":"123","timestamp":"2026-09-23T03:08:15.584Z"}
{"Counter":"cpu-usage-Tab","Mean":0.03748983525600092,"UnitId":"Roche.C5800.UI","origin":"123","timestamp":"2026-09-23T03:08:15.584Z"}
{"Counter":"working-set-Tab","Mean":386,"UnitId":"Roche.C5800.UI","origin":"123","timestamp":"2026-09-23T03:08:15.584Z"}
{"Counter":"cpu-usage-Browser","Mean":0.008331074778960758,"UnitId":"Roche.C5800.UI","origin":"123","timestamp":"2026-09-23T03:08:15.584Z"}
{"Counter":"working-set-Browser","Mean":192,"UnitId":"Roche.C5800.UI","origin":"123","timestamp":"2026-09-23T03:08:15.584Z"}
{"Counter":"cpu-usage-combined","Mean":0.05415198870070544,"UnitId":"Roche.C5800.UI","origin":"123","timestamp":"2026-09-23T03:08:15.584Z"}
{"Counter":"working-set-combined","Mean":773,"UnitId":"Roche.C5800.UI","origin":"123","timestamp":"2026-09-23T03:08:15.584Z"}
{"Counter":"cpu-usage-GPU","Mean":0,"UnitId":"Roche.C5800.UI","origin":"123","timestamp":"2026-09-23T03:08:45.594Z"}
{"Counter":"working-set-GPU","Mean":122,"UnitId":"Roche.C5800.UI","origin":"123","timestamp":"2026-09-23T03:08:45.594Z"}
{"Counter":"cpu-usage-Tab","Mean":0.03332228366407033,"UnitId":"Roche.C5800.UI","origin":"123","timestamp":"2026-09-23T03:08:45.594Z"}
{"Counter":"working-set-Tab","Mean":386,"UnitId":"Roche.C5800.UI","origin":"123","timestamp":"2026-09-23T03:08:45.594Z"}
{"Counter":"cpu-usage-Browser","Mean":0.0041652746318846905,"UnitId":"Roche.C5800.UI","origin":"123","timestamp":"2026-09-23T03:08:45.594Z"}
{"Counter":"working-set-Browser","Mean":192,"UnitId":"Roche.C5800.UI","origin":"123","timestamp":"2026-09-23T03:08:45.594Z"}
{"Counter":"cpu-usage-combined","Mean":0.037487558295955015,"UnitId":"Roche.C5800.UI","origin":"123","timestamp":"2026-09-23T03:08:45.594Z"}
{"Counter":"working-set-combined","Mean":773,"UnitId":"Roche.C5800.UI","origin":"123","timestamp":"2026-09-23T03:08:45.594Z"}
{"Counter":"cpu-usage-GPU","Mean":0.0041656760688974824,"UnitId":"Roche.C5800.UI","origin":"123","timestamp":"2026-09-23T03:09:15.601Z"}
{"Counter":"working-set-GPU","Mean":122,"UnitId":"Roche.C5800.UI","origin":"123","timestamp":"2026-09-23T03:09:15.601Z"}
{"Counter":"cpu-usage-Tab","Mean":0.0416567731830357,"UnitId":"Roche.C5800.UI","origin":"123","timestamp":"2026-09-23T03:09:15.601Z"}
{"Counter":"working-set-Tab","Mean":386,"UnitId":"Roche.C5800.UI","origin":"123","timestamp":"2026-09-23T03:09:15.601Z"}
{"Counter":"cpu-usage-Browser","Mean":0.004165680650056798,"UnitId":"Roche.C5800.UI","origin":"123","timestamp":"2026-09-23T03:09:15.601Z"}
{"Counter":"working-set-Browser","Mean":192,"UnitId":"Roche.C5800.UI","origin":"123","timestamp":"2026-09-23T03:09:15.601Z"}
{"Counter":"cpu-usage-combined","Mean":0.04998812990198998,"UnitId":"Roche.C5800.UI","origin":"123","timestamp":"2026-09-23T03:09:15.601Z"}
{"Counter":"working-set-combined","Mean":773,"UnitId":"Roche.C5800.UI","origin":"123","timestamp":"2026-09-23T03:09:15.601Z"}
{"Counter":"cpu-usage-GPU","Mean":0,"UnitId":"Roche.C5800.UI","origin":"123","timestamp":"2026-09-23T03:09:45.608Z"}
{"Counter":"working-set-GPU","Mean":122,"UnitId":"Roche.C5800.UI","origin":"123","timestamp":"2026-09-23T03:09:45.608Z"}
{"Counter":"cpu-usage-Tab","Mean":0.03332536745966489,"UnitId":"Roche.C5800.UI","origin":"123","timestamp":"2026-09-23T03:09:45.608Z"}
{"Counter":"working-set-Tab","Mean":385,"UnitId":"Roche.C5800.UI","origin":"123","timestamp":"2026-09-23T03:09:45.608Z"}
{"Counter":"cpu-usage-Browser","Mean":0.008331291333827413,"UnitId":"Roche.C5800.UI","origin":"123","timestamp":"2026-09-23T03:09:45.608Z"}
{"Counter":"working-set-Browser","Mean":192,"UnitId":"Roche.C5800.UI","origin":"123","timestamp":"2026-09-23T03:09:45.608Z"}
{"Counter":"cpu-usage-combined","Mean":0.041656658793492306,"UnitId":"Roche.C5800.UI","origin":"123","timestamp":"2026-09-23T03:09:45.608Z"}
{"Counter":"working-set-combined","Mean":772,"UnitId":"Roche.C5800.UI","origin":"123","timestamp":"2026-09-23T03:09:45.608Z"}
{"Counter":"cpu-usage-GPU","Mean":0.004165731459953907,"UnitId":"Roche.C5800.UI","origin":"123","timestamp":"2026-09-23T03:10:15.615Z"}
{"Counter":"working-set-GPU","Mean":122,"UnitId":"Roche.C5800.UI","origin":"123","timestamp":"2026-09-23T03:10:15.615Z"}
{"Counter":"cpu-usage-Tab","Mean":0.03749150942283271,"UnitId":"Roche.C5800.UI","origin":"123","timestamp":"2026-09-23T03:10:15.615Z"}
{"Counter":"working-set-Tab","Mean":385,"UnitId":"Roche.C5800.UI","origin":"123","timestamp":"2026-09-23T03:10:15.615Z"}
{"Counter":"cpu-usage-Browser","Mean":0.00833144987023267,"UnitId":"Roche.C5800.UI","origin":"123","timestamp":"2026-09-23T03:10:15.615Z"}
{"Counter":"working-set-Browser","Mean":192,"UnitId":"Roche.C5800.UI","origin":"123","timestamp":"2026-09-23T03:10:15.615Z"}
{"Counter":"cpu-usage-combined","Mean":0.04998869075301929,"UnitId":"Roche.C5800.UI","origin":"123","timestamp":"2026-09-23T03:10:15.615Z"}
{"Counter":"working-set-combined","Mean":772,"UnitId":"Roche.C5800.UI","origin":"123","timestamp":"2026-09-23T03:10:15.615Z"}
{"Counter":"cpu-usage-GPU","Mean":0,"UnitId":"Roche.C5800.UI","origin":"123","timestamp":"2026-09-23T03:10:45.621Z"}
{"Counter":"working-set-GPU","Mean":122,"UnitId":"Roche.C5800.UI","origin":"123","timestamp":"2026-09-23T03:10:45.621Z"}
{"Counter":"cpu-usage-Tab","Mean":0.033326338134958805,"UnitId":"Roche.C5800.UI","origin":"123","timestamp":"2026-09-23T03:10:45.621Z"}
{"Counter":"working-set-Tab","Mean":386,"UnitId":"Roche.C5800.UI","origin":"123","timestamp":"2026-09-23T03:10:45.621Z"}
{"Counter":"cpu-usage-Browser","Mean":0.008331600360458357,"UnitId":"Roche.C5800.UI","origin":"123","timestamp":"2026-09-23T03:10:45.621Z"}
{"Counter":"working-set-Browser","Mean":192,"UnitId":"Roche.C5800.UI","origin":"123","timestamp":"2026-09-23T03:10:45.621Z"}
{"Counter":"cpu-usage-combined","Mean":0.041657938495417164,"UnitId":"Roche.C5800.UI","origin":"123","timestamp":"2026-09-23T03:10:45.621Z"}
{"Counter":"working-set-combined","Mean":773,"UnitId":"Roche.C5800.UI","origin":"123","timestamp":"2026-09-23T03:10:45.621Z"}
{"Counter":"cpu-usage-GPU","Mean":0,"UnitId":"Roche.C5800.UI","origin":"123","timestamp":"2026-09-23T03:11:15.625Z"}
{"Counter":"working-set-GPU","Mean":122,"UnitId":"Roche.C5800.UI","origin":"123","timestamp":"2026-09-23T03:11:15.625Z"}
{"Counter":"cpu-usage-Tab","Mean":0.03749610040555782,"UnitId":"Roche.C5800.UI","origin":"123","timestamp":"2026-09-23T03:11:15.625Z"}
{"Counter":"working-set-Tab","Mean":386,"UnitId":"Roche.C5800.UI","origin":"123","timestamp":"2026-09-23T03:11:15.625Z"}
{"Counter":"cpu-usage-Browser","Mean":0.004166258928792835,"UnitId":"Roche.C5800.UI","origin":"123","timestamp":"2026-09-23T03:11:15.625Z"}
{"Counter":"working-set-Browser","Mean":192,"UnitId":"Roche.C5800.UI","origin":"123","timestamp":"2026-09-23T03:11:15.625Z"}
{"Counter":"cpu-usage-combined","Mean":0.041662359334350654,"UnitId":"Roche.C5800.UI","origin":"123","timestamp":"2026-09-23T03:11:15.625Z"}
{"Counter":"working-set-combined","Mean":773,"UnitId":"Roche.C5800.UI","origin":"123","timestamp":"2026-09-23T03:11:15.625Z"}
{"Counter":"cpu-usage-GPU","Mean":0,"UnitId":"Roche.C5800.UI","origin":"123","timestamp":"2026-09-23T03:11:45.628Z"}
{"Counter":"working-set-GPU","Mean":122,"UnitId":"Roche.C5800.UI","origin":"123","timestamp":"2026-09-23T03:11:45.628Z"}
{"Counter":"cpu-usage-Tab","Mean":0.03332932492652217,"UnitId":"Roche.C5800.UI","origin":"123","timestamp":"2026-09-23T03:11:45.628Z"}
{"Counter":"working-set-Tab","Mean":386,"UnitId":"Roche.C5800.UI","origin":"123","timestamp":"2026-09-23T03:11:45.628Z"}
{"Counter":"cpu-usage-Browser","Mean":0.004166132846177976,"UnitId":"Roche.C5800.UI","origin":"123","timestamp":"2026-09-23T03:11:45.628Z"}
{"Counter":"working-set-Browser","Mean":192,"UnitId":"Roche.C5800.UI","origin":"123","timestamp":"2026-09-23T03:11:45.628Z"}
{"Counter":"cpu-usage-combined","Mean":0.04166160686477795,"UnitId":"Roche.C5800.UI","origin":"123","timestamp":"2026-09-23T03:11:45.628Z"}
{"Counter":"working-set-combined","Mean":773,"UnitId":"Roche.C5800.UI","origin":"123","timestamp":"2026-09-23T03:11:45.628Z"}
{"Counter":"cpu-usage-GPU","Mean":0.008332345117202433,"UnitId":"Roche.C5800.UI","origin":"123","timestamp":"2026-09-23T03:12:15.632Z"}
{"Counter":"working-set-GPU","Mean":122,"UnitId":"Roche.C5800.UI","origin":"123","timestamp":"2026-09-23T03:12:15.632Z"}
{"Counter":"cpu-usage-Tab","Mean":0.04166172836313135,"UnitId":"Roche.C5800.UI","origin":"123","timestamp":"2026-09-23T03:12:15.632Z"}
{"Counter":"working-set-Tab","Mean":386,"UnitId":"Roche.C5800.UI","origin":"123","timestamp":"2026-09-23T03:12:15.632Z"}
{"Counter":"cpu-usage-Browser","Mean":0.012498518508939406,"UnitId":"Roche.C5800.UI","origin":"123","timestamp":"2026-09-23T03:12:15.632Z"}
{"Counter":"working-set-Browser","Mean":192,"UnitId":"Roche.C5800.UI","origin":"123","timestamp":"2026-09-23T03:12:15.632Z"}
{"Counter":"cpu-usage-combined","Mean":0.06249259198927319,"UnitId":"Roche.C5800.UI","origin":"123","timestamp":"2026-09-23T03:12:15.632Z"}
{"Counter":"working-set-combined","Mean":773,"UnitId":"Roche.C5800.UI","origin":"123","timestamp":"2026-09-23T03:12:15.632Z"}
{"Counter":"cpu-usage-GPU","Mean":0,"UnitId":"Roche.C5800.UI","origin":"123","timestamp":"2026-09-23T03:12:45.633Z"}
{"Counter":"working-set-GPU","Mean":122,"UnitId":"Roche.C5800.UI","origin":"123","timestamp":"2026-09-23T03:12:45.633Z"}
{"Counter":"cpu-usage-Tab","Mean":0.02916548449236191,"UnitId":"Roche.C5800.UI","origin":"123","timestamp":"2026-09-23T03:12:45.633Z"}
{"Counter":"working-set-Tab","Mean":386,"UnitId":"Roche.C5800.UI","origin":"123","timestamp":"2026-09-23T03:12:45.633Z"}
{"Counter":"cpu-usage-Browser","Mean":0,"UnitId":"Roche.C5800.UI","origin":"123","timestamp":"2026-09-23T03:12:45.633Z"}
{"Counter":"working-set-Browser","Mean":192,"UnitId":"Roche.C5800.UI","origin":"123","timestamp":"2026-09-23T03:12:45.633Z"}
{"Counter":"cpu-usage-combined","Mean":0.02916548449236191,"UnitId":"Roche.C5800.UI","origin":"123","timestamp":"2026-09-23T03:12:45.633Z"}
{"Counter":"working-set-combined","Mean":773,"UnitId":"Roche.C5800.UI","origin":"123","timestamp":"2026-09-23T03:12:45.633Z"}
{"Counter":"cpu-usage-GPU","Mean":0.004166356550860731,"UnitId":"Roche.C5800.UI","origin":"123","timestamp":"2026-09-23T03:13:15.635Z"}
{"Counter":"working-set-GPU","Mean":122,"UnitId":"Roche.C5800.UI","origin":"123","timestamp":"2026-09-23T03:13:15.635Z"}
{"Counter":"cpu-usage-Tab","Mean":0.037496938999879645,"UnitId":"Roche.C5800.UI","origin":"123","timestamp":"2026-09-23T03:13:15.635Z"}
{"Counter":"working-set-Tab","Mean":386,"UnitId":"Roche.C5800.UI","origin":"123","timestamp":"2026-09-23T03:13:15.635Z"}
{"Counter":"cpu-usage-Browser","Mean":0.008332580901277947,"UnitId":"Roche.C5800.UI","origin":"123","timestamp":"2026-09-23T03:13:15.635Z"}
{"Counter":"working-set-Browser","Mean":192,"UnitId":"Roche.C5800.UI","origin":"123","timestamp":"2026-09-23T03:13:15.635Z"}
{"Counter":"cpu-usage-combined","Mean":0.04999587645201832,"UnitId":"Roche.C5800.UI","origin":"123","timestamp":"2026-09-23T03:13:15.635Z"}
{"Counter":"working-set-combined","Mean":773,"UnitId":"Roche.C5800.UI","origin":"123","timestamp":"2026-09-23T03:13:15.635Z"}
{"Counter":"cpu-usage-GPU","Mean":0,"UnitId":"Roche.C5800.UI","origin":"123","timestamp":"2026-09-23T03:13:45.648Z"}
{"Counter":"working-set-GPU","Mean":122,"UnitId":"Roche.C5800.UI","origin":"123","timestamp":"2026-09-23T03:13:45.648Z"}
{"Counter":"cpu-usage-Tab","Mean":0.037483859450120775,"UnitId":"Roche.C5800.UI","origin":"123","timestamp":"2026-09-23T03:13:45.648Z"}
{"Counter":"working-set-Tab","Mean":386,"UnitId":"Roche.C5800.UI","origin":"123","timestamp":"2026-09-23T03:13:45.648Z"}
{"Counter":"cpu-usage-Browser","Mean":0.0041648860390554356,"UnitId":"Roche.C5800.UI","origin":"123","timestamp":"2026-09-23T03:13:45.648Z"}
{"Counter":"working-set-Browser","Mean":192,"UnitId":"Roche.C5800.UI","origin":"123","timestamp":"2026-09-23T03:13:45.648Z"}
{"Counter":"cpu-usage-combined","Mean":0.041648745489176214,"UnitId":"Roche.C5800.UI","origin":"123","timestamp":"2026-09-23T03:13:45.648Z"}
{"Counter":"working-set-combined","Mean":773,"UnitId":"Roche.C5800.UI","origin":"123","timestamp":"2026-09-23T03:13:45.648Z"}
{"Counter":"cpu-usage-GPU","Mean":0.004164845241014597,"UnitId":"Roche.C5800.UI","origin":"123","timestamp":"2026-09-23T03:14:15.661Z"}
{"Counter":"working-set-GPU","Mean":122,"UnitId":"Roche.C5800.UI","origin":"123","timestamp":"2026-09-23T03:14:15.661Z"}
{"Counter":"cpu-usage-Tab","Mean":0.04164861338105309,"UnitId":"Roche.C5800.UI","origin":"123","timestamp":"2026-09-23T03:14:15.661Z"}
{"Counter":"working-set-Tab","Mean":385,"UnitId":"Roche.C5800.UI","origin":"123","timestamp":"2026-09-23T03:14:15.661Z"}
{"Counter":"cpu-usage-Browser","Mean":0.008329761809128306,"UnitId":"Roche.C5800.UI","origin":"123","timestamp":"2026-09-23T03:14:15.661Z"}
{"Counter":"working-set-Browser","Mean":192,"UnitId":"Roche.C5800.UI","origin":"123","timestamp":"2026-09-23T03:14:15.661Z"}
{"Counter":"cpu-usage-combined","Mean":0.054143220431195994,"UnitId":"Roche.C5800.UI","origin":"123","timestamp":"2026-09-23T03:14:15.661Z"}
{"Counter":"working-set-combined","Mean":772,"UnitId":"Roche.C5800.UI","origin":"123","timestamp":"2026-09-23T03:14:15.661Z"}
{"Counter":"cpu-usage-GPU","Mean":0,"UnitId":"Roche.C5800.UI","origin":"123","timestamp":"2026-09-23T03:14:45.674Z"}
{"Counter":"working-set-GPU","Mean":122,"UnitId":"Roche.C5800.UI","origin":"123","timestamp":"2026-09-23T03:14:45.674Z"}
{"Counter":"cpu-usage-Tab","Mean":0.03332002198455051,"UnitId":"Roche.C5800.UI","origin":"123","timestamp":"2026-09-23T03:14:45.674Z"}
{"Counter":"working-set-Tab","Mean":385,"UnitId":"Roche.C5800.UI","origin":"123","timestamp":"2026-09-23T03:14:45.674Z"}
{"Counter":"cpu-usage-Browser","Mean":0.008330059897462294,"UnitId":"Roche.C5800.UI","origin":"123","timestamp":"2026-09-23T03:14:45.674Z"}
{"Counter":"working-set-Browser","Mean":192,"UnitId":"Roche.C5800.UI","origin":"123","timestamp":"2026-09-23T03:14:45.674Z"}
{"Counter":"cpu-usage-combined","Mean":0.04581510156106438,"UnitId":"Roche.C5800.UI","origin":"123","timestamp":"2026-09-23T03:14:45.674Z"}
{"Counter":"working-set-combined","Mean":772,"UnitId":"Roche.C5800.UI","origin":"123","timestamp":"2026-09-23T03:14:45.674Z"}
{"Counter":"cpu-usage-GPU","Mean":0.004165150551865788,"UnitId":"Roche.C5800.UI","origin":"123","timestamp":"2026-09-23T03:15:15.684Z"}
{"Counter":"working-set-GPU","Mean":122,"UnitId":"Roche.C5800.UI","origin":"123","timestamp":"2026-09-23T03:15:15.684Z"}
{"Counter":"cpu-usage-Tab","Mean":0.037485995232181255,"UnitId":"Roche.C5800.UI","origin":"123","timestamp":"2026-09-23T03:15:15.684Z"}
{"Counter":"working-set-Tab","Mean":386,"UnitId":"Roche.C5800.UI","origin":"123","timestamp":"2026-09-23T03:15:15.684Z"}
{"Counter":"cpu-usage-Browser","Mean":0.0041650620071107276,"UnitId":"Roche.C5800.UI","origin":"123","timestamp":"2026-09-23T03:15:15.684Z"}
{"Counter":"working-set-Browser","Mean":192,"UnitId":"Roche.C5800.UI","origin":"123","timestamp":"2026-09-23T03:15:15.684Z"}
{"Counter":"cpu-usage-combined","Mean":0.04998128534190291,"UnitId":"Roche.C5800.UI","origin":"123","timestamp":"2026-09-23T03:15:15.684Z"}
{"Counter":"working-set-combined","Mean":773,"UnitId":"Roche.C5800.UI","origin":"123","timestamp":"2026-09-23T03:15:15.684Z"}
{"Counter":"cpu-usage-GPU","Mean":0.004165479088578513,"UnitId":"Roche.C5800.UI","origin":"123","timestamp":"2026-09-23T03:15:45.693Z"}
{"Counter":"working-set-GPU","Mean":122,"UnitId":"Roche.C5800.UI","origin":"123","timestamp":"2026-09-23T03:15:45.693Z"}
{"Counter":"cpu-usage-Tab","Mean":0.033324003723090995,"UnitId":"Roche.C5800.UI","origin":"123","timestamp":"2026-09-23T03:15:45.693Z"}
{"Counter":"working-set-Tab","Mean":386,"UnitId":"Roche.C5800.UI","origin":"123","timestamp":"2026-09-23T03:15:45.693Z"}
{"Counter":"cpu-usage-Browser","Mean":0.008331029525968418,"UnitId":"Roche.C5800.UI","origin":"123","timestamp":"2026-09-23T03:15:45.693Z"}
{"Counter":"working-set-Browser","Mean":192,"UnitId":"Roche.C5800.UI","origin":"123","timestamp":"2026-09-23T03:15:45.693Z"}
{"Counter":"cpu-usage-combined","Mean":0.045820512337637925,"UnitId":"Roche.C5800.UI","origin":"123","timestamp":"2026-09-23T03:15:45.693Z"}
{"Counter":"working-set-combined","Mean":773,"UnitId":"Roche.C5800.UI","origin":"123","timestamp":"2026-09-23T03:15:45.693Z"}
{"Counter":"cpu-usage-GPU","Mean":0.004165699252443608,"UnitId":"Roche.C5800.UI","origin":"123","timestamp":"2026-09-23T03:16:15.700Z"}
{"Counter":"working-set-GPU","Mean":122,"UnitId":"Roche.C5800.UI","origin":"123","timestamp":"2026-09-23T03:16:15.700Z"}
{"Counter":"cpu-usage-Tab","Mean":0.04165692588882966,"UnitId":"Roche.C5800.UI","origin":"123","timestamp":"2026-09-23T03:16:15.700Z"}
{"Counter":"working-set-Tab","Mean":386,"UnitId":"Roche.C5800.UI","origin":"123","timestamp":"2026-09-23T03:16:15.700Z"}
{"Counter":"cpu-usage-Browser","Mean":0.004165700640688091,"UnitId":"Roche.C5800.UI","origin":"123","timestamp":"2026-09-23T03:16:15.700Z"}
{"Counter":"working-set-Browser","Mean":192,"UnitId":"Roche.C5800.UI","origin":"123","timestamp":"2026-09-23T03:16:15.700Z"}
{"Counter":"cpu-usage-combined","Mean":0.04998832578196136,"UnitId":"Roche.C5800.UI","origin":"123","timestamp":"2026-09-23T03:16:15.700Z"}
{"Counter":"working-set-combined","Mean":773,"UnitId":"Roche.C5800.UI","origin":"123","timestamp":"2026-09-23T03:16:15.700Z"}
{"Counter":"cpu-usage-GPU","Mean":0,"UnitId":"Roche.C5800.UI","origin":"123","timestamp":"2026-09-23T03:16:45.707Z"}
{"Counter":"working-set-GPU","Mean":122,"UnitId":"Roche.C5800.UI","origin":"123","timestamp":"2026-09-23T03:16:45.707Z"}
{"Counter":"cpu-usage-Tab","Mean":0.03332538189721266,"UnitId":"Roche.C5800.UI","origin":"123","timestamp":"2026-09-23T03:16:45.707Z"}
{"Counter":"working-set-Tab","Mean":385,"UnitId":"Roche.C5800.UI","origin":"123","timestamp":"2026-09-23T03:16:45.707Z"}
{"Counter":"cpu-usage-Browser","Mean":0.00833131993101667,"UnitId":"Roche.C5800.UI","origin":"123","timestamp":"2026-09-23T03:16:45.707Z"}
{"Counter":"working-set-Browser","Mean":192,"UnitId":"Roche.C5800.UI","origin":"123","timestamp":"2026-09-23T03:16:45.707Z"}
{"Counter":"cpu-usage-combined","Mean":0.04165670182822933,"UnitId":"Roche.C5800.UI","origin":"123","timestamp":"2026-09-23T03:16:45.707Z"}
{"Counter":"working-set-combined","Mean":772,"UnitId":"Roche.C5800.UI","origin":"123","timestamp":"2026-09-23T03:16:45.707Z"}
{"Counter":"cpu-usage-GPU","Mean":0,"UnitId":"Roche.C5800.UI","origin":"123","timestamp":"2026-09-23T03:17:15.712Z"}
{"Counter":"working-set-GPU","Mean":122,"UnitId":"Roche.C5800.UI","origin":"123","timestamp":"2026-09-23T03:17:15.712Z"}
{"Counter":"cpu-usage-Tab","Mean":0.037493266209388795,"UnitId":"Roche.C5800.UI","origin":"123","timestamp":"2026-09-23T03:17:15.712Z"}
{"Counter":"working-set-Tab","Mean":385,"UnitId":"Roche.C5800.UI","origin":"123","timestamp":"2026-09-23T03:17:15.712Z"}
{"Counter":"cpu-usage-Browser","Mean":0.008331749190087325,"UnitId":"Roche.C5800.UI","origin":"123","timestamp":"2026-09-23T03:17:15.712Z"}
{"Counter":"working-set-Browser","Mean":192,"UnitId":"Roche.C5800.UI","origin":"123","timestamp":"2026-09-23T03:17:15.712Z"}
{"Counter":"cpu-usage-combined","Mean":0.04582501539947612,"UnitId":"Roche.C5800.UI","origin":"123","timestamp":"2026-09-23T03:17:15.712Z"}
{"Counter":"working-set-combined","Mean":772,"UnitId":"Roche.C5800.UI","origin":"123","timestamp":"2026-09-23T03:17:15.712Z"}
{"Counter":"cpu-usage-GPU","Mean":0,"UnitId":"Roche.C5800.UI","origin":"123","timestamp":"2026-09-23T03:17:45.713Z"}
{"Counter":"working-set-GPU","Mean":122,"UnitId":"Roche.C5800.UI","origin":"123","timestamp":"2026-09-23T03:17:45.713Z"}
{"Counter":"cpu-usage-Tab","Mean":0.033332284477448446,"UnitId":"Roche.C5800.UI","origin":"123","timestamp":"2026-09-23T03:17:45.713Z"}
{"Counter":"working-set-Tab","Mean":386,"UnitId":"Roche.C5800.UI","origin":"123","timestamp":"2026-09-23T03:17:45.713Z"}
{"Counter":"cpu-usage-Browser","Mean":0.008333151115095616,"UnitId":"Roche.C5800.UI","origin":"123","timestamp":"2026-09-23T03:17:45.713Z"}
{"Counter":"working-set-Browser","Mean":192,"UnitId":"Roche.C5800.UI","origin":"123","timestamp":"2026-09-23T03:17:45.713Z"}
{"Counter":"cpu-usage-combined","Mean":0.04166543559254406,"UnitId":"Roche.C5800.UI","origin":"123","timestamp":"2026-09-23T03:17:45.713Z"}
{"Counter":"working-set-combined","Mean":773,"UnitId":"Roche.C5800.UI","origin":"123","timestamp":"2026-09-23T03:17:45.713Z"}
{"Counter":"cpu-usage-GPU","Mean":0.00833303473292207,"UnitId":"Roche.C5800.UI","origin":"123","timestamp":"2026-09-23T03:18:15.715Z"}
{"Counter":"working-set-GPU","Mean":122,"UnitId":"Roche.C5800.UI","origin":"123","timestamp":"2026-09-23T03:18:15.715Z"}
{"Counter":"cpu-usage-Tab","Mean":0.041665527808906554,"UnitId":"Roche.C5800.UI","origin":"123","timestamp":"2026-09-23T03:18:15.715Z"}
{"Counter":"working-set-Tab","Mean":386,"UnitId":"Roche.C5800.UI","origin":"123","timestamp":"2026-09-23T03:18:15.715Z"}
{"Counter":"cpu-usage-Browser","Mean":0.004166600834373484,"UnitId":"Roche.C5800.UI","origin":"123","timestamp":"2026-09-23T03:18:15.715Z"}
{"Counter":"working-set-Browser","Mean":192,"UnitId":"Roche.C5800.UI","origin":"123","timestamp":"2026-09-23T03:18:15.715Z"}
{"Counter":"cpu-usage-combined","Mean":0.054165163376202106,"UnitId":"Roche.C5800.UI","origin":"123","timestamp":"2026-09-23T03:18:15.715Z"}
{"Counter":"working-set-combined","Mean":773,"UnitId":"Roche.C5800.UI","origin":"123","timestamp":"2026-09-23T03:18:15.715Z"}
{"Counter":"cpu-usage-GPU","Mean":0,"UnitId":"Roche.C5800.UI","origin":"123","timestamp":"2026-09-23T03:18:45.716Z"}
{"Counter":"working-set-GPU","Mean":122,"UnitId":"Roche.C5800.UI","origin":"123","timestamp":"2026-09-23T03:18:45.716Z"}
{"Counter":"cpu-usage-Tab","Mean":0.033331611200088,"UnitId":"Roche.C5800.UI","origin":"123","timestamp":"2026-09-23T03:18:45.716Z"}
{"Counter":"working-set-Tab","Mean":385,"UnitId":"Roche.C5800.UI","origin":"123","timestamp":"2026-09-23T03:18:45.716Z"}
{"Counter":"cpu-usage-Browser","Mean":0.008332798367678128,"UnitId":"Roche.C5800.UI","origin":"123","timestamp":"2026-09-23T03:18:45.716Z"}
{"Counter":"working-set-Browser","Mean":192,"UnitId":"Roche.C5800.UI","origin":"123","timestamp":"2026-09-23T03:18:45.716Z"}
{"Counter":"cpu-usage-combined","Mean":0.041664409567766125,"UnitId":"Roche.C5800.UI","origin":"123","timestamp":"2026-09-23T03:18:45.716Z"}
{"Counter":"working-set-combined","Mean":772,"UnitId":"Roche.C5800.UI","origin":"123","timestamp":"2026-09-23T03:18:45.716Z"}
{"Counter":"cpu-usage-GPU","Mean":0.012499853751711105,"UnitId":"Roche.C5800.UI","origin":"123","timestamp":"2026-09-23T03:19:15.716Z"}
{"Counter":"working-set-GPU","Mean":122,"UnitId":"Roche.C5800.UI","origin":"123","timestamp":"2026-09-23T03:19:15.716Z"}
{"Counter":"cpu-usage-Tab","Mean":0.04583277417348842,"UnitId":"Roche.C5800.UI","origin":"123","timestamp":"2026-09-23T03:19:15.716Z"}
{"Counter":"working-set-Tab","Mean":386,"UnitId":"Roche.C5800.UI","origin":"123","timestamp":"2026-09-23T03:19:15.716Z"}
{"Counter":"cpu-usage-Browser","Mean":0.0041666109729666615,"UnitId":"Roche.C5800.UI","origin":"123","timestamp":"2026-09-23T03:19:15.716Z"}
{"Counter":"working-set-Browser","Mean":192,"UnitId":"Roche.C5800.UI","origin":"123","timestamp":"2026-09-23T03:19:15.716Z"}
{"Counter":"cpu-usage-combined","Mean":0.062499238898166186,"UnitId":"Roche.C5800.UI","origin":"123","timestamp":"2026-09-23T03:19:15.716Z"}
{"Counter":"working-set-combined","Mean":773,"UnitId":"Roche.C5800.UI","origin":"123","timestamp":"2026-09-23T03:19:15.716Z"}
{"Counter":"cpu-usage-GPU","Mean":0,"UnitId":"Roche.C5800.UI","origin":"123","timestamp":"2026-09-23T03:19:45.718Z"}
{"Counter":"working-set-GPU","Mean":122,"UnitId":"Roche.C5800.UI","origin":"123","timestamp":"2026-09-23T03:19:45.718Z"}
{"Counter":"cpu-usage-Tab","Mean":0.03333173896515283,"UnitId":"Roche.C5800.UI","origin":"123","timestamp":"2026-09-23T03:19:45.718Z"}
{"Counter":"working-set-Tab","Mean":386,"UnitId":"Roche.C5800.UI","origin":"123","timestamp":"2026-09-23T03:19:45.718Z"}
{"Counter":"cpu-usage-Browser","Mean":0.004166488618719693,"UnitId":"Roche.C5800.UI","origin":"123","timestamp":"2026-09-23T03:19:45.718Z"}
{"Counter":"working-set-Browser","Mean":192,"UnitId":"Roche.C5800.UI","origin":"123","timestamp":"2026-09-23T03:19:45.718Z"}
{"Counter":"cpu-usage-combined","Mean":0.03749822758387253,"UnitId":"Roche.C5800.UI","origin":"123","timestamp":"2026-09-23T03:19:45.718Z"}
{"Counter":"working-set-combined","Mean":773,"UnitId":"Roche.C5800.UI","origin":"123","timestamp":"2026-09-23T03:19:45.718Z"}
{"Counter":"cpu-usage-GPU","Mean":0,"UnitId":"Roche.C5800.UI","origin":"123","timestamp":"2026-09-23T03:20:15.731Z"}
{"Counter":"working-set-GPU","Mean":122,"UnitId":"Roche.C5800.UI","origin":"123","timestamp":"2026-09-23T03:20:15.731Z"}
{"Counter":"cpu-usage-Tab","Mean":0.04164818875358966,"UnitId":"Roche.C5800.UI","origin":"123","timestamp":"2026-09-23T03:20:15.731Z"}
{"Counter":"working-set-Tab","Mean":385,"UnitId":"Roche.C5800.UI","origin":"123","timestamp":"2026-09-23T03:20:15.731Z"}
{"Counter":"cpu-usage-Browser","Mean":0.008329663561223711,"UnitId":"Roche.C5800.UI","origin":"123","timestamp":"2026-09-23T03:20:15.731Z"}
{"Counter":"working-set-Browser","Mean":192,"UnitId":"Roche.C5800.UI","origin":"123","timestamp":"2026-09-23T03:20:15.731Z"}
{"Counter":"cpu-usage-combined","Mean":0.05414268076502972,"UnitId":"Roche.C5800.UI","origin":"123","timestamp":"2026-09-23T03:20:15.731Z"}
{"Counter":"working-set-combined","Mean":772,"UnitId":"Roche.C5800.UI","origin":"123","timestamp":"2026-09-23T03:20:15.731Z"}
{"Counter":"cpu-usage-GPU","Mean":0,"UnitId":"Roche.C5800.UI","origin":"123","timestamp":"2026-09-23T03:20:45.745Z"}
{"Counter":"working-set-GPU","Mean":122,"UnitId":"Roche.C5800.UI","origin":"123","timestamp":"2026-09-23T03:20:45.745Z"}
{"Counter":"cpu-usage-Tab","Mean":0.03331807365559907,"UnitId":"Roche.C5800.UI","origin":"123","timestamp":"2026-09-23T03:20:45.745Z"}
{"Counter":"working-set-Tab","Mean":386,"UnitId":"Roche.C5800.UI","origin":"123","timestamp":"2026-09-23T03:20:45.745Z"}
{"Counter":"cpu-usage-Browser","Mean":0.004164735895105695,"UnitId":"Roche.C5800.UI","origin":"123","timestamp":"2026-09-23T03:20:45.745Z"}
{"Counter":"working-set-Browser","Mean":192,"UnitId":"Roche.C5800.UI","origin":"123","timestamp":"2026-09-23T03:20:45.745Z"}
{"Counter":"cpu-usage-combined","Mean":0.04164756070948847,"UnitId":"Roche.C5800.UI","origin":"123","timestamp":"2026-09-23T03:20:45.745Z"}
{"Counter":"working-set-combined","Mean":773,"UnitId":"Roche.C5800.UI","origin":"123","timestamp":"2026-09-23T03:20:45.745Z"}
{"Counter":"cpu-usage-GPU","Mean":0.008330127622553253,"UnitId":"Roche.C5800.UI","origin":"123","timestamp":"2026-09-23T03:21:15.756Z"}
{"Counter":"working-set-GPU","Mean":122,"UnitId":"Roche.C5800.UI","origin":"123","timestamp":"2026-09-23T03:21:15.756Z"}
{"Counter":"cpu-usage-Tab","Mean":0.03748581786557419,"UnitId":"Roche.C5800.UI","origin":"123","timestamp":"2026-09-23T03:21:15.756Z"}
{"Counter":"working-set-Tab","Mean":386,"UnitId":"Roche.C5800.UI","origin":"123","timestamp":"2026-09-23T03:21:15.756Z"}
{"Counter":"cpu-usage-Browser","Mean":0.008330292221319736,"UnitId":"Roche.C5800.UI","origin":"123","timestamp":"2026-09-23T03:21:15.756Z"}
{"Counter":"working-set-Browser","Mean":192,"UnitId":"Roche.C5800.UI","origin":"123","timestamp":"2026-09-23T03:21:15.756Z"}
{"Counter":"cpu-usage-combined","Mean":0.05414623770944718,"UnitId":"Roche.C5800.UI","origin":"123","timestamp":"2026-09-23T03:21:15.756Z"}
{"Counter":"working-set-combined","Mean":773,"UnitId":"Roche.C5800.UI","origin":"123","timestamp":"2026-09-23T03:21:15.756Z"}
{"Counter":"cpu-usage-GPU","Mean":0,"UnitId":"Roche.C5800.UI","origin":"123","timestamp":"2026-09-23T03:21:45.768Z"}
{"Counter":"working-set-GPU","Mean":122,"UnitId":"Roche.C5800.UI","origin":"123","timestamp":"2026-09-23T03:21:45.768Z"}
{"Counter":"cpu-usage-Tab","Mean":0.03331984545989117,"UnitId":"Roche.C5800.UI","origin":"123","timestamp":"2026-09-23T03:21:45.768Z"}
{"Counter":"working-set-Tab","Mean":386,"UnitId":"Roche.C5800.UI","origin":"123","timestamp":"2026-09-23T03:21:45.768Z"}
{"Counter":"cpu-usage-Browser","Mean":0.008329833692537975,"UnitId":"Roche.C5800.UI","origin":"123","timestamp":"2026-09-23T03:21:45.768Z"}
{"Counter":"working-set-Browser","Mean":192,"UnitId":"Roche.C5800.UI","origin":"123","timestamp":"2026-09-23T03:21:45.768Z"}
{"Counter":"cpu-usage-combined","Mean":0.04164967915242914,"UnitId":"Roche.C5800.UI","origin":"123","timestamp":"2026-09-23T03:21:45.768Z"}
{"Counter":"working-set-combined","Mean":773,"UnitId":"Roche.C5800.UI","origin":"123","timestamp":"2026-09-23T03:21:45.768Z"}
{"Counter":"cpu-usage-GPU","Mean":0,"UnitId":"Roche.C5800.UI","origin":"123","timestamp":"2026-09-23T03:22:15.771Z"}
{"Counter":"working-set-GPU","Mean":122,"UnitId":"Roche.C5800.UI","origin":"123","timestamp":"2026-09-23T03:22:15.771Z"}
{"Counter":"cpu-usage-Tab","Mean":0.041662350447160344,"UnitId":"Roche.C5800.UI","origin":"123","timestamp":"2026-09-23T03:22:15.771Z"}
{"Counter":"working-set-Tab","Mean":386,"UnitId":"Roche.C5800.UI","origin":"123","timestamp":"2026-09-23T03:22:15.771Z"}
{"Counter":"cpu-usage-Browser","Mean":0.008332537298270106,"UnitId":"Roche.C5800.UI","origin":"123","timestamp":"2026-09-23T03:22:15.771Z"}
{"Counter":"working-set-Browser","Mean":192,"UnitId":"Roche.C5800.UI","origin":"123","timestamp":"2026-09-23T03:22:15.771Z"}
{"Counter":"cpu-usage-combined","Mean":0.04999488774543045,"UnitId":"Roche.C5800.UI","origin":"123","timestamp":"2026-09-23T03:22:15.771Z"}
{"Counter":"working-set-combined","Mean":773,"UnitId":"Roche.C5800.UI","origin":"123","timestamp":"2026-09-23T03:22:15.771Z"}
{"Counter":"cpu-usage-GPU","Mean":0,"UnitId":"Roche.C5800.UI","origin":"123","timestamp":"2026-09-23T03:22:45.780Z"}
{"Counter":"working-set-GPU","Mean":122,"UnitId":"Roche.C5800.UI","origin":"123","timestamp":"2026-09-23T03:22:45.780Z"}
{"Counter":"cpu-usage-Tab","Mean":0.029157642376351187,"UnitId":"Roche.C5800.UI","origin":"123","timestamp":"2026-09-23T03:22:45.780Z"}
{"Counter":"working-set-Tab","Mean":385,"UnitId":"Roche.C5800.UI","origin":"123","timestamp":"2026-09-23T03:22:45.780Z"}
{"Counter":"cpu-usage-Browser","Mean":0.004165309747594559,"UnitId":"Roche.C5800.UI","origin":"123","timestamp":"2026-09-23T03:22:45.780Z"}
{"Counter":"working-set-Browser","Mean":192,"UnitId":"Roche.C5800.UI","origin":"123","timestamp":"2026-09-23T03:22:45.780Z"}
{"Counter":"cpu-usage-combined","Mean":0.033322952123945745,"UnitId":"Roche.C5800.UI","origin":"123","timestamp":"2026-09-23T03:22:45.780Z"}
{"Counter":"working-set-combined","Mean":772,"UnitId":"Roche.C5800.UI","origin":"123","timestamp":"2026-09-23T03:22:45.780Z"}
{"Counter":"cpu-usage-GPU","Mean":0.004165629424939856,"UnitId":"Roche.C5800.UI","origin":"123","timestamp":"2026-09-23T03:23:15.788Z"}
{"Counter":"working-set-GPU","Mean":122,"UnitId":"Roche.C5800.UI","origin":"123","timestamp":"2026-09-23T03:23:15.788Z"}
{"Counter":"cpu-usage-Tab","Mean":0.041656303966783194,"UnitId":"Roche.C5800.UI","origin":"123","timestamp":"2026-09-23T03:23:15.788Z"}
{"Counter":"working-set-Tab","Mean":386,"UnitId":"Roche.C5800.UI","origin":"123","timestamp":"2026-09-23T03:23:15.788Z"}
{"Counter":"cpu-usage-Browser","Mean":0.0041656664901423834,"UnitId":"Roche.C5800.UI","origin":"123","timestamp":"2026-09-23T03:23:15.788Z"}
{"Counter":"working-set-Browser","Mean":192,"UnitId":"Roche.C5800.UI","origin":"123","timestamp":"2026-09-23T03:23:15.788Z"}
{"Counter":"cpu-usage-combined","Mean":0.049987599881865435,"UnitId":"Roche.C5800.UI","origin":"123","timestamp":"2026-09-23T03:23:15.788Z"}
{"Counter":"working-set-combined","Mean":773,"UnitId":"Roche.C5800.UI","origin":"123","timestamp":"2026-09-23T03:23:15.788Z"}
{"Counter":"cpu-usage-GPU","Mean":0,"UnitId":"Roche.C5800.UI","origin":"123","timestamp":"2026-09-23T03:23:45.794Z"}
{"Counter":"working-set-GPU","Mean":122,"UnitId":"Roche.C5800.UI","origin":"123","timestamp":"2026-09-23T03:23:45.794Z"}
{"Counter":"cpu-usage-Tab","Mean":0.03332706118041918,"UnitId":"Roche.C5800.UI","origin":"123","timestamp":"2026-09-23T03:23:45.794Z"}
{"Counter":"working-set-Tab","Mean":386,"UnitId":"Roche.C5800.UI","origin":"123","timestamp":"2026-09-23T03:23:45.794Z"}
{"Counter":"cpu-usage-Browser","Mean":0.008331741692945257,"UnitId":"Roche.C5800.UI","origin":"123","timestamp":"2026-09-23T03:23:45.794Z"}
{"Counter":"working-set-Browser","Mean":192,"UnitId":"Roche.C5800.UI","origin":"123","timestamp":"2026-09-23T03:23:45.794Z"}
{"Counter":"cpu-usage-combined","Mean":0.045824680661640596,"UnitId":"Roche.C5800.UI","origin":"123","timestamp":"2026-09-23T03:23:45.794Z"}
{"Counter":"working-set-combined","Mean":773,"UnitId":"Roche.C5800.UI","origin":"123","timestamp":"2026-09-23T03:23:45.794Z"}
{"Counter":"cpu-usage-GPU","Mean":0.008332269857957129,"UnitId":"Roche.C5800.UI","origin":"123","timestamp":"2026-09-23T03:24:15.797Z"}
{"Counter":"working-set-GPU","Mean":122,"UnitId":"Roche.C5800.UI","origin":"123","timestamp":"2026-09-23T03:24:15.797Z"}
{"Counter":"cpu-usage-Tab","Mean":0.041661332627379276,"UnitId":"Roche.C5800.UI","origin":"123","timestamp":"2026-09-23T03:24:15.797Z"}
{"Counter":"working-set-Tab","Mean":386,"UnitId":"Roche.C5800.UI","origin":"123","timestamp":"2026-09-23T03:24:15.797Z"}
{"Counter":"cpu-usage-Browser","Mean":0.004166128402877015,"UnitId":"Roche.C5800.UI","origin":"123","timestamp":"2026-09-23T03:24:15.797Z"}
{"Counter":"working-set-Browser","Mean":192,"UnitId":"Roche.C5800.UI","origin":"123","timestamp":"2026-09-23T03:24:15.797Z"}
{"Counter":"cpu-usage-combined","Mean":0.05415973088821342,"UnitId":"Roche.C5800.UI","origin":"123","timestamp":"2026-09-23T03:24:15.797Z"}
{"Counter":"working-set-combined","Mean":773,"UnitId":"Roche.C5800.UI","origin":"123","timestamp":"2026-09-23T03:24:15.797Z"}
{"Counter":"cpu-usage-GPU","Mean":0,"UnitId":"Roche.C5800.UI","origin":"123","timestamp":"2026-09-23T03:24:45.800Z"}
{"Counter":"working-set-GPU","Mean":122,"UnitId":"Roche.C5800.UI","origin":"123","timestamp":"2026-09-23T03:24:45.800Z"}
{"Counter":"cpu-usage-Tab","Mean":0.0333302647269608,"UnitId":"Roche.C5800.UI","origin":"123","timestamp":"2026-09-23T03:24:45.800Z"}
{"Counter":"working-set-Tab","Mean":385,"UnitId":"Roche.C5800.UI","origin":"123","timestamp":"2026-09-23T03:24:45.800Z"}
{"Counter":"cpu-usage-Browser","Mean":0.008332596176324935,"UnitId":"Roche.C5800.UI","origin":"123","timestamp":"2026-09-23T03:24:45.800Z"}
{"Counter":"working-set-Browser","Mean":192,"UnitId":"Roche.C5800.UI","origin":"123","timestamp":"2026-09-23T03:24:45.800Z"}
{"Counter":"cpu-usage-combined","Mean":0.041662860903285734,"UnitId":"Roche.C5800.UI","origin":"123","timestamp":"2026-09-23T03:24:45.800Z"}
{"Counter":"working-set-combined","Mean":772,"UnitId":"Roche.C5800.UI","origin":"123","timestamp":"2026-09-23T03:24:45.800Z"}
{"Counter":"cpu-usage-GPU","Mean":0.004166175196865943,"UnitId":"Roche.C5800.UI","origin":"123","timestamp":"2026-09-23T03:25:15.804Z"}
{"Counter":"working-set-GPU","Mean":122,"UnitId":"Roche.C5800.UI","origin":"123","timestamp":"2026-09-23T03:25:15.804Z"}
{"Counter":"cpu-usage-Tab","Mean":0.04166174224873287,"UnitId":"Roche.C5800.UI","origin":"123","timestamp":"2026-09-23T03:25:15.804Z"}
{"Counter":"working-set-Tab","Mean":386,"UnitId":"Roche.C5800.UI","origin":"123","timestamp":"2026-09-23T03:25:15.804Z"}
{"Counter":"cpu-usage-Browser","Mean":0.00833239593879022,"UnitId":"Roche.C5800.UI","origin":"123","timestamp":"2026-09-23T03:25:15.804Z"}
{"Counter":"working-set-Browser","Mean":192,"UnitId":"Roche.C5800.UI","origin":"123","timestamp":"2026-09-23T03:25:15.804Z"}
{"Counter":"cpu-usage-combined","Mean":0.05416031338438903,"UnitId":"Roche.C5800.UI","origin":"123","timestamp":"2026-09-23T03:25:15.804Z"}
{"Counter":"working-set-combined","Mean":773,"UnitId":"Roche.C5800.UI","origin":"123","timestamp":"2026-09-23T03:25:15.804Z"}
{"Counter":"cpu-usage-GPU","Mean":0,"UnitId":"Roche.C5800.UI","origin":"123","timestamp":"2026-09-23T03:25:45.805Z"}
{"Counter":"working-set-GPU","Mean":122,"UnitId":"Roche.C5800.UI","origin":"123","timestamp":"2026-09-23T03:25:45.805Z"}
{"Counter":"cpu-usage-Tab","Mean":0.029165594344981248,"UnitId":"Roche.C5800.UI","origin":"123","timestamp":"2026-09-23T03:25:45.805Z"}
{"Counter":"working-set-Tab","Mean":386,"UnitId":"Roche.C5800.UI","origin":"123","timestamp":"2026-09-23T03:25:45.805Z"}
{"Counter":"cpu-usage-Browser","Mean":0.00416651694982427,"UnitId":"Roche.C5800.UI","origin":"123","timestamp":"2026-09-23T03:25:45.805Z"}
{"Counter":"working-set-Browser","Mean":192,"UnitId":"Roche.C5800.UI","origin":"123","timestamp":"2026-09-23T03:25:45.805Z"}
{"Counter":"cpu-usage-combined","Mean":0.03333211129480552,"UnitId":"Roche.C5800.UI","origin":"123","timestamp":"2026-09-23T03:25:45.805Z"}
{"Counter":"working-set-combined","Mean":773,"UnitId":"Roche.C5800.UI","origin":"123","timestamp":"2026-09-23T03:25:45.805Z"}
{"Counter":"cpu-usage-GPU","Mean":0.004166361966728167,"UnitId":"Roche.C5800.UI","origin":"123","timestamp":"2026-09-23T03:26:15.807Z"}
{"Counter":"working-set-GPU","Mean":122,"UnitId":"Roche.C5800.UI","origin":"123","timestamp":"2026-09-23T03:26:15.807Z"}
{"Counter":"cpu-usage-Tab","Mean":0.041663493297260525,"UnitId":"Roche.C5800.UI","origin":"123","timestamp":"2026-09-23T03:26:15.807Z"}
{"Counter":"working-set-Tab","Mean":386,"UnitId":"Roche.C5800.UI","origin":"123","timestamp":"2026-09-23T03:26:15.807Z"}
{"Counter":"cpu-usage-Browser","Mean":0.008332704214165165,"UnitId":"Roche.C5800.UI","origin":"123","timestamp":"2026-09-23T03:26:15.807Z"}
{"Counter":"working-set-Browser","Mean":192,"UnitId":"Roche.C5800.UI","origin":"123","timestamp":"2026-09-23T03:26:15.807Z"}
{"Counter":"cpu-usage-combined","Mean":0.05416255947815386,"UnitId":"Roche.C5800.UI","origin":"123","timestamp":"2026-09-23T03:26:15.807Z"}
{"Counter":"working-set-combined","Mean":773,"UnitId":"Roche.C5800.UI","origin":"123","timestamp":"2026-09-23T03:26:15.807Z"}
{"Counter":"cpu-usage-GPU","Mean":0,"UnitId":"Roche.C5800.UI","origin":"123","timestamp":"2026-09-23T03:26:45.809Z"}
{"Counter":"working-set-GPU","Mean":122,"UnitId":"Roche.C5800.UI","origin":"123","timestamp":"2026-09-23T03:26:45.809Z"}
{"Counter":"cpu-usage-Tab","Mean":0.029165413526065498,"UnitId":"Roche.C5800.UI","origin":"123","timestamp":"2026-09-23T03:26:45.809Z"}
{"Counter":"working-set-Tab","Mean":386,"UnitId":"Roche.C5800.UI","origin":"123","timestamp":"2026-09-23T03:26:45.809Z"}
{"Counter":"cpu-usage-Browser","Mean":0.004166475703196937,"UnitId":"Roche.C5800.UI","origin":"123","timestamp":"2026-09-23T03:26:45.809Z"}
{"Counter":"working-set-Browser","Mean":192,"UnitId":"Roche.C5800.UI","origin":"123","timestamp":"2026-09-23T03:26:45.809Z"}
{"Counter":"cpu-usage-combined","Mean":0.037498369376501174,"UnitId":"Roche.C5800.UI","origin":"123","timestamp":"2026-09-23T03:26:45.809Z"}
{"Counter":"working-set-combined","Mean":773,"UnitId":"Roche.C5800.UI","origin":"123","timestamp":"2026-09-23T03:26:45.809Z"}
{"Counter":"cpu-usage-GPU","Mean":0.0083330911181515,"UnitId":"Roche.C5800.UI","origin":"123","timestamp":"2026-09-23T03:27:15.809Z"}
{"Counter":"working-set-GPU","Mean":122,"UnitId":"Roche.C5800.UI","origin":"123","timestamp":"2026-09-23T03:27:15.809Z"}
{"Counter":"cpu-usage-Tab","Mean":0.04999854337576965,"UnitId":"Roche.C5800.UI","origin":"123","timestamp":"2026-09-23T03:27:15.809Z"}
{"Counter":"working-set-Tab","Mean":385,"UnitId":"Roche.C5800.UI","origin":"123","timestamp":"2026-09-23T03:27:15.809Z"}
{"Counter":"cpu-usage-Browser","Mean":0.00833305695361104,"UnitId":"Roche.C5800.UI","origin":"123","timestamp":"2026-09-23T03:27:15.809Z"}
{"Counter":"working-set-Browser","Mean":192,"UnitId":"Roche.C5800.UI","origin":"123","timestamp":"2026-09-23T03:27:15.809Z"}
{"Counter":"cpu-usage-combined","Mean":0.06666469144753219,"UnitId":"Roche.C5800.UI","origin":"123","timestamp":"2026-09-23T03:27:15.809Z"}
{"Counter":"working-set-combined","Mean":772,"UnitId":"Roche.C5800.UI","origin":"123","timestamp":"2026-09-23T03:27:15.809Z"}
{"Counter":"cpu-usage-GPU","Mean":0,"UnitId":"Roche.C5800.UI","origin":"123","timestamp":"2026-09-23T03:27:45.810Z"}
{"Counter":"working-set-GPU","Mean":122,"UnitId":"Roche.C5800.UI","origin":"123","timestamp":"2026-09-23T03:27:45.810Z"}
{"Counter":"cpu-usage-Tab","Mean":0.03333191672687244,"UnitId":"Roche.C5800.UI","origin":"123","timestamp":"2026-09-23T03:27:45.810Z"}
{"Counter":"working-set-Tab","Mean":386,"UnitId":"Roche.C5800.UI","origin":"123","timestamp":"2026-09-23T03:27:45.810Z"}
{"Counter":"cpu-usage-Browser","Mean":0.004166502089834118,"UnitId":"Roche.C5800.UI","origin":"123","timestamp":"2026-09-23T03:27:45.810Z"}
{"Counter":"working-set-Browser","Mean":192,"UnitId":"Roche.C5800.UI","origin":"123","timestamp":"2026-09-23T03:27:45.810Z"}
{"Counter":"cpu-usage-combined","Mean":0.037498418816706555,"UnitId":"Roche.C5800.UI","origin":"123","timestamp":"2026-09-23T03:27:45.810Z"}
{"Counter":"working-set-combined","Mean":773,"UnitId":"Roche.C5800.UI","origin":"123","timestamp":"2026-09-23T03:27:45.810Z"}
{"Counter":"cpu-usage-GPU","Mean":0.004164657358313193,"UnitId":"Roche.C5800.UI","origin":"123","timestamp":"2026-09-23T03:28:15.825Z"}
{"Counter":"working-set-GPU","Mean":122,"UnitId":"Roche.C5800.UI","origin":"123","timestamp":"2026-09-23T03:28:15.825Z"}
{"Counter":"cpu-usage-Tab","Mean":0.03748226464178033,"UnitId":"Roche.C5800.UI","origin":"123","timestamp":"2026-09-23T03:28:15.825Z"}
{"Counter":"working-set-Tab","Mean":386,"UnitId":"Roche.C5800.UI","origin":"123","timestamp":"2026-09-23T03:28:15.825Z"}
{"Counter":"cpu-usage-Browser","Mean":0.00832940574087965,"UnitId":"Roche.C5800.UI","origin":"123","timestamp":"2026-09-23T03:28:15.825Z"}
{"Counter":"working-set-Browser","Mean":192,"UnitId":"Roche.C5800.UI","origin":"123","timestamp":"2026-09-23T03:28:15.825Z"}
{"Counter":"cpu-usage-combined","Mean":0.04997632774097317,"UnitId":"Roche.C5800.UI","origin":"123","timestamp":"2026-09-23T03:28:15.825Z"}
{"Counter":"working-set-combined","Mean":773,"UnitId":"Roche.C5800.UI","origin":"123","timestamp":"2026-09-23T03:28:15.825Z"}
{"Counter":"cpu-usage-GPU","Mean":0,"UnitId":"Roche.C5800.UI","origin":"123","timestamp":"2026-09-23T03:28:45.839Z"}
{"Counter":"working-set-GPU","Mean":122,"UnitId":"Roche.C5800.UI","origin":"123","timestamp":"2026-09-23T03:28:45.839Z"}
{"Counter":"cpu-usage-Tab","Mean":0.033317156743162636,"UnitId":"Roche.C5800.UI","origin":"123","timestamp":"2026-09-23T03:28:45.839Z"}
{"Counter":"working-set-Tab","Mean":386,"UnitId":"Roche.C5800.UI","origin":"123","timestamp":"2026-09-23T03:28:45.839Z"}
{"Counter":"cpu-usage-Browser","Mean":0.004164658607108272,"UnitId":"Roche.C5800.UI","origin":"123","timestamp":"2026-09-23T03:28:45.839Z"}
{"Counter":"working-set-Browser","Mean":192,"UnitId":"Roche.C5800.UI","origin":"123","timestamp":"2026-09-23T03:28:45.839Z"}
{"Counter":"cpu-usage-combined","Mean":0.03748181535027091,"UnitId":"Roche.C5800.UI","origin":"123","timestamp":"2026-09-23T03:28:45.839Z"}
{"Counter":"working-set-combined","Mean":773,"UnitId":"Roche.C5800.UI","origin":"123","timestamp":"2026-09-23T03:28:45.839Z"}
{"Counter":"cpu-usage-GPU","Mean":0.008330842966675828,"UnitId":"Roche.C5800.UI","origin":"123","timestamp":"2026-09-23T03:29:15.848Z"}
{"Counter":"working-set-GPU","Mean":122,"UnitId":"Roche.C5800.UI","origin":"123","timestamp":"2026-09-23T03:29:15.848Z"}
{"Counter":"cpu-usage-Tab","Mean":0.04581954928558992,"UnitId":"Roche.C5800.UI","origin":"123","timestamp":"2026-09-23T03:29:15.848Z"}
{"Counter":"working-set-Tab","Mean":385,"UnitId":"Roche.C5800.UI","origin":"123","timestamp":"2026-09-23T03:29:15.848Z"}
{"Counter":"cpu-usage-Browser","Mean":0.012496139109553118,"UnitId":"Roche.C5800.UI","origin":"123","timestamp":"2026-09-23T03:29:15.848Z"}
{"Counter":"working-set-Browser","Mean":192,"UnitId":"Roche.C5800.UI","origin":"123","timestamp":"2026-09-23T03:29:15.848Z"}
{"Counter":"cpu-usage-combined","Mean":0.06664653136181886,"UnitId":"Roche.C5800.UI","origin":"123","timestamp":"2026-09-23T03:29:15.848Z"}
{"Counter":"working-set-combined","Mean":772,"UnitId":"Roche.C5800.UI","origin":"123","timestamp":"2026-09-23T03:29:15.848Z"}
{"Counter":"cpu-usage-GPU","Mean":0,"UnitId":"Roche.C5800.UI","origin":"123","timestamp":"2026-09-23T03:29:45.859Z"}
{"Counter":"working-set-GPU","Mean":122,"UnitId":"Roche.C5800.UI","origin":"123","timestamp":"2026-09-23T03:29:45.859Z"}
{"Counter":"cpu-usage-Tab","Mean":0.03332087687886012,"UnitId":"Roche.C5800.UI","origin":"123","timestamp":"2026-09-23T03:29:45.859Z"}
{"Counter":"working-set-Tab","Mean":385,"UnitId":"Roche.C5800.UI","origin":"123","timestamp":"2026-09-23T03:29:45.859Z"}
{"Counter":"cpu-usage-Browser","Mean":0,"UnitId":"Roche.C5800.UI","origin":"123","timestamp":"2026-09-23T03:29:45.859Z"}
{"Counter":"working-set-Browser","Mean":192,"UnitId":"Roche.C5800.UI","origin":"123","timestamp":"2026-09-23T03:29:45.859Z"}
{"Counter":"cpu-usage-combined","Mean":0.037485976773782986,"UnitId":"Roche.C5800.UI","origin":"123","timestamp":"2026-09-23T03:29:45.859Z"}
{"Counter":"working-set-combined","Mean":772,"UnitId":"Roche.C5800.UI","origin":"123","timestamp":"2026-09-23T03:29:45.859Z"}
{"Counter":"cpu-usage-GPU","Mean":0.004165245207318915,"UnitId":"Roche.C5800.UI","origin":"123","timestamp":"2026-09-23T03:30:15.870Z"}
{"Counter":"working-set-GPU","Mean":122,"UnitId":"Roche.C5800.UI","origin":"123","timestamp":"2026-09-23T03:30:15.870Z"}
{"Counter":"cpu-usage-Tab","Mean":0.041652539513681607,"UnitId":"Roche.C5800.UI","origin":"123","timestamp":"2026-09-23T03:30:15.870Z"}
{"Counter":"working-set-Tab","Mean":386,"UnitId":"Roche.C5800.UI","origin":"123","timestamp":"2026-09-23T03:30:15.870Z"}
{"Counter":"cpu-usage-Browser","Mean":0.012495718966682015,"UnitId":"Roche.C5800.UI","origin":"123","timestamp":"2026-09-23T03:30:15.870Z"}
{"Counter":"working-set-Browser","Mean":192,"UnitId":"Roche.C5800.UI","origin":"123","timestamp":"2026-09-23T03:30:15.870Z"}
{"Counter":"cpu-usage-combined","Mean":0.05831350368768254,"UnitId":"Roche.C5800.UI","origin":"123","timestamp":"2026-09-23T03:30:15.870Z"}
{"Counter":"working-set-combined","Mean":773,"UnitId":"Roche.C5800.UI","origin":"123","timestamp":"2026-09-23T03:30:15.870Z"}
{"Counter":"cpu-usage-GPU","Mean":0.004165568761593403,"UnitId":"Roche.C5800.UI","origin":"123","timestamp":"2026-09-23T03:30:45.878Z"}
{"Counter":"working-set-GPU","Mean":122,"UnitId":"Roche.C5800.UI","origin":"123","timestamp":"2026-09-23T03:30:45.878Z"}
{"Counter":"cpu-usage-Tab","Mean":0.03332471778296251,"UnitId":"Roche.C5800.UI","origin":"123","timestamp":"2026-09-23T03:30:45.878Z"}
{"Counter":"working-set-Tab","Mean":386,"UnitId":"Roche.C5800.UI","origin":"123","timestamp":"2026-09-23T03:30:45.878Z"}
{"Counter":"cpu-usage-Browser","Mean":0.0041656306743179635,"UnitId":"Roche.C5800.UI","origin":"123","timestamp":"2026-09-23T03:30:45.878Z"}
{"Counter":"working-set-Browser","Mean":192,"UnitId":"Roche.C5800.UI","origin":"123","timestamp":"2026-09-23T03:30:45.878Z"}
{"Counter":"cpu-usage-combined","Mean":0.04165591721887388,"UnitId":"Roche.C5800.UI","origin":"123","timestamp":"2026-09-23T03:30:45.878Z"}
{"Counter":"working-set-combined","Mean":773,"UnitId":"Roche.C5800.UI","origin":"123","timestamp":"2026-09-23T03:30:45.878Z"}
{"Counter":"cpu-usage-GPU","Mean":0.0041655927768487954,"UnitId":"Roche.C5800.UI","origin":"123","timestamp":"2026-09-23T03:31:15.885Z"}
{"Counter":"working-set-GPU","Mean":122,"UnitId":"Roche.C5800.UI","origin":"123","timestamp":"2026-09-23T03:31:15.885Z"}
{"Counter":"cpu-usage-Tab","Mean":0.04165574175412928,"UnitId":"Roche.C5800.UI","origin":"123","timestamp":"2026-09-23T03:31:15.885Z"}
{"Counter":"working-set-Tab","Mean":386,"UnitId":"Roche.C5800.UI","origin":"123","timestamp":"2026-09-23T03:31:15.885Z"}
{"Counter":"cpu-usage-Browser","Mean":0.00833105950949121,"UnitId":"Roche.C5800.UI","origin":"123","timestamp":"2026-09-23T03:31:15.885Z"}
{"Counter":"working-set-Browser","Mean":192,"UnitId":"Roche.C5800.UI","origin":"123","timestamp":"2026-09-23T03:31:15.885Z"}
{"Counter":"cpu-usage-combined","Mean":0.05415239404046929,"UnitId":"Roche.C5800.UI","origin":"123","timestamp":"2026-09-23T03:31:15.885Z"}
{"Counter":"working-set-combined","Mean":773,"UnitId":"Roche.C5800.UI","origin":"123","timestamp":"2026-09-23T03:31:15.885Z"}
{"Counter":"cpu-usage-GPU","Mean":0,"UnitId":"Roche.C5800.UI","origin":"123","timestamp":"2026-09-23T03:31:45.892Z"}
{"Counter":"working-set-GPU","Mean":122,"UnitId":"Roche.C5800.UI","origin":"123","timestamp":"2026-09-23T03:31:45.892Z"}
{"Counter":"cpu-usage-Tab","Mean":0.03332561956325843,"UnitId":"Roche.C5800.UI","origin":"123","timestamp":"2026-09-23T03:31:45.892Z"}
{"Counter":"working-set-Tab","Mean":386,"UnitId":"Roche.C5800.UI","origin":"123","timestamp":"2026-09-23T03:31:45.892Z"}
{"Counter":"cpu-usage-Browser","Mean":0.00833143570999312,"UnitId":"Roche.C5800.UI","origin":"123","timestamp":"2026-09-23T03:31:45.892Z"}
{"Counter":"working-set-Browser","Mean":192,"UnitId":"Roche.C5800.UI","origin":"123","timestamp":"2026-09-23T03:31:45.892Z"}
{"Counter":"cpu-usage-combined","Mean":0.041657055273251545,"UnitId":"Roche.C5800.UI","origin":"123","timestamp":"2026-09-23T03:31:45.892Z"}
{"Counter":"working-set-combined","Mean":773,"UnitId":"Roche.C5800.UI","origin":"123","timestamp":"2026-09-23T03:31:45.892Z"}
{"Counter":"cpu-usage-GPU","Mean":0.004165735208274096,"UnitId":"Roche.C5800.UI","origin":"123","timestamp":"2026-09-23T03:32:15.899Z"}
{"Counter":"working-set-GPU","Mean":122,"UnitId":"Roche.C5800.UI","origin":"123","timestamp":"2026-09-23T03:32:15.899Z"}
{"Counter":"cpu-usage-Tab","Mean":0.03749165310829632,"UnitId":"Roche.C5800.UI","origin":"123","timestamp":"2026-09-23T03:32:15.899Z"}
{"Counter":"working-set-Tab","Mean":386,"UnitId":"Roche.C5800.UI","origin":"123","timestamp":"2026-09-23T03:32:15.899Z"}
{"Counter":"cpu-usage-Browser","Mean":0.004165754921772788,"UnitId":"Roche.C5800.UI","origin":"123","timestamp":"2026-09-23T03:32:15.899Z"}
{"Counter":"working-set-Browser","Mean":192,"UnitId":"Roche.C5800.UI","origin":"123","timestamp":"2026-09-23T03:32:15.899Z"}
{"Counter":"cpu-usage-combined","Mean":0.04998888941396327,"UnitId":"Roche.C5800.UI","origin":"123","timestamp":"2026-09-23T03:32:15.899Z"}
{"Counter":"working-set-combined","Mean":773,"UnitId":"Roche.C5800.UI","origin":"123","timestamp":"2026-09-23T03:32:15.899Z"}
{"Counter":"cpu-usage-GPU","Mean":0,"UnitId":"Roche.C5800.UI","origin":"123","timestamp":"2026-09-23T03:32:45.904Z"}
{"Counter":"working-set-GPU","Mean":122,"UnitId":"Roche.C5800.UI","origin":"123","timestamp":"2026-09-23T03:32:45.904Z"}
{"Counter":"cpu-usage-Tab","Mean":0.033327726498812014,"UnitId":"Roche.C5800.UI","origin":"123","timestamp":"2026-09-23T03:32:45.904Z"}
{"Counter":"working-set-Tab","Mean":386,"UnitId":"Roche.C5800.UI","origin":"123","timestamp":"2026-09-23T03:32:45.904Z"}
{"Counter":"cpu-usage-Browser","Mean":0.008332038812236538,"UnitId":"Roche.C5800.UI","origin":"123","timestamp":"2026-09-23T03:32:45.904Z"}
{"Counter":"working-set-Browser","Mean":192,"UnitId":"Roche.C5800.UI","origin":"123","timestamp":"2026-09-23T03:32:45.904Z"}
{"Counter":"cpu-usage-combined","Mean":0.04165976531104855,"UnitId":"Roche.C5800.UI","origin":"123","timestamp":"2026-09-23T03:32:45.904Z"}
{"Counter":"working-set-combined","Mean":773,"UnitId":"Roche.C5800.UI","origin":"123","timestamp":"2026-09-23T03:32:45.904Z"}
{"Counter":"cpu-usage-GPU","Mean":0.004166123959585532,"UnitId":"Roche.C5800.UI","origin":"123","timestamp":"2026-09-23T03:33:15.908Z"}
{"Counter":"working-set-GPU","Mean":122,"UnitId":"Roche.C5800.UI","origin":"123","timestamp":"2026-09-23T03:33:15.908Z"}
{"Counter":"cpu-usage-Tab","Mean":0.037494958177957005,"UnitId":"Roche.C5800.UI","origin":"123","timestamp":"2026-09-23T03:33:15.908Z"}
{"Counter":"working-set-Tab","Mean":387,"UnitId":"Roche.C5800.UI","origin":"123","timestamp":"2026-09-23T03:33:15.908Z"}
{"Counter":"cpu-usage-Browser","Mean":0.004166071473922092,"UnitId":"Roche.C5800.UI","origin":"123","timestamp":"2026-09-23T03:33:15.908Z"}
{"Counter":"working-set-Browser","Mean":192,"UnitId":"Roche.C5800.UI","origin":"123","timestamp":"2026-09-23T03:33:15.908Z"}
{"Counter":"cpu-usage-combined","Mean":0.045827153611464624,"UnitId":"Roche.C5800.UI","origin":"123","timestamp":"2026-09-23T03:33:15.908Z"}
{"Counter":"working-set-combined","Mean":774,"UnitId":"Roche.C5800.UI","origin":"123","timestamp":"2026-09-23T03:33:15.908Z"}
{"Counter":"cpu-usage-GPU","Mean":0,"UnitId":"Roche.C5800.UI","origin":"123","timestamp":"2026-09-23T03:33:45.912Z"}
{"Counter":"working-set-GPU","Mean":122,"UnitId":"Roche.C5800.UI","origin":"123","timestamp":"2026-09-23T03:33:45.912Z"}
{"Counter":"cpu-usage-Tab","Mean":0.03332876395979444,"UnitId":"Roche.C5800.UI","origin":"123","timestamp":"2026-09-23T03:33:45.912Z"}
{"Counter":"working-set-Tab","Mean":386,"UnitId":"Roche.C5800.UI","origin":"123","timestamp":"2026-09-23T03:33:45.912Z"}
{"Counter":"cpu-usage-Browser","Mean":0.008332170440078912,"UnitId":"Roche.C5800.UI","origin":"123","timestamp":"2026-09-23T03:33:45.912Z"}
{"Counter":"working-set-Browser","Mean":192,"UnitId":"Roche.C5800.UI","origin":"123","timestamp":"2026-09-23T03:33:45.912Z"}
{"Counter":"cpu-usage-combined","Mean":0.04166093439987335,"UnitId":"Roche.C5800.UI","origin":"123","timestamp":"2026-09-23T03:33:45.912Z"}
{"Counter":"working-set-combined","Mean":773,"UnitId":"Roche.C5800.UI","origin":"123","timestamp":"2026-09-23T03:33:45.912Z"}
{"Counter":"cpu-usage-GPU","Mean":0.00416639432335773,"UnitId":"Roche.C5800.UI","origin":"123","timestamp":"2026-09-23T03:34:15.914Z"}
{"Counter":"working-set-GPU","Mean":122,"UnitId":"Roche.C5800.UI","origin":"123","timestamp":"2026-09-23T03:34:15.914Z"}
{"Counter":"cpu-usage-Tab","Mean":0.03749745892220037,"UnitId":"Roche.C5800.UI","origin":"123","timestamp":"2026-09-23T03:34:15.914Z"}
{"Counter":"working-set-Tab","Mean":386,"UnitId":"Roche.C5800.UI","origin":"123","timestamp":"2026-09-23T03:34:15.914Z"}
{"Counter":"cpu-usage-Browser","Mean":0.00416637460380694,"UnitId":"Roche.C5800.UI","origin":"123","timestamp":"2026-09-23T03:34:15.914Z"}
{"Counter":"working-set-Browser","Mean":192,"UnitId":"Roche.C5800.UI","origin":"123","timestamp":"2026-09-23T03:34:15.914Z"}
{"Counter":"cpu-usage-combined","Mean":0.045830227849365045,"UnitId":"Roche.C5800.UI","origin":"123","timestamp":"2026-09-23T03:34:15.914Z"}
{"Counter":"working-set-combined","Mean":773,"UnitId":"Roche.C5800.UI","origin":"123","timestamp":"2026-09-23T03:34:15.914Z"}
{"Counter":"cpu-usage-GPU","Mean":0,"UnitId":"Roche.C5800.UI","origin":"123","timestamp":"2026-09-23T03:34:45.915Z"}
{"Counter":"working-set-GPU","Mean":122,"UnitId":"Roche.C5800.UI","origin":"123","timestamp":"2026-09-23T03:34:45.915Z"}
{"Counter":"cpu-usage-Tab","Mean":0.03333186784221054,"UnitId":"Roche.C5800.UI","origin":"123","timestamp":"2026-09-23T03:34:45.915Z"}
{"Counter":"working-set-Tab","Mean":386,"UnitId":"Roche.C5800.UI","origin":"123","timestamp":"2026-09-23T03:34:45.915Z"}
{"Counter":"cpu-usage-Browser","Mean":0.008332970849101397,"UnitId":"Roche.C5800.UI","origin":"123","timestamp":"2026-09-23T03:34:45.915Z"}
{"Counter":"working-set-Browser","Mean":192,"UnitId":"Roche.C5800.UI","origin":"123","timestamp":"2026-09-23T03:34:45.915Z"}
{"Counter":"cpu-usage-combined","Mean":0.041664838691311934,"UnitId":"Roche.C5800.UI","origin":"123","timestamp":"2026-09-23T03:34:45.915Z"}
{"Counter":"working-set-combined","Mean":773,"UnitId":"Roche.C5800.UI","origin":"123","timestamp":"2026-09-23T03:34:45.915Z"}
{"Counter":"cpu-usage-GPU","Mean":0.008333133615897673,"UnitId":"Roche.C5800.UI","origin":"123","timestamp":"2026-09-23T03:35:15.916Z"}
{"Counter":"working-set-GPU","Mean":122,"UnitId":"Roche.C5800.UI","origin":"123","timestamp":"2026-09-23T03:35:15.916Z"}
{"Counter":"cpu-usage-Tab","Mean":0.041665877792713794,"UnitId":"Roche.C5800.UI","origin":"123","timestamp":"2026-09-23T03:35:15.916Z"}
{"Counter":"working-set-Tab","Mean":387,"UnitId":"Roche.C5800.UI","origin":"123","timestamp":"2026-09-23T03:35:15.916Z"}
{"Counter":"cpu-usage-Browser","Mean":0.008333218334920312,"UnitId":"Roche.C5800.UI","origin":"123","timestamp":"2026-09-23T03:35:15.916Z"}
{"Counter":"working-set-Browser","Mean":192,"UnitId":"Roche.C5800.UI","origin":"123","timestamp":"2026-09-23T03:35:15.916Z"}
{"Counter":"cpu-usage-combined","Mean":0.05833222974353178,"UnitId":"Roche.C5800.UI","origin":"123","timestamp":"2026-09-23T03:35:15.916Z"}
{"Counter":"working-set-combined","Mean":774,"UnitId":"Roche.C5800.UI","origin":"123","timestamp":"2026-09-23T03:35:15.916Z"}
{"Counter":"cpu-usage-GPU","Mean":0,"UnitId":"Roche.C5800.UI","origin":"123","timestamp":"2026-09-23T03:35:45.918Z"}
{"Counter":"working-set-GPU","Mean":122,"UnitId":"Roche.C5800.UI","origin":"123","timestamp":"2026-09-23T03:35:45.918Z"}
{"Counter":"cpu-usage-Tab","Mean":0.03333185339904242,"UnitId":"Roche.C5800.UI","origin":"123","timestamp":"2026-09-23T03:35:45.918Z"}
{"Counter":"working-set-Tab","Mean":386,"UnitId":"Roche.C5800.UI","origin":"123","timestamp":"2026-09-23T03:35:45.918Z"}
{"Counter":"cpu-usage-Browser","Mean":0.004166473203427588,"UnitId":"Roche.C5800.UI","origin":"123","timestamp":"2026-09-23T03:35:45.918Z"}
{"Counter":"working-set-Browser","Mean":192,"UnitId":"Roche.C5800.UI","origin":"123","timestamp":"2026-09-23T03:35:45.918Z"}
{"Counter":"cpu-usage-combined","Mean":0.04166480827735031,"UnitId":"Roche.C5800.UI","origin":"123","timestamp":"2026-09-23T03:35:45.918Z"}
{"Counter":"working-set-combined","Mean":773,"UnitId":"Roche.C5800.UI","origin":"123","timestamp":"2026-09-23T03:35:45.918Z"}
{"Counter":"cpu-usage-GPU","Mean":0,"UnitId":"Roche.C5800.UI","origin":"123","timestamp":"2026-09-23T03:36:15.929Z"}
{"Counter":"working-set-GPU","Mean":122,"UnitId":"Roche.C5800.UI","origin":"123","timestamp":"2026-09-23T03:36:15.929Z"}
{"Counter":"cpu-usage-Tab","Mean":0.037485307009162645,"UnitId":"Roche.C5800.UI","origin":"123","timestamp":"2026-09-23T03:36:15.929Z"}
{"Counter":"working-set-Tab","Mean":386,"UnitId":"Roche.C5800.UI","origin":"123","timestamp":"2026-09-23T03:36:15.929Z"}
{"Counter":"cpu-usage-Browser","Mean":0.004165026201680032,"UnitId":"Roche.C5800.UI","origin":"123","timestamp":"2026-09-23T03:36:15.929Z"}
{"Counter":"working-set-Browser","Mean":192,"UnitId":"Roche.C5800.UI","origin":"123","timestamp":"2026-09-23T03:36:15.929Z"}
{"Counter":"cpu-usage-combined","Mean":0.041650333210842674,"UnitId":"Roche.C5800.UI","origin":"123","timestamp":"2026-09-23T03:36:15.929Z"}
{"Counter":"working-set-combined","Mean":773,"UnitId":"Roche.C5800.UI","origin":"123","timestamp":"2026-09-23T03:36:15.929Z"}
{"Counter":"cpu-usage-GPU","Mean":0,"UnitId":"Roche.C5800.UI","origin":"123","timestamp":"2026-09-23T03:36:45.941Z"}
{"Counter":"working-set-GPU","Mean":122,"UnitId":"Roche.C5800.UI","origin":"123","timestamp":"2026-09-23T03:36:45.941Z"}
{"Counter":"cpu-usage-Tab","Mean":0.03332007749583624,"UnitId":"Roche.C5800.UI","origin":"123","timestamp":"2026-09-23T03:36:45.941Z"}
{"Counter":"working-set-Tab","Mean":386,"UnitId":"Roche.C5800.UI","origin":"123","timestamp":"2026-09-23T03:36:45.941Z"}
{"Counter":"cpu-usage-Browser","Mean":0.008329999667466413,"UnitId":"Roche.C5800.UI","origin":"123","timestamp":"2026-09-23T03:36:45.941Z"}
{"Counter":"working-set-Browser","Mean":192,"UnitId":"Roche.C5800.UI","origin":"123","timestamp":"2026-09-23T03:36:45.941Z"}
{"Counter":"cpu-usage-combined","Mean":0.04165007716330265,"UnitId":"Roche.C5800.UI","origin":"123","timestamp":"2026-09-23T03:36:45.941Z"}
{"Counter":"working-set-combined","Mean":773,"UnitId":"Roche.C5800.UI","origin":"123","timestamp":"2026-09-23T03:36:45.941Z"}
{"Counter":"cpu-usage-GPU","Mean":0.008330096535489526,"UnitId":"Roche.C5800.UI","origin":"123","timestamp":"2026-09-23T03:37:15.953Z"}
{"Counter":"working-set-GPU","Mean":122,"UnitId":"Roche.C5800.UI","origin":"123","timestamp":"2026-09-23T03:37:15.953Z"}
{"Counter":"cpu-usage-Tab","Mean":0.04165054374118445,"UnitId":"Roche.C5800.UI","origin":"123","timestamp":"2026-09-23T03:37:15.953Z"}
{"Counter":"working-set-Tab","Mean":387,"UnitId":"Roche.C5800.UI","origin":"123","timestamp":"2026-09-23T03:37:15.953Z"}
{"Counter":"cpu-usage-Browser","Mean":0.008330135671920072,"UnitId":"Roche.C5800.UI","origin":"123","timestamp":"2026-09-23T03:37:15.953Z"}
{"Counter":"working-set-Browser","Mean":192,"UnitId":"Roche.C5800.UI","origin":"123","timestamp":"2026-09-23T03:37:15.953Z"}
{"Counter":"cpu-usage-combined","Mean":0.05831077594859405,"UnitId":"Roche.C5800.UI","origin":"123","timestamp":"2026-09-23T03:37:15.953Z"}
{"Counter":"working-set-combined","Mean":774,"UnitId":"Roche.C5800.UI","origin":"123","timestamp":"2026-09-23T03:37:15.953Z"}
{"Counter":"cpu-usage-GPU","Mean":0,"UnitId":"Roche.C5800.UI","origin":"123","timestamp":"2026-09-23T03:37:45.961Z"}
{"Counter":"working-set-GPU","Mean":122,"UnitId":"Roche.C5800.UI","origin":"123","timestamp":"2026-09-23T03:37:45.961Z"}
{"Counter":"cpu-usage-Tab","Mean":0.024992667151457763,"UnitId":"Roche.C5800.UI","origin":"123","timestamp":"2026-09-23T03:37:45.961Z"}
{"Counter":"working-set-Tab","Mean":387,"UnitId":"Roche.C5800.UI","origin":"123","timestamp":"2026-09-23T03:37:45.961Z"}
{"Counter":"cpu-usage-Browser","Mean":0.004165310580385379,"UnitId":"Roche.C5800.UI","origin":"123","timestamp":"2026-09-23T03:37:45.961Z"}
{"Counter":"working-set-Browser","Mean":192,"UnitId":"Roche.C5800.UI","origin":"123","timestamp":"2026-09-23T03:37:45.961Z"}
{"Counter":"cpu-usage-combined","Mean":0.033323346192006394,"UnitId":"Roche.C5800.UI","origin":"123","timestamp":"2026-09-23T03:37:45.961Z"}
{"Counter":"working-set-combined","Mean":774,"UnitId":"Roche.C5800.UI","origin":"123","timestamp":"2026-09-23T03:37:45.961Z"}
{"Counter":"cpu-usage-GPU","Mean":0.004165369848187265,"UnitId":"Roche.C5800.UI","origin":"123","timestamp":"2026-09-23T03:38:15.971Z"}
{"Counter":"working-set-GPU","Mean":122,"UnitId":"Roche.C5800.UI","origin":"123","timestamp":"2026-09-23T03:38:15.971Z"}
{"Counter":"cpu-usage-Tab","Mean":0.045819243915829214,"UnitId":"Roche.C5800.UI","origin":"123","timestamp":"2026-09-23T03:38:15.971Z"}
{"Counter":"working-set-Tab","Mean":386,"UnitId":"Roche.C5800.UI","origin":"123","timestamp":"2026-09-23T03:38:15.971Z"}
{"Counter":"cpu-usage-Browser","Mean":0.008330997599306408,"UnitId":"Roche.C5800.UI","origin":"123","timestamp":"2026-09-23T03:38:15.971Z"}
{"Counter":"working-set-Browser","Mean":192,"UnitId":"Roche.C5800.UI","origin":"123","timestamp":"2026-09-23T03:38:15.971Z"}
{"Counter":"cpu-usage-combined","Mean":0.05831561136332289,"UnitId":"Roche.C5800.UI","origin":"123","timestamp":"2026-09-23T03:38:15.971Z"}
{"Counter":"working-set-combined","Mean":773,"UnitId":"Roche.C5800.UI","origin":"123","timestamp":"2026-09-23T03:38:15.971Z"}
{"Counter":"cpu-usage-GPU","Mean":0,"UnitId":"Roche.C5800.UI","origin":"123","timestamp":"2026-09-23T03:38:45.977Z"}
{"Counter":"working-set-GPU","Mean":122,"UnitId":"Roche.C5800.UI","origin":"123","timestamp":"2026-09-23T03:38:45.977Z"}
{"Counter":"cpu-usage-Tab","Mean":0.0333262381772254,"UnitId":"Roche.C5800.UI","origin":"123","timestamp":"2026-09-23T03:38:45.977Z"}
{"Counter":"working-set-Tab","Mean":386,"UnitId":"Roche.C5800.UI","origin":"123","timestamp":"2026-09-23T03:38:45.977Z"}
{"Counter":"cpu-usage-Browser","Mean":0.004165766305709126,"UnitId":"Roche.C5800.UI","origin":"123","timestamp":"2026-09-23T03:38:45.977Z"}
{"Counter":"working-set-Browser","Mean":192,"UnitId":"Roche.C5800.UI","origin":"123","timestamp":"2026-09-23T03:38:45.977Z"}
{"Counter":"cpu-usage-combined","Mean":0.03749200448293453,"UnitId":"Roche.C5800.UI","origin":"123","timestamp":"2026-09-23T03:38:45.977Z"}
{"Counter":"working-set-combined","Mean":773,"UnitId":"Roche.C5800.UI","origin":"123","timestamp":"2026-09-23T03:38:45.977Z"}
{"Counter":"cpu-usage-GPU","Mean":0.004165826974809444,"UnitId":"Roche.C5800.UI","origin":"123","timestamp":"2026-09-23T03:39:15.983Z"}
{"Counter":"working-set-GPU","Mean":122,"UnitId":"Roche.C5800.UI","origin":"123","timestamp":"2026-09-23T03:39:15.983Z"}
{"Counter":"cpu-usage-Tab","Mean":0.0416583252813345,"UnitId":"Roche.C5800.UI","origin":"123","timestamp":"2026-09-23T03:39:15.983Z"}
{"Counter":"working-set-Tab","Mean":386,"UnitId":"Roche.C5800.UI","origin":"123","timestamp":"2026-09-23T03:39:15.983Z"}
{"Counter":"cpu-usage-Browser","Mean":0.008331752244482406,"UnitId":"Roche.C5800.UI","origin":"123","timestamp":"2026-09-23T03:39:15.983Z"}
{"Counter":"working-set-Browser","Mean":192,"UnitId":"Roche.C5800.UI","origin":"123","timestamp":"2026-09-23T03:39:15.983Z"}
{"Counter":"cpu-usage-combined","Mean":0.05415590450062635,"UnitId":"Roche.C5800.UI","origin":"123","timestamp":"2026-09-23T03:39:15.983Z"}
{"Counter":"working-set-combined","Mean":773,"UnitId":"Roche.C5800.UI","origin":"123","timestamp":"2026-09-23T03:39:15.983Z"}
{"Counter":"cpu-usage-GPU","Mean":0,"UnitId":"Roche.C5800.UI","origin":"123","timestamp":"2026-09-23T03:39:45.989Z"}
{"Counter":"working-set-GPU","Mean":122,"UnitId":"Roche.C5800.UI","origin":"123","timestamp":"2026-09-23T03:39:45.989Z"}
{"Counter":"cpu-usage-Tab","Mean":0.03332719224270941,"UnitId":"Roche.C5800.UI","origin":"123","timestamp":"2026-09-23T03:39:45.989Z"}
{"Counter":"working-set-Tab","Mean":387,"UnitId":"Roche.C5800.UI","origin":"123","timestamp":"2026-09-23T03:39:45.989Z"}
{"Counter":"cpu-usage-Browser","Mean":0.008331713370530323,"UnitId":"Roche.C5800.UI","origin":"123","timestamp":"2026-09-23T03:39:45.989Z"}
{"Counter":"working-set-Browser","Mean":192,"UnitId":"Roche.C5800.UI","origin":"123","timestamp":"2026-09-23T03:39:45.989Z"}
{"Counter":"cpu-usage-combined","Mean":0.04165890561323973,"UnitId":"Roche.C5800.UI","origin":"123","timestamp":"2026-09-23T03:39:45.989Z"}
{"Counter":"working-set-combined","Mean":774,"UnitId":"Roche.C5800.UI","origin":"123","timestamp":"2026-09-23T03:39:45.989Z"}
{"Counter":"cpu-usage-GPU","Mean":0.008332372610771311,"UnitId":"Roche.C5800.UI","origin":"123","timestamp":"2026-09-23T03:40:15.992Z"}
{"Counter":"working-set-GPU","Mean":122,"UnitId":"Roche.C5800.UI","origin":"123","timestamp":"2026-09-23T03:40:15.992Z"}
{"Counter":"cpu-usage-Tab","Mean":0.037496022921835424,"UnitId":"Roche.C5800.UI","origin":"123","timestamp":"2026-09-23T03:40:15.992Z"}
{"Counter":"working-set-Tab","Mean":386,"UnitId":"Roche.C5800.UI","origin":"123","timestamp":"2026-09-23T03:40:15.992Z"}
{"Counter":"cpu-usage-Browser","Mean":0.004166296144062921,"UnitId":"Roche.C5800.UI","origin":"123","timestamp":"2026-09-23T03:40:15.992Z"}
{"Counter":"working-set-Browser","Mean":192,"UnitId":"Roche.C5800.UI","origin":"123","timestamp":"2026-09-23T03:40:15.992Z"}
{"Counter":"cpu-usage-combined","Mean":0.05416094560644701,"UnitId":"Roche.C5800.UI","origin":"123","timestamp":"2026-09-23T03:40:15.992Z"}
{"Counter":"working-set-combined","Mean":773,"UnitId":"Roche.C5800.UI","origin":"123","timestamp":"2026-09-23T03:40:15.992Z"}
{"Counter":"cpu-usage-GPU","Mean":0,"UnitId":"Roche.C5800.UI","origin":"123","timestamp":"2026-09-23T03:40:45.996Z"}
{"Counter":"working-set-GPU","Mean":122,"UnitId":"Roche.C5800.UI","origin":"123","timestamp":"2026-09-23T03:40:45.996Z"}
{"Counter":"cpu-usage-Tab","Mean":0.033329246056791904,"UnitId":"Roche.C5800.UI","origin":"123","timestamp":"2026-09-23T03:40:45.996Z"}
{"Counter":"working-set-Tab","Mean":386,"UnitId":"Roche.C5800.UI","origin":"123","timestamp":"2026-09-23T03:40:45.996Z"}
{"Counter":"cpu-usage-Browser","Mean":0.008332258471990447,"UnitId":"Roche.C5800.UI","origin":"123","timestamp":"2026-09-23T03:40:45.996Z"}
{"Counter":"working-set-Browser","Mean":192,"UnitId":"Roche.C5800.UI","origin":"123","timestamp":"2026-09-23T03:40:45.996Z"}
{"Counter":"cpu-usage-combined","Mean":0.04166150452878235,"UnitId":"Roche.C5800.UI","origin":"123","timestamp":"2026-09-23T03:40:45.996Z"}
{"Counter":"working-set-combined","Mean":773,"UnitId":"Roche.C5800.UI","origin":"123","timestamp":"2026-09-23T03:40:45.996Z"}
{"Counter":"cpu-usage-GPU","Mean":0.004166583334999967,"UnitId":"Roche.C5800.UI","origin":"123","timestamp":"2026-09-23T03:41:15.996Z"}
{"Counter":"working-set-GPU","Mean":122,"UnitId":"Roche.C5800.UI","origin":"123","timestamp":"2026-09-23T03:41:15.996Z"}
{"Counter":"cpu-usage-Tab","Mean":0.04166584446066931,"UnitId":"Roche.C5800.UI","origin":"123","timestamp":"2026-09-23T03:41:15.996Z"}
{"Counter":"working-set-Tab","Mean":386,"UnitId":"Roche.C5800.UI","origin":"123","timestamp":"2026-09-23T03:41:15.996Z"}
{"Counter":"cpu-usage-Browser","Mean":0.004166583612766652,"UnitId":"Roche.C5800.UI","origin":"123","timestamp":"2026-09-23T03:41:15.996Z"}
{"Counter":"working-set-Browser","Mean":192,"UnitId":"Roche.C5800.UI","origin":"123","timestamp":"2026-09-23T03:41:15.996Z"}
{"Counter":"cpu-usage-combined","Mean":0.04999901140843593,"UnitId":"Roche.C5800.UI","origin":"123","timestamp":"2026-09-23T03:41:15.996Z"}
{"Counter":"working-set-combined","Mean":773,"UnitId":"Roche.C5800.UI","origin":"123","timestamp":"2026-09-23T03:41:15.996Z"}
{"Counter":"cpu-usage-GPU","Mean":0,"UnitId":"Roche.C5800.UI","origin":"123","timestamp":"2026-09-23T03:41:45.997Z"}
{"Counter":"working-set-GPU","Mean":122,"UnitId":"Roche.C5800.UI","origin":"123","timestamp":"2026-09-23T03:41:45.997Z"}
{"Counter":"cpu-usage-Tab","Mean":0.03333212671034642,"UnitId":"Roche.C5800.UI","origin":"123","timestamp":"2026-09-23T03:41:45.997Z"}
{"Counter":"working-set-Tab","Mean":386,"UnitId":"Roche.C5800.UI","origin":"123","timestamp":"2026-09-23T03:41:45.997Z"}
{"Counter":"cpu-usage-Browser","Mean":0.008333011956838865,"UnitId":"Roche.C5800.UI","origin":"123","timestamp":"2026-09-23T03:41:45.997Z"}
{"Counter":"working-set-Browser","Mean":192,"UnitId":"Roche.C5800.UI","origin":"123","timestamp":"2026-09-23T03:41:45.997Z"}
{"Counter":"cpu-usage-combined","Mean":0.041665138667185284,"UnitId":"Roche.C5800.UI","origin":"123","timestamp":"2026-09-23T03:41:45.997Z"}
{"Counter":"working-set-combined","Mean":773,"UnitId":"Roche.C5800.UI","origin":"123","timestamp":"2026-09-23T03:41:45.997Z"}
{"Counter":"cpu-usage-GPU","Mean":0.004166454455253079,"UnitId":"Roche.C5800.UI","origin":"123","timestamp":"2026-09-23T03:42:15.999Z"}
{"Counter":"working-set-GPU","Mean":122,"UnitId":"Roche.C5800.UI","origin":"123","timestamp":"2026-09-23T03:42:15.999Z"}
{"Counter":"cpu-usage-Tab","Mean":0.03749787512040984,"UnitId":"Roche.C5800.UI","origin":"123","timestamp":"2026-09-23T03:42:15.999Z"}
{"Counter":"working-set-Tab","Mean":386,"UnitId":"Roche.C5800.UI","origin":"123","timestamp":"2026-09-23T03:42:15.999Z"}
{"Counter":"cpu-usage-Browser","Mean":0.004166428208092224,"UnitId":"Roche.C5800.UI","origin":"123","timestamp":"2026-09-23T03:42:15.999Z"}
{"Counter":"working-set-Browser","Mean":192,"UnitId":"Roche.C5800.UI","origin":"123","timestamp":"2026-09-23T03:42:15.999Z"}
{"Counter":"cpu-usage-combined","Mean":0.045830757783755144,"UnitId":"Roche.C5800.UI","origin":"123","timestamp":"2026-09-23T03:42:15.999Z"}
{"Counter":"working-set-combined","Mean":773,"UnitId":"Roche.C5800.UI","origin":"123","timestamp":"2026-09-23T03:42:15.999Z"}
{"Counter":"cpu-usage-GPU","Mean":0,"UnitId":"Roche.C5800.UI","origin":"123","timestamp":"2026-09-23T03:42:46.003Z"}
{"Counter":"working-set-GPU","Mean":122,"UnitId":"Roche.C5800.UI","origin":"123","timestamp":"2026-09-23T03:42:46.003Z"}
{"Counter":"cpu-usage-Tab","Mean":0.03332913941662341,"UnitId":"Roche.C5800.UI","origin":"123","timestamp":"2026-09-23T03:42:46.003Z"}
{"Counter":"working-set-Tab","Mean":386,"UnitId":"Roche.C5800.UI","origin":"123","timestamp":"2026-09-23T03:42:46.003Z"}
{"Counter":"cpu-usage-Browser","Mean":0.00833237483248177,"UnitId":"Roche.C5800.UI","origin":"123","timestamp":"2026-09-23T03:42:46.003Z"}
{"Counter":"working-set-Browser","Mean":192,"UnitId":"Roche.C5800.UI","origin":"123","timestamp":"2026-09-23T03:42:46.003Z"}
{"Counter":"cpu-usage-combined","Mean":0.04166151424910518,"UnitId":"Roche.C5800.UI","origin":"123","timestamp":"2026-09-23T03:42:46.003Z"}
{"Counter":"working-set-combined","Mean":773,"UnitId":"Roche.C5800.UI","origin":"123","timestamp":"2026-09-23T03:42:46.003Z"}
{"Counter":"cpu-usage-GPU","Mean":0.008329746266932583,"UnitId":"Roche.C5800.UI","origin":"123","timestamp":"2026-09-23T03:43:16.016Z"}
{"Counter":"working-set-GPU","Mean":122,"UnitId":"Roche.C5800.UI","origin":"123","timestamp":"2026-09-23T03:43:16.016Z"}
{"Counter":"cpu-usage-Tab","Mean":0.04164863142097367,"UnitId":"Roche.C5800.UI","origin":"123","timestamp":"2026-09-23T03:43:16.016Z"}
{"Counter":"working-set-Tab","Mean":386,"UnitId":"Roche.C5800.UI","origin":"123","timestamp":"2026-09-23T03:43:16.016Z"}
{"Counter":"cpu-usage-Browser","Mean":0.00832966134095886,"UnitId":"Roche.C5800.UI","origin":"123","timestamp":"2026-09-23T03:43:16.016Z"}
{"Counter":"working-set-Browser","Mean":192,"UnitId":"Roche.C5800.UI","origin":"123","timestamp":"2026-09-23T03:43:16.016Z"}
{"Counter":"cpu-usage-combined","Mean":0.05830803902886511,"UnitId":"Roche.C5800.UI","origin":"123","timestamp":"2026-09-23T03:43:16.016Z"}
{"Counter":"working-set-combined","Mean":773,"UnitId":"Roche.C5800.UI","origin":"123","timestamp":"2026-09-23T03:43:16.016Z"}
{"Counter":"cpu-usage-GPU","Mean":0,"UnitId":"Roche.C5800.UI","origin":"123","timestamp":"2026-09-23T03:43:46.026Z"}
{"Counter":"working-set-GPU","Mean":122,"UnitId":"Roche.C5800.UI","origin":"123","timestamp":"2026-09-23T03:43:46.026Z"}
{"Counter":"cpu-usage-Tab","Mean":0.03332131988680348,"UnitId":"Roche.C5800.UI","origin":"123","timestamp":"2026-09-23T03:43:46.026Z"}
{"Counter":"working-set-Tab","Mean":386,"UnitId":"Roche.C5800.UI","origin":"123","timestamp":"2026-09-23T03:43:46.026Z"}
{"Counter":"cpu-usage-Browser","Mean":0.004165134313752637,"UnitId":"Roche.C5800.UI","origin":"123","timestamp":"2026-09-23T03:43:46.026Z"}
{"Counter":"working-set-Browser","Mean":192,"UnitId":"Roche.C5800.UI","origin":"123","timestamp":"2026-09-23T03:43:46.026Z"}
{"Counter":"cpu-usage-combined","Mean":0.041651598784553635,"UnitId":"Roche.C5800.UI","origin":"123","timestamp":"2026-09-23T03:43:46.026Z"}
{"Counter":"working-set-combined","Mean":773,"UnitId":"Roche.C5800.UI","origin":"123","timestamp":"2026-09-23T03:43:46.026Z"}
{"Counter":"cpu-usage-GPU","Mean":0.0041652228615820805,"UnitId":"Roche.C5800.UI","origin":"123","timestamp":"2026-09-23T03:44:16.037Z"}
{"Counter":"working-set-GPU","Mean":122,"UnitId":"Roche.C5800.UI","origin":"123","timestamp":"2026-09-23T03:44:16.037Z"}
{"Counter":"cpu-usage-Tab","Mean":0.04165250620297453,"UnitId":"Roche.C5800.UI","origin":"123","timestamp":"2026-09-23T03:44:16.037Z"}
{"Counter":"working-set-Tab","Mean":387,"UnitId":"Roche.C5800.UI","origin":"123","timestamp":"2026-09-23T03:44:16.037Z"}
{"Counter":"cpu-usage-Browser","Mean":0.008330544544704584,"UnitId":"Roche.C5800.UI","origin":"123","timestamp":"2026-09-23T03:44:16.037Z"}
{"Counter":"working-set-Browser","Mean":192,"UnitId":"Roche.C5800.UI","origin":"123","timestamp":"2026-09-23T03:44:16.037Z"}
{"Counter":"cpu-usage-combined","Mean":0.054148273609261194,"UnitId":"Roche.C5800.UI","origin":"123","timestamp":"2026-09-23T03:44:16.037Z"}
{"Counter":"working-set-combined","Mean":774,"UnitId":"Roche.C5800.UI","origin":"123","timestamp":"2026-09-23T03:44:16.037Z"}
{"Counter":"cpu-usage-GPU","Mean":0,"UnitId":"Roche.C5800.UI","origin":"123","timestamp":"2026-09-23T03:44:46.044Z"}
{"Counter":"working-set-GPU","Mean":122,"UnitId":"Roche.C5800.UI","origin":"123","timestamp":"2026-09-23T03:44:46.044Z"}
{"Counter":"cpu-usage-Tab","Mean":0.033324858821734964,"UnitId":"Roche.C5800.UI","origin":"123","timestamp":"2026-09-23T03:44:46.044Z"}
{"Counter":"working-set-Tab","Mean":386,"UnitId":"Roche.C5800.UI","origin":"123","timestamp":"2026-09-23T03:44:46.044Z"}
{"Counter":"cpu-usage-Browser","Mean":0.004165581949127114,"UnitId":"Roche.C5800.UI","origin":"123","timestamp":"2026-09-23T03:44:46.044Z"}
{"Counter":"working-set-Browser","Mean":192,"UnitId":"Roche.C5800.UI","origin":"123","timestamp":"2026-09-23T03:44:46.044Z"}
{"Counter":"cpu-usage-combined","Mean":0.037490440770862075,"UnitId":"Roche.C5800.UI","origin":"123","timestamp":"2026-09-23T03:44:46.044Z"}
{"Counter":"working-set-combined","Mean":773,"UnitId":"Roche.C5800.UI","origin":"123","timestamp":"2026-09-23T03:44:46.044Z"}
{"Counter":"cpu-usage-GPU","Mean":0.004165526006795139,"UnitId":"Roche.C5800.UI","origin":"123","timestamp":"2026-09-23T03:45:16.053Z"}
{"Counter":"working-set-GPU","Mean":122,"UnitId":"Roche.C5800.UI","origin":"123","timestamp":"2026-09-23T03:45:16.053Z"}
{"Counter":"cpu-usage-Tab","Mean":0.037489877733012086,"UnitId":"Roche.C5800.UI","origin":"123","timestamp":"2026-09-23T03:45:16.053Z"}
{"Counter":"working-set-Tab","Mean":386,"UnitId":"Roche.C5800.UI","origin":"123","timestamp":"2026-09-23T03:45:16.053Z"}
{"Counter":"cpu-usage-Browser","Mean":0.008331148906090156,"UnitId":"Roche.C5800.UI","origin":"123","timestamp":"2026-09-23T03:45:16.053Z"}
{"Counter":"working-set-Browser","Mean":192,"UnitId":"Roche.C5800.UI","origin":"123","timestamp":"2026-09-23T03:45:16.053Z"}
{"Counter":"cpu-usage-combined","Mean":0.04998655264589738,"UnitId":"Roche.C5800.UI","origin":"123","timestamp":"2026-09-23T03:45:16.053Z"}
{"Counter":"working-set-combined","Mean":773,"UnitId":"Roche.C5800.UI","origin":"123","timestamp":"2026-09-23T03:45:16.053Z"}
{"Counter":"cpu-usage-GPU","Mean":0,"UnitId":"Roche.C5800.UI","origin":"123","timestamp":"2026-09-23T03:45:46.060Z"}
{"Counter":"working-set-GPU","Mean":122,"UnitId":"Roche.C5800.UI","origin":"123","timestamp":"2026-09-23T03:45:46.060Z"}
{"Counter":"cpu-usage-Tab","Mean":0.03749046117699453,"UnitId":"Roche.C5800.UI","origin":"123","timestamp":"2026-09-23T03:45:46.060Z"}
{"Counter":"working-set-Tab","Mean":386,"UnitId":"Roche.C5800.UI","origin":"123","timestamp":"2026-09-23T03:45:46.060Z"}
{"Counter":"cpu-usage-Browser","Mean":0.008331152515309909,"UnitId":"Roche.C5800.UI","origin":"123","timestamp":"2026-09-23T03:45:46.060Z"}
{"Counter":"working-set-Browser","Mean":192,"UnitId":"Roche.C5800.UI","origin":"123","timestamp":"2026-09-23T03:45:46.060Z"}
{"Counter":"cpu-usage-combined","Mean":0.04582161369230444,"UnitId":"Roche.C5800.UI","origin":"123","timestamp":"2026-09-23T03:45:46.060Z"}
{"Counter":"working-set-combined","Mean":773,"UnitId":"Roche.C5800.UI","origin":"123","timestamp":"2026-09-23T03:45:46.060Z"}
{"Counter":"cpu-usage-GPU","Mean":0.004165712718454141,"UnitId":"Roche.C5800.UI","origin":"123","timestamp":"2026-09-23T03:46:16.067Z"}
{"Counter":"working-set-GPU","Mean":122,"UnitId":"Roche.C5800.UI","origin":"123","timestamp":"2026-09-23T03:46:16.067Z"}
{"Counter":"cpu-usage-Tab","Mean":0.03749146819155521,"UnitId":"Roche.C5800.UI","origin":"123","timestamp":"2026-09-23T03:46:16.067Z"}
{"Counter":"working-set-Tab","Mean":386,"UnitId":"Roche.C5800.UI","origin":"123","timestamp":"2026-09-23T03:46:16.067Z"}
{"Counter":"cpu-usage-Browser","Mean":0.004165751867556551,"UnitId":"Roche.C5800.UI","origin":"123","timestamp":"2026-09-23T03:46:16.067Z"}
{"Counter":"working-set-Browser","Mean":192,"UnitId":"Roche.C5800.UI","origin":"123","timestamp":"2026-09-23T03:46:16.067Z"}
{"Counter":"cpu-usage-combined","Mean":0.0499886681246668,"UnitId":"Roche.C5800.UI","origin":"123","timestamp":"2026-09-23T03:46:16.067Z"}
{"Counter":"working-set-combined","Mean":773,"UnitId":"Roche.C5800.UI","origin":"123","timestamp":"2026-09-23T03:46:16.067Z"}
{"Counter":"cpu-usage-GPU","Mean":0,"UnitId":"Roche.C5800.UI","origin":"123","timestamp":"2026-09-23T03:46:46.073Z"}
{"Counter":"working-set-GPU","Mean":122,"UnitId":"Roche.C5800.UI","origin":"123","timestamp":"2026-09-23T03:46:46.073Z"}
{"Counter":"cpu-usage-Tab","Mean":0.029161549786730755,"UnitId":"Roche.C5800.UI","origin":"123","timestamp":"2026-09-23T03:46:46.073Z"}
{"Counter":"working-set-Tab","Mean":386,"UnitId":"Roche.C5800.UI","origin":"123","timestamp":"2026-09-23T03:46:46.073Z"}
{"Counter":"cpu-usage-Browser","Mean":0.008331935789970163,"UnitId":"Roche.C5800.UI","origin":"123","timestamp":"2026-09-23T03:46:46.073Z"}
{"Counter":"working-set-Browser","Mean":192,"UnitId":"Roche.C5800.UI","origin":"123","timestamp":"2026-09-23T03:46:46.073Z"}
{"Counter":"cpu-usage-combined","Mean":0.037493485576700916,"UnitId":"Roche.C5800.UI","origin":"123","timestamp":"2026-09-23T03:46:46.073Z"}
{"Counter":"working-set-combined","Mean":773,"UnitId":"Roche.C5800.UI","origin":"123","timestamp":"2026-09-23T03:46:46.073Z"}
{"Counter":"cpu-usage-GPU","Mean":0.004166149230932185,"UnitId":"Roche.C5800.UI","origin":"123","timestamp":"2026-09-23T03:47:16.076Z"}
{"Counter":"working-set-GPU","Mean":122,"UnitId":"Roche.C5800.UI","origin":"123","timestamp":"2026-09-23T03:47:16.076Z"}
{"Counter":"cpu-usage-Tab","Mean":0.04166104520296728,"UnitId":"Roche.C5800.UI","origin":"123","timestamp":"2026-09-23T03:47:16.076Z"}
{"Counter":"working-set-Tab","Mean":386,"UnitId":"Roche.C5800.UI","origin":"123","timestamp":"2026-09-23T03:47:16.076Z"}
{"Counter":"cpu-usage-Browser","Mean":0.004166057727895439,"UnitId":"Roche.C5800.UI","origin":"123","timestamp":"2026-09-23T03:47:16.076Z"}
{"Counter":"working-set-Browser","Mean":192,"UnitId":"Roche.C5800.UI","origin":"123","timestamp":"2026-09-23T03:47:16.076Z"}
{"Counter":"cpu-usage-combined","Mean":0.049993252161794906,"UnitId":"Roche.C5800.UI","origin":"123","timestamp":"2026-09-23T03:47:16.076Z"}
{"Counter":"working-set-combined","Mean":773,"UnitId":"Roche.C5800.UI","origin":"123","timestamp":"2026-09-23T03:47:16.076Z"}
{"Counter":"cpu-usage-GPU","Mean":0,"UnitId":"Roche.C5800.UI","origin":"123","timestamp":"2026-09-23T03:47:46.079Z"}
{"Counter":"working-set-GPU","Mean":122,"UnitId":"Roche.C5800.UI","origin":"123","timestamp":"2026-09-23T03:47:46.079Z"}
{"Counter":"cpu-usage-Tab","Mean":0.02916423631364053,"UnitId":"Roche.C5800.UI","origin":"123","timestamp":"2026-09-23T03:47:46.079Z"}
{"Counter":"working-set-Tab","Mean":386,"UnitId":"Roche.C5800.UI","origin":"123","timestamp":"2026-09-23T03:47:46.079Z"}
{"Counter":"cpu-usage-Browser","Mean":0.004166333359997867,"UnitId":"Roche.C5800.UI","origin":"123","timestamp":"2026-09-23T03:47:46.079Z"}
{"Counter":"working-set-Browser","Mean":192,"UnitId":"Roche.C5800.UI","origin":"123","timestamp":"2026-09-23T03:47:46.079Z"}
{"Counter":"cpu-usage-combined","Mean":0.0333305696736384,"UnitId":"Roche.C5800.UI","origin":"123","timestamp":"2026-09-23T03:47:46.079Z"}
{"Counter":"working-set-combined","Mean":773,"UnitId":"Roche.C5800.UI","origin":"123","timestamp":"2026-09-23T03:47:46.079Z"}
{"Counter":"cpu-usage-GPU","Mean":0.008332910854752998,"UnitId":"Roche.C5800.UI","origin":"123","timestamp":"2026-09-23T03:48:16.080Z"}
{"Counter":"working-set-GPU","Mean":122,"UnitId":"Roche.C5800.UI","origin":"123","timestamp":"2026-09-23T03:48:16.080Z"}
{"Counter":"cpu-usage-Tab","Mean":0.04166445428414418,"UnitId":"Roche.C5800.UI","origin":"123","timestamp":"2026-09-23T03:48:16.080Z"}
{"Counter":"working-set-Tab","Mean":386,"UnitId":"Roche.C5800.UI","origin":"123","timestamp":"2026-09-23T03:48:16.080Z"}
{"Counter":"cpu-usage-Browser","Mean":0.008332830585887985,"UnitId":"Roche.C5800.UI","origin":"123","timestamp":"2026-09-23T03:48:16.080Z"}
{"Counter":"working-set-Browser","Mean":192,"UnitId":"Roche.C5800.UI","origin":"123","timestamp":"2026-09-23T03:48:16.080Z"}
{"Counter":"cpu-usage-combined","Mean":0.05833019572478516,"UnitId":"Roche.C5800.UI","origin":"123","timestamp":"2026-09-23T03:48:16.080Z"}
{"Counter":"working-set-combined","Mean":773,"UnitId":"Roche.C5800.UI","origin":"123","timestamp":"2026-09-23T03:48:16.080Z"}
{"Counter":"cpu-usage-GPU","Mean":0,"UnitId":"Roche.C5800.UI","origin":"123","timestamp":"2026-09-23T03:48:46.083Z"}
{"Counter":"working-set-GPU","Mean":122,"UnitId":"Roche.C5800.UI","origin":"123","timestamp":"2026-09-23T03:48:46.083Z"}
{"Counter":"cpu-usage-Tab","Mean":0.03333067132371695,"UnitId":"Roche.C5800.UI","origin":"123","timestamp":"2026-09-23T03:48:46.083Z"}
{"Counter":"working-set-Tab","Mean":387,"UnitId":"Roche.C5800.UI","origin":"123","timestamp":"2026-09-23T03:48:46.083Z"}
{"Counter":"cpu-usage-Browser","Mean":0.0041663633554143925,"UnitId":"Roche.C5800.UI","origin":"123","timestamp":"2026-09-23T03:48:46.083Z"}
{"Counter":"working-set-Browser","Mean":192,"UnitId":"Roche.C5800.UI","origin":"123","timestamp":"2026-09-23T03:48:46.083Z"}
{"Counter":"cpu-usage-combined","Mean":0.03749703467913134,"UnitId":"Roche.C5800.UI","origin":"123","timestamp":"2026-09-23T03:48:46.083Z"}
{"Counter":"working-set-combined","Mean":774,"UnitId":"Roche.C5800.UI","origin":"123","timestamp":"2026-09-23T03:48:46.083Z"}
{"Counter":"cpu-usage-GPU","Mean":0.004164785016796078,"UnitId":"Roche.C5800.UI","origin":"123","timestamp":"2026-09-23T03:49:16.096Z"}
{"Counter":"working-set-GPU","Mean":122,"UnitId":"Roche.C5800.UI","origin":"123","timestamp":"2026-09-23T03:49:16.096Z"}
{"Counter":"cpu-usage-Tab","Mean":0.03748289031000316,"UnitId":"Roche.C5800.UI","origin":"123","timestamp":"2026-09-23T03:49:16.096Z"}
{"Counter":"working-set-Tab","Mean":386,"UnitId":"Roche.C5800.UI","origin":"123","timestamp":"2026-09-23T03:49:16.096Z"}
{"Counter":"cpu-usage-Browser","Mean":0.008329404908331733,"UnitId":"Roche.C5800.UI","origin":"123","timestamp":"2026-09-23T03:49:16.096Z"}
{"Counter":"working-set-Browser","Mean":192,"UnitId":"Roche.C5800.UI","origin":"123","timestamp":"2026-09-23T03:49:16.096Z"}
{"Counter":"cpu-usage-combined","Mean":0.05414181959924457,"UnitId":"Roche.C5800.UI","origin":"123","timestamp":"2026-09-23T03:49:16.096Z"}
{"Counter":"working-set-combined","Mean":773,"UnitId":"Roche.C5800.UI","origin":"123","timestamp":"2026-09-23T03:49:16.096Z"}
{"Counter":"cpu-usage-GPU","Mean":0,"UnitId":"Roche.C5800.UI","origin":"123","timestamp":"2026-09-23T03:49:46.111Z"}
{"Counter":"working-set-GPU","Mean":122,"UnitId":"Roche.C5800.UI","origin":"123","timestamp":"2026-09-23T03:49:46.111Z"}
{"Counter":"cpu-usage-Tab","Mean":0.03331733656946845,"UnitId":"Roche.C5800.UI","origin":"123","timestamp":"2026-09-23T03:49:46.111Z"}
{"Counter":"working-set-Tab","Mean":386,"UnitId":"Roche.C5800.UI","origin":"123","timestamp":"2026-09-23T03:49:46.111Z"}
{"Counter":"cpu-usage-Browser","Mean":0.004164727569510303,"UnitId":"Roche.C5800.UI","origin":"123","timestamp":"2026-09-23T03:49:46.111Z"}
{"Counter":"working-set-Browser","Mean":192,"UnitId":"Roche.C5800.UI","origin":"123","timestamp":"2026-09-23T03:49:46.111Z"}
{"Counter":"cpu-usage-combined","Mean":0.03748206413897875,"UnitId":"Roche.C5800.UI","origin":"123","timestamp":"2026-09-23T03:49:46.111Z"}
{"Counter":"working-set-combined","Mean":773,"UnitId":"Roche.C5800.UI","origin":"123","timestamp":"2026-09-23T03:49:46.111Z"}
{"Counter":"cpu-usage-GPU","Mean":0,"UnitId":"Roche.C5800.UI","origin":"123","timestamp":"2026-09-23T03:50:16.112Z"}
{"Counter":"working-set-GPU","Mean":122,"UnitId":"Roche.C5800.UI","origin":"123","timestamp":"2026-09-23T03:50:16.112Z"}
{"Counter":"cpu-usage-Tab","Mean":0.04166498062378409,"UnitId":"Roche.C5800.UI","origin":"123","timestamp":"2026-09-23T03:50:16.112Z"}
{"Counter":"working-set-Tab","Mean":387,"UnitId":"Roche.C5800.UI","origin":"123","timestamp":"2026-09-23T03:50:16.112Z"}
{"Counter":"cpu-usage-Browser","Mean":0.008332952517403288,"UnitId":"Roche.C5800.UI","origin":"123","timestamp":"2026-09-23T03:50:16.112Z"}
{"Counter":"working-set-Browser","Mean":192,"UnitId":"Roche.C5800.UI","origin":"123","timestamp":"2026-09-23T03:50:16.112Z"}
{"Counter":"cpu-usage-combined","Mean":0.049997933141187376,"UnitId":"Roche.C5800.UI","origin":"123","timestamp":"2026-09-23T03:50:16.112Z"}
{"Counter":"working-set-combined","Mean":774,"UnitId":"Roche.C5800.UI","origin":"123","timestamp":"2026-09-23T03:50:16.112Z"}
{"Counter":"cpu-usage-GPU","Mean":0,"UnitId":"Roche.C5800.UI","origin":"123","timestamp":"2026-09-23T03:50:46.125Z"}
{"Counter":"working-set-GPU","Mean":122,"UnitId":"Roche.C5800.UI","origin":"123","timestamp":"2026-09-23T03:50:46.125Z"}
{"Counter":"cpu-usage-Tab","Mean":0.033319521281111604,"UnitId":"Roche.C5800.UI","origin":"123","timestamp":"2026-09-23T03:50:46.125Z"}
{"Counter":"working-set-Tab","Mean":387,"UnitId":"Roche.C5800.UI","origin":"123","timestamp":"2026-09-23T03:50:46.125Z"}
{"Counter":"cpu-usage-Browser","Mean":0.004164965139574979,"UnitId":"Roche.C5800.UI","origin":"123","timestamp":"2026-09-23T03:50:46.125Z"}
{"Counter":"working-set-Browser","Mean":192,"UnitId":"Roche.C5800.UI","origin":"123","timestamp":"2026-09-23T03:50:46.125Z"}
{"Counter":"cpu-usage-combined","Mean":0.03748448642068658,"UnitId":"Roche.C5800.UI","origin":"123","timestamp":"2026-09-23T03:50:46.125Z"}
{"Counter":"working-set-combined","Mean":774,"UnitId":"Roche.C5800.UI","origin":"123","timestamp":"2026-09-23T03:50:46.125Z"}
{"Counter":"cpu-usage-GPU","Mean":0.00833025169555609,"UnitId":"Roche.C5800.UI","origin":"123","timestamp":"2026-09-23T03:51:16.136Z"}
{"Counter":"working-set-GPU","Mean":122,"UnitId":"Roche.C5800.UI","origin":"123","timestamp":"2026-09-23T03:51:16.136Z"}
{"Counter":"cpu-usage-Tab","Mean":0.03748611889017497,"UnitId":"Roche.C5800.UI","origin":"123","timestamp":"2026-09-23T03:51:16.136Z"}
{"Counter":"working-set-Tab","Mean":386,"UnitId":"Roche.C5800.UI","origin":"123","timestamp":"2026-09-23T03:51:16.136Z"}
{"Counter":"cpu-usage-Browser","Mean":0.008330246421684338,"UnitId":"Roche.C5800.UI","origin":"123","timestamp":"2026-09-23T03:51:16.136Z"}
{"Counter":"working-set-Browser","Mean":192,"UnitId":"Roche.C5800.UI","origin":"123","timestamp":"2026-09-23T03:51:16.136Z"}
{"Counter":"cpu-usage-combined","Mean":0.054146617007415396,"UnitId":"Roche.C5800.UI","origin":"123","timestamp":"2026-09-23T03:51:16.136Z"}
{"Counter":"working-set-combined","Mean":773,"UnitId":"Roche.C5800.UI","origin":"123","timestamp":"2026-09-23T03:51:16.136Z"}
{"Counter":"cpu-usage-GPU","Mean":0,"UnitId":"Roche.C5800.UI","origin":"123","timestamp":"2026-09-23T03:51:46.145Z"}
{"Counter":"working-set-GPU","Mean":122,"UnitId":"Roche.C5800.UI","origin":"123","timestamp":"2026-09-23T03:51:46.145Z"}
{"Counter":"cpu-usage-Tab","Mean":0.033323638376141766,"UnitId":"Roche.C5800.UI","origin":"123","timestamp":"2026-09-23T03:51:46.145Z"}
{"Counter":"working-set-Tab","Mean":386,"UnitId":"Roche.C5800.UI","origin":"123","timestamp":"2026-09-23T03:51:46.145Z"}
{"Counter":"cpu-usage-Browser","Mean":0.004165487833609755,"UnitId":"Roche.C5800.UI","origin":"123","timestamp":"2026-09-23T03:51:46.145Z"}
{"Counter":"working-set-Browser","Mean":192,"UnitId":"Roche.C5800.UI","origin":"123","timestamp":"2026-09-23T03:51:46.145Z"}
{"Counter":"cpu-usage-combined","Mean":0.03748912620975152,"UnitId":"Roche.C5800.UI","origin":"123","timestamp":"2026-09-23T03:51:46.145Z"}
{"Counter":"working-set-combined","Mean":773,"UnitId":"Roche.C5800.UI","origin":"123","timestamp":"2026-09-23T03:51:46.145Z"}
{"Counter":"cpu-usage-GPU","Mean":0.008331034245582694,"UnitId":"Roche.C5800.UI","origin":"123","timestamp":"2026-09-23T03:52:16.153Z"}
{"Counter":"working-set-GPU","Mean":122,"UnitId":"Roche.C5800.UI","origin":"123","timestamp":"2026-09-23T03:52:16.153Z"}
{"Counter":"cpu-usage-Tab","Mean":0.041654757571476984,"UnitId":"Roche.C5800.UI","origin":"123","timestamp":"2026-09-23T03:52:16.153Z"}
{"Counter":"working-set-Tab","Mean":387,"UnitId":"Roche.C5800.UI","origin":"123","timestamp":"2026-09-23T03:52:16.153Z"}
{"Counter":"cpu-usage-Browser","Mean":0.008330756352701564,"UnitId":"Roche.C5800.UI","origin":"123","timestamp":"2026-09-23T03:52:16.153Z"}
{"Counter":"working-set-Browser","Mean":192,"UnitId":"Roche.C5800.UI","origin":"123","timestamp":"2026-09-23T03:52:16.153Z"}
{"Counter":"cpu-usage-combined","Mean":0.062481982423280104,"UnitId":"Roche.C5800.UI","origin":"123","timestamp":"2026-09-23T03:52:16.153Z"}
{"Counter":"working-set-combined","Mean":774,"UnitId":"Roche.C5800.UI","origin":"123","timestamp":"2026-09-23T03:52:16.153Z"}
{"Counter":"cpu-usage-GPU","Mean":0,"UnitId":"Roche.C5800.UI","origin":"123","timestamp":"2026-09-23T03:52:46.160Z"}
{"Counter":"working-set-GPU","Mean":122,"UnitId":"Roche.C5800.UI","origin":"123","timestamp":"2026-09-23T03:52:46.160Z"}
{"Counter":"cpu-usage-Tab","Mean":0.033326091573634385,"UnitId":"Roche.C5800.UI","origin":"123","timestamp":"2026-09-23T03:52:46.160Z"}
{"Counter":"working-set-Tab","Mean":387,"UnitId":"Roche.C5800.UI","origin":"123","timestamp":"2026-09-23T03:52:46.160Z"}
{"Counter":"cpu-usage-Browser","Mean":0.00833172086762142,"UnitId":"Roche.C5800.UI","origin":"123","timestamp":"2026-09-23T03:52:46.160Z"}
{"Counter":"working-set-Browser","Mean":192,"UnitId":"Roche.C5800.UI","origin":"123","timestamp":"2026-09-23T03:52:46.160Z"}
{"Counter":"cpu-usage-combined","Mean":0.0458236160922661,"UnitId":"Roche.C5800.UI","origin":"123","timestamp":"2026-09-23T03:52:46.160Z"}
{"Counter":"working-set-combined","Mean":774,"UnitId":"Roche.C5800.UI","origin":"123","timestamp":"2026-09-23T03:52:46.160Z"}
{"Counter":"cpu-usage-GPU","Mean":0.004165840163978134,"UnitId":"Roche.C5800.UI","origin":"123","timestamp":"2026-09-23T03:53:16.166Z"}
{"Counter":"working-set-GPU","Mean":122,"UnitId":"Roche.C5800.UI","origin":"123","timestamp":"2026-09-23T03:53:16.166Z"}
{"Counter":"cpu-usage-Tab","Mean":0.03749225160133572,"UnitId":"Roche.C5800.UI","origin":"123","timestamp":"2026-09-23T03:53:16.166Z"}
{"Counter":"working-set-Tab","Mean":386,"UnitId":"Roche.C5800.UI","origin":"123","timestamp":"2026-09-23T03:53:16.166Z"}
{"Counter":"cpu-usage-Browser","Mean":0.008331449037276069,"UnitId":"Roche.C5800.UI","origin":"123","timestamp":"2026-09-23T03:53:16.166Z"}
{"Counter":"working-set-Browser","Mean":192,"UnitId":"Roche.C5800.UI","origin":"123","timestamp":"2026-09-23T03:53:16.166Z"}
{"Counter":"cpu-usage-combined","Mean":0.049989540802589924,"UnitId":"Roche.C5800.UI","origin":"123","timestamp":"2026-09-23T03:53:16.166Z"}
{"Counter":"working-set-combined","Mean":773,"UnitId":"Roche.C5800.UI","origin":"123","timestamp":"2026-09-23T03:53:16.166Z"}
{"Counter":"cpu-usage-GPU","Mean":0,"UnitId":"Roche.C5800.UI","origin":"123","timestamp":"2026-09-23T03:53:46.170Z"}
{"Counter":"working-set-GPU","Mean":122,"UnitId":"Roche.C5800.UI","origin":"123","timestamp":"2026-09-23T03:53:46.170Z"}
{"Counter":"cpu-usage-Tab","Mean":0.03332783312993912,"UnitId":"Roche.C5800.UI","origin":"123","timestamp":"2026-09-23T03:53:46.170Z"}
{"Counter":"working-set-Tab","Mean":386,"UnitId":"Roche.C5800.UI","origin":"123","timestamp":"2026-09-23T03:53:46.170Z"}
{"Counter":"cpu-usage-Browser","Mean":0.004165995802475941,"UnitId":"Roche.C5800.UI","origin":"123","timestamp":"2026-09-23T03:53:46.170Z"}
{"Counter":"working-set-Browser","Mean":192,"UnitId":"Roche.C5800.UI","origin":"123","timestamp":"2026-09-23T03:53:46.170Z"}
{"Counter":"cpu-usage-combined","Mean":0.03749382893241506,"UnitId":"Roche.C5800.UI","origin":"123","timestamp":"2026-09-23T03:53:46.170Z"}
{"Counter":"working-set-combined","Mean":773,"UnitId":"Roche.C5800.UI","origin":"123","timestamp":"2026-09-23T03:53:46.170Z"}
{"Counter":"cpu-usage-GPU","Mean":0.004166047175451677,"UnitId":"Roche.C5800.UI","origin":"123","timestamp":"2026-09-23T03:54:16.175Z"}
{"Counter":"working-set-GPU","Mean":122,"UnitId":"Roche.C5800.UI","origin":"123","timestamp":"2026-09-23T03:54:16.175Z"}
{"Counter":"cpu-usage-Tab","Mean":0.04166050785492211,"UnitId":"Roche.C5800.UI","origin":"123","timestamp":"2026-09-23T03:54:16.175Z"}
{"Counter":"working-set-Tab","Mean":387,"UnitId":"Roche.C5800.UI","origin":"123","timestamp":"2026-09-23T03:54:16.175Z"}
{"Counter":"cpu-usage-Browser","Mean":0.004166069252335882,"UnitId":"Roche.C5800.UI","origin":"123","timestamp":"2026-09-23T03:54:16.175Z"}
{"Counter":"working-set-Browser","Mean":192,"UnitId":"Roche.C5800.UI","origin":"123","timestamp":"2026-09-23T03:54:16.175Z"}
{"Counter":"cpu-usage-combined","Mean":0.049992624282709675,"UnitId":"Roche.C5800.UI","origin":"123","timestamp":"2026-09-23T03:54:16.175Z"}
{"Counter":"working-set-combined","Mean":774,"UnitId":"Roche.C5800.UI","origin":"123","timestamp":"2026-09-23T03:54:16.175Z"}
{"Counter":"cpu-usage-GPU","Mean":0,"UnitId":"Roche.C5800.UI","origin":"123","timestamp":"2026-09-23T03:54:46.178Z"}
{"Counter":"working-set-GPU","Mean":122,"UnitId":"Roche.C5800.UI","origin":"123","timestamp":"2026-09-23T03:54:46.178Z"}
{"Counter":"cpu-usage-Tab","Mean":0.03332979704186719,"UnitId":"Roche.C5800.UI","origin":"123","timestamp":"2026-09-23T03:54:46.178Z"}
{"Counter":"working-set-Tab","Mean":387,"UnitId":"Roche.C5800.UI","origin":"123","timestamp":"2026-09-23T03:54:46.178Z"}
{"Counter":"cpu-usage-Browser","Mean":0.008332425098997542,"UnitId":"Roche.C5800.UI","origin":"123","timestamp":"2026-09-23T03:54:46.178Z"}
{"Counter":"working-set-Browser","Mean":192,"UnitId":"Roche.C5800.UI","origin":"123","timestamp":"2026-09-23T03:54:46.178Z"}
{"Counter":"cpu-usage-combined","Mean":0.041662222140864735,"UnitId":"Roche.C5800.UI","origin":"123","timestamp":"2026-09-23T03:54:46.178Z"}
{"Counter":"working-set-combined","Mean":774,"UnitId":"Roche.C5800.UI","origin":"123","timestamp":"2026-09-23T03:54:46.178Z"}
{"Counter":"cpu-usage-GPU","Mean":0.0041662522634415295,"UnitId":"Roche.C5800.UI","origin":"123","timestamp":"2026-09-23T03:55:16.181Z"}
{"Counter":"working-set-GPU","Mean":122,"UnitId":"Roche.C5800.UI","origin":"123","timestamp":"2026-09-23T03:55:16.181Z"}
{"Counter":"cpu-usage-Tab","Mean":0.03749615164496951,"UnitId":"Roche.C5800.UI","origin":"123","timestamp":"2026-09-23T03:55:16.181Z"}
{"Counter":"working-set-Tab","Mean":386,"UnitId":"Roche.C5800.UI","origin":"123","timestamp":"2026-09-23T03:55:16.181Z"}
{"Counter":"cpu-usage-Browser","Mean":0.00833244509468624,"UnitId":"Roche.C5800.UI","origin":"123","timestamp":"2026-09-23T03:55:16.181Z"}
{"Counter":"working-set-Browser","Mean":192,"UnitId":"Roche.C5800.UI","origin":"123","timestamp":"2026-09-23T03:55:16.181Z"}
{"Counter":"cpu-usage-combined","Mean":0.04999484900309727,"UnitId":"Roche.C5800.UI","origin":"123","timestamp":"2026-09-23T03:55:16.181Z"}
{"Counter":"working-set-combined","Mean":773,"UnitId":"Roche.C5800.UI","origin":"123","timestamp":"2026-09-23T03:55:16.181Z"}
{"Counter":"cpu-usage-GPU","Mean":0,"UnitId":"Roche.C5800.UI","origin":"123","timestamp":"2026-09-23T03:55:46.183Z"}
{"Counter":"working-set-GPU","Mean":122,"UnitId":"Roche.C5800.UI","origin":"123","timestamp":"2026-09-23T03:55:46.183Z"}
{"Counter":"cpu-usage-Tab","Mean":0.03333139677918046,"UnitId":"Roche.C5800.UI","origin":"123","timestamp":"2026-09-23T03:55:46.183Z"}
{"Counter":"working-set-Tab","Mean":386,"UnitId":"Roche.C5800.UI","origin":"123","timestamp":"2026-09-23T03:55:46.183Z"}
{"Counter":"cpu-usage-Browser","Mean":0.004166466676266206,"UnitId":"Roche.C5800.UI","origin":"123","timestamp":"2026-09-23T03:55:46.183Z"}
{"Counter":"working-set-Browser","Mean":192,"UnitId":"Roche.C5800.UI","origin":"123","timestamp":"2026-09-23T03:55:46.183Z"}
{"Counter":"cpu-usage-combined","Mean":0.037497863455446666,"UnitId":"Roche.C5800.UI","origin":"123","timestamp":"2026-09-23T03:55:46.183Z"}
{"Counter":"working-set-combined","Mean":773,"UnitId":"Roche.C5800.UI","origin":"123","timestamp":"2026-09-23T03:55:46.183Z"}
{"Counter":"cpu-usage-GPU","Mean":0.004166372381897425,"UnitId":"Roche.C5800.UI","origin":"123","timestamp":"2026-09-23T03:56:16.185Z"}
{"Counter":"working-set-GPU","Mean":122,"UnitId":"Roche.C5800.UI","origin":"123","timestamp":"2026-09-23T03:56:16.185Z"}
{"Counter":"cpu-usage-Tab","Mean":0.03749746017203102,"UnitId":"Roche.C5800.UI","origin":"123","timestamp":"2026-09-23T03:56:16.185Z"}
{"Counter":"working-set-Tab","Mean":386,"UnitId":"Roche.C5800.UI","origin":"123","timestamp":"2026-09-23T03:56:16.185Z"}
{"Counter":"cpu-usage-Browser","Mean":0.004166381686159334,"UnitId":"Roche.C5800.UI","origin":"123","timestamp":"2026-09-23T03:56:16.185Z"}
{"Counter":"working-set-Browser","Mean":192,"UnitId":"Roche.C5800.UI","origin":"123","timestamp":"2026-09-23T03:56:16.185Z"}
{"Counter":"cpu-usage-combined","Mean":0.04583021424008778,"UnitId":"Roche.C5800.UI","origin":"123","timestamp":"2026-09-23T03:56:16.185Z"}
{"Counter":"working-set-combined","Mean":773,"UnitId":"Roche.C5800.UI","origin":"123","timestamp":"2026-09-23T03:56:16.185Z"}
{"Counter":"cpu-usage-GPU","Mean":0,"UnitId":"Roche.C5800.UI","origin":"123","timestamp":"2026-09-23T03:56:46.187Z"}
{"Counter":"working-set-GPU","Mean":122,"UnitId":"Roche.C5800.UI","origin":"123","timestamp":"2026-09-23T03:56:46.187Z"}
{"Counter":"cpu-usage-Tab","Mean":0.033331567871288416,"UnitId":"Roche.C5800.UI","origin":"123","timestamp":"2026-09-23T03:56:46.187Z"}
{"Counter":"working-set-Tab","Mean":387,"UnitId":"Roche.C5800.UI","origin":"123","timestamp":"2026-09-23T03:56:46.187Z"}
{"Counter":"cpu-usage-Browser","Mean":0.008332897800541625,"UnitId":"Roche.C5800.UI","origin":"123","timestamp":"2026-09-23T03:56:46.187Z"}
{"Counter":"working-set-Browser","Mean":192,"UnitId":"Roche.C5800.UI","origin":"123","timestamp":"2026-09-23T03:56:46.187Z"}
{"Counter":"cpu-usage-combined","Mean":0.04166446567183004,"UnitId":"Roche.C5800.UI","origin":"123","timestamp":"2026-09-23T03:56:46.187Z"}
{"Counter":"working-set-combined","Mean":774,"UnitId":"Roche.C5800.UI","origin":"123","timestamp":"2026-09-23T03:56:46.187Z"}
{"Counter":"cpu-usage-GPU","Mean":0.008332903633269311,"UnitId":"Roche.C5800.UI","origin":"123","timestamp":"2026-09-23T03:57:16.188Z"}
{"Counter":"working-set-GPU","Mean":122,"UnitId":"Roche.C5800.UI","origin":"123","timestamp":"2026-09-23T03:57:16.188Z"}
{"Counter":"cpu-usage-Tab","Mean":0.04583102192212773,"UnitId":"Roche.C5800.UI","origin":"123","timestamp":"2026-09-23T03:57:16.188Z"}
{"Counter":"working-set-Tab","Mean":387,"UnitId":"Roche.C5800.UI","origin":"123","timestamp":"2026-09-23T03:57:16.188Z"}
{"Counter":"cpu-usage-Browser","Mean":0.004166457371624699,"UnitId":"Roche.C5800.UI","origin":"123","timestamp":"2026-09-23T03:57:16.188Z"}
{"Counter":"working-set-Browser","Mean":192,"UnitId":"Roche.C5800.UI","origin":"123","timestamp":"2026-09-23T03:57:16.188Z"}
{"Counter":"cpu-usage-combined","Mean":0.06249684029864644,"UnitId":"Roche.C5800.UI","origin":"123","timestamp":"2026-09-23T03:57:16.188Z"}
{"Counter":"working-set-combined","Mean":774,"UnitId":"Roche.C5800.UI","origin":"123","timestamp":"2026-09-23T03:57:16.188Z"}
{"Counter":"cpu-usage-GPU","Mean":0,"UnitId":"Roche.C5800.UI","origin":"123","timestamp":"2026-09-23T03:57:46.203Z"}
{"Counter":"working-set-GPU","Mean":122,"UnitId":"Roche.C5800.UI","origin":"123","timestamp":"2026-09-23T03:57:46.203Z"}
{"Counter":"cpu-usage-Tab","Mean":0.03748140797226549,"UnitId":"Roche.C5800.UI","origin":"123","timestamp":"2026-09-23T03:57:46.203Z"}
{"Counter":"working-set-Tab","Mean":386,"UnitId":"Roche.C5800.UI","origin":"123","timestamp":"2026-09-23T03:57:46.203Z"}
{"Counter":"cpu-usage-Browser","Mean":0.008329133784079401,"UnitId":"Roche.C5800.UI","origin":"123","timestamp":"2026-09-23T03:57:46.203Z"}
{"Counter":"working-set-Browser","Mean":192,"UnitId":"Roche.C5800.UI","origin":"123","timestamp":"2026-09-23T03:57:46.203Z"}
{"Counter":"cpu-usage-combined","Mean":0.04581054175634489,"UnitId":"Roche.C5800.UI","origin":"123","timestamp":"2026-09-23T03:57:46.203Z"}
{"Counter":"working-set-combined","Mean":773,"UnitId":"Roche.C5800.UI","origin":"123","timestamp":"2026-09-23T03:57:46.203Z"}
{"Counter":"cpu-usage-GPU","Mean":0.0041647733606968934,"UnitId":"Roche.C5800.UI","origin":"123","timestamp":"2026-09-23T03:58:16.216Z"}
{"Counter":"working-set-GPU","Mean":122,"UnitId":"Roche.C5800.UI","origin":"123","timestamp":"2026-09-23T03:58:16.216Z"}
{"Counter":"cpu-usage-Tab","Mean":0.037483146327972734,"UnitId":"Roche.C5800.UI","origin":"123","timestamp":"2026-09-23T03:58:16.216Z"}
{"Counter":"working-set-Tab","Mean":386,"UnitId":"Roche.C5800.UI","origin":"123","timestamp":"2026-09-23T03:58:16.216Z"}
{"Counter":"cpu-usage-Browser","Mean":0.004164825258592335,"UnitId":"Roche.C5800.UI","origin":"123","timestamp":"2026-09-23T03:58:16.216Z"}
{"Counter":"working-set-Browser","Mean":192,"UnitId":"Roche.C5800.UI","origin":"123","timestamp":"2026-09-23T03:58:16.216Z"}
{"Counter":"cpu-usage-combined","Mean":0.04581274494726196,"UnitId":"Roche.C5800.UI","origin":"123","timestamp":"2026-09-23T03:58:16.216Z"}
{"Counter":"working-set-combined","Mean":773,"UnitId":"Roche.C5800.UI","origin":"123","timestamp":"2026-09-23T03:58:16.216Z"}
{"Counter":"cpu-usage-GPU","Mean":0,"UnitId":"Roche.C5800.UI","origin":"123","timestamp":"2026-09-23T03:58:46.224Z"}
{"Counter":"working-set-GPU","Mean":122,"UnitId":"Roche.C5800.UI","origin":"123","timestamp":"2026-09-23T03:58:46.224Z"}
{"Counter":"cpu-usage-Tab","Mean":0.033324794410178965,"UnitId":"Roche.C5800.UI","origin":"123","timestamp":"2026-09-23T03:58:46.224Z"}
{"Counter":"working-set-Tab","Mean":386,"UnitId":"Roche.C5800.UI","origin":"123","timestamp":"2026-09-23T03:58:46.224Z"}
{"Counter":"cpu-usage-Browser","Mean":0.008331204710529793,"UnitId":"Roche.C5800.UI","origin":"123","timestamp":"2026-09-23T03:58:46.224Z"}
{"Counter":"working-set-Browser","Mean":192,"UnitId":"Roche.C5800.UI","origin":"123","timestamp":"2026-09-23T03:58:46.224Z"}
{"Counter":"cpu-usage-combined","Mean":0.04165599912070876,"UnitId":"Roche.C5800.UI","origin":"123","timestamp":"2026-09-23T03:58:46.224Z"}
{"Counter":"working-set-combined","Mean":773,"UnitId":"Roche.C5800.UI","origin":"123","timestamp":"2026-09-23T03:58:46.224Z"}
{"Counter":"cpu-usage-GPU","Mean":0.008331110870656739,"UnitId":"Roche.C5800.UI","origin":"123","timestamp":"2026-09-23T03:59:16.232Z"}
{"Counter":"working-set-GPU","Mean":122,"UnitId":"Roche.C5800.UI","origin":"123","timestamp":"2026-09-23T03:59:16.232Z"}
{"Counter":"cpu-usage-Tab","Mean":0.045820914338183874,"UnitId":"Roche.C5800.UI","origin":"123","timestamp":"2026-09-23T03:59:16.232Z"}
{"Counter":"working-set-Tab","Mean":387,"UnitId":"Roche.C5800.UI","origin":"123","timestamp":"2026-09-23T03:59:16.232Z"}
{"Counter":"cpu-usage-Browser","Mean":0.004165501437064672,"UnitId":"Roche.C5800.UI","origin":"123","timestamp":"2026-09-23T03:59:16.232Z"}
{"Counter":"working-set-Browser","Mean":192,"UnitId":"Roche.C5800.UI","origin":"123","timestamp":"2026-09-23T03:59:16.232Z"}
{"Counter":"cpu-usage-combined","Mean":0.05831752664590528,"UnitId":"Roche.C5800.UI","origin":"123","timestamp":"2026-09-23T03:59:16.232Z"}
{"Counter":"working-set-combined","Mean":774,"UnitId":"Roche.C5800.UI","origin":"123","timestamp":"2026-09-23T03:59:16.232Z"}
{"Counter":"cpu-usage-GPU","Mean":0,"UnitId":"Roche.C5800.UI","origin":"123","timestamp":"2026-09-23T03:59:46.242Z"}
{"Counter":"working-set-GPU","Mean":122,"UnitId":"Roche.C5800.UI","origin":"123","timestamp":"2026-09-23T03:59:46.242Z"}
{"Counter":"cpu-usage-Tab","Mean":0.02915718766495679,"UnitId":"Roche.C5800.UI","origin":"123","timestamp":"2026-09-23T03:59:46.242Z"}
{"Counter":"working-set-Tab","Mean":387,"UnitId":"Roche.C5800.UI","origin":"123","timestamp":"2026-09-23T03:59:46.242Z"}
{"Counter":"cpu-usage-Browser","Mean":0.00833061088969458,"UnitId":"Roche.C5800.UI","origin":"123","timestamp":"2026-09-23T03:59:46.242Z"}
{"Counter":"working-set-Browser","Mean":192,"UnitId":"Roche.C5800.UI","origin":"123","timestamp":"2026-09-23T03:59:46.242Z"}
{"Counter":"cpu-usage-combined","Mean":0.03748779855465137,"UnitId":"Roche.C5800.UI","origin":"123","timestamp":"2026-09-23T03:59:46.242Z"}
{"Counter":"working-set-combined","Mean":774,"UnitId":"Roche.C5800.UI","origin":"123","timestamp":"2026-09-23T03:59:46.242Z"}
{"Counter":"cpu-usage-GPU","Mean":0.008330948738106195,"UnitId":"Roche.C5800.UI","origin":"123","timestamp":"2026-09-23T04:00:16.251Z"}
{"Counter":"working-set-GPU","Mean":122,"UnitId":"Roche.C5800.UI","origin":"123","timestamp":"2026-09-23T04:00:16.251Z"}
{"Counter":"cpu-usage-Tab","Mean":0.07081285661562865,"UnitId":"Roche.C5800.UI","origin":"123","timestamp":"2026-09-23T04:00:16.251Z"}
{"Counter":"working-set-Tab","Mean":387,"UnitId":"Roche.C5800.UI","origin":"123","timestamp":"2026-09-23T04:00:16.251Z"}
{"Counter":"cpu-usage-Browser","Mean":0.0333237283240394,"UnitId":"Roche.C5800.UI","origin":"123","timestamp":"2026-09-23T04:00:16.251Z"}
{"Counter":"working-set-Browser","Mean":192,"UnitId":"Roche.C5800.UI","origin":"123","timestamp":"2026-09-23T04:00:16.251Z"}
{"Counter":"cpu-usage-combined","Mean":0.13329487567905854,"UnitId":"Roche.C5800.UI","origin":"123","timestamp":"2026-09-23T04:00:16.251Z"}
{"Counter":"working-set-combined","Mean":774,"UnitId":"Roche.C5800.UI","origin":"123","timestamp":"2026-09-23T04:00:16.251Z"}
{"Counter":"cpu-usage-GPU","Mean":0,"UnitId":"Roche.C5800.UI","origin":"123","timestamp":"2026-09-23T04:00:46.258Z"}
{"Counter":"working-set-GPU","Mean":122,"UnitId":"Roche.C5800.UI","origin":"123","timestamp":"2026-09-23T04:00:46.258Z"}
{"Counter":"cpu-usage-Tab","Mean":0.03332455009274722,"UnitId":"Roche.C5800.UI","origin":"123","timestamp":"2026-09-23T04:00:46.258Z"}
{"Counter":"working-set-Tab","Mean":387,"UnitId":"Roche.C5800.UI","origin":"123","timestamp":"2026-09-23T04:00:46.258Z"}
{"Counter":"cpu-usage-Browser","Mean":0.00833116945092128,"UnitId":"Roche.C5800.UI","origin":"123","timestamp":"2026-09-23T04:00:46.258Z"}
{"Counter":"working-set-Browser","Mean":192,"UnitId":"Roche.C5800.UI","origin":"123","timestamp":"2026-09-23T04:00:46.258Z"}
{"Counter":"cpu-usage-combined","Mean":0.0416557195436685,"UnitId":"Roche.C5800.UI","origin":"123","timestamp":"2026-09-23T04:00:46.258Z"}
{"Counter":"working-set-combined","Mean":774,"UnitId":"Roche.C5800.UI","origin":"123","timestamp":"2026-09-23T04:00:46.258Z"}
{"Counter":"cpu-usage-GPU","Mean":0.008331732252118884,"UnitId":"Roche.C5800.UI","origin":"123","timestamp":"2026-09-23T04:01:16.264Z"}
{"Counter":"working-set-GPU","Mean":123,"UnitId":"Roche.C5800.UI","origin":"123","timestamp":"2026-09-23T04:01:16.264Z"}
{"Counter":"cpu-usage-Tab","Mean":0.04165906666427155,"UnitId":"Roche.C5800.UI","origin":"123","timestamp":"2026-09-23T04:01:16.264Z"}
{"Counter":"working-set-Tab","Mean":387,"UnitId":"Roche.C5800.UI","origin":"123","timestamp":"2026-09-23T04:01:16.264Z"}
{"Counter":"cpu-usage-Browser","Mean":0.008331859982759716,"UnitId":"Roche.C5800.UI","origin":"123","timestamp":"2026-09-23T04:01:16.264Z"}
{"Counter":"working-set-Browser","Mean":192,"UnitId":"Roche.C5800.UI","origin":"123","timestamp":"2026-09-23T04:01:16.264Z"}
{"Counter":"cpu-usage-combined","Mean":0.05832265889915015,"UnitId":"Roche.C5800.UI","origin":"123","timestamp":"2026-09-23T04:01:16.264Z"}
{"Counter":"working-set-combined","Mean":775,"UnitId":"Roche.C5800.UI","origin":"123","timestamp":"2026-09-23T04:01:16.264Z"}
{"Counter":"cpu-usage-GPU","Mean":0,"UnitId":"Roche.C5800.UI","origin":"123","timestamp":"2026-09-23T04:01:46.270Z"}
{"Counter":"working-set-GPU","Mean":123,"UnitId":"Roche.C5800.UI","origin":"123","timestamp":"2026-09-23T04:01:46.270Z"}
{"Counter":"cpu-usage-Tab","Mean":0.03332725111000576,"UnitId":"Roche.C5800.UI","origin":"123","timestamp":"2026-09-23T04:01:46.270Z"}
{"Counter":"working-set-Tab","Mean":387,"UnitId":"Roche.C5800.UI","origin":"123","timestamp":"2026-09-23T04:01:46.270Z"}
{"Counter":"cpu-usage-Browser","Mean":0.004165931518618014,"UnitId":"Roche.C5800.UI","origin":"123","timestamp":"2026-09-23T04:01:46.270Z"}
{"Counter":"working-set-Browser","Mean":192,"UnitId":"Roche.C5800.UI","origin":"123","timestamp":"2026-09-23T04:01:46.270Z"}
{"Counter":"cpu-usage-combined","Mean":0.03749318262862377,"UnitId":"Roche.C5800.UI","origin":"123","timestamp":"2026-09-23T04:01:46.270Z"}
{"Counter":"working-set-combined","Mean":775,"UnitId":"Roche.C5800.UI","origin":"123","timestamp":"2026-09-23T04:01:46.270Z"}
{"Counter":"cpu-usage-GPU","Mean":0,"UnitId":"Roche.C5800.UI","origin":"123","timestamp":"2026-09-23T04:02:16.275Z"}
{"Counter":"working-set-GPU","Mean":123,"UnitId":"Roche.C5800.UI","origin":"123","timestamp":"2026-09-23T04:02:16.275Z"}
{"Counter":"cpu-usage-Tab","Mean":0.037493281204008244,"UnitId":"Roche.C5800.UI","origin":"123","timestamp":"2026-09-23T04:02:16.275Z"}
{"Counter":"working-set-Tab","Mean":387,"UnitId":"Roche.C5800.UI","origin":"123","timestamp":"2026-09-23T04:02:16.275Z"}
{"Counter":"cpu-usage-Browser","Mean":0.004165878343621442,"UnitId":"Roche.C5800.UI","origin":"123","timestamp":"2026-09-23T04:02:16.275Z"}
{"Counter":"working-set-Browser","Mean":192,"UnitId":"Roche.C5800.UI","origin":"123","timestamp":"2026-09-23T04:02:16.275Z"}
{"Counter":"cpu-usage-combined","Mean":0.04582504802632853,"UnitId":"Roche.C5800.UI","origin":"123","timestamp":"2026-09-23T04:02:16.275Z"}
{"Counter":"working-set-combined","Mean":775,"UnitId":"Roche.C5800.UI","origin":"123","timestamp":"2026-09-23T04:02:16.275Z"}
{"Counter":"cpu-usage-GPU","Mean":0,"UnitId":"Roche.C5800.UI","origin":"123","timestamp":"2026-09-23T04:02:46.276Z"}
{"Counter":"working-set-GPU","Mean":123,"UnitId":"Roche.C5800.UI","origin":"123","timestamp":"2026-09-23T04:02:46.276Z"}
{"Counter":"cpu-usage-Tab","Mean":0.029165391166892967,"UnitId":"Roche.C5800.UI","origin":"123","timestamp":"2026-09-23T04:02:46.276Z"}
{"Counter":"working-set-Tab","Mean":387,"UnitId":"Roche.C5800.UI","origin":"123","timestamp":"2026-09-23T04:02:46.276Z"}
{"Counter":"cpu-usage-Browser","Mean":0.0041664823692632,"UnitId":"Roche.C5800.UI","origin":"123","timestamp":"2026-09-23T04:02:46.276Z"}
{"Counter":"working-set-Browser","Mean":192,"UnitId":"Roche.C5800.UI","origin":"123","timestamp":"2026-09-23T04:02:46.276Z"}
{"Counter":"cpu-usage-combined","Mean":0.037498360071721616,"UnitId":"Roche.C5800.UI","origin":"123","timestamp":"2026-09-23T04:02:46.276Z"}
{"Counter":"working-set-combined","Mean":775,"UnitId":"Roche.C5800.UI","origin":"123","timestamp":"2026-09-23T04:02:46.276Z"}
{"Counter":"cpu-usage-GPU","Mean":0.0041663082252823514,"UnitId":"Roche.C5800.UI","origin":"123","timestamp":"2026-09-23T04:03:16.279Z"}
{"Counter":"working-set-GPU","Mean":123,"UnitId":"Roche.C5800.UI","origin":"123","timestamp":"2026-09-23T04:03:16.279Z"}
{"Counter":"cpu-usage-Tab","Mean":0.04166298088162467,"UnitId":"Roche.C5800.UI","origin":"123","timestamp":"2026-09-23T04:03:16.279Z"}
{"Counter":"working-set-Tab","Mean":387,"UnitId":"Roche.C5800.UI","origin":"123","timestamp":"2026-09-23T04:03:16.279Z"}
{"Counter":"cpu-usage-Browser","Mean":0.00833253341012596,"UnitId":"Roche.C5800.UI","origin":"123","timestamp":"2026-09-23T04:03:16.279Z"}
{"Counter":"working-set-Browser","Mean":192,"UnitId":"Roche.C5800.UI","origin":"123","timestamp":"2026-09-23T04:03:16.279Z"}
{"Counter":"cpu-usage-combined","Mean":0.054161822517032984,"UnitId":"Roche.C5800.UI","origin":"123","timestamp":"2026-09-23T04:03:16.279Z"}
{"Counter":"working-set-combined","Mean":775,"UnitId":"Roche.C5800.UI","origin":"123","timestamp":"2026-09-23T04:03:16.279Z"}
{"Counter":"cpu-usage-GPU","Mean":0,"UnitId":"Roche.C5800.UI","origin":"123","timestamp":"2026-09-23T04:03:46.280Z"}
{"Counter":"working-set-GPU","Mean":123,"UnitId":"Roche.C5800.UI","origin":"123","timestamp":"2026-09-23T04:03:46.280Z"}
{"Counter":"cpu-usage-Tab","Mean":0.03333179118246129,"UnitId":"Roche.C5800.UI","origin":"123","timestamp":"2026-09-23T04:03:46.280Z"}
{"Counter":"working-set-Tab","Mean":387,"UnitId":"Roche.C5800.UI","origin":"123","timestamp":"2026-09-23T04:03:46.280Z"}
{"Counter":"cpu-usage-Browser","Mean":0.00833297918171811,"UnitId":"Roche.C5800.UI","origin":"123","timestamp":"2026-09-23T04:03:46.280Z"}
{"Counter":"working-set-Browser","Mean":192,"UnitId":"Roche.C5800.UI","origin":"123","timestamp":"2026-09-23T04:03:46.280Z"}
{"Counter":"cpu-usage-combined","Mean":0.0416647703641794,"UnitId":"Roche.C5800.UI","origin":"123","timestamp":"2026-09-23T04:03:46.280Z"}
{"Counter":"working-set-combined","Mean":775,"UnitId":"Roche.C5800.UI","origin":"123","timestamp":"2026-09-23T04:03:46.280Z"}
{"Counter":"cpu-usage-GPU","Mean":0.012499172554776873,"UnitId":"Roche.C5800.UI","origin":"123","timestamp":"2026-09-23T04:04:16.282Z"}
{"Counter":"working-set-GPU","Mean":122,"UnitId":"Roche.C5800.UI","origin":"123","timestamp":"2026-09-23T04:04:16.282Z"}
{"Counter":"cpu-usage-Tab","Mean":0.13332408508596455,"UnitId":"Roche.C5800.UI","origin":"123","timestamp":"2026-09-23T04:04:16.282Z"}
{"Counter":"working-set-Tab","Mean":386,"UnitId":"Roche.C5800.UI","origin":"123","timestamp":"2026-09-23T04:04:16.282Z"}
{"Counter":"cpu-usage-Browser","Mean":0.0916609470235724,"UnitId":"Roche.C5800.UI","origin":"123","timestamp":"2026-09-23T04:04:16.282Z"}
{"Counter":"working-set-Browser","Mean":192,"UnitId":"Roche.C5800.UI","origin":"123","timestamp":"2026-09-23T04:04:16.282Z"}
{"Counter":"cpu-usage-combined","Mean":0.2708153303660882,"UnitId":"Roche.C5800.UI","origin":"123","timestamp":"2026-09-23T04:04:16.282Z"}
{"Counter":"working-set-combined","Mean":773,"UnitId":"Roche.C5800.UI","origin":"123","timestamp":"2026-09-23T04:04:16.282Z"}
{"Counter":"cpu-usage-GPU","Mean":0,"UnitId":"Roche.C5800.UI","origin":"123","timestamp":"2026-09-23T04:04:46.283Z"}
{"Counter":"working-set-GPU","Mean":122,"UnitId":"Roche.C5800.UI","origin":"123","timestamp":"2026-09-23T04:04:46.283Z"}
{"Counter":"cpu-usage-Tab","Mean":0.037499901250260044,"UnitId":"Roche.C5800.UI","origin":"123","timestamp":"2026-09-23T04:04:46.283Z"}
{"Counter":"working-set-Tab","Mean":386,"UnitId":"Roche.C5800.UI","origin":"123","timestamp":"2026-09-23T04:04:46.283Z"}
{"Counter":"cpu-usage-Browser","Mean":0.012499974166720055,"UnitId":"Roche.C5800.UI","origin":"123","timestamp":"2026-09-23T04:04:46.283Z"}
{"Counter":"working-set-Browser","Mean":192,"UnitId":"Roche.C5800.UI","origin":"123","timestamp":"2026-09-23T04:04:46.283Z"}
{"Counter":"cpu-usage-combined","Mean":0.0499998754169801,"UnitId":"Roche.C5800.UI","origin":"123","timestamp":"2026-09-23T04:04:46.283Z"}
{"Counter":"working-set-combined","Mean":773,"UnitId":"Roche.C5800.UI","origin":"123","timestamp":"2026-09-23T04:04:46.283Z"}
{"Counter":"cpu-usage-GPU","Mean":0.00416664319457667,"UnitId":"Roche.C5800.UI","origin":"123","timestamp":"2026-09-23T04:05:16.283Z"}
{"Counter":"working-set-GPU","Mean":122,"UnitId":"Roche.C5800.UI","origin":"123","timestamp":"2026-09-23T04:05:16.283Z"}
{"Counter":"cpu-usage-Tab","Mean":0.04166639722396462,"UnitId":"Roche.C5800.UI","origin":"123","timestamp":"2026-09-23T04:05:16.283Z"}
{"Counter":"working-set-Tab","Mean":387,"UnitId":"Roche.C5800.UI","origin":"123","timestamp":"2026-09-23T04:05:16.283Z"}
{"Counter":"cpu-usage-Browser","Mean":0.008333285833604083,"UnitId":"Roche.C5800.UI","origin":"123","timestamp":"2026-09-23T04:05:16.283Z"}
{"Counter":"working-set-Browser","Mean":192,"UnitId":"Roche.C5800.UI","origin":"123","timestamp":"2026-09-23T04:05:16.283Z"}
{"Counter":"cpu-usage-combined","Mean":0.05833296903006011,"UnitId":"Roche.C5800.UI","origin":"123","timestamp":"2026-09-23T04:05:16.283Z"}
{"Counter":"working-set-combined","Mean":774,"UnitId":"Roche.C5800.UI","origin":"123","timestamp":"2026-09-23T04:05:16.283Z"}
{"Counter":"cpu-usage-GPU","Mean":0.004166645555662518,"UnitId":"Roche.C5800.UI","origin":"123","timestamp":"2026-09-23T04:05:46.283Z"}
{"Counter":"working-set-GPU","Mean":123,"UnitId":"Roche.C5800.UI","origin":"123","timestamp":"2026-09-23T04:05:46.283Z"}
{"Counter":"cpu-usage-Tab","Mean":0.05833331388889537,"UnitId":"Roche.C5800.UI","origin":"123","timestamp":"2026-09-23T04:05:46.283Z"}
{"Counter":"working-set-Tab","Mean":387,"UnitId":"Roche.C5800.UI","origin":"123","timestamp":"2026-09-23T04:05:46.283Z"}
{"Counter":"cpu-usage-Browser","Mean":0.029166869862526708,"UnitId":"Roche.C5800.UI","origin":"123","timestamp":"2026-09-23T04:05:46.283Z"}
{"Counter":"working-set-Browser","Mean":192,"UnitId":"Roche.C5800.UI","origin":"123","timestamp":"2026-09-23T04:05:46.283Z"}
{"Counter":"cpu-usage-combined","Mean":0.10416687222389862,"UnitId":"Roche.C5800.UI","origin":"123","timestamp":"2026-09-23T04:05:46.283Z"}
{"Counter":"working-set-combined","Mean":775,"UnitId":"Roche.C5800.UI","origin":"123","timestamp":"2026-09-23T04:05:46.283Z"}
{"Counter":"cpu-usage-GPU","Mean":0.004166544725791025,"UnitId":"Roche.C5800.UI","origin":"123","timestamp":"2026-09-23T04:06:16.284Z"}
{"Counter":"working-set-GPU","Mean":123,"UnitId":"Roche.C5800.UI","origin":"123","timestamp":"2026-09-23T04:06:16.284Z"}
{"Counter":"cpu-usage-Tab","Mean":0.03749865004859825,"UnitId":"Roche.C5800.UI","origin":"123","timestamp":"2026-09-23T04:06:16.284Z"}
{"Counter":"working-set-Tab","Mean":387,"UnitId":"Roche.C5800.UI","origin":"123","timestamp":"2026-09-23T04:06:16.284Z"}
{"Counter":"cpu-usage-Browser","Mean":0.004166451677760094,"UnitId":"Roche.C5800.UI","origin":"123","timestamp":"2026-09-23T04:06:16.284Z"}
{"Counter":"working-set-Browser","Mean":192,"UnitId":"Roche.C5800.UI","origin":"123","timestamp":"2026-09-23T04:06:16.284Z"}
{"Counter":"cpu-usage-combined","Mean":0.049998130210179056,"UnitId":"Roche.C5800.UI","origin":"123","timestamp":"2026-09-23T04:06:16.284Z"}
{"Counter":"working-set-combined","Mean":775,"UnitId":"Roche.C5800.UI","origin":"123","timestamp":"2026-09-23T04:06:16.284Z"}
{"Counter":"cpu-usage-GPU","Mean":0,"UnitId":"Roche.C5800.UI","origin":"123","timestamp":"2026-09-23T04:06:46.296Z"}
{"Counter":"working-set-GPU","Mean":123,"UnitId":"Roche.C5800.UI","origin":"123","timestamp":"2026-09-23T04:06:46.296Z"}
{"Counter":"cpu-usage-Tab","Mean":0.03331934698211514,"UnitId":"Roche.C5800.UI","origin":"123","timestamp":"2026-09-23T04:06:46.296Z"}
{"Counter":"working-set-Tab","Mean":387,"UnitId":"Roche.C5800.UI","origin":"123","timestamp":"2026-09-23T04:06:46.296Z"}
{"Counter":"cpu-usage-Browser","Mean":0.008329838410797444,"UnitId":"Roche.C5800.UI","origin":"123","timestamp":"2026-09-23T04:06:46.296Z"}
{"Counter":"working-set-Browser","Mean":192,"UnitId":"Roche.C5800.UI","origin":"123","timestamp":"2026-09-23T04:06:46.296Z"}
{"Counter":"cpu-usage-combined","Mean":0.04164918539291258,"UnitId":"Roche.C5800.UI","origin":"123","timestamp":"2026-09-23T04:06:46.296Z"}
{"Counter":"working-set-combined","Mean":775,"UnitId":"Roche.C5800.UI","origin":"123","timestamp":"2026-09-23T04:06:46.296Z"}
{"Counter":"cpu-usage-GPU","Mean":0.008330086820829695,"UnitId":"Roche.C5800.UI","origin":"123","timestamp":"2026-09-23T04:07:16.308Z"}
{"Counter":"working-set-GPU","Mean":123,"UnitId":"Roche.C5800.UI","origin":"123","timestamp":"2026-09-23T04:07:16.308Z"}
{"Counter":"cpu-usage-Tab","Mean":0.04165061729546881,"UnitId":"Roche.C5800.UI","origin":"123","timestamp":"2026-09-23T04:07:16.308Z"}
{"Counter":"working-set-Tab","Mean":387,"UnitId":"Roche.C5800.UI","origin":"123","timestamp":"2026-09-23T04:07:16.308Z"}
{"Counter":"cpu-usage-Browser","Mean":0.008330162873343738,"UnitId":"Roche.C5800.UI","origin":"123","timestamp":"2026-09-23T04:07:16.308Z"}
{"Counter":"working-set-Browser","Mean":192,"UnitId":"Roche.C5800.UI","origin":"123","timestamp":"2026-09-23T04:07:16.308Z"}
{"Counter":"cpu-usage-combined","Mean":0.058310866989642246,"UnitId":"Roche.C5800.UI","origin":"123","timestamp":"2026-09-23T04:07:16.308Z"}
{"Counter":"working-set-combined","Mean":775,"UnitId":"Roche.C5800.UI","origin":"123","timestamp":"2026-09-23T04:07:16.308Z"}
{"Counter":"cpu-usage-GPU","Mean":0,"UnitId":"Roche.C5800.UI","origin":"123","timestamp":"2026-09-23T04:07:46.319Z"}
{"Counter":"working-set-GPU","Mean":123,"UnitId":"Roche.C5800.UI","origin":"123","timestamp":"2026-09-23T04:07:46.319Z"}
{"Counter":"cpu-usage-Tab","Mean":0.033321407601552736,"UnitId":"Roche.C5800.UI","origin":"123","timestamp":"2026-09-23T04:07:46.319Z"}
{"Counter":"working-set-Tab","Mean":387,"UnitId":"Roche.C5800.UI","origin":"123","timestamp":"2026-09-23T04:07:46.319Z"}
{"Counter":"cpu-usage-Browser","Mean":0,"UnitId":"Roche.C5800.UI","origin":"123","timestamp":"2026-09-23T04:07:46.319Z"}
{"Counter":"working-set-Browser","Mean":192,"UnitId":"Roche.C5800.UI","origin":"123","timestamp":"2026-09-23T04:07:46.319Z"}
{"Counter":"cpu-usage-combined","Mean":0.033321407601552736,"UnitId":"Roche.C5800.UI","origin":"123","timestamp":"2026-09-23T04:07:46.319Z"}
{"Counter":"working-set-combined","Mean":775,"UnitId":"Roche.C5800.UI","origin":"123","timestamp":"2026-09-23T04:07:46.319Z"}
{"Counter":"cpu-usage-GPU","Mean":0.00416534208788272,"UnitId":"Roche.C5800.UI","origin":"123","timestamp":"2026-09-23T04:08:16.328Z"}
{"Counter":"working-set-GPU","Mean":123,"UnitId":"Roche.C5800.UI","origin":"123","timestamp":"2026-09-23T04:08:16.328Z"}
{"Counter":"cpu-usage-Tab","Mean":0.03748821495482537,"UnitId":"Roche.C5800.UI","origin":"123","timestamp":"2026-09-23T04:08:16.328Z"}
{"Counter":"working-set-Tab","Mean":386,"UnitId":"Roche.C5800.UI","origin":"123","timestamp":"2026-09-23T04:08:16.328Z"}
{"Counter":"cpu-usage-Browser","Mean":0.016661475506281425,"UnitId":"Roche.C5800.UI","origin":"123","timestamp":"2026-09-23T04:08:16.328Z"}
{"Counter":"working-set-Browser","Mean":192,"UnitId":"Roche.C5800.UI","origin":"123","timestamp":"2026-09-23T04:08:16.328Z"}
{"Counter":"cpu-usage-combined","Mean":0.06248039337503722,"UnitId":"Roche.C5800.UI","origin":"123","timestamp":"2026-09-23T04:08:16.328Z"}
{"Counter":"working-set-combined","Mean":774,"UnitId":"Roche.C5800.UI","origin":"123","timestamp":"2026-09-23T04:08:16.328Z"}
{"Counter":"cpu-usage-GPU","Mean":0,"UnitId":"Roche.C5800.UI","origin":"123","timestamp":"2026-09-23T04:08:46.338Z"}
{"Counter":"working-set-GPU","Mean":123,"UnitId":"Roche.C5800.UI","origin":"123","timestamp":"2026-09-23T04:08:46.338Z"}
{"Counter":"cpu-usage-Tab","Mean":0.03332243023416072,"UnitId":"Roche.C5800.UI","origin":"123","timestamp":"2026-09-23T04:08:46.338Z"}
{"Counter":"working-set-Tab","Mean":387,"UnitId":"Roche.C5800.UI","origin":"123","timestamp":"2026-09-23T04:08:46.338Z"}
{"Counter":"cpu-usage-Browser","Mean":0.008330524835727049,"UnitId":"Roche.C5800.UI","origin":"123","timestamp":"2026-09-23T04:08:46.338Z"}
{"Counter":"working-set-Browser","Mean":192,"UnitId":"Roche.C5800.UI","origin":"123","timestamp":"2026-09-23T04:08:46.338Z"}
{"Counter":"cpu-usage-combined","Mean":0.04165295506988777,"UnitId":"Roche.C5800.UI","origin":"123","timestamp":"2026-09-23T04:08:46.338Z"}
{"Counter":"working-set-combined","Mean":775,"UnitId":"Roche.C5800.UI","origin":"123","timestamp":"2026-09-23T04:08:46.338Z"}
{"Counter":"cpu-usage-GPU","Mean":0.004165776162582312,"UnitId":"Roche.C5800.UI","origin":"123","timestamp":"2026-09-23T04:09:16.344Z"}
{"Counter":"working-set-GPU","Mean":123,"UnitId":"Roche.C5800.UI","origin":"123","timestamp":"2026-09-23T04:09:16.344Z"}
{"Counter":"cpu-usage-Tab","Mean":0.04582344463398132,"UnitId":"Roche.C5800.UI","origin":"123","timestamp":"2026-09-23T04:09:16.344Z"}
{"Counter":"working-set-Tab","Mean":387,"UnitId":"Roche.C5800.UI","origin":"123","timestamp":"2026-09-23T04:09:16.344Z"}
{"Counter":"cpu-usage-Browser","Mean":0.0041657683881432366,"UnitId":"Roche.C5800.UI","origin":"123","timestamp":"2026-09-23T04:09:16.344Z"}
{"Counter":"working-set-Browser","Mean":192,"UnitId":"Roche.C5800.UI","origin":"123","timestamp":"2026-09-23T04:09:16.344Z"}
{"Counter":"cpu-usage-combined","Mean":0.05415498918470686,"UnitId":"Roche.C5800.UI","origin":"123","timestamp":"2026-09-23T04:09:16.344Z"}
{"Counter":"working-set-combined","Mean":775,"UnitId":"Roche.C5800.UI","origin":"123","timestamp":"2026-09-23T04:09:16.344Z"}
{"Counter":"cpu-usage-GPU","Mean":0,"UnitId":"Roche.C5800.UI","origin":"123","timestamp":"2026-09-23T04:09:46.348Z"}
{"Counter":"working-set-GPU","Mean":123,"UnitId":"Roche.C5800.UI","origin":"123","timestamp":"2026-09-23T04:09:46.348Z"}
{"Counter":"cpu-usage-Tab","Mean":0.033329081653483736,"UnitId":"Roche.C5800.UI","origin":"123","timestamp":"2026-09-23T04:09:46.348Z"}
{"Counter":"working-set-Tab","Mean":387,"UnitId":"Roche.C5800.UI","origin":"123","timestamp":"2026-09-23T04:09:46.348Z"}
{"Counter":"cpu-usage-Browser","Mean":0.008332285687279586,"UnitId":"Roche.C5800.UI","origin":"123","timestamp":"2026-09-23T04:09:46.348Z"}
{"Counter":"working-set-Browser","Mean":192,"UnitId":"Roche.C5800.UI","origin":"123","timestamp":"2026-09-23T04:09:46.348Z"}
{"Counter":"cpu-usage-combined","Mean":0.041661367340763325,"UnitId":"Roche.C5800.UI","origin":"123","timestamp":"2026-09-23T04:09:46.348Z"}
{"Counter":"working-set-combined","Mean":775,"UnitId":"Roche.C5800.UI","origin":"123","timestamp":"2026-09-23T04:09:46.348Z"}
{"Counter":"cpu-usage-GPU","Mean":0.00416585710176989,"UnitId":"Roche.C5800.UI","origin":"123","timestamp":"2026-09-23T04:10:16.354Z"}
{"Counter":"working-set-GPU","Mean":123,"UnitId":"Roche.C5800.UI","origin":"123","timestamp":"2026-09-23T04:10:16.354Z"}
{"Counter":"cpu-usage-Tab","Mean":0.037492876353492834,"UnitId":"Roche.C5800.UI","origin":"123","timestamp":"2026-09-23T04:10:16.354Z"}
{"Counter":"working-set-Tab","Mean":387,"UnitId":"Roche.C5800.UI","origin":"123","timestamp":"2026-09-23T04:10:16.354Z"}
{"Counter":"cpu-usage-Browser","Mean":0.0041658986138255645,"UnitId":"Roche.C5800.UI","origin":"123","timestamp":"2026-09-23T04:10:16.354Z"}
{"Counter":"working-set-Browser","Mean":192,"UnitId":"Roche.C5800.UI","origin":"123","timestamp":"2026-09-23T04:10:16.354Z"}
{"Counter":"cpu-usage-combined","Mean":0.04582463206908828,"UnitId":"Roche.C5800.UI","origin":"123","timestamp":"2026-09-23T04:10:16.354Z"}
{"Counter":"working-set-combined","Mean":775,"UnitId":"Roche.C5800.UI","origin":"123","timestamp":"2026-09-23T04:10:16.354Z"}
{"Counter":"cpu-usage-GPU","Mean":0,"UnitId":"Roche.C5800.UI","origin":"123","timestamp":"2026-09-23T04:10:46.357Z"}
{"Counter":"working-set-GPU","Mean":123,"UnitId":"Roche.C5800.UI","origin":"123","timestamp":"2026-09-23T04:10:46.357Z"}
{"Counter":"cpu-usage-Tab","Mean":0.03749566300164614,"UnitId":"Roche.C5800.UI","origin":"123","timestamp":"2026-09-23T04:10:46.357Z"}
{"Counter":"working-set-Tab","Mean":387,"UnitId":"Roche.C5800.UI","origin":"123","timestamp":"2026-09-23T04:10:46.357Z"}
{"Counter":"cpu-usage-Browser","Mean":0.0041661832505368295,"UnitId":"Roche.C5800.UI","origin":"123","timestamp":"2026-09-23T04:10:46.357Z"}
{"Counter":"working-set-Browser","Mean":192,"UnitId":"Roche.C5800.UI","origin":"123","timestamp":"2026-09-23T04:10:46.357Z"}
{"Counter":"cpu-usage-combined","Mean":0.04166184625218297,"UnitId":"Roche.C5800.UI","origin":"123","timestamp":"2026-09-23T04:10:46.357Z"}
{"Counter":"working-set-combined","Mean":775,"UnitId":"Roche.C5800.UI","origin":"123","timestamp":"2026-09-23T04:10:46.357Z"}
{"Counter":"cpu-usage-GPU","Mean":0.008332507859554713,"UnitId":"Roche.C5800.UI","origin":"123","timestamp":"2026-09-23T04:11:16.360Z"}
{"Counter":"working-set-GPU","Mean":123,"UnitId":"Roche.C5800.UI","origin":"123","timestamp":"2026-09-23T04:11:16.360Z"}
{"Counter":"cpu-usage-Tab","Mean":0.03749630411429113,"UnitId":"Roche.C5800.UI","origin":"123","timestamp":"2026-09-23T04:11:16.360Z"}
{"Counter":"working-set-Tab","Mean":387,"UnitId":"Roche.C5800.UI","origin":"123","timestamp":"2026-09-23T04:11:16.360Z"}
{"Counter":"cpu-usage-Browser","Mean":0.008332484530909118,"UnitId":"Roche.C5800.UI","origin":"123","timestamp":"2026-09-23T04:11:16.360Z"}
{"Counter":"working-set-Browser","Mean":192,"UnitId":"Roche.C5800.UI","origin":"123","timestamp":"2026-09-23T04:11:16.360Z"}
{"Counter":"cpu-usage-combined","Mean":0.058327541269701765,"UnitId":"Roche.C5800.UI","origin":"123","timestamp":"2026-09-23T04:11:16.360Z"}
{"Counter":"working-set-combined","Mean":775,"UnitId":"Roche.C5800.UI","origin":"123","timestamp":"2026-09-23T04:11:16.360Z"}
{"Counter":"cpu-usage-GPU","Mean":0,"UnitId":"Roche.C5800.UI","origin":"123","timestamp":"2026-09-23T04:11:46.362Z"}
{"Counter":"working-set-GPU","Mean":123,"UnitId":"Roche.C5800.UI","origin":"123","timestamp":"2026-09-23T04:11:46.362Z"}
{"Counter":"cpu-usage-Tab","Mean":0.0333309801661336,"UnitId":"Roche.C5800.UI","origin":"123","timestamp":"2026-09-23T04:11:46.362Z"}
{"Counter":"working-set-Tab","Mean":387,"UnitId":"Roche.C5800.UI","origin":"123","timestamp":"2026-09-23T04:11:46.362Z"}
{"Counter":"cpu-usage-Browser","Mean":0.008332789479939942,"UnitId":"Roche.C5800.UI","origin":"123","timestamp":"2026-09-23T04:11:46.362Z"}
{"Counter":"working-set-Browser","Mean":192,"UnitId":"Roche.C5800.UI","origin":"123","timestamp":"2026-09-23T04:11:46.362Z"}
{"Counter":"cpu-usage-combined","Mean":0.041663769646073545,"UnitId":"Roche.C5800.UI","origin":"123","timestamp":"2026-09-23T04:11:46.362Z"}
{"Counter":"working-set-combined","Mean":775,"UnitId":"Roche.C5800.UI","origin":"123","timestamp":"2026-09-23T04:11:46.362Z"}
{"Counter":"cpu-usage-GPU","Mean":0.004166558058386611,"UnitId":"Roche.C5800.UI","origin":"123","timestamp":"2026-09-23T04:12:16.363Z"}
{"Counter":"working-set-GPU","Mean":123,"UnitId":"Roche.C5800.UI","origin":"123","timestamp":"2026-09-23T04:12:16.363Z"}
{"Counter":"cpu-usage-Tab","Mean":0.03749875629124967,"UnitId":"Roche.C5800.UI","origin":"123","timestamp":"2026-09-23T04:12:16.363Z"}
{"Counter":"working-set-Tab","Mean":387,"UnitId":"Roche.C5800.UI","origin":"123","timestamp":"2026-09-23T04:12:16.363Z"}
{"Counter":"cpu-usage-Browser","Mean":0.0083330211228086,"UnitId":"Roche.C5800.UI","origin":"123","timestamp":"2026-09-23T04:12:16.363Z"}
{"Counter":"working-set-Browser","Mean":192,"UnitId":"Roche.C5800.UI","origin":"123","timestamp":"2026-09-23T04:12:16.363Z"}
{"Counter":"cpu-usage-combined","Mean":0.04999833547244488,"UnitId":"Roche.C5800.UI","origin":"123","timestamp":"2026-09-23T04:12:16.363Z"}
{"Counter":"working-set-combined","Mean":775,"UnitId":"Roche.C5800.UI","origin":"123","timestamp":"2026-09-23T04:12:16.363Z"}
{"Counter":"cpu-usage-GPU","Mean":0,"UnitId":"Roche.C5800.UI","origin":"123","timestamp":"2026-09-23T04:12:46.364Z"}
{"Counter":"working-set-GPU","Mean":123,"UnitId":"Roche.C5800.UI","origin":"123","timestamp":"2026-09-23T04:12:46.364Z"}
{"Counter":"cpu-usage-Tab","Mean":0.03333290667212793,"UnitId":"Roche.C5800.UI","origin":"123","timestamp":"2026-09-23T04:12:46.364Z"}
{"Counter":"working-set-Tab","Mean":386,"UnitId":"Roche.C5800.UI","origin":"123","timestamp":"2026-09-23T04:12:46.364Z"}
{"Counter":"cpu-usage-Browser","Mean":0.0041666327780534055,"UnitId":"Roche.C5800.UI","origin":"123","timestamp":"2026-09-23T04:12:46.364Z"}
{"Counter":"working-set-Browser","Mean":192,"UnitId":"Roche.C5800.UI","origin":"123","timestamp":"2026-09-23T04:12:46.364Z"}
{"Counter":"cpu-usage-combined","Mean":0.037499539450181335,"UnitId":"Roche.C5800.UI","origin":"123","timestamp":"2026-09-23T04:12:46.364Z"}
{"Counter":"working-set-combined","Mean":774,"UnitId":"Roche.C5800.UI","origin":"123","timestamp":"2026-09-23T04:12:46.364Z"}
{"Counter":"cpu-usage-GPU","Mean":0.004164967221208173,"UnitId":"Roche.C5800.UI","origin":"123","timestamp":"2026-09-23T04:13:16.376Z"}
{"Counter":"working-set-GPU","Mean":123,"UnitId":"Roche.C5800.UI","origin":"123","timestamp":"2026-09-23T04:13:16.376Z"}
{"Counter":"cpu-usage-Tab","Mean":0.03748488234694947,"UnitId":"Roche.C5800.UI","origin":"123","timestamp":"2026-09-23T04:13:16.376Z"}
{"Counter":"working-set-Tab","Mean":387,"UnitId":"Roche.C5800.UI","origin":"123","timestamp":"2026-09-23T04:13:16.376Z"}
{"Counter":"cpu-usage-Browser","Mean":0.004165020511726416,"UnitId":"Roche.C5800.UI","origin":"123","timestamp":"2026-09-23T04:13:16.376Z"}
{"Counter":"working-set-Browser","Mean":192,"UnitId":"Roche.C5800.UI","origin":"123","timestamp":"2026-09-23T04:13:16.376Z"}
{"Counter":"cpu-usage-combined","Mean":0.045814870079884065,"UnitId":"Roche.C5800.UI","origin":"123","timestamp":"2026-09-23T04:13:16.376Z"}
{"Counter":"working-set-combined","Mean":775,"UnitId":"Roche.C5800.UI","origin":"123","timestamp":"2026-09-23T04:13:16.376Z"}
{"Counter":"cpu-usage-GPU","Mean":0,"UnitId":"Roche.C5800.UI","origin":"123","timestamp":"2026-09-23T04:13:46.387Z"}
{"Counter":"working-set-GPU","Mean":123,"UnitId":"Roche.C5800.UI","origin":"123","timestamp":"2026-09-23T04:13:46.387Z"}
{"Counter":"cpu-usage-Tab","Mean":0.033320664816570075,"UnitId":"Roche.C5800.UI","origin":"123","timestamp":"2026-09-23T04:13:46.387Z"}
{"Counter":"working-set-Tab","Mean":387,"UnitId":"Roche.C5800.UI","origin":"123","timestamp":"2026-09-23T04:13:46.387Z"}
{"Counter":"cpu-usage-Browser","Mean":0.008330104029671164,"UnitId":"Roche.C5800.UI","origin":"123","timestamp":"2026-09-23T04:13:46.387Z"}
{"Counter":"working-set-Browser","Mean":192,"UnitId":"Roche.C5800.UI","origin":"123","timestamp":"2026-09-23T04:13:46.387Z"}
{"Counter":"cpu-usage-combined","Mean":0.04165076884624124,"UnitId":"Roche.C5800.UI","origin":"123","timestamp":"2026-09-23T04:13:46.387Z"}
{"Counter":"working-set-combined","Mean":775,"UnitId":"Roche.C5800.UI","origin":"123","timestamp":"2026-09-23T04:13:46.387Z"}
{"Counter":"cpu-usage-GPU","Mean":0.008330098478424213,"UnitId":"Roche.C5800.UI","origin":"123","timestamp":"2026-09-23T04:14:16.399Z"}
{"Counter":"working-set-GPU","Mean":123,"UnitId":"Roche.C5800.UI","origin":"123","timestamp":"2026-09-23T04:14:16.399Z"}
{"Counter":"cpu-usage-Tab","Mean":0.045815785887338485,"UnitId":"Roche.C5800.UI","origin":"123","timestamp":"2026-09-23T04:14:16.399Z"}
{"Counter":"working-set-Tab","Mean":387,"UnitId":"Roche.C5800.UI","origin":"123","timestamp":"2026-09-23T04:14:16.399Z"}
{"Counter":"cpu-usage-Browser","Mean":0.008330205896366308,"UnitId":"Roche.C5800.UI","origin":"123","timestamp":"2026-09-23T04:14:16.399Z"}
{"Counter":"working-set-Browser","Mean":192,"UnitId":"Roche.C5800.UI","origin":"123","timestamp":"2026-09-23T04:14:16.399Z"}
{"Counter":"cpu-usage-combined","Mean":0.062476090262129004,"UnitId":"Roche.C5800.UI","origin":"123","timestamp":"2026-09-23T04:14:16.399Z"}
{"Counter":"working-set-combined","Mean":775,"UnitId":"Roche.C5800.UI","origin":"123","timestamp":"2026-09-23T04:14:16.399Z"}
{"Counter":"cpu-usage-GPU","Mean":0,"UnitId":"Roche.C5800.UI","origin":"123","timestamp":"2026-09-23T04:14:46.409Z"}
{"Counter":"working-set-GPU","Mean":123,"UnitId":"Roche.C5800.UI","origin":"123","timestamp":"2026-09-23T04:14:46.409Z"}
{"Counter":"cpu-usage-Tab","Mean":0.033321988307047724,"UnitId":"Roche.C5800.UI","origin":"123","timestamp":"2026-09-23T04:14:46.409Z"}
{"Counter":"working-set-Tab","Mean":386,"UnitId":"Roche.C5800.UI","origin":"123","timestamp":"2026-09-23T04:14:46.409Z"}
{"Counter":"cpu-usage-Browser","Mean":0.008330422128480168,"UnitId":"Roche.C5800.UI","origin":"123","timestamp":"2026-09-23T04:14:46.409Z"}
{"Counter":"working-set-Browser","Mean":192,"UnitId":"Roche.C5800.UI","origin":"123","timestamp":"2026-09-23T04:14:46.409Z"}
{"Counter":"cpu-usage-combined","Mean":0.04165241043552789,"UnitId":"Roche.C5800.UI","origin":"123","timestamp":"2026-09-23T04:14:46.409Z"}
{"Counter":"working-set-combined","Mean":774,"UnitId":"Roche.C5800.UI","origin":"123","timestamp":"2026-09-23T04:14:46.409Z"}
{"Counter":"cpu-usage-GPU","Mean":0,"UnitId":"Roche.C5800.UI","origin":"123","timestamp":"2026-09-23T04:15:16.416Z"}
{"Counter":"working-set-GPU","Mean":123,"UnitId":"Roche.C5800.UI","origin":"123","timestamp":"2026-09-23T04:15:16.416Z"}
{"Counter":"cpu-usage-Tab","Mean":0.0374919454803793,"UnitId":"Roche.C5800.UI","origin":"123","timestamp":"2026-09-23T04:15:16.416Z"}
{"Counter":"working-set-Tab","Mean":387,"UnitId":"Roche.C5800.UI","origin":"123","timestamp":"2026-09-23T04:15:16.416Z"}
{"Counter":"cpu-usage-Browser","Mean":0.004165918745387911,"UnitId":"Roche.C5800.UI","origin":"123","timestamp":"2026-09-23T04:15:16.416Z"}
{"Counter":"working-set-Browser","Mean":192,"UnitId":"Roche.C5800.UI","origin":"123","timestamp":"2026-09-23T04:15:16.416Z"}
{"Counter":"cpu-usage-combined","Mean":0.045823707444091054,"UnitId":"Roche.C5800.UI","origin":"123","timestamp":"2026-09-23T04:15:16.416Z"}
{"Counter":"working-set-combined","Mean":775,"UnitId":"Roche.C5800.UI","origin":"123","timestamp":"2026-09-23T04:15:16.416Z"}
{"Counter":"cpu-usage-GPU","Mean":0,"UnitId":"Roche.C5800.UI","origin":"123","timestamp":"2026-09-23T04:15:46.425Z"}
{"Counter":"working-set-GPU","Mean":123,"UnitId":"Roche.C5800.UI","origin":"123","timestamp":"2026-09-23T04:15:46.425Z"}
{"Counter":"cpu-usage-Tab","Mean":0.03748816498631382,"UnitId":"Roche.C5800.UI","origin":"123","timestamp":"2026-09-23T04:15:46.425Z"}
{"Counter":"working-set-Tab","Mean":387,"UnitId":"Roche.C5800.UI","origin":"123","timestamp":"2026-09-23T04:15:46.425Z"}
{"Counter":"cpu-usage-Browser","Mean":0.004165196768726983,"UnitId":"Roche.C5800.UI","origin":"123","timestamp":"2026-09-23T04:15:46.425Z"}
{"Counter":"working-set-Browser","Mean":192,"UnitId":"Roche.C5800.UI","origin":"123","timestamp":"2026-09-23T04:15:46.425Z"}
{"Counter":"cpu-usage-combined","Mean":0.0416533617550408,"UnitId":"Roche.C5800.UI","origin":"123","timestamp":"2026-09-23T04:15:46.425Z"}
{"Counter":"working-set-combined","Mean":775,"UnitId":"Roche.C5800.UI","origin":"123","timestamp":"2026-09-23T04:15:46.425Z"}
{"Counter":"cpu-usage-GPU","Mean":0.008330816871250424,"UnitId":"Roche.C5800.UI","origin":"123","timestamp":"2026-09-23T04:16:16.434Z"}
{"Counter":"working-set-GPU","Mean":123,"UnitId":"Roche.C5800.UI","origin":"123","timestamp":"2026-09-23T04:16:16.434Z"}
{"Counter":"cpu-usage-Tab","Mean":0.037488528510275856,"UnitId":"Roche.C5800.UI","origin":"123","timestamp":"2026-09-23T04:16:16.434Z"}
{"Counter":"working-set-Tab","Mean":387,"UnitId":"Roche.C5800.UI","origin":"123","timestamp":"2026-09-23T04:16:16.434Z"}
{"Counter":"cpu-usage-Browser","Mean":0.004165379841987482,"UnitId":"Roche.C5800.UI","origin":"123","timestamp":"2026-09-23T04:16:16.434Z"}
{"Counter":"working-set-Browser","Mean":192,"UnitId":"Roche.C5800.UI","origin":"123","timestamp":"2026-09-23T04:16:16.434Z"}
{"Counter":"cpu-usage-combined","Mean":0.049984725223513764,"UnitId":"Roche.C5800.UI","origin":"123","timestamp":"2026-09-23T04:16:16.434Z"}
{"Counter":"working-set-combined","Mean":775,"UnitId":"Roche.C5800.UI","origin":"123","timestamp":"2026-09-23T04:16:16.434Z"}
{"Counter":"cpu-usage-GPU","Mean":0,"UnitId":"Roche.C5800.UI","origin":"123","timestamp":"2026-09-23T04:16:46.440Z"}
{"Counter":"working-set-GPU","Mean":123,"UnitId":"Roche.C5800.UI","origin":"123","timestamp":"2026-09-23T04:16:46.440Z"}
{"Counter":"cpu-usage-Tab","Mean":0.03332685459280049,"UnitId":"Roche.C5800.UI","origin":"123","timestamp":"2026-09-23T04:16:46.440Z"}
{"Counter":"working-set-Tab","Mean":387,"UnitId":"Roche.C5800.UI","origin":"123","timestamp":"2026-09-23T04:16:46.440Z"}
{"Counter":"cpu-usage-Browser","Mean":0.008331770293226324,"UnitId":"Roche.C5800.UI","origin":"123","timestamp":"2026-09-23T04:16:46.440Z"}
{"Counter":"working-set-Browser","Mean":192,"UnitId":"Roche.C5800.UI","origin":"123","timestamp":"2026-09-23T04:16:46.440Z"}
{"Counter":"cpu-usage-combined","Mean":0.04165862488602681,"UnitId":"Roche.C5800.UI","origin":"123","timestamp":"2026-09-23T04:16:46.440Z"}
{"Counter":"working-set-combined","Mean":775,"UnitId":"Roche.C5800.UI","origin":"123","timestamp":"2026-09-23T04:16:46.440Z"}
{"Counter":"cpu-usage-GPU","Mean":0.00416585904545972,"UnitId":"Roche.C5800.UI","origin":"123","timestamp":"2026-09-23T04:17:16.446Z"}
{"Counter":"working-set-GPU","Mean":123,"UnitId":"Roche.C5800.UI","origin":"123","timestamp":"2026-09-23T04:17:16.446Z"}
{"Counter":"cpu-usage-Tab","Mean":0.037492666434445425,"UnitId":"Roche.C5800.UI","origin":"123","timestamp":"2026-09-23T04:17:16.446Z"}
{"Counter":"working-set-Tab","Mean":387,"UnitId":"Roche.C5800.UI","origin":"123","timestamp":"2026-09-23T04:17:16.446Z"}
{"Counter":"cpu-usage-Browser","Mean":0.008331676718279182,"UnitId":"Roche.C5800.UI","origin":"123","timestamp":"2026-09-23T04:17:16.446Z"}
{"Counter":"working-set-Browser","Mean":192,"UnitId":"Roche.C5800.UI","origin":"123","timestamp":"2026-09-23T04:17:16.446Z"}
{"Counter":"cpu-usage-combined","Mean":0.05415604486117226,"UnitId":"Roche.C5800.UI","origin":"123","timestamp":"2026-09-23T04:17:16.446Z"}
{"Counter":"working-set-combined","Mean":775,"UnitId":"Roche.C5800.UI","origin":"123","timestamp":"2026-09-23T04:17:16.446Z"}
{"Counter":"cpu-usage-GPU","Mean":0,"UnitId":"Roche.C5800.UI","origin":"123","timestamp":"2026-09-23T04:17:46.452Z"}
{"Counter":"working-set-GPU","Mean":123,"UnitId":"Roche.C5800.UI","origin":"123","timestamp":"2026-09-23T04:17:46.452Z"}
{"Counter":"cpu-usage-Tab","Mean":0.0374924590167431,"UnitId":"Roche.C5800.UI","origin":"123","timestamp":"2026-09-23T04:17:46.452Z"}
{"Counter":"working-set-Tab","Mean":387,"UnitId":"Roche.C5800.UI","origin":"123","timestamp":"2026-09-23T04:17:46.452Z"}
{"Counter":"cpu-usage-Browser","Mean":0.004165841413482656,"UnitId":"Roche.C5800.UI","origin":"123","timestamp":"2026-09-23T04:17:46.452Z"}
{"Counter":"working-set-Browser","Mean":192,"UnitId":"Roche.C5800.UI","origin":"123","timestamp":"2026-09-23T04:17:46.452Z"}
{"Counter":"cpu-usage-combined","Mean":0.04165830043022575,"UnitId":"Roche.C5800.UI","origin":"123","timestamp":"2026-09-23T04:17:46.452Z"}
{"Counter":"working-set-combined","Mean":775,"UnitId":"Roche.C5800.UI","origin":"123","timestamp":"2026-09-23T04:17:46.452Z"}
{"Counter":"cpu-usage-GPU","Mean":0.004166076472499729,"UnitId":"Roche.C5800.UI","origin":"123","timestamp":"2026-09-23T04:18:16.456Z"}
{"Counter":"working-set-GPU","Mean":123,"UnitId":"Roche.C5800.UI","origin":"123","timestamp":"2026-09-23T04:18:16.456Z"}
{"Counter":"cpu-usage-Tab","Mean":0.041660756394026235,"UnitId":"Roche.C5800.UI","origin":"123","timestamp":"2026-09-23T04:18:16.456Z"}
{"Counter":"working-set-Tab","Mean":387,"UnitId":"Roche.C5800.UI","origin":"123","timestamp":"2026-09-23T04:18:16.456Z"}
{"Counter":"cpu-usage-Browser","Mean":0.004166063976078127,"UnitId":"Roche.C5800.UI","origin":"123","timestamp":"2026-09-23T04:18:16.456Z"}
{"Counter":"working-set-Browser","Mean":192,"UnitId":"Roche.C5800.UI","origin":"123","timestamp":"2026-09-23T04:18:16.456Z"}
{"Counter":"cpu-usage-combined","Mean":0.04999289684260409,"UnitId":"Roche.C5800.UI","origin":"123","timestamp":"2026-09-23T04:18:16.456Z"}
{"Counter":"working-set-combined","Mean":775,"UnitId":"Roche.C5800.UI","origin":"123","timestamp":"2026-09-23T04:18:16.456Z"}
{"Counter":"cpu-usage-GPU","Mean":0,"UnitId":"Roche.C5800.UI","origin":"123","timestamp":"2026-09-23T04:18:46.458Z"}
{"Counter":"working-set-GPU","Mean":123,"UnitId":"Roche.C5800.UI","origin":"123","timestamp":"2026-09-23T04:18:46.458Z"}
{"Counter":"cpu-usage-Tab","Mean":0.02916518799163549,"UnitId":"Roche.C5800.UI","origin":"123","timestamp":"2026-09-23T04:18:46.458Z"}
{"Counter":"working-set-Tab","Mean":387,"UnitId":"Roche.C5800.UI","origin":"123","timestamp":"2026-09-23T04:18:46.458Z"}
{"Counter":"cpu-usage-Browser","Mean":0.008332877802680121,"UnitId":"Roche.C5800.UI","origin":"123","timestamp":"2026-09-23T04:18:46.458Z"}
{"Counter":"working-set-Browser","Mean":192,"UnitId":"Roche.C5800.UI","origin":"123","timestamp":"2026-09-23T04:18:46.458Z"}
{"Counter":"cpu-usage-combined","Mean":0.04166450761200552,"UnitId":"Roche.C5800.UI","origin":"123","timestamp":"2026-09-23T04:18:46.458Z"}
{"Counter":"working-set-combined","Mean":775,"UnitId":"Roche.C5800.UI","origin":"123","timestamp":"2026-09-23T04:18:46.458Z"}
{"Counter":"cpu-usage-GPU","Mean":0.004166493757175744,"UnitId":"Roche.C5800.UI","origin":"123","timestamp":"2026-09-23T04:19:16.459Z"}
{"Counter":"working-set-GPU","Mean":123,"UnitId":"Roche.C5800.UI","origin":"123","timestamp":"2026-09-23T04:19:16.459Z"}
{"Counter":"cpu-usage-Tab","Mean":0.037498316325596984,"UnitId":"Roche.C5800.UI","origin":"123","timestamp":"2026-09-23T04:19:16.459Z"}
{"Counter":"working-set-Tab","Mean":386,"UnitId":"Roche.C5800.UI","origin":"123","timestamp":"2026-09-23T04:19:16.459Z"}
{"Counter":"cpu-usage-Browser","Mean":0.00416650431188198,"UnitId":"Roche.C5800.UI","origin":"123","timestamp":"2026-09-23T04:19:16.459Z"}
{"Counter":"working-set-Browser","Mean":192,"UnitId":"Roche.C5800.UI","origin":"123","timestamp":"2026-09-23T04:19:16.459Z"}
{"Counter":"cpu-usage-combined","Mean":0.04583131439465471,"UnitId":"Roche.C5800.UI","origin":"123","timestamp":"2026-09-23T04:19:16.459Z"}
{"Counter":"working-set-combined","Mean":774,"UnitId":"Roche.C5800.UI","origin":"123","timestamp":"2026-09-23T04:19:16.459Z"}
{"Counter":"cpu-usage-GPU","Mean":0,"UnitId":"Roche.C5800.UI","origin":"123","timestamp":"2026-09-23T04:19:46.460Z"}
{"Counter":"working-set-GPU","Mean":123,"UnitId":"Roche.C5800.UI","origin":"123","timestamp":"2026-09-23T04:19:46.460Z"}
{"Counter":"cpu-usage-Tab","Mean":0.03749896377863425,"UnitId":"Roche.C5800.UI","origin":"123","timestamp":"2026-09-23T04:19:46.460Z"}
{"Counter":"working-set-Tab","Mean":387,"UnitId":"Roche.C5800.UI","origin":"123","timestamp":"2026-09-23T04:19:46.460Z"}
{"Counter":"cpu-usage-Browser","Mean":0.008333109172696588,"UnitId":"Roche.C5800.UI","origin":"123","timestamp":"2026-09-23T04:19:46.460Z"}
{"Counter":"working-set-Browser","Mean":192,"UnitId":"Roche.C5800.UI","origin":"123","timestamp":"2026-09-23T04:19:46.460Z"}
{"Counter":"cpu-usage-combined","Mean":0.045832072951330835,"UnitId":"Roche.C5800.UI","origin":"123","timestamp":"2026-09-23T04:19:46.460Z"}
{"Counter":"working-set-combined","Mean":775,"UnitId":"Roche.C5800.UI","origin":"123","timestamp":"2026-09-23T04:19:46.460Z"}
{"Counter":"cpu-usage-GPU","Mean":0.008332905299764435,"UnitId":"Roche.C5800.UI","origin":"123","timestamp":"2026-09-23T04:20:16.461Z"}
{"Counter":"working-set-GPU","Mean":123,"UnitId":"Roche.C5800.UI","origin":"123","timestamp":"2026-09-23T04:20:16.461Z"}
{"Counter":"cpu-usage-Tab","Mean":0.04166452511007601,"UnitId":"Roche.C5800.UI","origin":"123","timestamp":"2026-09-23T04:20:16.461Z"}
{"Counter":"working-set-Tab","Mean":387,"UnitId":"Roche.C5800.UI","origin":"123","timestamp":"2026-09-23T04:20:16.461Z"}
{"Counter":"cpu-usage-Browser","Mean":0.00416643501287995,"UnitId":"Roche.C5800.UI","origin":"123","timestamp":"2026-09-23T04:20:16.461Z"}
{"Counter":"working-set-Browser","Mean":192,"UnitId":"Roche.C5800.UI","origin":"123","timestamp":"2026-09-23T04:20:16.461Z"}
{"Counter":"cpu-usage-combined","Mean":0.0541638654227204,"UnitId":"Roche.C5800.UI","origin":"123","timestamp":"2026-09-23T04:20:16.461Z"}
{"Counter":"working-set-combined","Mean":775,"UnitId":"Roche.C5800.UI","origin":"123","timestamp":"2026-09-23T04:20:16.461Z"}
{"Counter":"cpu-usage-GPU","Mean":0,"UnitId":"Roche.C5800.UI","origin":"123","timestamp":"2026-09-23T04:20:46.462Z"}
{"Counter":"working-set-GPU","Mean":123,"UnitId":"Roche.C5800.UI","origin":"123","timestamp":"2026-09-23T04:20:46.462Z"}
{"Counter":"cpu-usage-Tab","Mean":0.033332996670066964,"UnitId":"Roche.C5800.UI","origin":"123","timestamp":"2026-09-23T04:20:46.462Z"}
{"Counter":"working-set-Tab","Mean":387,"UnitId":"Roche.C5800.UI","origin":"123","timestamp":"2026-09-23T04:20:46.462Z"}
{"Counter":"cpu-usage-Browser","Mean":0.008333191946843302,"UnitId":"Roche.C5800.UI","origin":"123","timestamp":"2026-09-23T04:20:46.462Z"}
{"Counter":"working-set-Browser","Mean":192,"UnitId":"Roche.C5800.UI","origin":"123","timestamp":"2026-09-23T04:20:46.462Z"}
{"Counter":"cpu-usage-combined","Mean":0.041666188616910266,"UnitId":"Roche.C5800.UI","origin":"123","timestamp":"2026-09-23T04:20:46.462Z"}
{"Counter":"working-set-combined","Mean":775,"UnitId":"Roche.C5800.UI","origin":"123","timestamp":"2026-09-23T04:20:46.462Z"}
{"Counter":"cpu-usage-GPU","Mean":0,"UnitId":"Roche.C5800.UI","origin":"123","timestamp":"2026-09-23T04:21:16.476Z"}
{"Counter":"working-set-GPU","Mean":123,"UnitId":"Roche.C5800.UI","origin":"123","timestamp":"2026-09-23T04:21:16.476Z"}
{"Counter":"cpu-usage-Tab","Mean":0.03748213476516643,"UnitId":"Roche.C5800.UI","origin":"123","timestamp":"2026-09-23T04:21:16.476Z"}
{"Counter":"working-set-Tab","Mean":387,"UnitId":"Roche.C5800.UI","origin":"123","timestamp":"2026-09-23T04:21:16.476Z"}
{"Counter":"cpu-usage-Browser","Mean":0.004164737560228769,"UnitId":"Roche.C5800.UI","origin":"123","timestamp":"2026-09-23T04:21:16.476Z"}
{"Counter":"working-set-Browser","Mean":192,"UnitId":"Roche.C5800.UI","origin":"123","timestamp":"2026-09-23T04:21:16.476Z"}
{"Counter":"cpu-usage-combined","Mean":0.0416468723253952,"UnitId":"Roche.C5800.UI","origin":"123","timestamp":"2026-09-23T04:21:16.476Z"}
{"Counter":"working-set-combined","Mean":775,"UnitId":"Roche.C5800.UI","origin":"123","timestamp":"2026-09-23T04:21:16.476Z"}
{"Counter":"cpu-usage-GPU","Mean":0,"UnitId":"Roche.C5800.UI","origin":"123","timestamp":"2026-09-23T04:21:46.490Z"}
{"Counter":"working-set-GPU","Mean":123,"UnitId":"Roche.C5800.UI","origin":"123","timestamp":"2026-09-23T04:21:46.490Z"}
{"Counter":"cpu-usage-Tab","Mean":0.03748211603303677,"UnitId":"Roche.C5800.UI","origin":"123","timestamp":"2026-09-23T04:21:46.490Z"}
{"Counter":"working-set-Tab","Mean":387,"UnitId":"Roche.C5800.UI","origin":"123","timestamp":"2026-09-23T04:21:46.490Z"}
{"Counter":"cpu-usage-Browser","Mean":0.008329307778883799,"UnitId":"Roche.C5800.UI","origin":"123","timestamp":"2026-09-23T04:21:46.490Z"}
{"Counter":"working-set-Browser","Mean":192,"UnitId":"Roche.C5800.UI","origin":"123","timestamp":"2026-09-23T04:21:46.490Z"}
{"Counter":"cpu-usage-combined","Mean":0.04581142381192057,"UnitId":"Roche.C5800.UI","origin":"123","timestamp":"2026-09-23T04:21:46.490Z"}
{"Counter":"working-set-combined","Mean":775,"UnitId":"Roche.C5800.UI","origin":"123","timestamp":"2026-09-23T04:21:46.490Z"}
{"Counter":"cpu-usage-GPU","Mean":0.004164923507348058,"UnitId":"Roche.C5800.UI","origin":"123","timestamp":"2026-09-23T04:22:16.503Z"}
{"Counter":"working-set-GPU","Mean":122,"UnitId":"Roche.C5800.UI","origin":"123","timestamp":"2026-09-23T04:22:16.503Z"}
{"Counter":"cpu-usage-Tab","Mean":0.03748407551525194,"UnitId":"Roche.C5800.UI","origin":"123","timestamp":"2026-09-23T04:22:16.503Z"}
{"Counter":"working-set-Tab","Mean":387,"UnitId":"Roche.C5800.UI","origin":"123","timestamp":"2026-09-23T04:22:16.503Z"}
{"Counter":"cpu-usage-Browser","Mean":0.008329759033731959,"UnitId":"Roche.C5800.UI","origin":"123","timestamp":"2026-09-23T04:22:16.503Z"}
{"Counter":"working-set-Browser","Mean":192,"UnitId":"Roche.C5800.UI","origin":"123","timestamp":"2026-09-23T04:22:16.503Z"}
{"Counter":"cpu-usage-combined","Mean":0.05414365242161638,"UnitId":"Roche.C5800.UI","origin":"123","timestamp":"2026-09-23T04:22:16.503Z"}
{"Counter":"working-set-combined","Mean":774,"UnitId":"Roche.C5800.UI","origin":"123","timestamp":"2026-09-23T04:22:16.503Z"}
{"Counter":"cpu-usage-GPU","Mean":0,"UnitId":"Roche.C5800.UI","origin":"123","timestamp":"2026-09-23T04:22:46.515Z"}
{"Counter":"working-set-GPU","Mean":122,"UnitId":"Roche.C5800.UI","origin":"123","timestamp":"2026-09-23T04:22:46.515Z"}
{"Counter":"cpu-usage-Tab","Mean":0.03332013300730694,"UnitId":"Roche.C5800.UI","origin":"123","timestamp":"2026-09-23T04:22:46.515Z"}
{"Counter":"working-set-Tab","Mean":387,"UnitId":"Roche.C5800.UI","origin":"123","timestamp":"2026-09-23T04:22:46.515Z"}
{"Counter":"cpu-usage-Browser","Mean":0,"UnitId":"Roche.C5800.UI","origin":"123","timestamp":"2026-09-23T04:22:46.515Z"}
{"Counter":"working-set-Browser","Mean":192,"UnitId":"Roche.C5800.UI","origin":"123","timestamp":"2026-09-23T04:22:46.515Z"}
{"Counter":"cpu-usage-combined","Mean":0.03332013300730694,"UnitId":"Roche.C5800.UI","origin":"123","timestamp":"2026-09-23T04:22:46.515Z"}
{"Counter":"working-set-combined","Mean":774,"UnitId":"Roche.C5800.UI","origin":"123","timestamp":"2026-09-23T04:22:46.515Z"}
{"Counter":"cpu-usage-GPU","Mean":0.004165230772778264,"UnitId":"Roche.C5800.UI","origin":"123","timestamp":"2026-09-23T04:23:16.526Z"}
{"Counter":"working-set-GPU","Mean":123,"UnitId":"Roche.C5800.UI","origin":"123","timestamp":"2026-09-23T04:23:16.526Z"}
{"Counter":"cpu-usage-Tab","Mean":0.04165218836599065,"UnitId":"Roche.C5800.UI","origin":"123","timestamp":"2026-09-23T04:23:16.526Z"}
{"Counter":"working-set-Tab","Mean":387,"UnitId":"Roche.C5800.UI","origin":"123","timestamp":"2026-09-23T04:23:16.526Z"}
{"Counter":"cpu-usage-Browser","Mean":0.008330373551610447,"UnitId":"Roche.C5800.UI","origin":"123","timestamp":"2026-09-23T04:23:16.526Z"}
{"Counter":"working-set-Browser","Mean":192,"UnitId":"Roche.C5800.UI","origin":"123","timestamp":"2026-09-23T04:23:16.526Z"}
{"Counter":"cpu-usage-combined","Mean":0.05414779269037936,"UnitId":"Roche.C5800.UI","origin":"123","timestamp":"2026-09-23T04:23:16.526Z"}
{"Counter":"working-set-combined","Mean":775,"UnitId":"Roche.C5800.UI","origin":"123","timestamp":"2026-09-23T04:23:16.526Z"}
{"Counter":"cpu-usage-GPU","Mean":0,"UnitId":"Roche.C5800.UI","origin":"123","timestamp":"2026-09-23T04:23:46.534Z"}
{"Counter":"working-set-GPU","Mean":123,"UnitId":"Roche.C5800.UI","origin":"123","timestamp":"2026-09-23T04:23:46.534Z"}
{"Counter":"cpu-usage-Tab","Mean":0.03332437685164817,"UnitId":"Roche.C5800.UI","origin":"123","timestamp":"2026-09-23T04:23:46.534Z"}
{"Counter":"working-set-Tab","Mean":387,"UnitId":"Roche.C5800.UI","origin":"123","timestamp":"2026-09-23T04:23:46.534Z"}
{"Counter":"cpu-usage-Browser","Mean":0.008331076722351805,"UnitId":"Roche.C5800.UI","origin":"123","timestamp":"2026-09-23T04:23:46.534Z"}
{"Counter":"working-set-Browser","Mean":192,"UnitId":"Roche.C5800.UI","origin":"123","timestamp":"2026-09-23T04:23:46.534Z"}
{"Counter":"cpu-usage-combined","Mean":0.041655453573999975,"UnitId":"Roche.C5800.UI","origin":"123","timestamp":"2026-09-23T04:23:46.534Z"}
{"Counter":"working-set-combined","Mean":775,"UnitId":"Roche.C5800.UI","origin":"123","timestamp":"2026-09-23T04:23:46.534Z"}
{"Counter":"cpu-usage-GPU","Mean":0.008331408777905638,"UnitId":"Roche.C5800.UI","origin":"123","timestamp":"2026-09-23T04:24:16.540Z"}
{"Counter":"working-set-GPU","Mean":123,"UnitId":"Roche.C5800.UI","origin":"123","timestamp":"2026-09-23T04:24:16.540Z"}
{"Counter":"cpu-usage-Tab","Mean":0.03749126828361674,"UnitId":"Roche.C5800.UI","origin":"123","timestamp":"2026-09-23T04:24:16.540Z"}
{"Counter":"working-set-Tab","Mean":387,"UnitId":"Roche.C5800.UI","origin":"123","timestamp":"2026-09-23T04:24:16.540Z"}
{"Counter":"cpu-usage-Browser","Mean":0.008331381568344589,"UnitId":"Roche.C5800.UI","origin":"123","timestamp":"2026-09-23T04:24:16.540Z"}
{"Counter":"working-set-Browser","Mean":192,"UnitId":"Roche.C5800.UI","origin":"123","timestamp":"2026-09-23T04:24:16.540Z"}
{"Counter":"cpu-usage-combined","Mean":0.05415405862986697,"UnitId":"Roche.C5800.UI","origin":"123","timestamp":"2026-09-23T04:24:16.540Z"}
{"Counter":"working-set-combined","Mean":775,"UnitId":"Roche.C5800.UI","origin":"123","timestamp":"2026-09-23T04:24:16.540Z"}
{"Counter":"cpu-usage-GPU","Mean":0,"UnitId":"Roche.C5800.UI","origin":"123","timestamp":"2026-09-23T04:24:46.546Z"}
{"Counter":"working-set-GPU","Mean":123,"UnitId":"Roche.C5800.UI","origin":"123","timestamp":"2026-09-23T04:24:46.546Z"}
{"Counter":"cpu-usage-Tab","Mean":0.033326822383133746,"UnitId":"Roche.C5800.UI","origin":"123","timestamp":"2026-09-23T04:24:46.546Z"}
{"Counter":"working-set-Tab","Mean":387,"UnitId":"Roche.C5800.UI","origin":"123","timestamp":"2026-09-23T04:24:46.546Z"}
{"Counter":"cpu-usage-Browser","Mean":0.0041658235039894595,"UnitId":"Roche.C5800.UI","origin":"123","timestamp":"2026-09-23T04:24:46.546Z"}
{"Counter":"working-set-Browser","Mean":192,"UnitId":"Roche.C5800.UI","origin":"123","timestamp":"2026-09-23T04:24:46.546Z"}
{"Counter":"cpu-usage-combined","Mean":0.037492645887123206,"UnitId":"Roche.C5800.UI","origin":"123","timestamp":"2026-09-23T04:24:46.546Z"}
{"Counter":"working-set-combined","Mean":775,"UnitId":"Roche.C5800.UI","origin":"123","timestamp":"2026-09-23T04:24:46.546Z"}
{"Counter":"cpu-usage-GPU","Mean":0.0041660442596542745,"UnitId":"Roche.C5800.UI","origin":"123","timestamp":"2026-09-23T04:25:16.551Z"}
{"Counter":"working-set-GPU","Mean":123,"UnitId":"Roche.C5800.UI","origin":"123","timestamp":"2026-09-23T04:25:16.551Z"}
{"Counter":"cpu-usage-Tab","Mean":0.041660543955390025,"UnitId":"Roche.C5800.UI","origin":"123","timestamp":"2026-09-23T04:25:16.551Z"}
{"Counter":"working-set-Tab","Mean":387,"UnitId":"Roche.C5800.UI","origin":"123","timestamp":"2026-09-23T04:25:16.551Z"}
{"Counter":"cpu-usage-Browser","Mean":0.008332193489264002,"UnitId":"Roche.C5800.UI","origin":"123","timestamp":"2026-09-23T04:25:16.551Z"}
{"Counter":"working-set-Browser","Mean":192,"UnitId":"Roche.C5800.UI","origin":"123","timestamp":"2026-09-23T04:25:16.551Z"}
{"Counter":"cpu-usage-combined","Mean":0.05415878170430831,"UnitId":"Roche.C5800.UI","origin":"123","timestamp":"2026-09-23T04:25:16.551Z"}
{"Counter":"working-set-combined","Mean":775,"UnitId":"Roche.C5800.UI","origin":"123","timestamp":"2026-09-23T04:25:16.551Z"}
{"Counter":"cpu-usage-GPU","Mean":0,"UnitId":"Roche.C5800.UI","origin":"123","timestamp":"2026-09-23T04:25:46.554Z"}
{"Counter":"working-set-GPU","Mean":123,"UnitId":"Roche.C5800.UI","origin":"123","timestamp":"2026-09-23T04:25:46.554Z"}
{"Counter":"cpu-usage-Tab","Mean":0.03333012142063243,"UnitId":"Roche.C5800.UI","origin":"123","timestamp":"2026-09-23T04:25:46.554Z"}
{"Counter":"working-set-Tab","Mean":387,"UnitId":"Roche.C5800.UI","origin":"123","timestamp":"2026-09-23T04:25:46.554Z"}
{"Counter":"cpu-usage-Browser","Mean":0.00833251258084412,"UnitId":"Roche.C5800.UI","origin":"123","timestamp":"2026-09-23T04:25:46.554Z"}
{"Counter":"working-set-Browser","Mean":192,"UnitId":"Roche.C5800.UI","origin":"123","timestamp":"2026-09-23T04:25:46.554Z"}
{"Counter":"cpu-usage-combined","Mean":0.045828891541652775,"UnitId":"Roche.C5800.UI","origin":"123","timestamp":"2026-09-23T04:25:46.554Z"}
{"Counter":"working-set-combined","Mean":775,"UnitId":"Roche.C5800.UI","origin":"123","timestamp":"2026-09-23T04:25:46.554Z"}
{"Counter":"cpu-usage-GPU","Mean":0.004166296421791317,"UnitId":"Roche.C5800.UI","origin":"123","timestamp":"2026-09-23T04:26:16.556Z"}
{"Counter":"working-set-GPU","Mean":123,"UnitId":"Roche.C5800.UI","origin":"123","timestamp":"2026-09-23T04:26:16.556Z"}
{"Counter":"cpu-usage-Tab","Mean":0.037496526571755236,"UnitId":"Roche.C5800.UI","origin":"123","timestamp":"2026-09-23T04:26:16.556Z"}
{"Counter":"working-set-Tab","Mean":387,"UnitId":"Roche.C5800.UI","origin":"123","timestamp":"2026-09-23T04:26:16.556Z"}
{"Counter":"cpu-usage-Browser","Mean":0.004166258651069439,"UnitId":"Roche.C5800.UI","origin":"123","timestamp":"2026-09-23T04:26:16.556Z"}
{"Counter":"working-set-Browser","Mean":192,"UnitId":"Roche.C5800.UI","origin":"123","timestamp":"2026-09-23T04:26:16.556Z"}
{"Counter":"cpu-usage-combined","Mean":0.04582908164461599,"UnitId":"Roche.C5800.UI","origin":"123","timestamp":"2026-09-23T04:26:16.556Z"}
{"Counter":"working-set-combined","Mean":775,"UnitId":"Roche.C5800.UI","origin":"123","timestamp":"2026-09-23T04:26:16.556Z"}
{"Counter":"cpu-usage-GPU","Mean":0,"UnitId":"Roche.C5800.UI","origin":"123","timestamp":"2026-09-23T04:26:46.557Z"}
{"Counter":"working-set-GPU","Mean":123,"UnitId":"Roche.C5800.UI","origin":"123","timestamp":"2026-09-23T04:26:46.557Z"}
{"Counter":"cpu-usage-Tab","Mean":0.03333237224993346,"UnitId":"Roche.C5800.UI","origin":"123","timestamp":"2026-09-23T04:26:46.557Z"}
{"Counter":"working-set-Tab","Mean":387,"UnitId":"Roche.C5800.UI","origin":"123","timestamp":"2026-09-23T04:26:46.557Z"}
{"Counter":"cpu-usage-Browser","Mean":0.004166551669840579,"UnitId":"Roche.C5800.UI","origin":"123","timestamp":"2026-09-23T04:26:46.557Z"}
{"Counter":"working-set-Browser","Mean":192,"UnitId":"Roche.C5800.UI","origin":"123","timestamp":"2026-09-23T04:26:46.557Z"}
{"Counter":"cpu-usage-combined","Mean":0.03749892391977404,"UnitId":"Roche.C5800.UI","origin":"123","timestamp":"2026-09-23T04:26:46.557Z"}
{"Counter":"working-set-combined","Mean":775,"UnitId":"Roche.C5800.UI","origin":"123","timestamp":"2026-09-23T04:26:46.557Z"}
{"Counter":"cpu-usage-GPU","Mean":0.0041665359763215426,"UnitId":"Roche.C5800.UI","origin":"123","timestamp":"2026-09-23T04:27:16.558Z"}
{"Counter":"working-set-GPU","Mean":122,"UnitId":"Roche.C5800.UI","origin":"123","timestamp":"2026-09-23T04:27:16.558Z"}
{"Counter":"cpu-usage-Tab","Mean":0.037498980027743246,"UnitId":"Roche.C5800.UI","origin":"123","timestamp":"2026-09-23T04:27:16.558Z"}
{"Counter":"working-set-Tab","Mean":387,"UnitId":"Roche.C5800.UI","origin":"123","timestamp":"2026-09-23T04:27:16.558Z"}
{"Counter":"cpu-usage-Browser","Mean":0.004166573196541291,"UnitId":"Roche.C5800.UI","origin":"123","timestamp":"2026-09-23T04:27:16.558Z"}
{"Counter":"working-set-Browser","Mean":192,"UnitId":"Roche.C5800.UI","origin":"123","timestamp":"2026-09-23T04:27:16.558Z"}
{"Counter":"cpu-usage-combined","Mean":0.04583208920060608,"UnitId":"Roche.C5800.UI","origin":"123","timestamp":"2026-09-23T04:27:16.558Z"}
{"Counter":"working-set-combined","Mean":774,"UnitId":"Roche.C5800.UI","origin":"123","timestamp":"2026-09-23T04:27:16.558Z"}
{"Counter":"cpu-usage-GPU","Mean":0.004164712028487963,"UnitId":"Roche.C5800.UI","origin":"123","timestamp":"2026-09-23T04:27:46.572Z"}
{"Counter":"working-set-GPU","Mean":122,"UnitId":"Roche.C5800.UI","origin":"123","timestamp":"2026-09-23T04:27:46.572Z"}
{"Counter":"cpu-usage-Tab","Mean":0.03331770954873561,"UnitId":"Roche.C5800.UI","origin":"123","timestamp":"2026-09-23T04:27:46.572Z"}
{"Counter":"working-set-Tab","Mean":387,"UnitId":"Roche.C5800.UI","origin":"123","timestamp":"2026-09-23T04:27:46.572Z"}
{"Counter":"cpu-usage-Browser","Mean":0.008329444593300874,"UnitId":"Roche.C5800.UI","origin":"123","timestamp":"2026-09-23T04:27:46.572Z"}
{"Counter":"working-set-Browser","Mean":192,"UnitId":"Roche.C5800.UI","origin":"123","timestamp":"2026-09-23T04:27:46.572Z"}
{"Counter":"cpu-usage-combined","Mean":0.04997658874469349,"UnitId":"Roche.C5800.UI","origin":"123","timestamp":"2026-09-23T04:27:46.572Z"}
{"Counter":"working-set-combined","Mean":774,"UnitId":"Roche.C5800.UI","origin":"123","timestamp":"2026-09-23T04:27:46.572Z"}
{"Counter":"cpu-usage-GPU","Mean":0,"UnitId":"Roche.C5800.UI","origin":"123","timestamp":"2026-09-23T04:28:16.585Z"}
{"Counter":"working-set-GPU","Mean":122,"UnitId":"Roche.C5800.UI","origin":"123","timestamp":"2026-09-23T04:28:16.585Z"}
{"Counter":"cpu-usage-Tab","Mean":0.04164819152890444,"UnitId":"Roche.C5800.UI","origin":"123","timestamp":"2026-09-23T04:28:16.585Z"}
{"Counter":"working-set-Tab","Mean":387,"UnitId":"Roche.C5800.UI","origin":"123","timestamp":"2026-09-23T04:28:16.585Z"}
{"Counter":"cpu-usage-Browser","Mean":0.0041647857106135635,"UnitId":"Roche.C5800.UI","origin":"123","timestamp":"2026-09-23T04:28:16.585Z"}
{"Counter":"working-set-Browser","Mean":192,"UnitId":"Roche.C5800.UI","origin":"123","timestamp":"2026-09-23T04:28:16.585Z"}
{"Counter":"cpu-usage-combined","Mean":0.04581297723951801,"UnitId":"Roche.C5800.UI","origin":"123","timestamp":"2026-09-23T04:28:16.585Z"}
{"Counter":"working-set-combined","Mean":774,"UnitId":"Roche.C5800.UI","origin":"123","timestamp":"2026-09-23T04:28:16.585Z"}
{"Counter":"cpu-usage-GPU","Mean":0,"UnitId":"Roche.C5800.UI","origin":"123","timestamp":"2026-09-23T04:28:46.598Z"}
{"Counter":"working-set-GPU","Mean":122,"UnitId":"Roche.C5800.UI","origin":"123","timestamp":"2026-09-23T04:28:46.598Z"}
{"Counter":"cpu-usage-Tab","Mean":0.03331945466981487,"UnitId":"Roche.C5800.UI","origin":"123","timestamp":"2026-09-23T04:28:46.598Z"}
{"Counter":"working-set-Tab","Mean":387,"UnitId":"Roche.C5800.UI","origin":"123","timestamp":"2026-09-23T04:28:46.598Z"}
{"Counter":"cpu-usage-Browser","Mean":0.008329897805814956,"UnitId":"Roche.C5800.UI","origin":"123","timestamp":"2026-09-23T04:28:46.598Z"}
{"Counter":"working-set-Browser","Mean":192,"UnitId":"Roche.C5800.UI","origin":"123","timestamp":"2026-09-23T04:28:46.598Z"}
{"Counter":"cpu-usage-combined","Mean":0.04164935247562983,"UnitId":"Roche.C5800.UI","origin":"123","timestamp":"2026-09-23T04:28:46.598Z"}
{"Counter":"working-set-combined","Mean":774,"UnitId":"Roche.C5800.UI","origin":"123","timestamp":"2026-09-23T04:28:46.598Z"}
{"Counter":"cpu-usage-GPU","Mean":0.008330442392141847,"UnitId":"Roche.C5800.UI","origin":"123","timestamp":"2026-09-23T04:29:16.608Z"}
{"Counter":"working-set-GPU","Mean":122,"UnitId":"Roche.C5800.UI","origin":"123","timestamp":"2026-09-23T04:29:16.608Z"}
{"Counter":"cpu-usage-Tab","Mean":0.03332144091107217,"UnitId":"Roche.C5800.UI","origin":"123","timestamp":"2026-09-23T04:29:16.608Z"}
{"Counter":"working-set-Tab","Mean":387,"UnitId":"Roche.C5800.UI","origin":"123","timestamp":"2026-09-23T04:29:16.608Z"}
{"Counter":"cpu-usage-Browser","Mean":0.008330267794784853,"UnitId":"Roche.C5800.UI","origin":"123","timestamp":"2026-09-23T04:29:16.608Z"}
{"Counter":"working-set-Browser","Mean":192,"UnitId":"Roche.C5800.UI","origin":"123","timestamp":"2026-09-23T04:29:16.608Z"}
{"Counter":"cpu-usage-combined","Mean":0.04998215109799887,"UnitId":"Roche.C5800.UI","origin":"123","timestamp":"2026-09-23T04:29:16.608Z"}
{"Counter":"working-set-combined","Mean":774,"UnitId":"Roche.C5800.UI","origin":"123","timestamp":"2026-09-23T04:29:16.608Z"}
{"Counter":"cpu-usage-GPU","Mean":0,"UnitId":"Roche.C5800.UI","origin":"123","timestamp":"2026-09-23T04:29:46.616Z"}
{"Counter":"working-set-GPU","Mean":122,"UnitId":"Roche.C5800.UI","origin":"123","timestamp":"2026-09-23T04:29:46.616Z"}
{"Counter":"cpu-usage-Tab","Mean":0.03749031250324916,"UnitId":"Roche.C5800.UI","origin":"123","timestamp":"2026-09-23T04:29:46.616Z"}
{"Counter":"working-set-Tab","Mean":386,"UnitId":"Roche.C5800.UI","origin":"123","timestamp":"2026-09-23T04:29:46.616Z"}
{"Counter":"cpu-usage-Browser","Mean":0.004165615959467824,"UnitId":"Roche.C5800.UI","origin":"123","timestamp":"2026-09-23T04:29:46.616Z"}
{"Counter":"working-set-Browser","Mean":192,"UnitId":"Roche.C5800.UI","origin":"123","timestamp":"2026-09-23T04:29:46.616Z"}
{"Counter":"cpu-usage-combined","Mean":0.041655928462716985,"UnitId":"Roche.C5800.UI","origin":"123","timestamp":"2026-09-23T04:29:46.616Z"}
{"Counter":"working-set-combined","Mean":773,"UnitId":"Roche.C5800.UI","origin":"123","timestamp":"2026-09-23T04:29:46.616Z"}
{"Counter":"cpu-usage-GPU","Mean":0.004165377621138845,"UnitId":"Roche.C5800.UI","origin":"123","timestamp":"2026-09-23T04:30:16.626Z"}
{"Counter":"working-set-GPU","Mean":122,"UnitId":"Roche.C5800.UI","origin":"123","timestamp":"2026-09-23T04:30:16.626Z"}
{"Counter":"cpu-usage-Tab","Mean":0.037488529759511245,"UnitId":"Roche.C5800.UI","origin":"123","timestamp":"2026-09-23T04:30:16.626Z"}
{"Counter":"working-set-Tab","Mean":387,"UnitId":"Roche.C5800.UI","origin":"123","timestamp":"2026-09-23T04:30:16.626Z"}
{"Counter":"cpu-usage-Browser","Mean":0.012496248209745828,"UnitId":"Roche.C5800.UI","origin":"123","timestamp":"2026-09-23T04:30:16.626Z"}
{"Counter":"working-set-Browser","Mean":192,"UnitId":"Roche.C5800.UI","origin":"123","timestamp":"2026-09-23T04:30:16.626Z"}
{"Counter":"cpu-usage-combined","Mean":0.05831555777980462,"UnitId":"Roche.C5800.UI","origin":"123","timestamp":"2026-09-23T04:30:16.626Z"}
{"Counter":"working-set-combined","Mean":774,"UnitId":"Roche.C5800.UI","origin":"123","timestamp":"2026-09-23T04:30:16.626Z"}
{"Counter":"cpu-usage-GPU","Mean":0,"UnitId":"Roche.C5800.UI","origin":"123","timestamp":"2026-09-23T04:30:46.634Z"}
{"Counter":"working-set-GPU","Mean":122,"UnitId":"Roche.C5800.UI","origin":"123","timestamp":"2026-09-23T04:30:46.634Z"}
{"Counter":"cpu-usage-Tab","Mean":0.033323685015731776,"UnitId":"Roche.C5800.UI","origin":"123","timestamp":"2026-09-23T04:30:46.634Z"}
{"Counter":"working-set-Tab","Mean":387,"UnitId":"Roche.C5800.UI","origin":"123","timestamp":"2026-09-23T04:30:46.634Z"}
{"Counter":"cpu-usage-Browser","Mean":0.004165459516498785,"UnitId":"Roche.C5800.UI","origin":"123","timestamp":"2026-09-23T04:30:46.634Z"}
{"Counter":"working-set-Browser","Mean":192,"UnitId":"Roche.C5800.UI","origin":"123","timestamp":"2026-09-23T04:30:46.634Z"}
{"Counter":"cpu-usage-combined","Mean":0.03748914453223056,"UnitId":"Roche.C5800.UI","origin":"123","timestamp":"2026-09-23T04:30:46.634Z"}
{"Counter":"working-set-combined","Mean":774,"UnitId":"Roche.C5800.UI","origin":"123","timestamp":"2026-09-23T04:30:46.634Z"}
{"Counter":"cpu-usage-GPU","Mean":0.0041654700659657165,"UnitId":"Roche.C5800.UI","origin":"123","timestamp":"2026-09-23T04:31:16.643Z"}
{"Counter":"working-set-GPU","Mean":122,"UnitId":"Roche.C5800.UI","origin":"123","timestamp":"2026-09-23T04:31:16.643Z"}
{"Counter":"cpu-usage-Tab","Mean":0.04165442165518077,"UnitId":"Roche.C5800.UI","origin":"123","timestamp":"2026-09-23T04:31:16.643Z"}
{"Counter":"working-set-Tab","Mean":387,"UnitId":"Roche.C5800.UI","origin":"123","timestamp":"2026-09-23T04:31:16.643Z"}
{"Counter":"cpu-usage-Browser","Mean":0.004165420372891098,"UnitId":"Roche.C5800.UI","origin":"123","timestamp":"2026-09-23T04:31:16.643Z"}
{"Counter":"working-set-Browser","Mean":192,"UnitId":"Roche.C5800.UI","origin":"123","timestamp":"2026-09-23T04:31:16.643Z"}
{"Counter":"cpu-usage-combined","Mean":0.04998531209403758,"UnitId":"Roche.C5800.UI","origin":"123","timestamp":"2026-09-23T04:31:16.643Z"}
{"Counter":"working-set-combined","Mean":774,"UnitId":"Roche.C5800.UI","origin":"123","timestamp":"2026-09-23T04:31:16.643Z"}
{"Counter":"cpu-usage-GPU","Mean":0,"UnitId":"Roche.C5800.UI","origin":"123","timestamp":"2026-09-23T04:31:46.650Z"}
{"Counter":"working-set-GPU","Mean":122,"UnitId":"Roche.C5800.UI","origin":"123","timestamp":"2026-09-23T04:31:46.650Z"}
{"Counter":"cpu-usage-Tab","Mean":0.03332483661082546,"UnitId":"Roche.C5800.UI","origin":"123","timestamp":"2026-09-23T04:31:46.650Z"}
{"Counter":"working-set-Tab","Mean":387,"UnitId":"Roche.C5800.UI","origin":"123","timestamp":"2026-09-23T04:31:46.650Z"}
{"Counter":"cpu-usage-Browser","Mean":0.008331183610255767,"UnitId":"Roche.C5800.UI","origin":"123","timestamp":"2026-09-23T04:31:46.650Z"}
{"Counter":"working-set-Browser","Mean":192,"UnitId":"Roche.C5800.UI","origin":"123","timestamp":"2026-09-23T04:31:46.650Z"}
{"Counter":"cpu-usage-combined","Mean":0.04165602022108123,"UnitId":"Roche.C5800.UI","origin":"123","timestamp":"2026-09-23T04:31:46.650Z"}
{"Counter":"working-set-combined","Mean":774,"UnitId":"Roche.C5800.UI","origin":"123","timestamp":"2026-09-23T04:31:46.650Z"}
{"Counter":"cpu-usage-GPU","Mean":0.004165776023752788,"UnitId":"Roche.C5800.UI","origin":"123","timestamp":"2026-09-23T04:32:16.657Z"}
{"Counter":"working-set-GPU","Mean":122,"UnitId":"Roche.C5800.UI","origin":"123","timestamp":"2026-09-23T04:32:16.657Z"}
{"Counter":"cpu-usage-Tab","Mean":0.041658122585724336,"UnitId":"Roche.C5800.UI","origin":"123","timestamp":"2026-09-23T04:32:16.657Z"}
{"Counter":"working-set-Tab","Mean":387,"UnitId":"Roche.C5800.UI","origin":"123","timestamp":"2026-09-23T04:32:16.657Z"}
{"Counter":"cpu-usage-Browser","Mean":0.012497557144163554,"UnitId":"Roche.C5800.UI","origin":"123","timestamp":"2026-09-23T04:32:16.657Z"}
{"Counter":"working-set-Browser","Mean":192,"UnitId":"Roche.C5800.UI","origin":"123","timestamp":"2026-09-23T04:32:16.657Z"}
{"Counter":"cpu-usage-combined","Mean":0.05832145575364068,"UnitId":"Roche.C5800.UI","origin":"123","timestamp":"2026-09-23T04:32:16.657Z"}
{"Counter":"working-set-combined","Mean":774,"UnitId":"Roche.C5800.UI","origin":"123","timestamp":"2026-09-23T04:32:16.657Z"}
{"Counter":"cpu-usage-GPU","Mean":0,"UnitId":"Roche.C5800.UI","origin":"123","timestamp":"2026-09-23T04:32:46.661Z"}
{"Counter":"working-set-GPU","Mean":122,"UnitId":"Roche.C5800.UI","origin":"123","timestamp":"2026-09-23T04:32:46.661Z"}
{"Counter":"cpu-usage-Tab","Mean":0.03332866843070865,"UnitId":"Roche.C5800.UI","origin":"123","timestamp":"2026-09-23T04:32:46.661Z"}
{"Counter":"working-set-Tab","Mean":387,"UnitId":"Roche.C5800.UI","origin":"123","timestamp":"2026-09-23T04:32:46.661Z"}
{"Counter":"cpu-usage-Browser","Mean":0,"UnitId":"Roche.C5800.UI","origin":"123","timestamp":"2026-09-23T04:32:46.661Z"}
{"Counter":"working-set-Browser","Mean":192,"UnitId":"Roche.C5800.UI","origin":"123","timestamp":"2026-09-23T04:32:46.661Z"}
{"Counter":"cpu-usage-combined","Mean":0.037494752678797434,"UnitId":"Roche.C5800.UI","origin":"123","timestamp":"2026-09-23T04:32:46.661Z"}
{"Counter":"working-set-combined","Mean":774,"UnitId":"Roche.C5800.UI","origin":"123","timestamp":"2026-09-23T04:32:46.661Z"}
{"Counter":"cpu-usage-GPU","Mean":0.004165991220623429,"UnitId":"Roche.C5800.UI","origin":"123","timestamp":"2026-09-23T04:33:16.666Z"}
{"Counter":"working-set-GPU","Mean":122,"UnitId":"Roche.C5800.UI","origin":"123","timestamp":"2026-09-23T04:33:16.666Z"}
{"Counter":"cpu-usage-Tab","Mean":0.037493738545662875,"UnitId":"Roche.C5800.UI","origin":"123","timestamp":"2026-09-23T04:33:16.666Z"}
{"Counter":"working-set-Tab","Mean":387,"UnitId":"Roche.C5800.UI","origin":"123","timestamp":"2026-09-23T04:33:16.666Z"}
{"Counter":"cpu-usage-Browser","Mean":0.012497791640217174,"UnitId":"Roche.C5800.UI","origin":"123","timestamp":"2026-09-23T04:33:16.666Z"}
{"Counter":"working-set-Browser","Mean":192,"UnitId":"Roche.C5800.UI","origin":"123","timestamp":"2026-09-23T04:33:16.666Z"}
{"Counter":"cpu-usage-combined","Mean":0.05415752140650348,"UnitId":"Roche.C5800.UI","origin":"123","timestamp":"2026-09-23T04:33:16.666Z"}
{"Counter":"working-set-combined","Mean":774,"UnitId":"Roche.C5800.UI","origin":"123","timestamp":"2026-09-23T04:33:16.666Z"}
{"Counter":"cpu-usage-GPU","Mean":0,"UnitId":"Roche.C5800.UI","origin":"123","timestamp":"2026-09-23T04:33:46.671Z"}
{"Counter":"working-set-GPU","Mean":122,"UnitId":"Roche.C5800.UI","origin":"123","timestamp":"2026-09-23T04:33:46.671Z"}
{"Counter":"cpu-usage-Tab","Mean":0.03332778981096144,"UnitId":"Roche.C5800.UI","origin":"123","timestamp":"2026-09-23T04:33:46.671Z"}
{"Counter":"working-set-Tab","Mean":387,"UnitId":"Roche.C5800.UI","origin":"123","timestamp":"2026-09-23T04:33:46.671Z"}
{"Counter":"cpu-usage-Browser","Mean":0,"UnitId":"Roche.C5800.UI","origin":"123","timestamp":"2026-09-23T04:33:46.671Z"}
{"Counter":"working-set-Browser","Mean":192,"UnitId":"Roche.C5800.UI","origin":"123","timestamp":"2026-09-23T04:33:46.671Z"}
{"Counter":"cpu-usage-combined","Mean":0.03332778981096144,"UnitId":"Roche.C5800.UI","origin":"123","timestamp":"2026-09-23T04:33:46.671Z"}
{"Counter":"working-set-combined","Mean":774,"UnitId":"Roche.C5800.UI","origin":"123","timestamp":"2026-09-23T04:33:46.671Z"}
{"Counter":"cpu-usage-GPU","Mean":0.008332324844283014,"UnitId":"Roche.C5800.UI","origin":"123","timestamp":"2026-09-23T04:34:16.675Z"}
{"Counter":"working-set-GPU","Mean":122,"UnitId":"Roche.C5800.UI","origin":"123","timestamp":"2026-09-23T04:34:16.675Z"}
{"Counter":"cpu-usage-Tab","Mean":0.041661815842575396,"UnitId":"Roche.C5800.UI","origin":"123","timestamp":"2026-09-23T04:34:16.675Z"}
{"Counter":"working-set-Tab","Mean":387,"UnitId":"Roche.C5800.UI","origin":"123","timestamp":"2026-09-23T04:34:16.675Z"}
{"Counter":"cpu-usage-Browser","Mean":0.00833243009791072,"UnitId":"Roche.C5800.UI","origin":"123","timestamp":"2026-09-23T04:34:16.675Z"}
{"Counter":"working-set-Browser","Mean":192,"UnitId":"Roche.C5800.UI","origin":"123","timestamp":"2026-09-23T04:34:16.675Z"}
{"Counter":"cpu-usage-combined","Mean":0.05832657078476913,"UnitId":"Roche.C5800.UI","origin":"123","timestamp":"2026-09-23T04:34:16.675Z"}
{"Counter":"working-set-combined","Mean":774,"UnitId":"Roche.C5800.UI","origin":"123","timestamp":"2026-09-23T04:34:16.675Z"}
{"Counter":"cpu-usage-GPU","Mean":0,"UnitId":"Roche.C5800.UI","origin":"123","timestamp":"2026-09-23T04:34:46.677Z"}
{"Counter":"working-set-GPU","Mean":122,"UnitId":"Roche.C5800.UI","origin":"123","timestamp":"2026-09-23T04:34:46.677Z"}
{"Counter":"cpu-usage-Tab","Mean":0.03333072687049206,"UnitId":"Roche.C5800.UI","origin":"123","timestamp":"2026-09-23T04:34:46.677Z"}
{"Counter":"working-set-Tab","Mean":387,"UnitId":"Roche.C5800.UI","origin":"123","timestamp":"2026-09-23T04:34:46.677Z"}
{"Counter":"cpu-usage-Browser","Mean":0.00833267477427034,"UnitId":"Roche.C5800.UI","origin":"123","timestamp":"2026-09-23T04:34:46.677Z"}
{"Counter":"working-set-Browser","Mean":192,"UnitId":"Roche.C5800.UI","origin":"123","timestamp":"2026-09-23T04:34:46.677Z"}
{"Counter":"cpu-usage-combined","Mean":0.0416634016447624,"UnitId":"Roche.C5800.UI","origin":"123","timestamp":"2026-09-23T04:34:46.677Z"}
{"Counter":"working-set-combined","Mean":774,"UnitId":"Roche.C5800.UI","origin":"123","timestamp":"2026-09-23T04:34:46.677Z"}
{"Counter":"cpu-usage-GPU","Mean":0.004166608056380007,"UnitId":"Roche.C5800.UI","origin":"123","timestamp":"2026-09-23T04:35:16.677Z"}
{"Counter":"working-set-GPU","Mean":122,"UnitId":"Roche.C5800.UI","origin":"123","timestamp":"2026-09-23T04:35:16.677Z"}
{"Counter":"cpu-usage-Tab","Mean":0.037499573754844986,"UnitId":"Roche.C5800.UI","origin":"123","timestamp":"2026-09-23T04:35:16.677Z"}
{"Counter":"working-set-Tab","Mean":387,"UnitId":"Roche.C5800.UI","origin":"123","timestamp":"2026-09-23T04:35:16.677Z"}
{"Counter":"cpu-usage-Browser","Mean":0.008333191113538328,"UnitId":"Roche.C5800.UI","origin":"123","timestamp":"2026-09-23T04:35:16.677Z"}
{"Counter":"working-set-Browser","Mean":192,"UnitId":"Roche.C5800.UI","origin":"123","timestamp":"2026-09-23T04:35:16.677Z"}
{"Counter":"cpu-usage-combined","Mean":0.05416598153668333,"UnitId":"Roche.C5800.UI","origin":"123","timestamp":"2026-09-23T04:35:16.677Z"}
{"Counter":"working-set-combined","Mean":774,"UnitId":"Roche.C5800.UI","origin":"123","timestamp":"2026-09-23T04:35:16.677Z"}
{"Counter":"cpu-usage-GPU","Mean":0,"UnitId":"Roche.C5800.UI","origin":"123","timestamp":"2026-09-23T04:35:46.678Z"}
{"Counter":"working-set-GPU","Mean":122,"UnitId":"Roche.C5800.UI","origin":"123","timestamp":"2026-09-23T04:35:46.678Z"}
{"Counter":"cpu-usage-Tab","Mean":0.03333226336767923,"UnitId":"Roche.C5800.UI","origin":"123","timestamp":"2026-09-23T04:35:46.678Z"}
{"Counter":"working-set-Tab","Mean":387,"UnitId":"Roche.C5800.UI","origin":"123","timestamp":"2026-09-23T04:35:46.678Z"}
{"Counter":"cpu-usage-Browser","Mean":0.004166513894490536,"UnitId":"Roche.C5800.UI","origin":"123","timestamp":"2026-09-23T04:35:46.678Z"}
{"Counter":"working-set-Browser","Mean":192,"UnitId":"Roche.C5800.UI","origin":"123","timestamp":"2026-09-23T04:35:46.678Z"}
{"Counter":"cpu-usage-combined","Mean":0.03749877726216976,"UnitId":"Roche.C5800.UI","origin":"123","timestamp":"2026-09-23T04:35:46.678Z"}
{"Counter":"working-set-combined","Mean":774,"UnitId":"Roche.C5800.UI","origin":"123","timestamp":"2026-09-23T04:35:46.678Z"}
{"Counter":"cpu-usage-GPU","Mean":0.004164519024205884,"UnitId":"Roche.C5800.UI","origin":"123","timestamp":"2026-09-23T04:36:16.694Z"}
{"Counter":"working-set-GPU","Mean":122,"UnitId":"Roche.C5800.UI","origin":"123","timestamp":"2026-09-23T04:36:16.694Z"}
{"Counter":"cpu-usage-Tab","Mean":0.04164521521630875,"UnitId":"Roche.C5800.UI","origin":"123","timestamp":"2026-09-23T04:36:16.694Z"}
{"Counter":"working-set-Tab","Mean":387,"UnitId":"Roche.C5800.UI","origin":"123","timestamp":"2026-09-23T04:36:16.694Z"}
{"Counter":"cpu-usage-Browser","Mean":0.004164518330477251,"UnitId":"Roche.C5800.UI","origin":"123","timestamp":"2026-09-23T04:36:16.694Z"}
{"Counter":"working-set-Browser","Mean":192,"UnitId":"Roche.C5800.UI","origin":"123","timestamp":"2026-09-23T04:36:16.694Z"}
{"Counter":"cpu-usage-combined","Mean":0.04997425257099188,"UnitId":"Roche.C5800.UI","origin":"123","timestamp":"2026-09-23T04:36:16.694Z"}
{"Counter":"working-set-combined","Mean":774,"UnitId":"Roche.C5800.UI","origin":"123","timestamp":"2026-09-23T04:36:16.694Z"}
{"Counter":"cpu-usage-GPU","Mean":0,"UnitId":"Roche.C5800.UI","origin":"123","timestamp":"2026-09-23T04:36:46.707Z"}
{"Counter":"working-set-GPU","Mean":122,"UnitId":"Roche.C5800.UI","origin":"123","timestamp":"2026-09-23T04:36:46.707Z"}
{"Counter":"cpu-usage-Tab","Mean":0.0333180192610803,"UnitId":"Roche.C5800.UI","origin":"123","timestamp":"2026-09-23T04:36:46.707Z"}
{"Counter":"working-set-Tab","Mean":387,"UnitId":"Roche.C5800.UI","origin":"123","timestamp":"2026-09-23T04:36:46.707Z"}
{"Counter":"cpu-usage-Browser","Mean":0.012494352552646203,"UnitId":"Roche.C5800.UI","origin":"123","timestamp":"2026-09-23T04:36:46.707Z"}
{"Counter":"working-set-Browser","Mean":192,"UnitId":"Roche.C5800.UI","origin":"123","timestamp":"2026-09-23T04:36:46.707Z"}
{"Counter":"cpu-usage-combined","Mean":0.04581237181372651,"UnitId":"Roche.C5800.UI","origin":"123","timestamp":"2026-09-23T04:36:46.707Z"}
{"Counter":"working-set-combined","Mean":774,"UnitId":"Roche.C5800.UI","origin":"123","timestamp":"2026-09-23T04:36:46.707Z"}
{"Counter":"cpu-usage-GPU","Mean":0.0041648580076625395,"UnitId":"Roche.C5800.UI","origin":"123","timestamp":"2026-09-23T04:37:16.721Z"}
{"Counter":"working-set-GPU","Mean":122,"UnitId":"Roche.C5800.UI","origin":"123","timestamp":"2026-09-23T04:37:16.721Z"}
{"Counter":"cpu-usage-Tab","Mean":0.03748374829619704,"UnitId":"Roche.C5800.UI","origin":"123","timestamp":"2026-09-23T04:37:16.721Z"}
{"Counter":"working-set-Tab","Mean":387,"UnitId":"Roche.C5800.UI","origin":"123","timestamp":"2026-09-23T04:37:16.721Z"}
{"Counter":"cpu-usage-Browser","Mean":0.004164891589871064,"UnitId":"Roche.C5800.UI","origin":"123","timestamp":"2026-09-23T04:37:16.721Z"}
{"Counter":"working-set-Browser","Mean":192,"UnitId":"Roche.C5800.UI","origin":"123","timestamp":"2026-09-23T04:37:16.721Z"}
{"Counter":"cpu-usage-combined","Mean":0.04581349789373065,"UnitId":"Roche.C5800.UI","origin":"123","timestamp":"2026-09-23T04:37:16.721Z"}
{"Counter":"working-set-combined","Mean":774,"UnitId":"Roche.C5800.UI","origin":"123","timestamp":"2026-09-23T04:37:16.721Z"}
{"Counter":"cpu-usage-GPU","Mean":0,"UnitId":"Roche.C5800.UI","origin":"123","timestamp":"2026-09-23T04:37:46.732Z"}
{"Counter":"working-set-GPU","Mean":122,"UnitId":"Roche.C5800.UI","origin":"123","timestamp":"2026-09-23T04:37:46.732Z"}
{"Counter":"cpu-usage-Tab","Mean":0.0374857166924163,"UnitId":"Roche.C5800.UI","origin":"123","timestamp":"2026-09-23T04:37:46.732Z"}
{"Counter":"working-set-Tab","Mean":387,"UnitId":"Roche.C5800.UI","origin":"123","timestamp":"2026-09-23T04:37:46.732Z"}
{"Counter":"cpu-usage-Browser","Mean":0.004165058953910457,"UnitId":"Roche.C5800.UI","origin":"123","timestamp":"2026-09-23T04:37:46.732Z"}
{"Counter":"working-set-Browser","Mean":192,"UnitId":"Roche.C5800.UI","origin":"123","timestamp":"2026-09-23T04:37:46.732Z"}
{"Counter":"cpu-usage-combined","Mean":0.04581584528645774,"UnitId":"Roche.C5800.UI","origin":"123","timestamp":"2026-09-23T04:37:46.732Z"}
{"Counter":"working-set-combined","Mean":774,"UnitId":"Roche.C5800.UI","origin":"123","timestamp":"2026-09-23T04:37:46.732Z"}
{"Counter":"cpu-usage-GPU","Mean":0.004165397608861834,"UnitId":"Roche.C5800.UI","origin":"123","timestamp":"2026-09-23T04:38:16.741Z"}
{"Counter":"working-set-GPU","Mean":122,"UnitId":"Roche.C5800.UI","origin":"123","timestamp":"2026-09-23T04:38:16.741Z"}
{"Counter":"cpu-usage-Tab","Mean":0.0374885784797565,"UnitId":"Roche.C5800.UI","origin":"123","timestamp":"2026-09-23T04:38:16.741Z"}
{"Counter":"working-set-Tab","Mean":387,"UnitId":"Roche.C5800.UI","origin":"123","timestamp":"2026-09-23T04:38:16.741Z"}
{"Counter":"cpu-usage-Browser","Mean":0.008330728869797672,"UnitId":"Roche.C5800.UI","origin":"123","timestamp":"2026-09-23T04:38:16.741Z"}
{"Counter":"working-set-Browser","Mean":192,"UnitId":"Roche.C5800.UI","origin":"123","timestamp":"2026-09-23T04:38:16.741Z"}
{"Counter":"cpu-usage-combined","Mean":0.049984704958416004,"UnitId":"Roche.C5800.UI","origin":"123","timestamp":"2026-09-23T04:38:16.741Z"}
{"Counter":"working-set-combined","Mean":774,"UnitId":"Roche.C5800.UI","origin":"123","timestamp":"2026-09-23T04:38:16.741Z"}
{"Counter":"cpu-usage-GPU","Mean":0,"UnitId":"Roche.C5800.UI","origin":"123","timestamp":"2026-09-23T04:38:46.751Z"}
{"Counter":"working-set-GPU","Mean":122,"UnitId":"Roche.C5800.UI","origin":"123","timestamp":"2026-09-23T04:38:46.751Z"}
{"Counter":"cpu-usage-Tab","Mean":0.033322294767819914,"UnitId":"Roche.C5800.UI","origin":"123","timestamp":"2026-09-23T04:38:46.751Z"}
{"Counter":"working-set-Tab","Mean":386,"UnitId":"Roche.C5800.UI","origin":"123","timestamp":"2026-09-23T04:38:46.751Z"}
{"Counter":"cpu-usage-Browser","Mean":0.004165279489753929,"UnitId":"Roche.C5800.UI","origin":"123","timestamp":"2026-09-23T04:38:46.751Z"}
{"Counter":"working-set-Browser","Mean":192,"UnitId":"Roche.C5800.UI","origin":"123","timestamp":"2026-09-23T04:38:46.751Z"}
{"Counter":"cpu-usage-combined","Mean":0.03748757425757385,"UnitId":"Roche.C5800.UI","origin":"123","timestamp":"2026-09-23T04:38:46.751Z"}
{"Counter":"working-set-combined","Mean":773,"UnitId":"Roche.C5800.UI","origin":"123","timestamp":"2026-09-23T04:38:46.751Z"}
{"Counter":"cpu-usage-GPU","Mean":0.004165675374783314,"UnitId":"Roche.C5800.UI","origin":"123","timestamp":"2026-09-23T04:39:16.758Z"}
{"Counter":"working-set-GPU","Mean":122,"UnitId":"Roche.C5800.UI","origin":"123","timestamp":"2026-09-23T04:39:16.758Z"}
{"Counter":"cpu-usage-Tab","Mean":0.037491222055209474,"UnitId":"Roche.C5800.UI","origin":"123","timestamp":"2026-09-23T04:39:16.758Z"}
{"Counter":"working-set-Tab","Mean":387,"UnitId":"Roche.C5800.UI","origin":"123","timestamp":"2026-09-23T04:39:16.758Z"}
{"Counter":"cpu-usage-Browser","Mean":0.008331406279060987,"UnitId":"Roche.C5800.UI","origin":"123","timestamp":"2026-09-23T04:39:16.758Z"}
{"Counter":"working-set-Browser","Mean":192,"UnitId":"Roche.C5800.UI","origin":"123","timestamp":"2026-09-23T04:39:16.758Z"}
{"Counter":"cpu-usage-combined","Mean":0.04998830370905378,"UnitId":"Roche.C5800.UI","origin":"123","timestamp":"2026-09-23T04:39:16.758Z"}
{"Counter":"working-set-combined","Mean":774,"UnitId":"Roche.C5800.UI","origin":"123","timestamp":"2026-09-23T04:39:16.758Z"}
{"Counter":"cpu-usage-GPU","Mean":0,"UnitId":"Roche.C5800.UI","origin":"123","timestamp":"2026-09-23T04:39:46.765Z"}
{"Counter":"working-set-GPU","Mean":122,"UnitId":"Roche.C5800.UI","origin":"123","timestamp":"2026-09-23T04:39:46.765Z"}
{"Counter":"cpu-usage-Tab","Mean":0.037490864725961776,"UnitId":"Roche.C5800.UI","origin":"123","timestamp":"2026-09-23T04:39:46.765Z"}
{"Counter":"working-set-Tab","Mean":387,"UnitId":"Roche.C5800.UI","origin":"123","timestamp":"2026-09-23T04:39:46.765Z"}
{"Counter":"cpu-usage-Browser","Mean":0.004165681205349521,"UnitId":"Roche.C5800.UI","origin":"123","timestamp":"2026-09-23T04:39:46.765Z"}
{"Counter":"working-set-Browser","Mean":192,"UnitId":"Roche.C5800.UI","origin":"123","timestamp":"2026-09-23T04:39:46.765Z"}
{"Counter":"cpu-usage-combined","Mean":0.041656545931311295,"UnitId":"Roche.C5800.UI","origin":"123","timestamp":"2026-09-23T04:39:46.765Z"}
{"Counter":"working-set-combined","Mean":774,"UnitId":"Roche.C5800.UI","origin":"123","timestamp":"2026-09-23T04:39:46.765Z"}
{"Counter":"cpu-usage-GPU","Mean":0.008331446816059284,"UnitId":"Roche.C5800.UI","origin":"123","timestamp":"2026-09-23T04:40:16.772Z"}
{"Counter":"working-set-GPU","Mean":122,"UnitId":"Roche.C5800.UI","origin":"123","timestamp":"2026-09-23T04:40:16.772Z"}
{"Counter":"cpu-usage-Tab","Mean":0.04165722019769984,"UnitId":"Roche.C5800.UI","origin":"123","timestamp":"2026-09-23T04:40:16.772Z"}
{"Counter":"working-set-Tab","Mean":387,"UnitId":"Roche.C5800.UI","origin":"123","timestamp":"2026-09-23T04:40:16.772Z"}
{"Counter":"cpu-usage-Browser","Mean":0.008331462364601656,"UnitId":"Roche.C5800.UI","origin":"123","timestamp":"2026-09-23T04:40:16.772Z"}
{"Counter":"working-set-Browser","Mean":192,"UnitId":"Roche.C5800.UI","origin":"123","timestamp":"2026-09-23T04:40:16.772Z"}
{"Counter":"cpu-usage-combined","Mean":0.05832012937836077,"UnitId":"Roche.C5800.UI","origin":"123","timestamp":"2026-09-23T04:40:16.772Z"}
{"Counter":"working-set-combined","Mean":774,"UnitId":"Roche.C5800.UI","origin":"123","timestamp":"2026-09-23T04:40:16.772Z"}
{"Counter":"cpu-usage-GPU","Mean":0,"UnitId":"Roche.C5800.UI","origin":"123","timestamp":"2026-09-23T04:40:46.778Z"}
{"Counter":"working-set-GPU","Mean":122,"UnitId":"Roche.C5800.UI","origin":"123","timestamp":"2026-09-23T04:40:46.778Z"}
{"Counter":"cpu-usage-Tab","Mean":0.029161155208332293,"UnitId":"Roche.C5800.UI","origin":"123","timestamp":"2026-09-23T04:40:46.778Z"}
{"Counter":"working-set-Tab","Mean":387,"UnitId":"Roche.C5800.UI","origin":"123","timestamp":"2026-09-23T04:40:46.778Z"}
{"Counter":"cpu-usage-Browser","Mean":0.004165806982965615,"UnitId":"Roche.C5800.UI","origin":"123","timestamp":"2026-09-23T04:40:46.778Z"}
{"Counter":"working-set-Browser","Mean":192,"UnitId":"Roche.C5800.UI","origin":"123","timestamp":"2026-09-23T04:40:46.778Z"}
{"Counter":"cpu-usage-combined","Mean":0.03332696219129791,"UnitId":"Roche.C5800.UI","origin":"123","timestamp":"2026-09-23T04:40:46.778Z"}
{"Counter":"working-set-combined","Mean":774,"UnitId":"Roche.C5800.UI","origin":"123","timestamp":"2026-09-23T04:40:46.778Z"}
{"Counter":"cpu-usage-GPU","Mean":0,"UnitId":"Roche.C5800.UI","origin":"123","timestamp":"2026-09-23T04:41:16.780Z"}
{"Counter":"working-set-GPU","Mean":122,"UnitId":"Roche.C5800.UI","origin":"123","timestamp":"2026-09-23T04:41:16.780Z"}
{"Counter":"cpu-usage-Tab","Mean":0.03749670778905612,"UnitId":"Roche.C5800.UI","origin":"123","timestamp":"2026-09-23T04:41:16.780Z"}
{"Counter":"working-set-Tab","Mean":386,"UnitId":"Roche.C5800.UI","origin":"123","timestamp":"2026-09-23T04:41:16.780Z"}
{"Counter":"cpu-usage-Browser","Mean":0.00833268060668581,"UnitId":"Roche.C5800.UI","origin":"123","timestamp":"2026-09-23T04:41:16.780Z"}
{"Counter":"working-set-Browser","Mean":192,"UnitId":"Roche.C5800.UI","origin":"123","timestamp":"2026-09-23T04:41:16.780Z"}
{"Counter":"cpu-usage-combined","Mean":0.0499957146735517,"UnitId":"Roche.C5800.UI","origin":"123","timestamp":"2026-09-23T04:41:16.780Z"}
{"Counter":"working-set-combined","Mean":773,"UnitId":"Roche.C5800.UI","origin":"123","timestamp":"2026-09-23T04:41:16.780Z"}
{"Counter":"cpu-usage-GPU","Mean":0,"UnitId":"Roche.C5800.UI","origin":"123","timestamp":"2026-09-23T04:41:46.785Z"}
{"Counter":"working-set-GPU","Mean":122,"UnitId":"Roche.C5800.UI","origin":"123","timestamp":"2026-09-23T04:41:46.785Z"}
{"Counter":"cpu-usage-Tab","Mean":0.03749444457312908,"UnitId":"Roche.C5800.UI","origin":"123","timestamp":"2026-09-23T04:41:46.785Z"}
{"Counter":"working-set-Tab","Mean":387,"UnitId":"Roche.C5800.UI","origin":"123","timestamp":"2026-09-23T04:41:46.785Z"}
{"Counter":"cpu-usage-Browser","Mean":0.004166039261153937,"UnitId":"Roche.C5800.UI","origin":"123","timestamp":"2026-09-23T04:41:46.785Z"}
{"Counter":"working-set-Browser","Mean":192,"UnitId":"Roche.C5800.UI","origin":"123","timestamp":"2026-09-23T04:41:46.785Z"}
{"Counter":"cpu-usage-combined","Mean":0.041660483834283016,"UnitId":"Roche.C5800.UI","origin":"123","timestamp":"2026-09-23T04:41:46.785Z"}
{"Counter":"working-set-combined","Mean":774,"UnitId":"Roche.C5800.UI","origin":"123","timestamp":"2026-09-23T04:41:46.785Z"}
{"Counter":"cpu-usage-GPU","Mean":0.008332465923630683,"UnitId":"Roche.C5800.UI","origin":"123","timestamp":"2026-09-23T04:42:16.788Z"}
{"Counter":"working-set-GPU","Mean":122,"UnitId":"Roche.C5800.UI","origin":"123","timestamp":"2026-09-23T04:42:16.788Z"}
{"Counter":"cpu-usage-Tab","Mean":0.03749606416313168,"UnitId":"Roche.C5800.UI","origin":"123","timestamp":"2026-09-23T04:42:16.788Z"}
{"Counter":"working-set-Tab","Mean":387,"UnitId":"Roche.C5800.UI","origin":"123","timestamp":"2026-09-23T04:42:16.788Z"}
{"Counter":"cpu-usage-Browser","Mean":0.004166238377361474,"UnitId":"Roche.C5800.UI","origin":"123","timestamp":"2026-09-23T04:42:16.788Z"}
{"Counter":"working-set-Browser","Mean":192,"UnitId":"Roche.C5800.UI","origin":"123","timestamp":"2026-09-23T04:42:16.788Z"}
{"Counter":"cpu-usage-combined","Mean":0.04999476846412383,"UnitId":"Roche.C5800.UI","origin":"123","timestamp":"2026-09-23T04:42:16.788Z"}
{"Counter":"working-set-combined","Mean":774,"UnitId":"Roche.C5800.UI","origin":"123","timestamp":"2026-09-23T04:42:16.788Z"}
{"Counter":"cpu-usage-GPU","Mean":0,"UnitId":"Roche.C5800.UI","origin":"123","timestamp":"2026-09-23T04:42:46.789Z"}
{"Counter":"working-set-GPU","Mean":122,"UnitId":"Roche.C5800.UI","origin":"123","timestamp":"2026-09-23T04:42:46.789Z"}
{"Counter":"cpu-usage-Tab","Mean":0.03749847881170954,"UnitId":"Roche.C5800.UI","origin":"123","timestamp":"2026-09-23T04:42:46.789Z"}
{"Counter":"working-set-Tab","Mean":387,"UnitId":"Roche.C5800.UI","origin":"123","timestamp":"2026-09-23T04:42:46.789Z"}
{"Counter":"cpu-usage-Browser","Mean":0.008332973348884661,"UnitId":"Roche.C5800.UI","origin":"123","timestamp":"2026-09-23T04:42:46.789Z"}
{"Counter":"working-set-Browser","Mean":192,"UnitId":"Roche.C5800.UI","origin":"123","timestamp":"2026-09-23T04:42:46.789Z"}
{"Counter":"cpu-usage-combined","Mean":0.04999794897307415,"UnitId":"Roche.C5800.UI","origin":"123","timestamp":"2026-09-23T04:42:46.789Z"}
{"Counter":"working-set-combined","Mean":774,"UnitId":"Roche.C5800.UI","origin":"123","timestamp":"2026-09-23T04:42:46.789Z"}
{"Counter":"cpu-usage-GPU","Mean":0.004166535559681056,"UnitId":"Roche.C5800.UI","origin":"123","timestamp":"2026-09-23T04:43:16.790Z"}
{"Counter":"working-set-GPU","Mean":122,"UnitId":"Roche.C5800.UI","origin":"123","timestamp":"2026-09-23T04:43:16.790Z"}
{"Counter":"cpu-usage-Tab","Mean":0.03749899877673266,"UnitId":"Roche.C5800.UI","origin":"123","timestamp":"2026-09-23T04:43:16.790Z"}
{"Counter":"working-set-Tab","Mean":387,"UnitId":"Roche.C5800.UI","origin":"123","timestamp":"2026-09-23T04:43:16.790Z"}
{"Counter":"cpu-usage-Browser","Mean":0.008333184447104545,"UnitId":"Roche.C5800.UI","origin":"123","timestamp":"2026-09-23T04:43:16.790Z"}
{"Counter":"working-set-Browser","Mean":192,"UnitId":"Roche.C5800.UI","origin":"123","timestamp":"2026-09-23T04:43:16.790Z"}
{"Counter":"cpu-usage-combined","Mean":0.04999871878351826,"UnitId":"Roche.C5800.UI","origin":"123","timestamp":"2026-09-23T04:43:16.790Z"}
{"Counter":"working-set-combined","Mean":774,"UnitId":"Roche.C5800.UI","origin":"123","timestamp":"2026-09-23T04:43:16.790Z"}
{"Counter":"cpu-usage-GPU","Mean":0,"UnitId":"Roche.C5800.UI","origin":"123","timestamp":"2026-09-23T04:43:46.791Z"}
{"Counter":"working-set-GPU","Mean":122,"UnitId":"Roche.C5800.UI","origin":"123","timestamp":"2026-09-23T04:43:46.791Z"}
{"Counter":"cpu-usage-Tab","Mean":0.0374980151050671,"UnitId":"Roche.C5800.UI","origin":"123","timestamp":"2026-09-23T04:43:46.791Z"}
{"Counter":"working-set-Tab","Mean":387,"UnitId":"Roche.C5800.UI","origin":"123","timestamp":"2026-09-23T04:43:46.791Z"}
{"Counter":"cpu-usage-Browser","Mean":0.00833284336214364,"UnitId":"Roche.C5800.UI","origin":"123","timestamp":"2026-09-23T04:43:46.791Z"}
{"Counter":"working-set-Browser","Mean":192,"UnitId":"Roche.C5800.UI","origin":"123","timestamp":"2026-09-23T04:43:46.791Z"}
{"Counter":"cpu-usage-combined","Mean":0.045830858467210744,"UnitId":"Roche.C5800.UI","origin":"123","timestamp":"2026-09-23T04:43:46.791Z"}
{"Counter":"working-set-combined","Mean":774,"UnitId":"Roche.C5800.UI","origin":"123","timestamp":"2026-09-23T04:43:46.791Z"}
{"Counter":"cpu-usage-GPU","Mean":0.008329798999617796,"UnitId":"Roche.C5800.UI","origin":"123","timestamp":"2026-09-23T04:44:16.804Z"}
{"Counter":"working-set-GPU","Mean":122,"UnitId":"Roche.C5800.UI","origin":"123","timestamp":"2026-09-23T04:44:16.804Z"}
{"Counter":"cpu-usage-Tab","Mean":0.0374841404601713,"UnitId":"Roche.C5800.UI","origin":"123","timestamp":"2026-09-23T04:44:16.804Z"}
{"Counter":"working-set-Tab","Mean":387,"UnitId":"Roche.C5800.UI","origin":"123","timestamp":"2026-09-23T04:44:16.804Z"}
{"Counter":"cpu-usage-Browser","Mean":0.004164905466974865,"UnitId":"Roche.C5800.UI","origin":"123","timestamp":"2026-09-23T04:44:16.804Z"}
{"Counter":"working-set-Browser","Mean":192,"UnitId":"Roche.C5800.UI","origin":"123","timestamp":"2026-09-23T04:44:16.804Z"}
{"Counter":"cpu-usage-combined","Mean":0.049978844926763966,"UnitId":"Roche.C5800.UI","origin":"123","timestamp":"2026-09-23T04:44:16.804Z"}
{"Counter":"working-set-combined","Mean":774,"UnitId":"Roche.C5800.UI","origin":"123","timestamp":"2026-09-23T04:44:16.804Z"}
{"Counter":"cpu-usage-GPU","Mean":0,"UnitId":"Roche.C5800.UI","origin":"123","timestamp":"2026-09-23T04:44:46.816Z"}
{"Counter":"working-set-GPU","Mean":122,"UnitId":"Roche.C5800.UI","origin":"123","timestamp":"2026-09-23T04:44:46.816Z"}
{"Counter":"cpu-usage-Tab","Mean":0.037484786174784526,"UnitId":"Roche.C5800.UI","origin":"123","timestamp":"2026-09-23T04:44:46.816Z"}
{"Counter":"working-set-Tab","Mean":386,"UnitId":"Roche.C5800.UI","origin":"123","timestamp":"2026-09-23T04:44:46.816Z"}
{"Counter":"cpu-usage-Browser","Mean":0.008329922785280946,"UnitId":"Roche.C5800.UI","origin":"123","timestamp":"2026-09-23T04:44:46.816Z"}
{"Counter":"working-set-Browser","Mean":192,"UnitId":"Roche.C5800.UI","origin":"123","timestamp":"2026-09-23T04:44:46.816Z"}
{"Counter":"cpu-usage-combined","Mean":0.04997968423027491,"UnitId":"Roche.C5800.UI","origin":"123","timestamp":"2026-09-23T04:44:46.816Z"}
{"Counter":"working-set-combined","Mean":773,"UnitId":"Roche.C5800.UI","origin":"123","timestamp":"2026-09-23T04:44:46.816Z"}
{"Counter":"cpu-usage-GPU","Mean":0,"UnitId":"Roche.C5800.UI","origin":"123","timestamp":"2026-09-23T04:45:16.828Z"}
{"Counter":"working-set-GPU","Mean":122,"UnitId":"Roche.C5800.UI","origin":"123","timestamp":"2026-09-23T04:45:16.828Z"}
{"Counter":"cpu-usage-Tab","Mean":0.037485891559946555,"UnitId":"Roche.C5800.UI","origin":"123","timestamp":"2026-09-23T04:45:16.828Z"}
{"Counter":"working-set-Tab","Mean":386,"UnitId":"Roche.C5800.UI","origin":"123","timestamp":"2026-09-23T04:45:16.828Z"}
{"Counter":"cpu-usage-Browser","Mean":0.004165144722784961,"UnitId":"Roche.C5800.UI","origin":"123","timestamp":"2026-09-23T04:45:16.828Z"}
{"Counter":"working-set-Browser","Mean":192,"UnitId":"Roche.C5800.UI","origin":"123","timestamp":"2026-09-23T04:45:16.828Z"}
{"Counter":"cpu-usage-combined","Mean":0.041651036282731514,"UnitId":"Roche.C5800.UI","origin":"123","timestamp":"2026-09-23T04:45:16.828Z"}
{"Counter":"working-set-combined","Mean":773,"UnitId":"Roche.C5800.UI","origin":"123","timestamp":"2026-09-23T04:45:16.828Z"}
{"Counter":"cpu-usage-GPU","Mean":0,"UnitId":"Roche.C5800.UI","origin":"123","timestamp":"2026-09-23T04:45:46.837Z"}
{"Counter":"working-set-GPU","Mean":122,"UnitId":"Roche.C5800.UI","origin":"123","timestamp":"2026-09-23T04:45:46.837Z"}
{"Counter":"cpu-usage-Tab","Mean":0.033323834929583906,"UnitId":"Roche.C5800.UI","origin":"123","timestamp":"2026-09-23T04:45:46.837Z"}
{"Counter":"working-set-Tab","Mean":386,"UnitId":"Roche.C5800.UI","origin":"123","timestamp":"2026-09-23T04:45:46.837Z"}
{"Counter":"cpu-usage-Browser","Mean":0.00416551087624887,"UnitId":"Roche.C5800.UI","origin":"123","timestamp":"2026-09-23T04:45:46.837Z"}
{"Counter":"working-set-Browser","Mean":192,"UnitId":"Roche.C5800.UI","origin":"123","timestamp":"2026-09-23T04:45:46.837Z"}
{"Counter":"cpu-usage-combined","Mean":0.037489345805832776,"UnitId":"Roche.C5800.UI","origin":"123","timestamp":"2026-09-23T04:45:46.837Z"}
{"Counter":"working-set-combined","Mean":773,"UnitId":"Roche.C5800.UI","origin":"123","timestamp":"2026-09-23T04:45:46.837Z"}
{"Counter":"cpu-usage-GPU","Mean":0.012498381459600982,"UnitId":"Roche.C5800.UI","origin":"123","timestamp":"2026-09-23T04:46:16.840Z"}
{"Counter":"working-set-GPU","Mean":122,"UnitId":"Roche.C5800.UI","origin":"123","timestamp":"2026-09-23T04:46:16.840Z"}
{"Counter":"cpu-usage-Tab","Mean":0.04166110490916129,"UnitId":"Roche.C5800.UI","origin":"123","timestamp":"2026-09-23T04:46:16.840Z"}
{"Counter":"working-set-Tab","Mean":386,"UnitId":"Roche.C5800.UI","origin":"123","timestamp":"2026-09-23T04:46:16.840Z"}
{"Counter":"cpu-usage-Browser","Mean":0.008332159332083443,"UnitId":"Roche.C5800.UI","origin":"123","timestamp":"2026-09-23T04:46:16.840Z"}
{"Counter":"working-set-Browser","Mean":192,"UnitId":"Roche.C5800.UI","origin":"123","timestamp":"2026-09-23T04:46:16.840Z"}
{"Counter":"cpu-usage-combined","Mean":0.06249164570084572,"UnitId":"Roche.C5800.UI","origin":"123","timestamp":"2026-09-23T04:46:16.840Z"}
{"Counter":"working-set-combined","Mean":773,"UnitId":"Roche.C5800.UI","origin":"123","timestamp":"2026-09-23T04:46:16.840Z"}
{"Counter":"cpu-usage-GPU","Mean":0,"UnitId":"Roche.C5800.UI","origin":"123","timestamp":"2026-09-23T04:46:46.847Z"}
{"Counter":"working-set-GPU","Mean":122,"UnitId":"Roche.C5800.UI","origin":"123","timestamp":"2026-09-23T04:46:46.847Z"}
{"Counter":"cpu-usage-Tab","Mean":0.03332568842040969,"UnitId":"Roche.C5800.UI","origin":"123","timestamp":"2026-09-23T04:46:46.847Z"}
{"Counter":"working-set-Tab","Mean":386,"UnitId":"Roche.C5800.UI","origin":"123","timestamp":"2026-09-23T04:46:46.847Z"}
{"Counter":"cpu-usage-Browser","Mean":0.008331353803669582,"UnitId":"Roche.C5800.UI","origin":"123","timestamp":"2026-09-23T04:46:46.847Z"}
{"Counter":"working-set-Browser","Mean":192,"UnitId":"Roche.C5800.UI","origin":"123","timestamp":"2026-09-23T04:46:46.847Z"}
{"Counter":"cpu-usage-combined","Mean":0.041657042224079274,"UnitId":"Roche.C5800.UI","origin":"123","timestamp":"2026-09-23T04:46:46.847Z"}
{"Counter":"working-set-combined","Mean":773,"UnitId":"Roche.C5800.UI","origin":"123","timestamp":"2026-09-23T04:46:46.847Z"}
{"Counter":"cpu-usage-GPU","Mean":0,"UnitId":"Roche.C5800.UI","origin":"123","timestamp":"2026-09-23T04:47:16.852Z"}
{"Counter":"working-set-GPU","Mean":122,"UnitId":"Roche.C5800.UI","origin":"123","timestamp":"2026-09-23T04:47:16.852Z"}
{"Counter":"cpu-usage-Tab","Mean":0.037493522369118695,"UnitId":"Roche.C5800.UI","origin":"123","timestamp":"2026-09-23T04:47:16.852Z"}
{"Counter":"working-set-Tab","Mean":387,"UnitId":"Roche.C5800.UI","origin":"123","timestamp":"2026-09-23T04:47:16.852Z"}
{"Counter":"cpu-usage-Browser","Mean":0.004165959009096321,"UnitId":"Roche.C5800.UI","origin":"123","timestamp":"2026-09-23T04:47:16.852Z"}
{"Counter":"working-set-Browser","Mean":192,"UnitId":"Roche.C5800.UI","origin":"123","timestamp":"2026-09-23T04:47:16.852Z"}
{"Counter":"cpu-usage-combined","Mean":0.04165948137821501,"UnitId":"Roche.C5800.UI","origin":"123","timestamp":"2026-09-23T04:47:16.852Z"}
{"Counter":"working-set-combined","Mean":774,"UnitId":"Roche.C5800.UI","origin":"123","timestamp":"2026-09-23T04:47:16.852Z"}
{"Counter":"cpu-usage-GPU","Mean":0,"UnitId":"Roche.C5800.UI","origin":"123","timestamp":"2026-09-23T04:47:46.856Z"}
{"Counter":"working-set-GPU","Mean":122,"UnitId":"Roche.C5800.UI","origin":"123","timestamp":"2026-09-23T04:47:46.856Z"}
{"Counter":"cpu-usage-Tab","Mean":0.03749537682003809,"UnitId":"Roche.C5800.UI","origin":"123","timestamp":"2026-09-23T04:47:46.856Z"}
{"Counter":"working-set-Tab","Mean":386,"UnitId":"Roche.C5800.UI","origin":"123","timestamp":"2026-09-23T04:47:46.856Z"}
{"Counter":"cpu-usage-Browser","Mean":0.004166140205416042,"UnitId":"Roche.C5800.UI","origin":"123","timestamp":"2026-09-23T04:47:46.856Z"}
{"Counter":"working-set-Browser","Mean":192,"UnitId":"Roche.C5800.UI","origin":"123","timestamp":"2026-09-23T04:47:46.856Z"}
{"Counter":"cpu-usage-combined","Mean":0.041661517025454134,"UnitId":"Roche.C5800.UI","origin":"123","timestamp":"2026-09-23T04:47:46.856Z"}
{"Counter":"working-set-combined","Mean":773,"UnitId":"Roche.C5800.UI","origin":"123","timestamp":"2026-09-23T04:47:46.856Z"}
{"Counter":"cpu-usage-GPU","Mean":0.008332629503894571,"UnitId":"Roche.C5800.UI","origin":"123","timestamp":"2026-09-23T04:48:16.859Z"}
{"Counter":"working-set-GPU","Mean":122,"UnitId":"Roche.C5800.UI","origin":"123","timestamp":"2026-09-23T04:48:16.859Z"}
{"Counter":"cpu-usage-Tab","Mean":0.033330609111548615,"UnitId":"Roche.C5800.UI","origin":"123","timestamp":"2026-09-23T04:48:16.859Z"}
{"Counter":"working-set-Tab","Mean":386,"UnitId":"Roche.C5800.UI","origin":"123","timestamp":"2026-09-23T04:48:16.859Z"}
{"Counter":"cpu-usage-Browser","Mean":0.008332718378716984,"UnitId":"Roche.C5800.UI","origin":"123","timestamp":"2026-09-23T04:48:16.859Z"}
{"Counter":"working-set-Browser","Mean":192,"UnitId":"Roche.C5800.UI","origin":"123","timestamp":"2026-09-23T04:48:16.859Z"}
{"Counter":"cpu-usage-combined","Mean":0.04999595699416017,"UnitId":"Roche.C5800.UI","origin":"123","timestamp":"2026-09-23T04:48:16.859Z"}
{"Counter":"working-set-combined","Mean":773,"UnitId":"Roche.C5800.UI","origin":"123","timestamp":"2026-09-23T04:48:16.859Z"}
{"Counter":"cpu-usage-GPU","Mean":0,"UnitId":"Roche.C5800.UI","origin":"123","timestamp":"2026-09-23T04:48:46.860Z"}
{"Counter":"working-set-GPU","Mean":122,"UnitId":"Roche.C5800.UI","origin":"123","timestamp":"2026-09-23T04:48:46.860Z"}
{"Counter":"cpu-usage-Tab","Mean":0.03333150898874135,"UnitId":"Roche.C5800.UI","origin":"123","timestamp":"2026-09-23T04:48:46.860Z"}
{"Counter":"working-set-Tab","Mean":386,"UnitId":"Roche.C5800.UI","origin":"123","timestamp":"2026-09-23T04:48:46.860Z"}
{"Counter":"cpu-usage-Browser","Mean":0.004166440567825186,"UnitId":"Roche.C5800.UI","origin":"123","timestamp":"2026-09-23T04:48:46.860Z"}
{"Counter":"working-set-Browser","Mean":192,"UnitId":"Roche.C5800.UI","origin":"123","timestamp":"2026-09-23T04:48:46.860Z"}
{"Counter":"cpu-usage-combined","Mean":0.041664389846644105,"UnitId":"Roche.C5800.UI","origin":"123","timestamp":"2026-09-23T04:48:46.860Z"}
{"Counter":"working-set-combined","Mean":773,"UnitId":"Roche.C5800.UI","origin":"123","timestamp":"2026-09-23T04:48:46.860Z"}
{"Counter":"cpu-usage-GPU","Mean":0.008332952239650906,"UnitId":"Roche.C5800.UI","origin":"123","timestamp":"2026-09-23T04:49:16.862Z"}
{"Counter":"working-set-GPU","Mean":122,"UnitId":"Roche.C5800.UI","origin":"123","timestamp":"2026-09-23T04:49:16.862Z"}
{"Counter":"cpu-usage-Tab","Mean":0.04166477230835238,"UnitId":"Roche.C5800.UI","origin":"123","timestamp":"2026-09-23T04:49:16.862Z"}
{"Counter":"working-set-Tab","Mean":387,"UnitId":"Roche.C5800.UI","origin":"123","timestamp":"2026-09-23T04:49:16.862Z"}
{"Counter":"cpu-usage-Browser","Mean":0.004166470703661238,"UnitId":"Roche.C5800.UI","origin":"123","timestamp":"2026-09-23T04:49:16.862Z"}
{"Counter":"working-set-Browser","Mean":192,"UnitId":"Roche.C5800.UI","origin":"123","timestamp":"2026-09-23T04:49:16.862Z"}
{"Counter":"cpu-usage-combined","Mean":0.05416419525166453,"UnitId":"Roche.C5800.UI","origin":"123","timestamp":"2026-09-23T04:49:16.862Z"}
{"Counter":"working-set-combined","Mean":774,"UnitId":"Roche.C5800.UI","origin":"123","timestamp":"2026-09-23T04:49:16.862Z"}
{"Counter":"cpu-usage-GPU","Mean":0,"UnitId":"Roche.C5800.UI","origin":"123","timestamp":"2026-09-23T04:49:46.863Z"}
{"Counter":"working-set-GPU","Mean":122,"UnitId":"Roche.C5800.UI","origin":"123","timestamp":"2026-09-23T04:49:46.863Z"}
{"Counter":"cpu-usage-Tab","Mean":0.03749851005920032,"UnitId":"Roche.C5800.UI","origin":"123","timestamp":"2026-09-23T04:49:46.863Z"}
{"Counter":"working-set-Tab","Mean":386,"UnitId":"Roche.C5800.UI","origin":"123","timestamp":"2026-09-23T04:49:46.863Z"}
{"Counter":"cpu-usage-Browser","Mean":0.008332985014559724,"UnitId":"Roche.C5800.UI","origin":"123","timestamp":"2026-09-23T04:49:46.863Z"}
{"Counter":"working-set-Browser","Mean":192,"UnitId":"Roche.C5800.UI","origin":"123","timestamp":"2026-09-23T04:49:46.863Z"}
{"Counter":"cpu-usage-combined","Mean":0.04583149507376004,"UnitId":"Roche.C5800.UI","origin":"123","timestamp":"2026-09-23T04:49:46.863Z"}
{"Counter":"working-set-combined","Mean":773,"UnitId":"Roche.C5800.UI","origin":"123","timestamp":"2026-09-23T04:49:46.863Z"}
{"Counter":"cpu-usage-GPU","Mean":0.0041645954745173405,"UnitId":"Roche.C5800.UI","origin":"123","timestamp":"2026-09-23T04:50:16.878Z"}
{"Counter":"working-set-GPU","Mean":122,"UnitId":"Roche.C5800.UI","origin":"123","timestamp":"2026-09-23T04:50:16.878Z"}
{"Counter":"cpu-usage-Tab","Mean":0.041645939482586186,"UnitId":"Roche.C5800.UI","origin":"123","timestamp":"2026-09-23T04:50:16.878Z"}
{"Counter":"working-set-Tab","Mean":386,"UnitId":"Roche.C5800.UI","origin":"123","timestamp":"2026-09-23T04:50:16.878Z"}
{"Counter":"cpu-usage-Browser","Mean":0.012493706503577265,"UnitId":"Roche.C5800.UI","origin":"123","timestamp":"2026-09-23T04:50:16.878Z"}
{"Counter":"working-set-Browser","Mean":192,"UnitId":"Roche.C5800.UI","origin":"123","timestamp":"2026-09-23T04:50:16.878Z"}
{"Counter":"cpu-usage-combined","Mean":0.05830424146068079,"UnitId":"Roche.C5800.UI","origin":"123","timestamp":"2026-09-23T04:50:16.878Z"}
{"Counter":"working-set-combined","Mean":773,"UnitId":"Roche.C5800.UI","origin":"123","timestamp":"2026-09-23T04:50:16.878Z"}
{"Counter":"cpu-usage-GPU","Mean":0,"UnitId":"Roche.C5800.UI","origin":"123","timestamp":"2026-09-23T04:50:46.888Z"}
{"Counter":"working-set-GPU","Mean":122,"UnitId":"Roche.C5800.UI","origin":"123","timestamp":"2026-09-23T04:50:46.888Z"}
{"Counter":"cpu-usage-Tab","Mean":0.033321578591125674,"UnitId":"Roche.C5800.UI","origin":"123","timestamp":"2026-09-23T04:50:46.888Z"}
{"Counter":"working-set-Tab","Mean":386,"UnitId":"Roche.C5800.UI","origin":"123","timestamp":"2026-09-23T04:50:46.888Z"}
{"Counter":"cpu-usage-Browser","Mean":0.0041652231391674024,"UnitId":"Roche.C5800.UI","origin":"123","timestamp":"2026-09-23T04:50:46.888Z"}
{"Counter":"working-set-Browser","Mean":192,"UnitId":"Roche.C5800.UI","origin":"123","timestamp":"2026-09-23T04:50:46.888Z"}
{"Counter":"cpu-usage-combined","Mean":0.037486801730293076,"UnitId":"Roche.C5800.UI","origin":"123","timestamp":"2026-09-23T04:50:46.888Z"}
{"Counter":"working-set-combined","Mean":773,"UnitId":"Roche.C5800.UI","origin":"123","timestamp":"2026-09-23T04:50:46.888Z"}
{"Counter":"cpu-usage-GPU","Mean":0.008329724341433668,"UnitId":"Roche.C5800.UI","origin":"123","timestamp":"2026-09-23T04:51:16.901Z"}
{"Counter":"working-set-GPU","Mean":122,"UnitId":"Roche.C5800.UI","origin":"123","timestamp":"2026-09-23T04:51:16.901Z"}
{"Counter":"cpu-usage-Tab","Mean":0.037483657125493286,"UnitId":"Roche.C5800.UI","origin":"123","timestamp":"2026-09-23T04:51:16.901Z"}
{"Counter":"working-set-Tab","Mean":387,"UnitId":"Roche.C5800.UI","origin":"123","timestamp":"2026-09-23T04:51:16.901Z"}
{"Counter":"cpu-usage-Browser","Mean":0.008329672442294945,"UnitId":"Roche.C5800.UI","origin":"123","timestamp":"2026-09-23T04:51:16.901Z"}
{"Counter":"working-set-Browser","Mean":192,"UnitId":"Roche.C5800.UI","origin":"123","timestamp":"2026-09-23T04:51:16.901Z"}
{"Counter":"cpu-usage-combined","Mean":0.0541430539092219,"UnitId":"Roche.C5800.UI","origin":"123","timestamp":"2026-09-23T04:51:16.901Z"}
{"Counter":"working-set-combined","Mean":774,"UnitId":"Roche.C5800.UI","origin":"123","timestamp":"2026-09-23T04:51:16.901Z"}
{"Counter":"cpu-usage-GPU","Mean":0,"UnitId":"Roche.C5800.UI","origin":"123","timestamp":"2026-09-23T04:51:46.914Z"}
{"Counter":"working-set-GPU","Mean":122,"UnitId":"Roche.C5800.UI","origin":"123","timestamp":"2026-09-23T04:51:46.914Z"}
{"Counter":"cpu-usage-Tab","Mean":0.03331975553295365,"UnitId":"Roche.C5800.UI","origin":"123","timestamp":"2026-09-23T04:51:46.914Z"}
{"Counter":"working-set-Tab","Mean":387,"UnitId":"Roche.C5800.UI","origin":"123","timestamp":"2026-09-23T04:51:46.914Z"}
{"Counter":"cpu-usage-Browser","Mean":0.00416498776010057,"UnitId":"Roche.C5800.UI","origin":"123","timestamp":"2026-09-23T04:51:46.914Z"}
{"Counter":"working-set-Browser","Mean":192,"UnitId":"Roche.C5800.UI","origin":"123","timestamp":"2026-09-23T04:51:46.914Z"}
{"Counter":"cpu-usage-combined","Mean":0.03748474329305422,"UnitId":"Roche.C5800.UI","origin":"123","timestamp":"2026-09-23T04:51:46.914Z"}
{"Counter":"working-set-combined","Mean":774,"UnitId":"Roche.C5800.UI","origin":"123","timestamp":"2026-09-23T04:51:46.914Z"}
{"Counter":"cpu-usage-GPU","Mean":0,"UnitId":"Roche.C5800.UI","origin":"123","timestamp":"2026-09-23T04:52:16.926Z"}
{"Counter":"working-set-GPU","Mean":122,"UnitId":"Roche.C5800.UI","origin":"123","timestamp":"2026-09-23T04:52:16.926Z"}
{"Counter":"cpu-usage-Tab","Mean":0.037484868608038555,"UnitId":"Roche.C5800.UI","origin":"123","timestamp":"2026-09-23T04:52:16.926Z"}
{"Counter":"working-set-Tab","Mean":386,"UnitId":"Roche.C5800.UI","origin":"123","timestamp":"2026-09-23T04:52:16.926Z"}
{"Counter":"cpu-usage-Browser","Mean":0.008330007994142071,"UnitId":"Roche.C5800.UI","origin":"123","timestamp":"2026-09-23T04:52:16.926Z"}
{"Counter":"working-set-Browser","Mean":192,"UnitId":"Roche.C5800.UI","origin":"123","timestamp":"2026-09-23T04:52:16.926Z"}
{"Counter":"cpu-usage-combined","Mean":0.04997987130114197,"UnitId":"Roche.C5800.UI","origin":"123","timestamp":"2026-09-23T04:52:16.926Z"}
{"Counter":"working-set-combined","Mean":773,"UnitId":"Roche.C5800.UI","origin":"123","timestamp":"2026-09-23T04:52:16.926Z"}
{"Counter":"cpu-usage-GPU","Mean":0,"UnitId":"Roche.C5800.UI","origin":"123","timestamp":"2026-09-23T04:52:46.938Z"}
{"Counter":"working-set-GPU","Mean":122,"UnitId":"Roche.C5800.UI","origin":"123","timestamp":"2026-09-23T04:52:46.938Z"}
{"Counter":"cpu-usage-Tab","Mean":0.03331971778598872,"UnitId":"Roche.C5800.UI","origin":"123","timestamp":"2026-09-23T04:52:46.938Z"}
{"Counter":"working-set-Tab","Mean":386,"UnitId":"Roche.C5800.UI","origin":"123","timestamp":"2026-09-23T04:52:46.938Z"}
{"Counter":"cpu-usage-Browser","Mean":0.0041649494580051315,"UnitId":"Roche.C5800.UI","origin":"123","timestamp":"2026-09-23T04:52:46.938Z"}
{"Counter":"working-set-Browser","Mean":192,"UnitId":"Roche.C5800.UI","origin":"123","timestamp":"2026-09-23T04:52:46.938Z"}
{"Counter":"cpu-usage-combined","Mean":0.041649622946857784,"UnitId":"Roche.C5800.UI","origin":"123","timestamp":"2026-09-23T04:52:46.938Z"}
{"Counter":"working-set-combined","Mean":773,"UnitId":"Roche.C5800.UI","origin":"123","timestamp":"2026-09-23T04:52:46.938Z"}
{"Counter":"cpu-usage-GPU","Mean":0.008330272235962359,"UnitId":"Roche.C5800.UI","origin":"123","timestamp":"2026-09-23T04:53:16.949Z"}
{"Counter":"working-set-GPU","Mean":122,"UnitId":"Roche.C5800.UI","origin":"123","timestamp":"2026-09-23T04:53:16.949Z"}
{"Counter":"cpu-usage-Tab","Mean":0.04165119463623246,"UnitId":"Roche.C5800.UI","origin":"123","timestamp":"2026-09-23T04:53:16.949Z"}
{"Counter":"working-set-Tab","Mean":387,"UnitId":"Roche.C5800.UI","origin":"123","timestamp":"2026-09-23T04:53:16.949Z"}
{"Counter":"cpu-usage-Browser","Mean":0.004165083934771454,"UnitId":"Roche.C5800.UI","origin":"123","timestamp":"2026-09-23T04:53:16.949Z"}
{"Counter":"working-set-Browser","Mean":192,"UnitId":"Roche.C5800.UI","origin":"123","timestamp":"2026-09-23T04:53:16.949Z"}
{"Counter":"cpu-usage-combined","Mean":0.05414655080696627,"UnitId":"Roche.C5800.UI","origin":"123","timestamp":"2026-09-23T04:53:16.949Z"}
{"Counter":"working-set-combined","Mean":774,"UnitId":"Roche.C5800.UI","origin":"123","timestamp":"2026-09-23T04:53:16.949Z"}
{"Counter":"cpu-usage-GPU","Mean":0,"UnitId":"Roche.C5800.UI","origin":"123","timestamp":"2026-09-23T04:53:46.959Z"}
{"Counter":"working-set-GPU","Mean":122,"UnitId":"Roche.C5800.UI","origin":"123","timestamp":"2026-09-23T04:53:46.959Z"}
{"Counter":"cpu-usage-Tab","Mean":0.03332226478771302,"UnitId":"Roche.C5800.UI","origin":"123","timestamp":"2026-09-23T04:53:46.959Z"}
{"Counter":"working-set-Tab","Mean":387,"UnitId":"Roche.C5800.UI","origin":"123","timestamp":"2026-09-23T04:53:46.959Z"}
{"Counter":"cpu-usage-Browser","Mean":0.008330653362146731,"UnitId":"Roche.C5800.UI","origin":"123","timestamp":"2026-09-23T04:53:46.959Z"}
{"Counter":"working-set-Browser","Mean":192,"UnitId":"Roche.C5800.UI","origin":"123","timestamp":"2026-09-23T04:53:46.959Z"}
{"Counter":"cpu-usage-combined","Mean":0.04165291814985975,"UnitId":"Roche.C5800.UI","origin":"123","timestamp":"2026-09-23T04:53:46.959Z"}
{"Counter":"working-set-combined","Mean":774,"UnitId":"Roche.C5800.UI","origin":"123","timestamp":"2026-09-23T04:53:46.959Z"}
{"Counter":"cpu-usage-GPU","Mean":0.008331856372926959,"UnitId":"Roche.C5800.UI","origin":"123","timestamp":"2026-09-23T04:54:16.964Z"}
{"Counter":"working-set-GPU","Mean":122,"UnitId":"Roche.C5800.UI","origin":"123","timestamp":"2026-09-23T04:54:16.964Z"}
{"Counter":"cpu-usage-Tab","Mean":0.04582534292103933,"UnitId":"Roche.C5800.UI","origin":"123","timestamp":"2026-09-23T04:54:16.964Z"}
{"Counter":"working-set-Tab","Mean":386,"UnitId":"Roche.C5800.UI","origin":"123","timestamp":"2026-09-23T04:54:16.964Z"}
{"Counter":"cpu-usage-Browser","Mean":0.008331883307908313,"UnitId":"Roche.C5800.UI","origin":"123","timestamp":"2026-09-23T04:54:16.964Z"}
{"Counter":"working-set-Browser","Mean":192,"UnitId":"Roche.C5800.UI","origin":"123","timestamp":"2026-09-23T04:54:16.964Z"}
{"Counter":"cpu-usage-combined","Mean":0.06248908260187461,"UnitId":"Roche.C5800.UI","origin":"123","timestamp":"2026-09-23T04:54:16.964Z"}
{"Counter":"working-set-combined","Mean":773,"UnitId":"Roche.C5800.UI","origin":"123","timestamp":"2026-09-23T04:54:16.964Z"}
{"Counter":"cpu-usage-GPU","Mean":0,"UnitId":"Roche.C5800.UI","origin":"123","timestamp":"2026-09-23T04:54:46.970Z"}
{"Counter":"working-set-GPU","Mean":122,"UnitId":"Roche.C5800.UI","origin":"123","timestamp":"2026-09-23T04:54:46.970Z"}
{"Counter":"cpu-usage-Tab","Mean":0.033326375896925255,"UnitId":"Roche.C5800.UI","origin":"123","timestamp":"2026-09-23T04:54:46.970Z"}
{"Counter":"working-set-Tab","Mean":386,"UnitId":"Roche.C5800.UI","origin":"123","timestamp":"2026-09-23T04:54:46.970Z"}
{"Counter":"cpu-usage-Browser","Mean":0.008331563153881906,"UnitId":"Roche.C5800.UI","origin":"123","timestamp":"2026-09-23T04:54:46.970Z"}
{"Counter":"working-set-Browser","Mean":192,"UnitId":"Roche.C5800.UI","origin":"123","timestamp":"2026-09-23T04:54:46.970Z"}
{"Counter":"cpu-usage-combined","Mean":0.04165793905080716,"UnitId":"Roche.C5800.UI","origin":"123","timestamp":"2026-09-23T04:54:46.970Z"}
{"Counter":"working-set-combined","Mean":773,"UnitId":"Roche.C5800.UI","origin":"123","timestamp":"2026-09-23T04:54:46.970Z"}
{"Counter":"cpu-usage-GPU","Mean":0.004166412793247132,"UnitId":"Roche.C5800.UI","origin":"123","timestamp":"2026-09-23T04:55:16.972Z"}
{"Counter":"working-set-GPU","Mean":122,"UnitId":"Roche.C5800.UI","origin":"123","timestamp":"2026-09-23T04:55:16.972Z"}
{"Counter":"cpu-usage-Tab","Mean":0.03749808759753252,"UnitId":"Roche.C5800.UI","origin":"123","timestamp":"2026-09-23T04:55:16.972Z"}
{"Counter":"working-set-Tab","Mean":387,"UnitId":"Roche.C5800.UI","origin":"123","timestamp":"2026-09-23T04:55:16.972Z"}
{"Counter":"cpu-usage-Browser","Mean":0,"UnitId":"Roche.C5800.UI","origin":"123","timestamp":"2026-09-23T04:55:16.972Z"}
{"Counter":"working-set-Browser","Mean":192,"UnitId":"Roche.C5800.UI","origin":"123","timestamp":"2026-09-23T04:55:16.972Z"}
{"Counter":"cpu-usage-combined","Mean":0.04166450039077965,"UnitId":"Roche.C5800.UI","origin":"123","timestamp":"2026-09-23T04:55:16.972Z"}
{"Counter":"working-set-combined","Mean":774,"UnitId":"Roche.C5800.UI","origin":"123","timestamp":"2026-09-23T04:55:16.972Z"}
{"Counter":"cpu-usage-GPU","Mean":0,"UnitId":"Roche.C5800.UI","origin":"123","timestamp":"2026-09-23T04:55:46.978Z"}
{"Counter":"working-set-GPU","Mean":122,"UnitId":"Roche.C5800.UI","origin":"123","timestamp":"2026-09-23T04:55:46.978Z"}
{"Counter":"cpu-usage-Tab","Mean":0.03332664689707755,"UnitId":"Roche.C5800.UI","origin":"123","timestamp":"2026-09-23T04:55:46.978Z"}
{"Counter":"working-set-Tab","Mean":387,"UnitId":"Roche.C5800.UI","origin":"123","timestamp":"2026-09-23T04:55:46.978Z"}
{"Counter":"cpu-usage-Browser","Mean":0.008331578702858512,"UnitId":"Roche.C5800.UI","origin":"123","timestamp":"2026-09-23T04:55:46.978Z"}
{"Counter":"working-set-Browser","Mean":192,"UnitId":"Roche.C5800.UI","origin":"123","timestamp":"2026-09-23T04:55:46.978Z"}
{"Counter":"cpu-usage-combined","Mean":0.041658225599936066,"UnitId":"Roche.C5800.UI","origin":"123","timestamp":"2026-09-23T04:55:46.978Z"}
{"Counter":"working-set-combined","Mean":774,"UnitId":"Roche.C5800.UI","origin":"123","timestamp":"2026-09-23T04:55:46.978Z"}
{"Counter":"cpu-usage-GPU","Mean":0.004165976780911748,"UnitId":"Roche.C5800.UI","origin":"123","timestamp":"2026-09-23T04:56:16.983Z"}
{"Counter":"working-set-GPU","Mean":122,"UnitId":"Roche.C5800.UI","origin":"123","timestamp":"2026-09-23T04:56:16.983Z"}
{"Counter":"cpu-usage-Tab","Mean":0.04165956093422332,"UnitId":"Roche.C5800.UI","origin":"123","timestamp":"2026-09-23T04:56:16.983Z"}
{"Counter":"working-set-Tab","Mean":386,"UnitId":"Roche.C5800.UI","origin":"123","timestamp":"2026-09-23T04:56:16.983Z"}
{"Counter":"cpu-usage-Browser","Mean":0.008331891082986868,"UnitId":"Roche.C5800.UI","origin":"123","timestamp":"2026-09-23T04:56:16.983Z"}
{"Counter":"working-set-Browser","Mean":192,"UnitId":"Roche.C5800.UI","origin":"123","timestamp":"2026-09-23T04:56:16.983Z"}
{"Counter":"cpu-usage-combined","Mean":0.05415742879812194,"UnitId":"Roche.C5800.UI","origin":"123","timestamp":"2026-09-23T04:56:16.983Z"}
{"Counter":"working-set-combined","Mean":773,"UnitId":"Roche.C5800.UI","origin":"123","timestamp":"2026-09-23T04:56:16.983Z"}
{"Counter":"cpu-usage-GPU","Mean":0,"UnitId":"Roche.C5800.UI","origin":"123","timestamp":"2026-09-23T04:56:46.987Z"}
{"Counter":"working-set-GPU","Mean":122,"UnitId":"Roche.C5800.UI","origin":"123","timestamp":"2026-09-23T04:56:46.987Z"}
{"Counter":"cpu-usage-Tab","Mean":0.03332844738294699,"UnitId":"Roche.C5800.UI","origin":"123","timestamp":"2026-09-23T04:56:46.987Z"}
{"Counter":"working-set-Tab","Mean":387,"UnitId":"Roche.C5800.UI","origin":"123","timestamp":"2026-09-23T04:56:46.987Z"}
{"Counter":"cpu-usage-Browser","Mean":0.00416605453438708,"UnitId":"Roche.C5800.UI","origin":"123","timestamp":"2026-09-23T04:56:46.987Z"}
{"Counter":"working-set-Browser","Mean":192,"UnitId":"Roche.C5800.UI","origin":"123","timestamp":"2026-09-23T04:56:46.987Z"}
{"Counter":"cpu-usage-combined","Mean":0.041660557007113554,"UnitId":"Roche.C5800.UI","origin":"123","timestamp":"2026-09-23T04:56:46.987Z"}
{"Counter":"working-set-combined","Mean":774,"UnitId":"Roche.C5800.UI","origin":"123","timestamp":"2026-09-23T04:56:46.987Z"}
{"Counter":"cpu-usage-GPU","Mean":0.004166244209503823,"UnitId":"Roche.C5800.UI","origin":"123","timestamp":"2026-09-23T04:57:16.991Z"}
{"Counter":"working-set-GPU","Mean":122,"UnitId":"Roche.C5800.UI","origin":"123","timestamp":"2026-09-23T04:57:16.991Z"}
{"Counter":"cpu-usage-Tab","Mean":0.037496057914444596,"UnitId":"Roche.C5800.UI","origin":"123","timestamp":"2026-09-23T04:57:16.991Z"}
{"Counter":"working-set-Tab","Mean":387,"UnitId":"Roche.C5800.UI","origin":"123","timestamp":"2026-09-23T04:57:16.991Z"}
{"Counter":"cpu-usage-Browser","Mean":0.008332417878355765,"UnitId":"Roche.C5800.UI","origin":"123","timestamp":"2026-09-23T04:57:16.991Z"}
{"Counter":"working-set-Browser","Mean":192,"UnitId":"Roche.C5800.UI","origin":"123","timestamp":"2026-09-23T04:57:16.991Z"}
{"Counter":"cpu-usage-combined","Mean":0.049994720002304184,"UnitId":"Roche.C5800.UI","origin":"123","timestamp":"2026-09-23T04:57:16.991Z"}
{"Counter":"working-set-combined","Mean":774,"UnitId":"Roche.C5800.UI","origin":"123","timestamp":"2026-09-23T04:57:16.991Z"}
{"Counter":"cpu-usage-GPU","Mean":0,"UnitId":"Roche.C5800.UI","origin":"123","timestamp":"2026-09-23T04:57:46.993Z"}
{"Counter":"working-set-GPU","Mean":122,"UnitId":"Roche.C5800.UI","origin":"123","timestamp":"2026-09-23T04:57:46.993Z"}
{"Counter":"cpu-usage-Tab","Mean":0.03333166563899586,"UnitId":"Roche.C5800.UI","origin":"123","timestamp":"2026-09-23T04:57:46.993Z"}
{"Counter":"working-set-Tab","Mean":387,"UnitId":"Roche.C5800.UI","origin":"123","timestamp":"2026-09-23T04:57:46.993Z"}
{"Counter":"cpu-usage-Browser","Mean":0.008333084174116528,"UnitId":"Roche.C5800.UI","origin":"123","timestamp":"2026-09-23T04:57:46.993Z"}
{"Counter":"working-set-Browser","Mean":192,"UnitId":"Roche.C5800.UI","origin":"123","timestamp":"2026-09-23T04:57:46.993Z"}
{"Counter":"cpu-usage-combined","Mean":0.041664749813112384,"UnitId":"Roche.C5800.UI","origin":"123","timestamp":"2026-09-23T04:57:46.993Z"}
{"Counter":"working-set-combined","Mean":774,"UnitId":"Roche.C5800.UI","origin":"123","timestamp":"2026-09-23T04:57:46.993Z"}
{"Counter":"cpu-usage-GPU","Mean":0.0041663882130544274,"UnitId":"Roche.C5800.UI","origin":"123","timestamp":"2026-09-23T04:58:16.994Z"}
{"Counter":"working-set-GPU","Mean":122,"UnitId":"Roche.C5800.UI","origin":"123","timestamp":"2026-09-23T04:58:16.994Z"}
{"Counter":"cpu-usage-Tab","Mean":0.041663715486819686,"UnitId":"Roche.C5800.UI","origin":"123","timestamp":"2026-09-23T04:58:16.994Z"}
{"Counter":"working-set-Tab","Mean":386,"UnitId":"Roche.C5800.UI","origin":"123","timestamp":"2026-09-23T04:58:16.994Z"}
{"Counter":"cpu-usage-Browser","Mean":0.004166329888334026,"UnitId":"Roche.C5800.UI","origin":"123","timestamp":"2026-09-23T04:58:16.994Z"}
{"Counter":"working-set-Browser","Mean":192,"UnitId":"Roche.C5800.UI","origin":"123","timestamp":"2026-09-23T04:58:16.994Z"}
{"Counter":"cpu-usage-combined","Mean":0.04999643358820814,"UnitId":"Roche.C5800.UI","origin":"123","timestamp":"2026-09-23T04:58:16.994Z"}
{"Counter":"working-set-combined","Mean":773,"UnitId":"Roche.C5800.UI","origin":"123","timestamp":"2026-09-23T04:58:16.994Z"}
{"Counter":"cpu-usage-GPU","Mean":0,"UnitId":"Roche.C5800.UI","origin":"123","timestamp":"2026-09-23T04:58:47.009Z"}
{"Counter":"working-set-GPU","Mean":122,"UnitId":"Roche.C5800.UI","origin":"123","timestamp":"2026-09-23T04:58:47.009Z"}
{"Counter":"cpu-usage-Tab","Mean":0.03331687146714142,"UnitId":"Roche.C5800.UI","origin":"123","timestamp":"2026-09-23T04:58:47.009Z"}
{"Counter":"working-set-Tab","Mean":387,"UnitId":"Roche.C5800.UI","origin":"123","timestamp":"2026-09-23T04:58:47.009Z"}
{"Counter":"cpu-usage-Browser","Mean":0.008329197609080505,"UnitId":"Roche.C5800.UI","origin":"123","timestamp":"2026-09-23T04:58:47.009Z"}
{"Counter":"working-set-Browser","Mean":192,"UnitId":"Roche.C5800.UI","origin":"123","timestamp":"2026-09-23T04:58:47.009Z"}
{"Counter":"cpu-usage-combined","Mean":0.041646069076221925,"UnitId":"Roche.C5800.UI","origin":"123","timestamp":"2026-09-23T04:58:47.009Z"}
{"Counter":"working-set-combined","Mean":774,"UnitId":"Roche.C5800.UI","origin":"123","timestamp":"2026-09-23T04:58:47.009Z"}
{"Counter":"cpu-usage-GPU","Mean":0.00416475948447341,"UnitId":"Roche.C5800.UI","origin":"123","timestamp":"2026-09-23T04:59:17.023Z"}
{"Counter":"working-set-GPU","Mean":122,"UnitId":"Roche.C5800.UI","origin":"123","timestamp":"2026-09-23T04:59:17.023Z"}
{"Counter":"cpu-usage-Tab","Mean":0.037482954001951715,"UnitId":"Roche.C5800.UI","origin":"123","timestamp":"2026-09-23T04:59:17.023Z"}
{"Counter":"working-set-Tab","Mean":387,"UnitId":"Roche.C5800.UI","origin":"123","timestamp":"2026-09-23T04:59:17.023Z"}
{"Counter":"cpu-usage-Browser","Mean":0.004164794869026031,"UnitId":"Roche.C5800.UI","origin":"123","timestamp":"2026-09-23T04:59:17.023Z"}
{"Counter":"working-set-Browser","Mean":192,"UnitId":"Roche.C5800.UI","origin":"123","timestamp":"2026-09-23T04:59:17.023Z"}
{"Counter":"cpu-usage-combined","Mean":0.045812508355451156,"UnitId":"Roche.C5800.UI","origin":"123","timestamp":"2026-09-23T04:59:17.023Z"}
{"Counter":"working-set-combined","Mean":774,"UnitId":"Roche.C5800.UI","origin":"123","timestamp":"2026-09-23T04:59:17.023Z"}
{"Counter":"cpu-usage-GPU","Mean":0,"UnitId":"Roche.C5800.UI","origin":"123","timestamp":"2026-09-23T04:59:47.035Z"}
{"Counter":"working-set-GPU","Mean":122,"UnitId":"Roche.C5800.UI","origin":"123","timestamp":"2026-09-23T04:59:47.035Z"}
{"Counter":"cpu-usage-Tab","Mean":0.03332025402295419,"UnitId":"Roche.C5800.UI","origin":"123","timestamp":"2026-09-23T04:59:47.035Z"}
{"Counter":"working-set-Tab","Mean":387,"UnitId":"Roche.C5800.UI","origin":"123","timestamp":"2026-09-23T04:59:47.035Z"}
{"Counter":"cpu-usage-Browser","Mean":0.004165027589475955,"UnitId":"Roche.C5800.UI","origin":"123","timestamp":"2026-09-23T04:59:47.035Z"}
{"Counter":"working-set-Browser","Mean":192,"UnitId":"Roche.C5800.UI","origin":"123","timestamp":"2026-09-23T04:59:47.035Z"}
{"Counter":"cpu-usage-combined","Mean":0.037485281612430144,"UnitId":"Roche.C5800.UI","origin":"123","timestamp":"2026-09-23T04:59:47.035Z"}
{"Counter":"working-set-combined","Mean":774,"UnitId":"Roche.C5800.UI","origin":"123","timestamp":"2026-09-23T04:59:47.035Z"}
{"Counter":"cpu-usage-GPU","Mean":0.008330452662802535,"UnitId":"Roche.C5800.UI","origin":"123","timestamp":"2026-09-23T05:00:17.045Z"}
{"Counter":"working-set-GPU","Mean":122,"UnitId":"Roche.C5800.UI","origin":"123","timestamp":"2026-09-23T05:00:17.045Z"}
{"Counter":"cpu-usage-Tab","Mean":0.04165235352958212,"UnitId":"Roche.C5800.UI","origin":"123","timestamp":"2026-09-23T05:00:17.045Z"}
{"Counter":"working-set-Tab","Mean":386,"UnitId":"Roche.C5800.UI","origin":"123","timestamp":"2026-09-23T05:00:17.045Z"}
{"Counter":"cpu-usage-Browser","Mean":0.008330449609360226,"UnitId":"Roche.C5800.UI","origin":"123","timestamp":"2026-09-23T05:00:17.045Z"}
{"Counter":"working-set-Browser","Mean":192,"UnitId":"Roche.C5800.UI","origin":"123","timestamp":"2026-09-23T05:00:17.045Z"}
{"Counter":"cpu-usage-combined","Mean":0.06247849198746416,"UnitId":"Roche.C5800.UI","origin":"123","timestamp":"2026-09-23T05:00:17.045Z"}
{"Counter":"working-set-combined","Mean":773,"UnitId":"Roche.C5800.UI","origin":"123","timestamp":"2026-09-23T05:00:17.045Z"}
{"Counter":"cpu-usage-GPU","Mean":0,"UnitId":"Roche.C5800.UI","origin":"123","timestamp":"2026-09-23T05:00:47.055Z"}
{"Counter":"working-set-GPU","Mean":122,"UnitId":"Roche.C5800.UI","origin":"123","timestamp":"2026-09-23T05:00:47.055Z"}
{"Counter":"cpu-usage-Tab","Mean":0.03332284108143816,"UnitId":"Roche.C5800.UI","origin":"123","timestamp":"2026-09-23T05:00:47.055Z"}
{"Counter":"working-set-Tab","Mean":386,"UnitId":"Roche.C5800.UI","origin":"123","timestamp":"2026-09-23T05:00:47.055Z"}
{"Counter":"cpu-usage-Browser","Mean":0.004165393028325039,"UnitId":"Roche.C5800.UI","origin":"123","timestamp":"2026-09-23T05:00:47.055Z"}
{"Counter":"working-set-Browser","Mean":192,"UnitId":"Roche.C5800.UI","origin":"123","timestamp":"2026-09-23T05:00:47.055Z"}
{"Counter":"cpu-usage-combined","Mean":0.04165359840585996,"UnitId":"Roche.C5800.UI","origin":"123","timestamp":"2026-09-23T05:00:47.055Z"}
{"Counter":"working-set-combined","Mean":773,"UnitId":"Roche.C5800.UI","origin":"123","timestamp":"2026-09-23T05:00:47.055Z"}
{"Counter":"cpu-usage-GPU","Mean":0.004165663852521903,"UnitId":"Roche.C5800.UI","origin":"123","timestamp":"2026-09-23T05:01:17.062Z"}
{"Counter":"working-set-GPU","Mean":122,"UnitId":"Roche.C5800.UI","origin":"123","timestamp":"2026-09-23T05:01:17.062Z"}
{"Counter":"cpu-usage-Tab","Mean":0.033325040952309704,"UnitId":"Roche.C5800.UI","origin":"123","timestamp":"2026-09-23T05:01:17.062Z"}
{"Counter":"working-set-Tab","Mean":387,"UnitId":"Roche.C5800.UI","origin":"123","timestamp":"2026-09-23T05:01:17.062Z"}
{"Counter":"cpu-usage-Browser","Mean":0.01249668921047184,"UnitId":"Roche.C5800.UI","origin":"123","timestamp":"2026-09-23T05:01:17.062Z"}
{"Counter":"working-set-Browser","Mean":192,"UnitId":"Roche.C5800.UI","origin":"123","timestamp":"2026-09-23T05:01:17.062Z"}
{"Counter":"cpu-usage-combined","Mean":0.049987394015303444,"UnitId":"Roche.C5800.UI","origin":"123","timestamp":"2026-09-23T05:01:17.062Z"}
{"Counter":"working-set-combined","Mean":774,"UnitId":"Roche.C5800.UI","origin":"123","timestamp":"2026-09-23T05:01:17.062Z"}
{"Counter":"cpu-usage-GPU","Mean":0,"UnitId":"Roche.C5800.UI","origin":"123","timestamp":"2026-09-23T05:01:47.069Z"}
{"Counter":"working-set-GPU","Mean":122,"UnitId":"Roche.C5800.UI","origin":"123","timestamp":"2026-09-23T05:01:47.069Z"}
{"Counter":"cpu-usage-Tab","Mean":0.033325591798358575,"UnitId":"Roche.C5800.UI","origin":"123","timestamp":"2026-09-23T05:01:47.069Z"}
{"Counter":"working-set-Tab","Mean":387,"UnitId":"Roche.C5800.UI","origin":"123","timestamp":"2026-09-23T05:01:47.069Z"}
{"Counter":"cpu-usage-Browser","Mean":0.004165698280673019,"UnitId":"Roche.C5800.UI","origin":"123","timestamp":"2026-09-23T05:01:47.069Z"}
{"Counter":"working-set-Browser","Mean":192,"UnitId":"Roche.C5800.UI","origin":"123","timestamp":"2026-09-23T05:01:47.069Z"}
{"Counter":"cpu-usage-combined","Mean":0.0374912900790316,"UnitId":"Roche.C5800.UI","origin":"123","timestamp":"2026-09-23T05:01:47.069Z"}
{"Counter":"working-set-combined","Mean":774,"UnitId":"Roche.C5800.UI","origin":"123","timestamp":"2026-09-23T05:01:47.069Z"}
{"Counter":"cpu-usage-GPU","Mean":0.004166046620061381,"UnitId":"Roche.C5800.UI","origin":"123","timestamp":"2026-09-23T05:02:17.073Z"}
{"Counter":"working-set-GPU","Mean":122,"UnitId":"Roche.C5800.UI","origin":"123","timestamp":"2026-09-23T05:02:17.073Z"}
{"Counter":"cpu-usage-Tab","Mean":0.041660638372294195,"UnitId":"Roche.C5800.UI","origin":"123","timestamp":"2026-09-23T05:02:17.073Z"}
{"Counter":"working-set-Tab","Mean":387,"UnitId":"Roche.C5800.UI","origin":"123","timestamp":"2026-09-23T05:02:17.073Z"}
{"Counter":"cpu-usage-Browser","Mean":0.008332201820326133,"UnitId":"Roche.C5800.UI","origin":"123","timestamp":"2026-09-23T05:02:17.073Z"}
{"Counter":"working-set-Browser","Mean":192,"UnitId":"Roche.C5800.UI","origin":"123","timestamp":"2026-09-23T05:02:17.073Z"}
{"Counter":"cpu-usage-combined","Mean":0.05415888681268171,"UnitId":"Roche.C5800.UI","origin":"123","timestamp":"2026-09-23T05:02:17.073Z"}
{"Counter":"working-set-combined","Mean":774,"UnitId":"Roche.C5800.UI","origin":"123","timestamp":"2026-09-23T05:02:17.073Z"}
{"Counter":"cpu-usage-GPU","Mean":0,"UnitId":"Roche.C5800.UI","origin":"123","timestamp":"2026-09-23T05:02:47.079Z"}
{"Counter":"working-set-GPU","Mean":122,"UnitId":"Roche.C5800.UI","origin":"123","timestamp":"2026-09-23T05:02:47.079Z"}
{"Counter":"cpu-usage-Tab","Mean":0.03332708450498865,"UnitId":"Roche.C5800.UI","origin":"123","timestamp":"2026-09-23T05:02:47.079Z"}
{"Counter":"working-set-Tab","Mean":386,"UnitId":"Roche.C5800.UI","origin":"123","timestamp":"2026-09-23T05:02:47.079Z"}
{"Counter":"cpu-usage-Browser","Mean":0,"UnitId":"Roche.C5800.UI","origin":"123","timestamp":"2026-09-23T05:02:47.079Z"}
{"Counter":"working-set-Browser","Mean":192,"UnitId":"Roche.C5800.UI","origin":"123","timestamp":"2026-09-23T05:02:47.079Z"}
{"Counter":"cpu-usage-combined","Mean":0.03332708450498865,"UnitId":"Roche.C5800.UI","origin":"123","timestamp":"2026-09-23T05:02:47.079Z"}
{"Counter":"working-set-combined","Mean":773,"UnitId":"Roche.C5800.UI","origin":"123","timestamp":"2026-09-23T05:02:47.079Z"}
{"Counter":"cpu-usage-GPU","Mean":0.004166277536344772,"UnitId":"Roche.C5800.UI","origin":"123","timestamp":"2026-09-23T05:03:17.081Z"}
{"Counter":"working-set-GPU","Mean":122,"UnitId":"Roche.C5800.UI","origin":"123","timestamp":"2026-09-23T05:03:17.081Z"}
{"Counter":"cpu-usage-Tab","Mean":0.037496555316451595,"UnitId":"Roche.C5800.UI","origin":"123","timestamp":"2026-09-23T05:03:17.081Z"}
{"Counter":"working-set-Tab","Mean":387,"UnitId":"Roche.C5800.UI","origin":"123","timestamp":"2026-09-23T05:03:17.081Z"}
{"Counter":"cpu-usage-Browser","Mean":0.008332549795900859,"UnitId":"Roche.C5800.UI","origin":"123","timestamp":"2026-09-23T05:03:17.081Z"}
{"Counter":"working-set-Browser","Mean":192,"UnitId":"Roche.C5800.UI","origin":"123","timestamp":"2026-09-23T05:03:17.081Z"}
{"Counter":"cpu-usage-combined","Mean":0.049995382648697226,"UnitId":"Roche.C5800.UI","origin":"123","timestamp":"2026-09-23T05:03:17.081Z"}
{"Counter":"working-set-combined","Mean":774,"UnitId":"Roche.C5800.UI","origin":"123","timestamp":"2026-09-23T05:03:17.081Z"}
{"Counter":"cpu-usage-GPU","Mean":0,"UnitId":"Roche.C5800.UI","origin":"123","timestamp":"2026-09-23T05:03:47.084Z"}
{"Counter":"working-set-GPU","Mean":122,"UnitId":"Roche.C5800.UI","origin":"123","timestamp":"2026-09-23T05:03:47.084Z"}
{"Counter":"cpu-usage-Tab","Mean":0.0333302402870347,"UnitId":"Roche.C5800.UI","origin":"123","timestamp":"2026-09-23T05:03:47.084Z"}
{"Counter":"working-set-Tab","Mean":387,"UnitId":"Roche.C5800.UI","origin":"123","timestamp":"2026-09-23T05:03:47.084Z"}
{"Counter":"cpu-usage-Browser","Mean":0.00833258617810603,"UnitId":"Roche.C5800.UI","origin":"123","timestamp":"2026-09-23T05:03:47.084Z"}
{"Counter":"working-set-Browser","Mean":192,"UnitId":"Roche.C5800.UI","origin":"123","timestamp":"2026-09-23T05:03:47.084Z"}
{"Counter":"cpu-usage-combined","Mean":0.04166282646514073,"UnitId":"Roche.C5800.UI","origin":"123","timestamp":"2026-09-23T05:03:47.084Z"}
{"Counter":"working-set-combined","Mean":774,"UnitId":"Roche.C5800.UI","origin":"123","timestamp":"2026-09-23T05:03:47.084Z"}
{"Counter":"cpu-usage-GPU","Mean":0.00833286974801302,"UnitId":"Roche.C5800.UI","origin":"123","timestamp":"2026-09-23T05:04:17.086Z"}
{"Counter":"working-set-GPU","Mean":122,"UnitId":"Roche.C5800.UI","origin":"123","timestamp":"2026-09-23T05:04:17.086Z"}
{"Counter":"cpu-usage-Tab","Mean":0.045831063168004414,"UnitId":"Roche.C5800.UI","origin":"123","timestamp":"2026-09-23T05:04:17.086Z"}
{"Counter":"working-set-Tab","Mean":387,"UnitId":"Roche.C5800.UI","origin":"123","timestamp":"2026-09-23T05:04:17.086Z"}
{"Counter":"cpu-usage-Browser","Mean":0.008332961960995271,"UnitId":"Roche.C5800.UI","origin":"123","timestamp":"2026-09-23T05:04:17.086Z"}
{"Counter":"working-set-Browser","Mean":192,"UnitId":"Roche.C5800.UI","origin":"123","timestamp":"2026-09-23T05:04:17.086Z"}
{"Counter":"cpu-usage-combined","Mean":0.0624968948770127,"UnitId":"Roche.C5800.UI","origin":"123","timestamp":"2026-09-23T05:04:17.086Z"}
{"Counter":"working-set-combined","Mean":774,"UnitId":"Roche.C5800.UI","origin":"123","timestamp":"2026-09-23T05:04:17.086Z"}
{"Counter":"cpu-usage-GPU","Mean":0,"UnitId":"Roche.C5800.UI","origin":"123","timestamp":"2026-09-23T05:04:47.087Z"}
{"Counter":"working-set-GPU","Mean":122,"UnitId":"Roche.C5800.UI","origin":"123","timestamp":"2026-09-23T05:04:47.087Z"}
{"Counter":"cpu-usage-Tab","Mean":0.03749892253095928,"UnitId":"Roche.C5800.UI","origin":"123","timestamp":"2026-09-23T05:04:47.087Z"}
{"Counter":"working-set-Tab","Mean":386,"UnitId":"Roche.C5800.UI","origin":"123","timestamp":"2026-09-23T05:04:47.087Z"}
{"Counter":"cpu-usage-Browser","Mean":0.008333096951149819,"UnitId":"Roche.C5800.UI","origin":"123","timestamp":"2026-09-23T05:04:47.087Z"}
{"Counter":"working-set-Browser","Mean":192,"UnitId":"Roche.C5800.UI","origin":"123","timestamp":"2026-09-23T05:04:47.087Z"}
{"Counter":"cpu-usage-combined","Mean":0.0458320194821091,"UnitId":"Roche.C5800.UI","origin":"123","timestamp":"2026-09-23T05:04:47.087Z"}
{"Counter":"working-set-combined","Mean":773,"UnitId":"Roche.C5800.UI","origin":"123","timestamp":"2026-09-23T05:04:47.087Z"}
{"Counter":"cpu-usage-GPU","Mean":0.008329564205530332,"UnitId":"Roche.C5800.UI","origin":"123","timestamp":"2026-09-23T05:05:17.100Z"}
{"Counter":"working-set-GPU","Mean":122,"UnitId":"Roche.C5800.UI","origin":"123","timestamp":"2026-09-23T05:05:17.100Z"}
{"Counter":"cpu-usage-Tab","Mean":0.041647751646127384,"UnitId":"Roche.C5800.UI","origin":"123","timestamp":"2026-09-23T05:05:17.100Z"}
{"Counter":"working-set-Tab","Mean":387,"UnitId":"Roche.C5800.UI","origin":"123","timestamp":"2026-09-23T05:05:17.100Z"}
{"Counter":"cpu-usage-Browser","Mean":0.004164749632410868,"UnitId":"Roche.C5800.UI","origin":"123","timestamp":"2026-09-23T05:05:17.100Z"}
{"Counter":"working-set-Browser","Mean":192,"UnitId":"Roche.C5800.UI","origin":"123","timestamp":"2026-09-23T05:05:17.100Z"}
{"Counter":"cpu-usage-combined","Mean":0.05830682566235097,"UnitId":"Roche.C5800.UI","origin":"123","timestamp":"2026-09-23T05:05:17.100Z"}
{"Counter":"working-set-combined","Mean":774,"UnitId":"Roche.C5800.UI","origin":"123","timestamp":"2026-09-23T05:05:17.100Z"}
{"Counter":"cpu-usage-GPU","Mean":0,"UnitId":"Roche.C5800.UI","origin":"123","timestamp":"2026-09-23T05:05:47.103Z"}
{"Counter":"working-set-GPU","Mean":122,"UnitId":"Roche.C5800.UI","origin":"123","timestamp":"2026-09-23T05:05:47.103Z"}
{"Counter":"cpu-usage-Tab","Mean":0.033330054766946095,"UnitId":"Roche.C5800.UI","origin":"123","timestamp":"2026-09-23T05:05:47.103Z"}
{"Counter":"working-set-Tab","Mean":387,"UnitId":"Roche.C5800.UI","origin":"123","timestamp":"2026-09-23T05:05:47.103Z"}
{"Counter":"cpu-usage-Browser","Mean":0.008332576179911119,"UnitId":"Roche.C5800.UI","origin":"123","timestamp":"2026-09-23T05:05:47.103Z"}
{"Counter":"working-set-Browser","Mean":192,"UnitId":"Roche.C5800.UI","origin":"123","timestamp":"2026-09-23T05:05:47.103Z"}
{"Counter":"cpu-usage-combined","Mean":0.04166263094685721,"UnitId":"Roche.C5800.UI","origin":"123","timestamp":"2026-09-23T05:05:47.103Z"}
{"Counter":"working-set-combined","Mean":774,"UnitId":"Roche.C5800.UI","origin":"123","timestamp":"2026-09-23T05:05:47.103Z"}
{"Counter":"cpu-usage-GPU","Mean":0,"UnitId":"Roche.C5800.UI","origin":"123","timestamp":"2026-09-23T05:06:17.106Z"}
{"Counter":"working-set-GPU","Mean":122,"UnitId":"Roche.C5800.UI","origin":"123","timestamp":"2026-09-23T05:06:17.106Z"}
{"Counter":"cpu-usage-Tab","Mean":0.03749600667528908,"UnitId":"Roche.C5800.UI","origin":"123","timestamp":"2026-09-23T05:06:17.106Z"}
{"Counter":"working-set-Tab","Mean":387,"UnitId":"Roche.C5800.UI","origin":"123","timestamp":"2026-09-23T05:06:17.106Z"}
{"Counter":"cpu-usage-Browser","Mean":0.004166217964991837,"UnitId":"Roche.C5800.UI","origin":"123","timestamp":"2026-09-23T05:06:17.106Z"}
{"Counter":"working-set-Browser","Mean":192,"UnitId":"Roche.C5800.UI","origin":"123","timestamp":"2026-09-23T05:06:17.106Z"}
{"Counter":"cpu-usage-combined","Mean":0.041662224640280916,"UnitId":"Roche.C5800.UI","origin":"123","timestamp":"2026-09-23T05:06:17.106Z"}
{"Counter":"working-set-combined","Mean":774,"UnitId":"Roche.C5800.UI","origin":"123","timestamp":"2026-09-23T05:06:17.106Z"}
{"Counter":"cpu-usage-GPU","Mean":0,"UnitId":"Roche.C5800.UI","origin":"123","timestamp":"2026-09-23T05:06:47.108Z"}
{"Counter":"working-set-GPU","Mean":122,"UnitId":"Roche.C5800.UI","origin":"123","timestamp":"2026-09-23T05:06:47.108Z"}
{"Counter":"cpu-usage-Tab","Mean":0.03749777888156425,"UnitId":"Roche.C5800.UI","origin":"123","timestamp":"2026-09-23T05:06:47.108Z"}
{"Counter":"working-set-Tab","Mean":387,"UnitId":"Roche.C5800.UI","origin":"123","timestamp":"2026-09-23T05:06:47.108Z"}
{"Counter":"cpu-usage-Browser","Mean":0.008332813088036203,"UnitId":"Roche.C5800.UI","origin":"123","timestamp":"2026-09-23T05:06:47.108Z"}
{"Counter":"working-set-Browser","Mean":192,"UnitId":"Roche.C5800.UI","origin":"123","timestamp":"2026-09-23T05:06:47.108Z"}
{"Counter":"cpu-usage-combined","Mean":0.04999700476284758,"UnitId":"Roche.C5800.UI","origin":"123","timestamp":"2026-09-23T05:06:47.108Z"}
{"Counter":"working-set-combined","Mean":774,"UnitId":"Roche.C5800.UI","origin":"123","timestamp":"2026-09-23T05:06:47.108Z"}
{"Counter":"cpu-usage-GPU","Mean":0.008332795590257909,"UnitId":"Roche.C5800.UI","origin":"123","timestamp":"2026-09-23T05:07:17.110Z"}
{"Counter":"working-set-GPU","Mean":122,"UnitId":"Roche.C5800.UI","origin":"123","timestamp":"2026-09-23T05:07:17.110Z"}
{"Counter":"cpu-usage-Tab","Mean":0.04166408349349007,"UnitId":"Roche.C5800.UI","origin":"123","timestamp":"2026-09-23T05:07:17.110Z"}
{"Counter":"working-set-Tab","Mean":386,"UnitId":"Roche.C5800.UI","origin":"123","timestamp":"2026-09-23T05:07:17.110Z"}
{"Counter":"cpu-usage-Browser","Mean":0.008332832807842675,"UnitId":"Roche.C5800.UI","origin":"123","timestamp":"2026-09-23T05:07:17.110Z"}
{"Counter":"working-set-Browser","Mean":192,"UnitId":"Roche.C5800.UI","origin":"123","timestamp":"2026-09-23T05:07:17.110Z"}
{"Counter":"cpu-usage-combined","Mean":0.058329711891590655,"UnitId":"Roche.C5800.UI","origin":"123","timestamp":"2026-09-23T05:07:17.110Z"}
{"Counter":"working-set-combined","Mean":773,"UnitId":"Roche.C5800.UI","origin":"123","timestamp":"2026-09-23T05:07:17.110Z"}
{"Counter":"cpu-usage-GPU","Mean":0,"UnitId":"Roche.C5800.UI","origin":"123","timestamp":"2026-09-23T05:07:47.119Z"}
{"Counter":"working-set-GPU","Mean":122,"UnitId":"Roche.C5800.UI","origin":"123","timestamp":"2026-09-23T05:07:47.119Z"}
{"Counter":"cpu-usage-Tab","Mean":0.03748919811238389,"UnitId":"Roche.C5800.UI","origin":"123","timestamp":"2026-09-23T05:07:47.119Z"}
{"Counter":"working-set-Tab","Mean":387,"UnitId":"Roche.C5800.UI","origin":"123","timestamp":"2026-09-23T05:07:47.119Z"}
{"Counter":"cpu-usage-Browser","Mean":0.00833092069869899,"UnitId":"Roche.C5800.UI","origin":"123","timestamp":"2026-09-23T05:07:47.119Z"}
{"Counter":"working-set-Browser","Mean":192,"UnitId":"Roche.C5800.UI","origin":"123","timestamp":"2026-09-23T05:07:47.119Z"}
{"Counter":"cpu-usage-combined","Mean":0.045820118811082874,"UnitId":"Roche.C5800.UI","origin":"123","timestamp":"2026-09-23T05:07:47.119Z"}
{"Counter":"working-set-combined","Mean":774,"UnitId":"Roche.C5800.UI","origin":"123","timestamp":"2026-09-23T05:07:47.119Z"}
{"Counter":"cpu-usage-GPU","Mean":0.004165587640614826,"UnitId":"Roche.C5800.UI","origin":"123","timestamp":"2026-09-23T05:08:17.126Z"}
{"Counter":"working-set-GPU","Mean":122,"UnitId":"Roche.C5800.UI","origin":"123","timestamp":"2026-09-23T05:08:17.126Z"}
{"Counter":"cpu-usage-Tab","Mean":0.03332484216355006,"UnitId":"Roche.C5800.UI","origin":"123","timestamp":"2026-09-23T05:08:17.126Z"}
{"Counter":"working-set-Tab","Mean":387,"UnitId":"Roche.C5800.UI","origin":"123","timestamp":"2026-09-23T05:08:17.126Z"}
{"Counter":"cpu-usage-Browser","Mean":0.008331226366185326,"UnitId":"Roche.C5800.UI","origin":"123","timestamp":"2026-09-23T05:08:17.126Z"}
{"Counter":"working-set-Browser","Mean":192,"UnitId":"Roche.C5800.UI","origin":"123","timestamp":"2026-09-23T05:08:17.126Z"}
{"Counter":"cpu-usage-combined","Mean":0.049987262134884775,"UnitId":"Roche.C5800.UI","origin":"123","timestamp":"2026-09-23T05:08:17.126Z"}
{"Counter":"working-set-combined","Mean":774,"UnitId":"Roche.C5800.UI","origin":"123","timestamp":"2026-09-23T05:08:17.126Z"}
{"Counter":"cpu-usage-GPU","Mean":0,"UnitId":"Roche.C5800.UI","origin":"123","timestamp":"2026-09-23T05:08:47.134Z"}
{"Counter":"working-set-GPU","Mean":122,"UnitId":"Roche.C5800.UI","origin":"123","timestamp":"2026-09-23T05:08:47.134Z"}
{"Counter":"cpu-usage-Tab","Mean":0.03749124454469066,"UnitId":"Roche.C5800.UI","origin":"123","timestamp":"2026-09-23T05:08:47.134Z"}
{"Counter":"working-set-Tab","Mean":387,"UnitId":"Roche.C5800.UI","origin":"123","timestamp":"2026-09-23T05:08:47.134Z"}
{"Counter":"cpu-usage-Browser","Mean":0.00833145819980783,"UnitId":"Roche.C5800.UI","origin":"123","timestamp":"2026-09-23T05:08:47.134Z"}
{"Counter":"working-set-Browser","Mean":192,"UnitId":"Roche.C5800.UI","origin":"123","timestamp":"2026-09-23T05:08:47.134Z"}
{"Counter":"cpu-usage-combined","Mean":0.04582270274449849,"UnitId":"Roche.C5800.UI","origin":"123","timestamp":"2026-09-23T05:08:47.134Z"}
{"Counter":"working-set-combined","Mean":774,"UnitId":"Roche.C5800.UI","origin":"123","timestamp":"2026-09-23T05:08:47.134Z"}
{"Counter":"cpu-usage-GPU","Mean":0.008331713925869942,"UnitId":"Roche.C5800.UI","origin":"123","timestamp":"2026-09-23T05:09:17.139Z"}
{"Counter":"working-set-GPU","Mean":122,"UnitId":"Roche.C5800.UI","origin":"123","timestamp":"2026-09-23T05:09:17.139Z"}
{"Counter":"cpu-usage-Tab","Mean":0.041658275301411786,"UnitId":"Roche.C5800.UI","origin":"123","timestamp":"2026-09-23T05:09:17.139Z"}
{"Counter":"working-set-Tab","Mean":387,"UnitId":"Roche.C5800.UI","origin":"123","timestamp":"2026-09-23T05:09:17.139Z"}
{"Counter":"cpu-usage-Browser","Mean":0.004165800596722608,"UnitId":"Roche.C5800.UI","origin":"123","timestamp":"2026-09-23T05:09:17.139Z"}
{"Counter":"working-set-Browser","Mean":192,"UnitId":"Roche.C5800.UI","origin":"123","timestamp":"2026-09-23T05:09:17.139Z"}
{"Counter":"cpu-usage-combined","Mean":0.05415578982400433,"UnitId":"Roche.C5800.UI","origin":"123","timestamp":"2026-09-23T05:09:17.139Z"}
{"Counter":"working-set-combined","Mean":774,"UnitId":"Roche.C5800.UI","origin":"123","timestamp":"2026-09-23T05:09:17.139Z"}
{"Counter":"cpu-usage-GPU","Mean":0,"UnitId":"Roche.C5800.UI","origin":"123","timestamp":"2026-09-23T05:09:47.145Z"}
{"Counter":"working-set-GPU","Mean":122,"UnitId":"Roche.C5800.UI","origin":"123","timestamp":"2026-09-23T05:09:47.145Z"}
{"Counter":"cpu-usage-Tab","Mean":0.033327462145418714,"UnitId":"Roche.C5800.UI","origin":"123","timestamp":"2026-09-23T05:09:47.145Z"}
{"Counter":"working-set-Tab","Mean":387,"UnitId":"Roche.C5800.UI","origin":"123","timestamp":"2026-09-23T05:09:47.145Z"}
{"Counter":"cpu-usage-Browser","Mean":0.008331851374702152,"UnitId":"Roche.C5800.UI","origin":"123","timestamp":"2026-09-23T05:09:47.145Z"}
{"Counter":"working-set-Browser","Mean":192,"UnitId":"Roche.C5800.UI","origin":"123","timestamp":"2026-09-23T05:09:47.145Z"}
{"Counter":"cpu-usage-combined","Mean":0.041659313520120866,"UnitId":"Roche.C5800.UI","origin":"123","timestamp":"2026-09-23T05:09:47.145Z"}
{"Counter":"working-set-combined","Mean":774,"UnitId":"Roche.C5800.UI","origin":"123","timestamp":"2026-09-23T05:09:47.145Z"}
{"Counter":"cpu-usage-GPU","Mean":0.008333125282972103,"UnitId":"Roche.C5800.UI","origin":"123","timestamp":"2026-09-23T05:10:17.146Z"}
{"Counter":"working-set-GPU","Mean":122,"UnitId":"Roche.C5800.UI","origin":"123","timestamp":"2026-09-23T05:10:17.146Z"}
{"Counter":"cpu-usage-Tab","Mean":0.04166581807283858,"UnitId":"Roche.C5800.UI","origin":"123","timestamp":"2026-09-23T05:10:17.146Z"}
{"Counter":"working-set-Tab","Mean":387,"UnitId":"Roche.C5800.UI","origin":"123","timestamp":"2026-09-23T05:10:17.146Z"}
{"Counter":"cpu-usage-Browser","Mean":0.0041666136117866764,"UnitId":"Roche.C5800.UI","origin":"123","timestamp":"2026-09-23T05:10:17.146Z"}
{"Counter":"working-set-Browser","Mean":192,"UnitId":"Roche.C5800.UI","origin":"123","timestamp":"2026-09-23T05:10:17.146Z"}
{"Counter":"cpu-usage-combined","Mean":0.05416555696759736,"UnitId":"Roche.C5800.UI","origin":"123","timestamp":"2026-09-23T05:10:17.146Z"}
{"Counter":"working-set-combined","Mean":774,"UnitId":"Roche.C5800.UI","origin":"123","timestamp":"2026-09-23T05:10:17.146Z"}
{"Counter":"cpu-usage-GPU","Mean":0,"UnitId":"Roche.C5800.UI","origin":"123","timestamp":"2026-09-23T05:10:47.147Z"}
{"Counter":"working-set-GPU","Mean":122,"UnitId":"Roche.C5800.UI","origin":"123","timestamp":"2026-09-23T05:10:47.147Z"}
{"Counter":"cpu-usage-Tab","Mean":0.03749768889244126,"UnitId":"Roche.C5800.UI","origin":"123","timestamp":"2026-09-23T05:10:47.147Z"}
{"Counter":"working-set-Tab","Mean":387,"UnitId":"Roche.C5800.UI","origin":"123","timestamp":"2026-09-23T05:10:47.147Z"}
{"Counter":"cpu-usage-Browser","Mean":0.008332832252353891,"UnitId":"Roche.C5800.UI","origin":"123","timestamp":"2026-09-23T05:10:47.147Z"}
{"Counter":"working-set-Browser","Mean":192,"UnitId":"Roche.C5800.UI","origin":"123","timestamp":"2026-09-23T05:10:47.147Z"}
{"Counter":"cpu-usage-combined","Mean":0.045830521144795154,"UnitId":"Roche.C5800.UI","origin":"123","timestamp":"2026-09-23T05:10:47.147Z"}
{"Counter":"working-set-combined","Mean":774,"UnitId":"Roche.C5800.UI","origin":"123","timestamp":"2026-09-23T05:10:47.147Z"}
{"Counter":"cpu-usage-GPU","Mean":0.004166487646580785,"UnitId":"Roche.C5800.UI","origin":"123","timestamp":"2026-09-23T05:11:17.149Z"}
{"Counter":"working-set-GPU","Mean":122,"UnitId":"Roche.C5800.UI","origin":"123","timestamp":"2026-09-23T05:11:17.149Z"}
{"Counter":"cpu-usage-Tab","Mean":0.03333184339993336,"UnitId":"Roche.C5800.UI","origin":"123","timestamp":"2026-09-23T05:11:17.149Z"}
{"Counter":"working-set-Tab","Mean":386,"UnitId":"Roche.C5800.UI","origin":"123","timestamp":"2026-09-23T05:11:17.149Z"}
{"Counter":"cpu-usage-Browser","Mean":0.004166453760879486,"UnitId":"Roche.C5800.UI","origin":"123","timestamp":"2026-09-23T05:11:17.149Z"}
{"Counter":"working-set-Browser","Mean":192,"UnitId":"Roche.C5800.UI","origin":"123","timestamp":"2026-09-23T05:11:17.149Z"}
{"Counter":"cpu-usage-combined","Mean":0.045831250789282164,"UnitId":"Roche.C5800.UI","origin":"123","timestamp":"2026-09-23T05:11:17.149Z"}
{"Counter":"working-set-combined","Mean":773,"UnitId":"Roche.C5800.UI","origin":"123","timestamp":"2026-09-23T05:11:17.149Z"}
{"Counter":"cpu-usage-GPU","Mean":0,"UnitId":"Roche.C5800.UI","origin":"123","timestamp":"2026-09-23T05:11:47.150Z"}
{"Counter":"working-set-GPU","Mean":122,"UnitId":"Roche.C5800.UI","origin":"123","timestamp":"2026-09-23T05:11:47.150Z"}
{"Counter":"cpu-usage-Tab","Mean":0.033331618977063944,"UnitId":"Roche.C5800.UI","origin":"123","timestamp":"2026-09-23T05:11:47.150Z"}
{"Counter":"working-set-Tab","Mean":387,"UnitId":"Roche.C5800.UI","origin":"123","timestamp":"2026-09-23T05:11:47.150Z"}
{"Counter":"cpu-usage-Browser","Mean":0.0041664389013400605,"UnitId":"Roche.C5800.UI","origin":"123","timestamp":"2026-09-23T05:11:47.150Z"}
{"Counter":"working-set-Browser","Mean":192,"UnitId":"Roche.C5800.UI","origin":"123","timestamp":"2026-09-23T05:11:47.150Z"}
{"Counter":"cpu-usage-combined","Mean":0.037498057878404004,"UnitId":"Roche.C5800.UI","origin":"123","timestamp":"2026-09-23T05:11:47.150Z"}
{"Counter":"working-set-combined","Mean":774,"UnitId":"Roche.C5800.UI","origin":"123","timestamp":"2026-09-23T05:11:47.150Z"}
{"Counter":"cpu-usage-GPU","Mean":0.0041646996790082715,"UnitId":"Roche.C5800.UI","origin":"123","timestamp":"2026-09-23T05:12:17.164Z"}
{"Counter":"working-set-GPU","Mean":122,"UnitId":"Roche.C5800.UI","origin":"123","timestamp":"2026-09-23T05:12:17.164Z"}
{"Counter":"cpu-usage-Tab","Mean":0.04164701482860288,"UnitId":"Roche.C5800.UI","origin":"123","timestamp":"2026-09-23T05:12:17.164Z"}
{"Counter":"working-set-Tab","Mean":387,"UnitId":"Roche.C5800.UI","origin":"123","timestamp":"2026-09-23T05:12:17.164Z"}
{"Counter":"cpu-usage-Browser","Mean":0.004164711750970761,"UnitId":"Roche.C5800.UI","origin":"123","timestamp":"2026-09-23T05:12:17.164Z"}
{"Counter":"working-set-Browser","Mean":192,"UnitId":"Roche.C5800.UI","origin":"123","timestamp":"2026-09-23T05:12:17.164Z"}
{"Counter":"cpu-usage-combined","Mean":0.04997642625858191,"UnitId":"Roche.C5800.UI","origin":"123","timestamp":"2026-09-23T05:12:17.164Z"}
{"Counter":"working-set-combined","Mean":774,"UnitId":"Roche.C5800.UI","origin":"123","timestamp":"2026-09-23T05:12:17.164Z"}
{"Counter":"cpu-usage-GPU","Mean":0,"UnitId":"Roche.C5800.UI","origin":"123","timestamp":"2026-09-23T05:12:47.176Z"}
{"Counter":"working-set-GPU","Mean":122,"UnitId":"Roche.C5800.UI","origin":"123","timestamp":"2026-09-23T05:12:47.176Z"}
{"Counter":"cpu-usage-Tab","Mean":0.029154931806614503,"UnitId":"Roche.C5800.UI","origin":"123","timestamp":"2026-09-23T05:12:47.176Z"}
{"Counter":"working-set-Tab","Mean":387,"UnitId":"Roche.C5800.UI","origin":"123","timestamp":"2026-09-23T05:12:47.176Z"}
{"Counter":"cpu-usage-Browser","Mean":0.008329954703705511,"UnitId":"Roche.C5800.UI","origin":"123","timestamp":"2026-09-23T05:12:47.176Z"}
{"Counter":"working-set-Browser","Mean":192,"UnitId":"Roche.C5800.UI","origin":"123","timestamp":"2026-09-23T05:12:47.176Z"}
{"Counter":"cpu-usage-combined","Mean":0.03748488651032002,"UnitId":"Roche.C5800.UI","origin":"123","timestamp":"2026-09-23T05:12:47.176Z"}
{"Counter":"working-set-combined","Mean":774,"UnitId":"Roche.C5800.UI","origin":"123","timestamp":"2026-09-23T05:12:47.176Z"}
{"Counter":"cpu-usage-GPU","Mean":0.004164966249779091,"UnitId":"Roche.C5800.UI","origin":"123","timestamp":"2026-09-23T05:13:17.189Z"}
{"Counter":"working-set-GPU","Mean":122,"UnitId":"Roche.C5800.UI","origin":"123","timestamp":"2026-09-23T05:13:17.189Z"}
{"Counter":"cpu-usage-Tab","Mean":0.03748468375821639,"UnitId":"Roche.C5800.UI","origin":"123","timestamp":"2026-09-23T05:13:17.189Z"}
{"Counter":"working-set-Tab","Mean":387,"UnitId":"Roche.C5800.UI","origin":"123","timestamp":"2026-09-23T05:13:17.189Z"}
{"Counter":"cpu-usage-Browser","Mean":0.004164976935523925,"UnitId":"Roche.C5800.UI","origin":"123","timestamp":"2026-09-23T05:13:17.189Z"}
{"Counter":"working-set-Browser","Mean":192,"UnitId":"Roche.C5800.UI","origin":"123","timestamp":"2026-09-23T05:13:17.189Z"}
{"Counter":"cpu-usage-combined","Mean":0.045814626943519406,"UnitId":"Roche.C5800.UI","origin":"123","timestamp":"2026-09-23T05:13:17.189Z"}
{"Counter":"working-set-combined","Mean":774,"UnitId":"Roche.C5800.UI","origin":"123","timestamp":"2026-09-23T05:13:17.189Z"}
{"Counter":"cpu-usage-GPU","Mean":0,"UnitId":"Roche.C5800.UI","origin":"123","timestamp":"2026-09-23T05:13:47.194Z"}
{"Counter":"working-set-GPU","Mean":122,"UnitId":"Roche.C5800.UI","origin":"123","timestamp":"2026-09-23T05:13:47.194Z"}
{"Counter":"cpu-usage-Tab","Mean":0.037493702307802364,"UnitId":"Roche.C5800.UI","origin":"123","timestamp":"2026-09-23T05:13:47.194Z"}
{"Counter":"working-set-Tab","Mean":387,"UnitId":"Roche.C5800.UI","origin":"123","timestamp":"2026-09-23T05:13:47.194Z"}
{"Counter":"cpu-usage-Browser","Mean":0.012497878276864532,"UnitId":"Roche.C5800.UI","origin":"123","timestamp":"2026-09-23T05:13:47.194Z"}
{"Counter":"working-set-Browser","Mean":192,"UnitId":"Roche.C5800.UI","origin":"123","timestamp":"2026-09-23T05:13:47.194Z"}
{"Counter":"cpu-usage-combined","Mean":0.04999158058466689,"UnitId":"Roche.C5800.UI","origin":"123","timestamp":"2026-09-23T05:13:47.194Z"}
{"Counter":"working-set-combined","Mean":774,"UnitId":"Roche.C5800.UI","origin":"123","timestamp":"2026-09-23T05:13:47.194Z"}
{"Counter":"cpu-usage-GPU","Mean":0.004165683148875218,"UnitId":"Roche.C5800.UI","origin":"123","timestamp":"2026-09-23T05:14:17.201Z"}
{"Counter":"working-set-GPU","Mean":122,"UnitId":"Roche.C5800.UI","origin":"123","timestamp":"2026-09-23T05:14:17.201Z"}
{"Counter":"cpu-usage-Tab","Mean":0.03749115958456996,"UnitId":"Roche.C5800.UI","origin":"123","timestamp":"2026-09-23T05:14:17.201Z"}
{"Counter":"working-set-Tab","Mean":387,"UnitId":"Roche.C5800.UI","origin":"123","timestamp":"2026-09-23T05:14:17.201Z"}
{"Counter":"cpu-usage-Browser","Mean":0.004165692588882966,"UnitId":"Roche.C5800.UI","origin":"123","timestamp":"2026-09-23T05:14:17.201Z"}
{"Counter":"working-set-Browser","Mean":192,"UnitId":"Roche.C5800.UI","origin":"123","timestamp":"2026-09-23T05:14:17.201Z"}
{"Counter":"cpu-usage-combined","Mean":0.04582253532232815,"UnitId":"Roche.C5800.UI","origin":"123","timestamp":"2026-09-23T05:14:17.201Z"}
{"Counter":"working-set-combined","Mean":774,"UnitId":"Roche.C5800.UI","origin":"123","timestamp":"2026-09-23T05:14:17.201Z"}
{"Counter":"cpu-usage-GPU","Mean":0,"UnitId":"Roche.C5800.UI","origin":"123","timestamp":"2026-09-23T05:14:47.208Z"}
{"Counter":"working-set-GPU","Mean":122,"UnitId":"Roche.C5800.UI","origin":"123","timestamp":"2026-09-23T05:14:47.208Z"}
{"Counter":"cpu-usage-Tab","Mean":0.03332502096227131,"UnitId":"Roche.C5800.UI","origin":"123","timestamp":"2026-09-23T05:14:47.208Z"}
{"Counter":"working-set-Tab","Mean":387,"UnitId":"Roche.C5800.UI","origin":"123","timestamp":"2026-09-23T05:14:47.208Z"}
{"Counter":"cpu-usage-Browser","Mean":0.008331184165524766,"UnitId":"Roche.C5800.UI","origin":"123","timestamp":"2026-09-23T05:14:47.208Z"}
{"Counter":"working-set-Browser","Mean":192,"UnitId":"Roche.C5800.UI","origin":"123","timestamp":"2026-09-23T05:14:47.208Z"}
{"Counter":"cpu-usage-combined","Mean":0.041656205127796074,"UnitId":"Roche.C5800.UI","origin":"123","timestamp":"2026-09-23T05:14:47.208Z"}
{"Counter":"working-set-combined","Mean":774,"UnitId":"Roche.C5800.UI","origin":"123","timestamp":"2026-09-23T05:14:47.208Z"}
{"Counter":"cpu-usage-GPU","Mean":0.008332167107677162,"UnitId":"Roche.C5800.UI","origin":"123","timestamp":"2026-09-23T05:15:17.212Z"}
{"Counter":"working-set-GPU","Mean":122,"UnitId":"Roche.C5800.UI","origin":"123","timestamp":"2026-09-23T05:15:17.212Z"}
{"Counter":"cpu-usage-Tab","Mean":0.041661202105657144,"UnitId":"Roche.C5800.UI","origin":"123","timestamp":"2026-09-23T05:15:17.212Z"}
{"Counter":"working-set-Tab","Mean":387,"UnitId":"Roche.C5800.UI","origin":"123","timestamp":"2026-09-23T05:15:17.212Z"}
{"Counter":"cpu-usage-Browser","Mean":0.008332377887335585,"UnitId":"Roche.C5800.UI","origin":"123","timestamp":"2026-09-23T05:15:17.212Z"}
{"Counter":"working-set-Browser","Mean":192,"UnitId":"Roche.C5800.UI","origin":"123","timestamp":"2026-09-23T05:15:17.212Z"}
{"Counter":"cpu-usage-combined","Mean":0.06249190160807577,"UnitId":"Roche.C5800.UI","origin":"123","timestamp":"2026-09-23T05:15:17.212Z"}
{"Counter":"working-set-combined","Mean":774,"UnitId":"Roche.C5800.UI","origin":"123","timestamp":"2026-09-23T05:15:17.212Z"}
{"Counter":"cpu-usage-GPU","Mean":0,"UnitId":"Roche.C5800.UI","origin":"123","timestamp":"2026-09-23T05:15:47.218Z"}
{"Counter":"working-set-GPU","Mean":122,"UnitId":"Roche.C5800.UI","origin":"123","timestamp":"2026-09-23T05:15:47.218Z"}
{"Counter":"cpu-usage-Tab","Mean":0.03749337617020993,"UnitId":"Roche.C5800.UI","origin":"123","timestamp":"2026-09-23T05:15:47.218Z"}
{"Counter":"working-set-Tab","Mean":387,"UnitId":"Roche.C5800.UI","origin":"123","timestamp":"2026-09-23T05:15:47.218Z"}
{"Counter":"cpu-usage-Browser","Mean":0,"UnitId":"Roche.C5800.UI","origin":"123","timestamp":"2026-09-23T05:15:47.218Z"}
{"Counter":"working-set-Browser","Mean":192,"UnitId":"Roche.C5800.UI","origin":"123","timestamp":"2026-09-23T05:15:47.218Z"}
{"Counter":"cpu-usage-combined","Mean":0.03749337617020993,"UnitId":"Roche.C5800.UI","origin":"123","timestamp":"2026-09-23T05:15:47.218Z"}
{"Counter":"working-set-combined","Mean":774,"UnitId":"Roche.C5800.UI","origin":"123","timestamp":"2026-09-23T05:15:47.218Z"}
{"Counter":"cpu-usage-GPU","Mean":0.008332069913798737,"UnitId":"Roche.C5800.UI","origin":"123","timestamp":"2026-09-23T05:16:17.222Z"}
{"Counter":"working-set-GPU","Mean":122,"UnitId":"Roche.C5800.UI","origin":"123","timestamp":"2026-09-23T05:16:17.222Z"}
{"Counter":"cpu-usage-Tab","Mean":0.041660201003470926,"UnitId":"Roche.C5800.UI","origin":"123","timestamp":"2026-09-23T05:16:17.222Z"}
{"Counter":"working-set-Tab","Mean":387,"UnitId":"Roche.C5800.UI","origin":"123","timestamp":"2026-09-23T05:16:17.222Z"}
{"Counter":"cpu-usage-Browser","Mean":0.0124979615824659,"UnitId":"Roche.C5800.UI","origin":"123","timestamp":"2026-09-23T05:16:17.222Z"}
{"Counter":"working-set-Browser","Mean":192,"UnitId":"Roche.C5800.UI","origin":"123","timestamp":"2026-09-23T05:16:17.222Z"}
{"Counter":"cpu-usage-combined","Mean":0.062490232499735565,"UnitId":"Roche.C5800.UI","origin":"123","timestamp":"2026-09-23T05:16:17.222Z"}
{"Counter":"working-set-combined","Mean":774,"UnitId":"Roche.C5800.UI","origin":"123","timestamp":"2026-09-23T05:16:17.222Z"}
{"Counter":"cpu-usage-GPU","Mean":0,"UnitId":"Roche.C5800.UI","origin":"123","timestamp":"2026-09-23T05:16:47.225Z"}
{"Counter":"working-set-GPU","Mean":122,"UnitId":"Roche.C5800.UI","origin":"123","timestamp":"2026-09-23T05:16:47.225Z"}
{"Counter":"cpu-usage-Tab","Mean":0.033329620413619254,"UnitId":"Roche.C5800.UI","origin":"123","timestamp":"2026-09-23T05:16:47.225Z"}
{"Counter":"working-set-Tab","Mean":387,"UnitId":"Roche.C5800.UI","origin":"123","timestamp":"2026-09-23T05:16:47.225Z"}
{"Counter":"cpu-usage-Browser","Mean":0.004166169087205351,"UnitId":"Roche.C5800.UI","origin":"123","timestamp":"2026-09-23T05:16:47.225Z"}
{"Counter":"working-set-Browser","Mean":192,"UnitId":"Roche.C5800.UI","origin":"123","timestamp":"2026-09-23T05:16:47.225Z"}
{"Counter":"cpu-usage-combined","Mean":0.037495789500824606,"UnitId":"Roche.C5800.UI","origin":"123","timestamp":"2026-09-23T05:16:47.225Z"}
{"Counter":"working-set-combined","Mean":774,"UnitId":"Roche.C5800.UI","origin":"123","timestamp":"2026-09-23T05:16:47.225Z"}
{"Counter":"cpu-usage-GPU","Mean":0.008332272079612794,"UnitId":"Roche.C5800.UI","origin":"123","timestamp":"2026-09-23T05:17:17.229Z"}
{"Counter":"working-set-GPU","Mean":122,"UnitId":"Roche.C5800.UI","origin":"123","timestamp":"2026-09-23T05:17:17.229Z"}
{"Counter":"cpu-usage-Tab","Mean":0.033329090540107575,"UnitId":"Roche.C5800.UI","origin":"123","timestamp":"2026-09-23T05:17:17.229Z"}
{"Counter":"working-set-Tab","Mean":387,"UnitId":"Roche.C5800.UI","origin":"123","timestamp":"2026-09-23T05:17:17.229Z"}
{"Counter":"cpu-usage-Browser","Mean":0.004166137011781235,"UnitId":"Roche.C5800.UI","origin":"123","timestamp":"2026-09-23T05:17:17.229Z"}
{"Counter":"working-set-Browser","Mean":192,"UnitId":"Roche.C5800.UI","origin":"123","timestamp":"2026-09-23T05:17:17.229Z"}
{"Counter":"cpu-usage-combined","Mean":0.0458274996315016,"UnitId":"Roche.C5800.UI","origin":"123","timestamp":"2026-09-23T05:17:17.229Z"}
{"Counter":"working-set-combined","Mean":774,"UnitId":"Roche.C5800.UI","origin":"123","timestamp":"2026-09-23T05:17:17.229Z"}
{"Counter":"cpu-usage-GPU","Mean":0,"UnitId":"Roche.C5800.UI","origin":"123","timestamp":"2026-09-23T05:17:47.233Z"}
{"Counter":"working-set-GPU","Mean":122,"UnitId":"Roche.C5800.UI","origin":"123","timestamp":"2026-09-23T05:17:47.233Z"}
{"Counter":"cpu-usage-Tab","Mean":0.03749511063757286,"UnitId":"Roche.C5800.UI","origin":"123","timestamp":"2026-09-23T05:17:47.233Z"}
{"Counter":"working-set-Tab","Mean":387,"UnitId":"Roche.C5800.UI","origin":"123","timestamp":"2026-09-23T05:17:47.233Z"}
{"Counter":"cpu-usage-Browser","Mean":0.008332250140815027,"UnitId":"Roche.C5800.UI","origin":"123","timestamp":"2026-09-23T05:17:47.233Z"}
{"Counter":"working-set-Browser","Mean":192,"UnitId":"Roche.C5800.UI","origin":"123","timestamp":"2026-09-23T05:17:47.233Z"}
{"Counter":"cpu-usage-combined","Mean":0.04999348237747867,"UnitId":"Roche.C5800.UI","origin":"123","timestamp":"2026-09-23T05:17:47.233Z"}
{"Counter":"working-set-combined","Mean":774,"UnitId":"Roche.C5800.UI","origin":"123","timestamp":"2026-09-23T05:17:47.233Z"}
{"Counter":"cpu-usage-GPU","Mean":0.004166443067555374,"UnitId":"Roche.C5800.UI","origin":"123","timestamp":"2026-09-23T05:18:17.235Z"}
{"Counter":"working-set-GPU","Mean":122,"UnitId":"Roche.C5800.UI","origin":"123","timestamp":"2026-09-23T05:18:17.235Z"}
{"Counter":"cpu-usage-Tab","Mean":0.03749788886885668,"UnitId":"Roche.C5800.UI","origin":"123","timestamp":"2026-09-23T05:18:17.235Z"}
{"Counter":"working-set-Tab","Mean":387,"UnitId":"Roche.C5800.UI","origin":"123","timestamp":"2026-09-23T05:18:17.235Z"}
{"Counter":"cpu-usage-Browser","Mean":0.004166469592654934,"UnitId":"Roche.C5800.UI","origin":"123","timestamp":"2026-09-23T05:18:17.235Z"}
{"Counter":"working-set-Browser","Mean":192,"UnitId":"Roche.C5800.UI","origin":"123","timestamp":"2026-09-23T05:18:17.235Z"}
{"Counter":"cpu-usage-combined","Mean":0.04583080152906699,"UnitId":"Roche.C5800.UI","origin":"123","timestamp":"2026-09-23T05:18:17.235Z"}
{"Counter":"working-set-combined","Mean":774,"UnitId":"Roche.C5800.UI","origin":"123","timestamp":"2026-09-23T05:18:17.235Z"}
{"Counter":"cpu-usage-GPU","Mean":0,"UnitId":"Roche.C5800.UI","origin":"123","timestamp":"2026-09-23T05:18:47.237Z"}
{"Counter":"working-set-GPU","Mean":122,"UnitId":"Roche.C5800.UI","origin":"123","timestamp":"2026-09-23T05:18:47.237Z"}
{"Counter":"cpu-usage-Tab","Mean":0.033330518015578285,"UnitId":"Roche.C5800.UI","origin":"123","timestamp":"2026-09-23T05:18:47.237Z"}
{"Counter":"working-set-Tab","Mean":387,"UnitId":"Roche.C5800.UI","origin":"123","timestamp":"2026-09-23T05:18:47.237Z"}
{"Counter":"cpu-usage-Browser","Mean":0.008332555072689544,"UnitId":"Roche.C5800.UI","origin":"123","timestamp":"2026-09-23T05:18:47.237Z"}
{"Counter":"working-set-Browser","Mean":192,"UnitId":"Roche.C5800.UI","origin":"123","timestamp":"2026-09-23T05:18:47.237Z"}
{"Counter":"cpu-usage-combined","Mean":0.04166307308826783,"UnitId":"Roche.C5800.UI","origin":"123","timestamp":"2026-09-23T05:18:47.237Z"}
{"Counter":"working-set-combined","Mean":774,"UnitId":"Roche.C5800.UI","origin":"123","timestamp":"2026-09-23T05:18:47.237Z"}
{"Counter":"cpu-usage-GPU","Mean":0,"UnitId":"Roche.C5800.UI","origin":"123","timestamp":"2026-09-23T05:19:17.248Z"}
{"Counter":"working-set-GPU","Mean":122,"UnitId":"Roche.C5800.UI","origin":"123","timestamp":"2026-09-23T05:19:17.248Z"}
{"Counter":"cpu-usage-Tab","Mean":0.037486228809076504,"UnitId":"Roche.C5800.UI","origin":"123","timestamp":"2026-09-23T05:19:17.248Z"}
{"Counter":"working-set-Tab","Mean":387,"UnitId":"Roche.C5800.UI","origin":"123","timestamp":"2026-09-23T05:19:17.248Z"}
{"Counter":"cpu-usage-Browser","Mean":0.00416517525624658,"UnitId":"Roche.C5800.UI","origin":"123","timestamp":"2026-09-23T05:19:17.248Z"}
{"Counter":"working-set-Browser","Mean":192,"UnitId":"Roche.C5800.UI","origin":"123","timestamp":"2026-09-23T05:19:17.248Z"}
{"Counter":"cpu-usage-combined","Mean":0.04165140406532308,"UnitId":"Roche.C5800.UI","origin":"123","timestamp":"2026-09-23T05:19:17.248Z"}
{"Counter":"working-set-combined","Mean":774,"UnitId":"Roche.C5800.UI","origin":"123","timestamp":"2026-09-23T05:19:17.248Z"}
{"Counter":"cpu-usage-GPU","Mean":0,"UnitId":"Roche.C5800.UI","origin":"123","timestamp":"2026-09-23T05:19:47.262Z"}
{"Counter":"working-set-GPU","Mean":122,"UnitId":"Roche.C5800.UI","origin":"123","timestamp":"2026-09-23T05:19:47.262Z"}
{"Counter":"cpu-usage-Tab","Mean":0.029153177491441376,"UnitId":"Roche.C5800.UI","origin":"123","timestamp":"2026-09-23T05:19:47.262Z"}
{"Counter":"working-set-Tab","Mean":387,"UnitId":"Roche.C5800.UI","origin":"123","timestamp":"2026-09-23T05:19:47.262Z"}
{"Counter":"cpu-usage-Browser","Mean":0.008329436822787634,"UnitId":"Roche.C5800.UI","origin":"123","timestamp":"2026-09-23T05:19:47.262Z"}
{"Counter":"working-set-Browser","Mean":192,"UnitId":"Roche.C5800.UI","origin":"123","timestamp":"2026-09-23T05:19:47.262Z"}
{"Counter":"cpu-usage-combined","Mean":0.03748261431422901,"UnitId":"Roche.C5800.UI","origin":"123","timestamp":"2026-09-23T05:19:47.262Z"}
{"Counter":"working-set-combined","Mean":774,"UnitId":"Roche.C5800.UI","origin":"123","timestamp":"2026-09-23T05:19:47.262Z"}
{"Counter":"cpu-usage-GPU","Mean":0.008329456526617296,"UnitId":"Roche.C5800.UI","origin":"123","timestamp":"2026-09-23T05:20:17.276Z"}
{"Counter":"working-set-GPU","Mean":122,"UnitId":"Roche.C5800.UI","origin":"123","timestamp":"2026-09-23T05:20:17.276Z"}
{"Counter":"cpu-usage-Tab","Mean":0.045812049055342224,"UnitId":"Roche.C5800.UI","origin":"123","timestamp":"2026-09-23T05:20:17.276Z"}
{"Counter":"working-set-Tab","Mean":387,"UnitId":"Roche.C5800.UI","origin":"123","timestamp":"2026-09-23T05:20:17.276Z"}
{"Counter":"cpu-usage-Browser","Mean":0.008329503427657297,"UnitId":"Roche.C5800.UI","origin":"123","timestamp":"2026-09-23T05:20:17.276Z"}
{"Counter":"working-set-Browser","Mean":192,"UnitId":"Roche.C5800.UI","origin":"123","timestamp":"2026-09-23T05:20:17.276Z"}
{"Counter":"cpu-usage-combined","Mean":0.06663575642185102,"UnitId":"Roche.C5800.UI","origin":"123","timestamp":"2026-09-23T05:20:17.276Z"}
{"Counter":"working-set-combined","Mean":774,"UnitId":"Roche.C5800.UI","origin":"123","timestamp":"2026-09-23T05:20:17.276Z"}
{"Counter":"cpu-usage-GPU","Mean":0,"UnitId":"Roche.C5800.UI","origin":"123","timestamp":"2026-09-23T05:20:47.288Z"}
{"Counter":"working-set-GPU","Mean":122,"UnitId":"Roche.C5800.UI","origin":"123","timestamp":"2026-09-23T05:20:47.288Z"}
{"Counter":"cpu-usage-Tab","Mean":0.03331971112476849,"UnitId":"Roche.C5800.UI","origin":"123","timestamp":"2026-09-23T05:20:47.288Z"}
{"Counter":"working-set-Tab","Mean":387,"UnitId":"Roche.C5800.UI","origin":"123","timestamp":"2026-09-23T05:20:47.288Z"}
{"Counter":"cpu-usage-Browser","Mean":0.008329926115887731,"UnitId":"Roche.C5800.UI","origin":"123","timestamp":"2026-09-23T05:20:47.288Z"}
{"Counter":"working-set-Browser","Mean":192,"UnitId":"Roche.C5800.UI","origin":"123","timestamp":"2026-09-23T05:20:47.288Z"}
{"Counter":"cpu-usage-combined","Mean":0.04164963724065622,"UnitId":"Roche.C5800.UI","origin":"123","timestamp":"2026-09-23T05:20:47.288Z"}
{"Counter":"working-set-combined","Mean":774,"UnitId":"Roche.C5800.UI","origin":"123","timestamp":"2026-09-23T05:20:47.288Z"}
{"Counter":"cpu-usage-GPU","Mean":0.004165055761933143,"UnitId":"Roche.C5800.UI","origin":"123","timestamp":"2026-09-23T05:21:17.300Z"}
{"Counter":"working-set-GPU","Mean":122,"UnitId":"Roche.C5800.UI","origin":"123","timestamp":"2026-09-23T05:21:17.300Z"}
{"Counter":"cpu-usage-Tab","Mean":0.037485329491547995,"UnitId":"Roche.C5800.UI","origin":"123","timestamp":"2026-09-23T05:21:17.300Z"}
{"Counter":"working-set-Tab","Mean":387,"UnitId":"Roche.C5800.UI","origin":"123","timestamp":"2026-09-23T05:21:17.300Z"}
{"Counter":"cpu-usage-Browser","Mean":0.004165004413405277,"UnitId":"Roche.C5800.UI","origin":"123","timestamp":"2026-09-23T05:21:17.300Z"}
{"Counter":"working-set-Browser","Mean":192,"UnitId":"Roche.C5800.UI","origin":"123","timestamp":"2026-09-23T05:21:17.300Z"}
{"Counter":"cpu-usage-combined","Mean":0.04581538966688641,"UnitId":"Roche.C5800.UI","origin":"123","timestamp":"2026-09-23T05:21:17.300Z"}
{"Counter":"working-set-combined","Mean":774,"UnitId":"Roche.C5800.UI","origin":"123","timestamp":"2026-09-23T05:21:17.300Z"}
{"Counter":"cpu-usage-GPU","Mean":0,"UnitId":"Roche.C5800.UI","origin":"123","timestamp":"2026-09-23T05:21:47.311Z"}
{"Counter":"working-set-GPU","Mean":122,"UnitId":"Roche.C5800.UI","origin":"123","timestamp":"2026-09-23T05:21:47.311Z"}
{"Counter":"cpu-usage-Tab","Mean":0.03332069257326079,"UnitId":"Roche.C5800.UI","origin":"123","timestamp":"2026-09-23T05:21:47.311Z"}
{"Counter":"working-set-Tab","Mean":387,"UnitId":"Roche.C5800.UI","origin":"123","timestamp":"2026-09-23T05:21:47.311Z"}
{"Counter":"cpu-usage-Browser","Mean":0.004165119186051742,"UnitId":"Roche.C5800.UI","origin":"123","timestamp":"2026-09-23T05:21:47.311Z"}
{"Counter":"working-set-Browser","Mean":192,"UnitId":"Roche.C5800.UI","origin":"123","timestamp":"2026-09-23T05:21:47.311Z"}
{"Counter":"cpu-usage-combined","Mean":0.041650914568711034,"UnitId":"Roche.C5800.UI","origin":"123","timestamp":"2026-09-23T05:21:47.311Z"}
{"Counter":"working-set-combined","Mean":774,"UnitId":"Roche.C5800.UI","origin":"123","timestamp":"2026-09-23T05:21:47.311Z"}
{"Counter":"cpu-usage-GPU","Mean":0.008330520949460796,"UnitId":"Roche.C5800.UI","origin":"123","timestamp":"2026-09-23T05:22:17.322Z"}
{"Counter":"working-set-GPU","Mean":122,"UnitId":"Roche.C5800.UI","origin":"123","timestamp":"2026-09-23T05:22:17.322Z"}
{"Counter":"cpu-usage-Tab","Mean":0.041652600583449634,"UnitId":"Roche.C5800.UI","origin":"123","timestamp":"2026-09-23T05:22:17.322Z"}
{"Counter":"working-set-Tab","Mean":387,"UnitId":"Roche.C5800.UI","origin":"123","timestamp":"2026-09-23T05:22:17.322Z"}
{"Counter":"cpu-usage-Browser","Mean":0.00833050013023904,"UnitId":"Roche.C5800.UI","origin":"123","timestamp":"2026-09-23T05:22:17.322Z"}
{"Counter":"working-set-Browser","Mean":192,"UnitId":"Roche.C5800.UI","origin":"123","timestamp":"2026-09-23T05:22:17.322Z"}
{"Counter":"cpu-usage-combined","Mean":0.05831362166314947,"UnitId":"Roche.C5800.UI","origin":"123","timestamp":"2026-09-23T05:22:17.322Z"}
{"Counter":"working-set-combined","Mean":774,"UnitId":"Roche.C5800.UI","origin":"123","timestamp":"2026-09-23T05:22:17.322Z"}
{"Counter":"cpu-usage-GPU","Mean":0,"UnitId":"Roche.C5800.UI","origin":"123","timestamp":"2026-09-23T05:22:47.331Z"}
{"Counter":"working-set-GPU","Mean":122,"UnitId":"Roche.C5800.UI","origin":"123","timestamp":"2026-09-23T05:22:47.331Z"}
{"Counter":"cpu-usage-Tab","Mean":0.0333229865460108,"UnitId":"Roche.C5800.UI","origin":"123","timestamp":"2026-09-23T05:22:47.331Z"}
{"Counter":"working-set-Tab","Mean":387,"UnitId":"Roche.C5800.UI","origin":"123","timestamp":"2026-09-23T05:22:47.331Z"}
{"Counter":"cpu-usage-Browser","Mean":0.0041653869209583175,"UnitId":"Roche.C5800.UI","origin":"123","timestamp":"2026-09-23T05:22:47.331Z"}
{"Counter":"working-set-Browser","Mean":192,"UnitId":"Roche.C5800.UI","origin":"123","timestamp":"2026-09-23T05:22:47.331Z"}
{"Counter":"cpu-usage-combined","Mean":0.037488373466969115,"UnitId":"Roche.C5800.UI","origin":"123","timestamp":"2026-09-23T05:22:47.331Z"}
{"Counter":"working-set-combined","Mean":774,"UnitId":"Roche.C5800.UI","origin":"123","timestamp":"2026-09-23T05:22:47.331Z"}
{"Counter":"cpu-usage-GPU","Mean":0,"UnitId":"Roche.C5800.UI","origin":"123","timestamp":"2026-09-23T05:23:17.340Z"}
{"Counter":"working-set-GPU","Mean":122,"UnitId":"Roche.C5800.UI","origin":"123","timestamp":"2026-09-23T05:23:17.340Z"}
{"Counter":"cpu-usage-Tab","Mean":0.03748853975339739,"UnitId":"Roche.C5800.UI","origin":"123","timestamp":"2026-09-23T05:23:17.340Z"}
{"Counter":"working-set-Tab","Mean":387,"UnitId":"Roche.C5800.UI","origin":"123","timestamp":"2026-09-23T05:23:17.340Z"}
{"Counter":"cpu-usage-Browser","Mean":0.008330754409459977,"UnitId":"Roche.C5800.UI","origin":"123","timestamp":"2026-09-23T05:23:17.340Z"}
{"Counter":"working-set-Browser","Mean":192,"UnitId":"Roche.C5800.UI","origin":"123","timestamp":"2026-09-23T05:23:17.340Z"}
{"Counter":"cpu-usage-combined","Mean":0.04581929416285736,"UnitId":"Roche.C5800.UI","origin":"123","timestamp":"2026-09-23T05:23:17.340Z"}
{"Counter":"working-set-combined","Mean":774,"UnitId":"Roche.C5800.UI","origin":"123","timestamp":"2026-09-23T05:23:17.340Z"}
{"Counter":"cpu-usage-GPU","Mean":0,"UnitId":"Roche.C5800.UI","origin":"123","timestamp":"2026-09-23T05:23:47.348Z"}
{"Counter":"working-set-GPU","Mean":122,"UnitId":"Roche.C5800.UI","origin":"123","timestamp":"2026-09-23T05:23:47.348Z"}
{"Counter":"cpu-usage-Tab","Mean":0.029158884160484233,"UnitId":"Roche.C5800.UI","origin":"123","timestamp":"2026-09-23T05:23:47.348Z"}
{"Counter":"working-set-Tab","Mean":388,"UnitId":"Roche.C5800.UI","origin":"123","timestamp":"2026-09-23T05:23:47.348Z"}
{"Counter":"cpu-usage-Browser","Mean":0.008331074778960758,"UnitId":"Roche.C5800.UI","origin":"123","timestamp":"2026-09-23T05:23:47.348Z"}
{"Counter":"working-set-Browser","Mean":192,"UnitId":"Roche.C5800.UI","origin":"123","timestamp":"2026-09-23T05:23:47.348Z"}
{"Counter":"cpu-usage-combined","Mean":0.03748995893944499,"UnitId":"Roche.C5800.UI","origin":"123","timestamp":"2026-09-23T05:23:47.348Z"}
{"Counter":"working-set-combined","Mean":775,"UnitId":"Roche.C5800.UI","origin":"123","timestamp":"2026-09-23T05:23:47.348Z"}
{"Counter":"cpu-usage-GPU","Mean":0.008332183492011435,"UnitId":"Roche.C5800.UI","origin":"123","timestamp":"2026-09-23T05:24:17.352Z"}
{"Counter":"working-set-GPU","Mean":122,"UnitId":"Roche.C5800.UI","origin":"123","timestamp":"2026-09-23T05:24:17.352Z"}
{"Counter":"cpu-usage-Tab","Mean":0.041661084081399756,"UnitId":"Roche.C5800.UI","origin":"123","timestamp":"2026-09-23T05:24:17.352Z"}
{"Counter":"working-set-Tab","Mean":387,"UnitId":"Roche.C5800.UI","origin":"123","timestamp":"2026-09-23T05:24:17.352Z"}
{"Counter":"cpu-usage-Browser","Mean":0.004166139650000941,"UnitId":"Roche.C5800.UI","origin":"123","timestamp":"2026-09-23T05:24:17.352Z"}
{"Counter":"working-set-Browser","Mean":192,"UnitId":"Roche.C5800.UI","origin":"123","timestamp":"2026-09-23T05:24:17.352Z"}
{"Counter":"cpu-usage-combined","Mean":0.05415940722341213,"UnitId":"Roche.C5800.UI","origin":"123","timestamp":"2026-09-23T05:24:17.352Z"}
{"Counter":"working-set-combined","Mean":774,"UnitId":"Roche.C5800.UI","origin":"123","timestamp":"2026-09-23T05:24:17.352Z"}
{"Counter":"cpu-usage-GPU","Mean":0,"UnitId":"Roche.C5800.UI","origin":"123","timestamp":"2026-09-23T05:24:47.357Z"}
{"Counter":"working-set-GPU","Mean":122,"UnitId":"Roche.C5800.UI","origin":"123","timestamp":"2026-09-23T05:24:47.357Z"}
{"Counter":"cpu-usage-Tab","Mean":0.03749423963498408,"UnitId":"Roche.C5800.UI","origin":"123","timestamp":"2026-09-23T05:24:47.357Z"}
{"Counter":"working-set-Tab","Mean":387,"UnitId":"Roche.C5800.UI","origin":"123","timestamp":"2026-09-23T05:24:47.357Z"}
{"Counter":"cpu-usage-Browser","Mean":0.008331946341998936,"UnitId":"Roche.C5800.UI","origin":"123","timestamp":"2026-09-23T05:24:47.357Z"}
{"Counter":"working-set-Browser","Mean":192,"UnitId":"Roche.C5800.UI","origin":"123","timestamp":"2026-09-23T05:24:47.357Z"}
{"Counter":"cpu-usage-combined","Mean":0.045826185976983014,"UnitId":"Roche.C5800.UI","origin":"123","timestamp":"2026-09-23T05:24:47.357Z"}
{"Counter":"working-set-combined","Mean":774,"UnitId":"Roche.C5800.UI","origin":"123","timestamp":"2026-09-23T05:24:47.357Z"}
{"Counter":"cpu-usage-GPU","Mean":0.004166190609952969,"UnitId":"Roche.C5800.UI","origin":"123","timestamp":"2026-09-23T05:25:17.360Z"}
{"Counter":"working-set-GPU","Mean":122,"UnitId":"Roche.C5800.UI","origin":"123","timestamp":"2026-09-23T05:25:17.360Z"}
{"Counter":"cpu-usage-Tab","Mean":0.03749572673700954,"UnitId":"Roche.C5800.UI","origin":"123","timestamp":"2026-09-23T05:25:17.360Z"}
{"Counter":"working-set-Tab","Mean":387,"UnitId":"Roche.C5800.UI","origin":"123","timestamp":"2026-09-23T05:25:17.360Z"}
{"Counter":"cpu-usage-Browser","Mean":0.00416621310493331,"UnitId":"Roche.C5800.UI","origin":"123","timestamp":"2026-09-23T05:25:17.360Z"}
{"Counter":"working-set-Browser","Mean":192,"UnitId":"Roche.C5800.UI","origin":"123","timestamp":"2026-09-23T05:25:17.360Z"}
{"Counter":"cpu-usage-combined","Mean":0.045828130451895814,"UnitId":"Roche.C5800.UI","origin":"123","timestamp":"2026-09-23T05:25:17.360Z"}
{"Counter":"working-set-combined","Mean":774,"UnitId":"Roche.C5800.UI","origin":"123","timestamp":"2026-09-23T05:25:17.360Z"}
{"Counter":"cpu-usage-GPU","Mean":0,"UnitId":"Roche.C5800.UI","origin":"123","timestamp":"2026-09-23T05:25:47.362Z"}
{"Counter":"working-set-GPU","Mean":122,"UnitId":"Roche.C5800.UI","origin":"123","timestamp":"2026-09-23T05:25:47.362Z"}
{"Counter":"cpu-usage-Tab","Mean":0.033331717856074576,"UnitId":"Roche.C5800.UI","origin":"123","timestamp":"2026-09-23T05:25:47.362Z"}
{"Counter":"working-set-Tab","Mean":387,"UnitId":"Roche.C5800.UI","origin":"123","timestamp":"2026-09-23T05:25:47.362Z"}
{"Counter":"cpu-usage-Browser","Mean":0.00833291113250262,"UnitId":"Roche.C5800.UI","origin":"123","timestamp":"2026-09-23T05:25:47.362Z"}
{"Counter":"working-set-Browser","Mean":192,"UnitId":"Roche.C5800.UI","origin":"123","timestamp":"2026-09-23T05:25:47.362Z"}
{"Counter":"cpu-usage-combined","Mean":0.045831084554828504,"UnitId":"Roche.C5800.UI","origin":"123","timestamp":"2026-09-23T05:25:47.362Z"}
{"Counter":"working-set-combined","Mean":774,"UnitId":"Roche.C5800.UI","origin":"123","timestamp":"2026-09-23T05:25:47.362Z"}
{"Counter":"cpu-usage-GPU","Mean":0.004166482091510013,"UnitId":"Roche.C5800.UI","origin":"123","timestamp":"2026-09-23T05:26:17.363Z"}
{"Counter":"working-set-GPU","Mean":122,"UnitId":"Roche.C5800.UI","origin":"123","timestamp":"2026-09-23T05:26:17.363Z"}
{"Counter":"cpu-usage-Tab","Mean":0.03749838756933452,"UnitId":"Roche.C5800.UI","origin":"123","timestamp":"2026-09-23T05:26:17.363Z"}
{"Counter":"working-set-Tab","Mean":387,"UnitId":"Roche.C5800.UI","origin":"123","timestamp":"2026-09-23T05:26:17.363Z"}
{"Counter":"cpu-usage-Browser","Mean":0.004166529310083744,"UnitId":"Roche.C5800.UI","origin":"123","timestamp":"2026-09-23T05:26:17.363Z"}
{"Counter":"working-set-Browser","Mean":192,"UnitId":"Roche.C5800.UI","origin":"123","timestamp":"2026-09-23T05:26:17.363Z"}
{"Counter":"cpu-usage-combined","Mean":0.04583139897092828,"UnitId":"Roche.C5800.UI","origin":"123","timestamp":"2026-09-23T05:26:17.363Z"}
{"Counter":"working-set-combined","Mean":774,"UnitId":"Roche.C5800.UI","origin":"123","timestamp":"2026-09-23T05:26:17.363Z"}
{"Counter":"cpu-usage-GPU","Mean":0,"UnitId":"Roche.C5800.UI","origin":"123","timestamp":"2026-09-23T05:26:47.364Z"}
{"Counter":"working-set-GPU","Mean":122,"UnitId":"Roche.C5800.UI","origin":"123","timestamp":"2026-09-23T05:26:47.364Z"}
{"Counter":"cpu-usage-Tab","Mean":0.033331892284523566,"UnitId":"Roche.C5800.UI","origin":"123","timestamp":"2026-09-23T05:26:47.364Z"}
{"Counter":"working-set-Tab","Mean":387,"UnitId":"Roche.C5800.UI","origin":"123","timestamp":"2026-09-23T05:26:47.364Z"}
{"Counter":"cpu-usage-Browser","Mean":0.008332942240577509,"UnitId":"Roche.C5800.UI","origin":"123","timestamp":"2026-09-23T05:26:47.364Z"}
{"Counter":"working-set-Browser","Mean":192,"UnitId":"Roche.C5800.UI","origin":"123","timestamp":"2026-09-23T05:26:47.364Z"}
{"Counter":"cpu-usage-combined","Mean":0.04583131411683407,"UnitId":"Roche.C5800.UI","origin":"123","timestamp":"2026-09-23T05:26:47.364Z"}
{"Counter":"working-set-combined","Mean":774,"UnitId":"Roche.C5800.UI","origin":"123","timestamp":"2026-09-23T05:26:47.364Z"}
{"Counter":"cpu-usage-GPU","Mean":0.004164643621616739,"UnitId":"Roche.C5800.UI","origin":"123","timestamp":"2026-09-23T05:27:17.379Z"}
{"Counter":"working-set-GPU","Mean":122,"UnitId":"Roche.C5800.UI","origin":"123","timestamp":"2026-09-23T05:27:17.379Z"}
{"Counter":"cpu-usage-Tab","Mean":0.037481776360333605,"UnitId":"Roche.C5800.UI","origin":"123","timestamp":"2026-09-23T05:27:17.379Z"}
{"Counter":"working-set-Tab","Mean":387,"UnitId":"Roche.C5800.UI","origin":"123","timestamp":"2026-09-23T05:27:17.379Z"}
{"Counter":"cpu-usage-Browser","Mean":0.008329316381686325,"UnitId":"Roche.C5800.UI","origin":"123","timestamp":"2026-09-23T05:27:17.379Z"}
{"Counter":"working-set-Browser","Mean":192,"UnitId":"Roche.C5800.UI","origin":"123","timestamp":"2026-09-23T05:27:17.379Z"}
{"Counter":"cpu-usage-combined","Mean":0.04997573636363667,"UnitId":"Roche.C5800.UI","origin":"123","timestamp":"2026-09-23T05:27:17.379Z"}
{"Counter":"working-set-combined","Mean":774,"UnitId":"Roche.C5800.UI","origin":"123","timestamp":"2026-09-23T05:27:17.379Z"}
{"Counter":"cpu-usage-GPU","Mean":0,"UnitId":"Roche.C5800.UI","origin":"123","timestamp":"2026-09-23T05:27:47.386Z"}
{"Counter":"working-set-GPU","Mean":122,"UnitId":"Roche.C5800.UI","origin":"123","timestamp":"2026-09-23T05:27:47.386Z"}
{"Counter":"cpu-usage-Tab","Mean":0.033326028267937,"UnitId":"Roche.C5800.UI","origin":"123","timestamp":"2026-09-23T05:27:47.386Z"}
{"Counter":"working-set-Tab","Mean":387,"UnitId":"Roche.C5800.UI","origin":"123","timestamp":"2026-09-23T05:27:47.386Z"}
{"Counter":"cpu-usage-Browser","Mean":0.004165745620310016,"UnitId":"Roche.C5800.UI","origin":"123","timestamp":"2026-09-23T05:27:47.386Z"}
{"Counter":"working-set-Browser","Mean":192,"UnitId":"Roche.C5800.UI","origin":"123","timestamp":"2026-09-23T05:27:47.386Z"}
{"Counter":"cpu-usage-combined","Mean":0.03749177388824702,"UnitId":"Roche.C5800.UI","origin":"123","timestamp":"2026-09-23T05:27:47.386Z"}
{"Counter":"working-set-combined","Mean":774,"UnitId":"Roche.C5800.UI","origin":"123","timestamp":"2026-09-23T05:27:47.386Z"}
{"Counter":"cpu-usage-GPU","Mean":0.004165199544547092,"UnitId":"Roche.C5800.UI","origin":"123","timestamp":"2026-09-23T05:28:17.396Z"}
{"Counter":"working-set-GPU","Mean":122,"UnitId":"Roche.C5800.UI","origin":"123","timestamp":"2026-09-23T05:28:17.396Z"}
{"Counter":"cpu-usage-Tab","Mean":0.03748719687269474,"UnitId":"Roche.C5800.UI","origin":"123","timestamp":"2026-09-23T05:28:17.396Z"}
{"Counter":"working-set-Tab","Mean":388,"UnitId":"Roche.C5800.UI","origin":"123","timestamp":"2026-09-23T05:28:17.396Z"}
{"Counter":"cpu-usage-Browser","Mean":0.004165339867074341,"UnitId":"Roche.C5800.UI","origin":"123","timestamp":"2026-09-23T05:28:17.396Z"}
{"Counter":"working-set-Browser","Mean":192,"UnitId":"Roche.C5800.UI","origin":"123","timestamp":"2026-09-23T05:28:17.396Z"}
{"Counter":"cpu-usage-combined","Mean":0.04581773628431617,"UnitId":"Roche.C5800.UI","origin":"123","timestamp":"2026-09-23T05:28:17.396Z"}
{"Counter":"working-set-combined","Mean":775,"UnitId":"Roche.C5800.UI","origin":"123","timestamp":"2026-09-23T05:28:17.396Z"}
{"Counter":"cpu-usage-GPU","Mean":0,"UnitId":"Roche.C5800.UI","origin":"123","timestamp":"2026-09-23T05:28:47.408Z"}
{"Counter":"working-set-GPU","Mean":122,"UnitId":"Roche.C5800.UI","origin":"123","timestamp":"2026-09-23T05:28:47.408Z"}
{"Counter":"cpu-usage-Tab","Mean":0.033319375846791115,"UnitId":"Roche.C5800.UI","origin":"123","timestamp":"2026-09-23T05:28:47.408Z"}
{"Counter":"working-set-Tab","Mean":387,"UnitId":"Roche.C5800.UI","origin":"123","timestamp":"2026-09-23T05:28:47.408Z"}
{"Counter":"cpu-usage-Browser","Mean":0.004164833445811602,"UnitId":"Roche.C5800.UI","origin":"123","timestamp":"2026-09-23T05:28:47.408Z"}
{"Counter":"working-set-Browser","Mean":192,"UnitId":"Roche.C5800.UI","origin":"123","timestamp":"2026-09-23T05:28:47.408Z"}
{"Counter":"cpu-usage-combined","Mean":0.03748420929260272,"UnitId":"Roche.C5800.UI","origin":"123","timestamp":"2026-09-23T05:28:47.408Z"}
{"Counter":"working-set-combined","Mean":774,"UnitId":"Roche.C5800.UI","origin":"123","timestamp":"2026-09-23T05:28:47.408Z"}
{"Counter":"cpu-usage-GPU","Mean":0.004165641085831335,"UnitId":"Roche.C5800.UI","origin":"123","timestamp":"2026-09-23T05:29:17.416Z"}
{"Counter":"working-set-GPU","Mean":122,"UnitId":"Roche.C5800.UI","origin":"123","timestamp":"2026-09-23T05:29:17.416Z"}
{"Counter":"cpu-usage-Tab","Mean":0.04582326748890827,"UnitId":"Roche.C5800.UI","origin":"123","timestamp":"2026-09-23T05:29:17.416Z"}
{"Counter":"working-set-Tab","Mean":387,"UnitId":"Roche.C5800.UI","origin":"123","timestamp":"2026-09-23T05:29:17.416Z"}
{"Counter":"cpu-usage-Browser","Mean":0.00416594859599367,"UnitId":"Roche.C5800.UI","origin":"123","timestamp":"2026-09-23T05:29:17.416Z"}
{"Counter":"working-set-Browser","Mean":192,"UnitId":"Roche.C5800.UI","origin":"123","timestamp":"2026-09-23T05:29:17.416Z"}
{"Counter":"cpu-usage-combined","Mean":0.054154857170733275,"UnitId":"Roche.C5800.UI","origin":"123","timestamp":"2026-09-23T05:29:17.416Z"}
{"Counter":"working-set-combined","Mean":774,"UnitId":"Roche.C5800.UI","origin":"123","timestamp":"2026-09-23T05:29:17.416Z"}
{"Counter":"cpu-usage-GPU","Mean":0,"UnitId":"Roche.C5800.UI","origin":"123","timestamp":"2026-09-23T05:29:47.426Z"}
{"Counter":"working-set-GPU","Mean":122,"UnitId":"Roche.C5800.UI","origin":"123","timestamp":"2026-09-23T05:29:47.426Z"}
{"Counter":"cpu-usage-Tab","Mean":0.029156362808050302,"UnitId":"Roche.C5800.UI","origin":"123","timestamp":"2026-09-23T05:29:47.426Z"}
{"Counter":"working-set-Tab","Mean":387,"UnitId":"Roche.C5800.UI","origin":"123","timestamp":"2026-09-23T05:29:47.426Z"}
{"Counter":"cpu-usage-Browser","Mean":0.008330043521478585,"UnitId":"Roche.C5800.UI","origin":"123","timestamp":"2026-09-23T05:29:47.426Z"}
{"Counter":"working-set-Browser","Mean":192,"UnitId":"Roche.C5800.UI","origin":"123","timestamp":"2026-09-23T05:29:47.426Z"}
{"Counter":"cpu-usage-combined","Mean":0.03748640632952889,"UnitId":"Roche.C5800.UI","origin":"123","timestamp":"2026-09-23T05:29:47.426Z"}
{"Counter":"working-set-combined","Mean":774,"UnitId":"Roche.C5800.UI","origin":"123","timestamp":"2026-09-23T05:29:47.426Z"}
{"Counter":"cpu-usage-GPU","Mean":0.008330925695807245,"UnitId":"Roche.C5800.UI","origin":"123","timestamp":"2026-09-23T05:30:17.434Z"}
{"Counter":"working-set-GPU","Mean":122,"UnitId":"Roche.C5800.UI","origin":"123","timestamp":"2026-09-23T05:30:17.434Z"}
{"Counter":"cpu-usage-Tab","Mean":0.04165425369906434,"UnitId":"Roche.C5800.UI","origin":"123","timestamp":"2026-09-23T05:30:17.434Z"}
{"Counter":"working-set-Tab","Mean":388,"UnitId":"Roche.C5800.UI","origin":"123","timestamp":"2026-09-23T05:30:17.434Z"}
{"Counter":"cpu-usage-Browser","Mean":0.008330757740731824,"UnitId":"Roche.C5800.UI","origin":"123","timestamp":"2026-09-23T05:30:17.434Z"}
{"Counter":"working-set-Browser","Mean":192,"UnitId":"Roche.C5800.UI","origin":"123","timestamp":"2026-09-23T05:30:17.434Z"}
{"Counter":"cpu-usage-combined","Mean":0.06248132461177614,"UnitId":"Roche.C5800.UI","origin":"123","timestamp":"2026-09-23T05:30:17.434Z"}
{"Counter":"working-set-combined","Mean":775,"UnitId":"Roche.C5800.UI","origin":"123","timestamp":"2026-09-23T05:30:17.434Z"}
{"Counter":"cpu-usage-GPU","Mean":0,"UnitId":"Roche.C5800.UI","origin":"123","timestamp":"2026-09-23T05:30:47.442Z"}
{"Counter":"working-set-GPU","Mean":122,"UnitId":"Roche.C5800.UI","origin":"123","timestamp":"2026-09-23T05:30:47.442Z"}
{"Counter":"cpu-usage-Tab","Mean":0.03332478552584595,"UnitId":"Roche.C5800.UI","origin":"123","timestamp":"2026-09-23T05:30:47.442Z"}
{"Counter":"working-set-Tab","Mean":387,"UnitId":"Roche.C5800.UI","origin":"123","timestamp":"2026-09-23T05:30:47.442Z"}
{"Counter":"cpu-usage-Browser","Mean":0.00833122025816852,"UnitId":"Roche.C5800.UI","origin":"123","timestamp":"2026-09-23T05:30:47.442Z"}
{"Counter":"working-set-Browser","Mean":192,"UnitId":"Roche.C5800.UI","origin":"123","timestamp":"2026-09-23T05:30:47.442Z"}
{"Counter":"cpu-usage-combined","Mean":0.041656005784014474,"UnitId":"Roche.C5800.UI","origin":"123","timestamp":"2026-09-23T05:30:47.442Z"}
{"Counter":"working-set-combined","Mean":774,"UnitId":"Roche.C5800.UI","origin":"123","timestamp":"2026-09-23T05:30:47.442Z"}
{"Counter":"cpu-usage-GPU","Mean":0.004165821976830498,"UnitId":"Roche.C5800.UI","origin":"123","timestamp":"2026-09-23T05:31:17.448Z"}
{"Counter":"working-set-GPU","Mean":122,"UnitId":"Roche.C5800.UI","origin":"123","timestamp":"2026-09-23T05:31:17.448Z"}
{"Counter":"cpu-usage-Tab","Mean":0.03749236655416957,"UnitId":"Roche.C5800.UI","origin":"123","timestamp":"2026-09-23T05:31:17.448Z"}
{"Counter":"working-set-Tab","Mean":387,"UnitId":"Roche.C5800.UI","origin":"123","timestamp":"2026-09-23T05:31:17.448Z"}
{"Counter":"cpu-usage-Browser","Mean":0.004165827252475293,"UnitId":"Roche.C5800.UI","origin":"123","timestamp":"2026-09-23T05:31:17.448Z"}
{"Counter":"working-set-Browser","Mean":192,"UnitId":"Roche.C5800.UI","origin":"123","timestamp":"2026-09-23T05:31:17.448Z"}
{"Counter":"cpu-usage-combined","Mean":0.045824015783475364,"UnitId":"Roche.C5800.UI","origin":"123","timestamp":"2026-09-23T05:31:17.448Z"}
{"Counter":"working-set-combined","Mean":774,"UnitId":"Roche.C5800.UI","origin":"123","timestamp":"2026-09-23T05:31:17.448Z"}
{"Counter":"cpu-usage-GPU","Mean":0,"UnitId":"Roche.C5800.UI","origin":"123","timestamp":"2026-09-23T05:31:47.454Z"}
{"Counter":"working-set-GPU","Mean":122,"UnitId":"Roche.C5800.UI","origin":"123","timestamp":"2026-09-23T05:31:47.454Z"}
{"Counter":"cpu-usage-Tab","Mean":0.033326305926290344,"UnitId":"Roche.C5800.UI","origin":"123","timestamp":"2026-09-23T05:31:47.454Z"}
{"Counter":"working-set-Tab","Mean":387,"UnitId":"Roche.C5800.UI","origin":"123","timestamp":"2026-09-23T05:31:47.454Z"}
{"Counter":"cpu-usage-Browser","Mean":0.004165689812405658,"UnitId":"Roche.C5800.UI","origin":"123","timestamp":"2026-09-23T05:31:47.454Z"}
{"Counter":"working-set-Browser","Mean":192,"UnitId":"Roche.C5800.UI","origin":"123","timestamp":"2026-09-23T05:31:47.454Z"}
{"Counter":"cpu-usage-combined","Mean":0.037491995738696,"UnitId":"Roche.C5800.UI","origin":"123","timestamp":"2026-09-23T05:31:47.454Z"}
{"Counter":"working-set-combined","Mean":774,"UnitId":"Roche.C5800.UI","origin":"123","timestamp":"2026-09-23T05:31:47.454Z"}
{"Counter":"cpu-usage-GPU","Mean":0.004165962618984058,"UnitId":"Roche.C5800.UI","origin":"123","timestamp":"2026-09-23T05:32:17.459Z"}
{"Counter":"working-set-GPU","Mean":122,"UnitId":"Roche.C5800.UI","origin":"123","timestamp":"2026-09-23T05:32:17.459Z"}
{"Counter":"cpu-usage-Tab","Mean":0.041659949694110986,"UnitId":"Roche.C5800.UI","origin":"123","timestamp":"2026-09-23T05:32:17.459Z"}
{"Counter":"working-set-Tab","Mean":387,"UnitId":"Roche.C5800.UI","origin":"123","timestamp":"2026-09-23T05:32:17.459Z"}
{"Counter":"cpu-usage-Browser","Mean":0.008332120454332532,"UnitId":"Roche.C5800.UI","origin":"123","timestamp":"2026-09-23T05:32:17.459Z"}
{"Counter":"working-set-Browser","Mean":192,"UnitId":"Roche.C5800.UI","origin":"123","timestamp":"2026-09-23T05:32:17.459Z"}
{"Counter":"cpu-usage-combined","Mean":0.054158032767427575,"UnitId":"Roche.C5800.UI","origin":"123","timestamp":"2026-09-23T05:32:17.459Z"}
{"Counter":"working-set-combined","Mean":774,"UnitId":"Roche.C5800.UI","origin":"123","timestamp":"2026-09-23T05:32:17.459Z"}
{"Counter":"cpu-usage-GPU","Mean":0,"UnitId":"Roche.C5800.UI","origin":"123","timestamp":"2026-09-23T05:32:47.463Z"}
{"Counter":"working-set-GPU","Mean":122,"UnitId":"Roche.C5800.UI","origin":"123","timestamp":"2026-09-23T05:32:47.463Z"}
{"Counter":"cpu-usage-Tab","Mean":0.03332873174643688,"UnitId":"Roche.C5800.UI","origin":"123","timestamp":"2026-09-23T05:32:47.463Z"}
{"Counter":"working-set-Tab","Mean":387,"UnitId":"Roche.C5800.UI","origin":"123","timestamp":"2026-09-23T05:32:47.463Z"}
{"Counter":"cpu-usage-Browser","Mean":0.00416613048567316,"UnitId":"Roche.C5800.UI","origin":"123","timestamp":"2026-09-23T05:32:47.463Z"}
{"Counter":"working-set-Browser","Mean":192,"UnitId":"Roche.C5800.UI","origin":"123","timestamp":"2026-09-23T05:32:47.463Z"}
{"Counter":"cpu-usage-combined","Mean":0.037494862232110036,"UnitId":"Roche.C5800.UI","origin":"123","timestamp":"2026-09-23T05:32:47.463Z"}
{"Counter":"working-set-combined","Mean":774,"UnitId":"Roche.C5800.UI","origin":"123","timestamp":"2026-09-23T05:32:47.463Z"}
{"Counter":"cpu-usage-GPU","Mean":0.008332874191965356,"UnitId":"Roche.C5800.UI","origin":"123","timestamp":"2026-09-23T05:33:17.465Z"}
{"Counter":"working-set-GPU","Mean":122,"UnitId":"Roche.C5800.UI","origin":"123","timestamp":"2026-09-23T05:33:17.465Z"}
{"Counter":"cpu-usage-Tab","Mean":0.04166437790350717,"UnitId":"Roche.C5800.UI","origin":"123","timestamp":"2026-09-23T05:33:17.465Z"}
{"Counter":"working-set-Tab","Mean":387,"UnitId":"Roche.C5800.UI","origin":"123","timestamp":"2026-09-23T05:33:17.465Z"}
{"Counter":"cpu-usage-Browser","Mean":0.008332854471963011,"UnitId":"Roche.C5800.UI","origin":"123","timestamp":"2026-09-23T05:33:17.465Z"}
{"Counter":"working-set-Browser","Mean":192,"UnitId":"Roche.C5800.UI","origin":"123","timestamp":"2026-09-23T05:33:17.465Z"}
{"Counter":"cpu-usage-combined","Mean":0.058330106567435536,"UnitId":"Roche.C5800.UI","origin":"123","timestamp":"2026-09-23T05:33:17.465Z"}
{"Counter":"working-set-combined","Mean":774,"UnitId":"Roche.C5800.UI","origin":"123","timestamp":"2026-09-23T05:33:17.465Z"}
{"Counter":"cpu-usage-GPU","Mean":0,"UnitId":"Roche.C5800.UI","origin":"123","timestamp":"2026-09-23T05:33:47.466Z"}
{"Counter":"working-set-GPU","Mean":122,"UnitId":"Roche.C5800.UI","origin":"123","timestamp":"2026-09-23T05:33:47.466Z"}
{"Counter":"cpu-usage-Tab","Mean":0.03333230558724439,"UnitId":"Roche.C5800.UI","origin":"123","timestamp":"2026-09-23T05:33:47.466Z"}
{"Counter":"working-set-Tab","Mean":387,"UnitId":"Roche.C5800.UI","origin":"123","timestamp":"2026-09-23T05:33:47.466Z"}
{"Counter":"cpu-usage-Browser","Mean":0.004166516533187587,"UnitId":"Roche.C5800.UI","origin":"123","timestamp":"2026-09-23T05:33:47.466Z"}
{"Counter":"working-set-Browser","Mean":192,"UnitId":"Roche.C5800.UI","origin":"123","timestamp":"2026-09-23T05:33:47.466Z"}
{"Counter":"cpu-usage-combined","Mean":0.03749882212043198,"UnitId":"Roche.C5800.UI","origin":"123","timestamp":"2026-09-23T05:33:47.466Z"}
{"Counter":"working-set-combined","Mean":774,"UnitId":"Roche.C5800.UI","origin":"123","timestamp":"2026-09-23T05:33:47.466Z"}
{"Counter":"cpu-usage-GPU","Mean":0.004166484452413281,"UnitId":"Roche.C5800.UI","origin":"123","timestamp":"2026-09-23T05:34:17.467Z"}
{"Counter":"working-set-GPU","Mean":122,"UnitId":"Roche.C5800.UI","origin":"123","timestamp":"2026-09-23T05:34:17.467Z"}
{"Counter":"cpu-usage-Tab","Mean":0.03749845631354842,"UnitId":"Roche.C5800.UI","origin":"123","timestamp":"2026-09-23T05:34:17.467Z"}
{"Counter":"working-set-Tab","Mean":388,"UnitId":"Roche.C5800.UI","origin":"123","timestamp":"2026-09-23T05:34:17.467Z"}
{"Counter":"cpu-usage-Browser","Mean":0.008333048620838788,"UnitId":"Roche.C5800.UI","origin":"123","timestamp":"2026-09-23T05:34:17.467Z"}
{"Counter":"working-set-Browser","Mean":192,"UnitId":"Roche.C5800.UI","origin":"123","timestamp":"2026-09-23T05:34:17.467Z"}
{"Counter":"cpu-usage-combined","Mean":0.04999798938680049,"UnitId":"Roche.C5800.UI","origin":"123","timestamp":"2026-09-23T05:34:17.467Z"}
{"Counter":"working-set-combined","Mean":775,"UnitId":"Roche.C5800.UI","origin":"123","timestamp":"2026-09-23T05:34:17.467Z"}
{"Counter":"cpu-usage-GPU","Mean":0,"UnitId":"Roche.C5800.UI","origin":"123","timestamp":"2026-09-23T05:34:47.468Z"}
{"Counter":"working-set-GPU","Mean":122,"UnitId":"Roche.C5800.UI","origin":"123","timestamp":"2026-09-23T05:34:47.468Z"}
{"Counter":"cpu-usage-Tab","Mean":0.0374984913106996,"UnitId":"Roche.C5800.UI","origin":"123","timestamp":"2026-09-23T05:34:47.468Z"}
{"Counter":"working-set-Tab","Mean":388,"UnitId":"Roche.C5800.UI","origin":"123","timestamp":"2026-09-23T05:34:47.468Z"}
{"Counter":"cpu-usage-Browser","Mean":0.004166453760879486,"UnitId":"Roche.C5800.UI","origin":"123","timestamp":"2026-09-23T05:34:47.468Z"}
{"Counter":"working-set-Browser","Mean":192,"UnitId":"Roche.C5800.UI","origin":"123","timestamp":"2026-09-23T05:34:47.468Z"}
{"Counter":"cpu-usage-combined","Mean":0.045831425079941375,"UnitId":"Roche.C5800.UI","origin":"123","timestamp":"2026-09-23T05:34:47.468Z"}
{"Counter":"working-set-combined","Mean":775,"UnitId":"Roche.C5800.UI","origin":"123","timestamp":"2026-09-23T05:34:47.468Z"}
{"Counter":"cpu-usage-GPU","Mean":0.00416501204621444,"UnitId":"Roche.C5800.UI","origin":"123","timestamp":"2026-09-23T05:35:17.480Z"}
{"Counter":"working-set-GPU","Mean":122,"UnitId":"Roche.C5800.UI","origin":"123","timestamp":"2026-09-23T05:35:17.480Z"}
{"Counter":"cpu-usage-Tab","Mean":0.03748549061609886,"UnitId":"Roche.C5800.UI","origin":"123","timestamp":"2026-09-23T05:35:17.480Z"}
{"Counter":"working-set-Tab","Mean":387,"UnitId":"Roche.C5800.UI","origin":"123","timestamp":"2026-09-23T05:35:17.480Z"}
{"Counter":"cpu-usage-Browser","Mean":0.00833026030030855,"UnitId":"Roche.C5800.UI","origin":"123","timestamp":"2026-09-23T05:35:17.480Z"}
{"Counter":"working-set-Browser","Mean":192,"UnitId":"Roche.C5800.UI","origin":"123","timestamp":"2026-09-23T05:35:17.480Z"}
{"Counter":"cpu-usage-combined","Mean":0.04998076296262185,"UnitId":"Roche.C5800.UI","origin":"123","timestamp":"2026-09-23T05:35:17.480Z"}
{"Counter":"working-set-combined","Mean":774,"UnitId":"Roche.C5800.UI","origin":"123","timestamp":"2026-09-23T05:35:17.480Z"}
{"Counter":"cpu-usage-GPU","Mean":0,"UnitId":"Roche.C5800.UI","origin":"123","timestamp":"2026-09-23T05:35:47.493Z"}
{"Counter":"working-set-GPU","Mean":122,"UnitId":"Roche.C5800.UI","origin":"123","timestamp":"2026-09-23T05:35:47.493Z"}
{"Counter":"cpu-usage-Tab","Mean":0.033319359194087336,"UnitId":"Roche.C5800.UI","origin":"123","timestamp":"2026-09-23T05:35:47.493Z"}
{"Counter":"working-set-Tab","Mean":387,"UnitId":"Roche.C5800.UI","origin":"123","timestamp":"2026-09-23T05:35:47.493Z"}
{"Counter":"cpu-usage-Browser","Mean":0.0041648904797067544,"UnitId":"Roche.C5800.UI","origin":"123","timestamp":"2026-09-23T05:35:47.493Z"}
{"Counter":"working-set-Browser","Mean":192,"UnitId":"Roche.C5800.UI","origin":"123","timestamp":"2026-09-23T05:35:47.493Z"}
{"Counter":"cpu-usage-combined","Mean":0.03748424967379409,"UnitId":"Roche.C5800.UI","origin":"123","timestamp":"2026-09-23T05:35:47.493Z"}
{"Counter":"working-set-combined","Mean":774,"UnitId":"Roche.C5800.UI","origin":"123","timestamp":"2026-09-23T05:35:47.493Z"}
{"Counter":"cpu-usage-GPU","Mean":0.00833012873280982,"UnitId":"Roche.C5800.UI","origin":"123","timestamp":"2026-09-23T05:36:17.504Z"}
{"Counter":"working-set-GPU","Mean":122,"UnitId":"Roche.C5800.UI","origin":"123","timestamp":"2026-09-23T05:36:17.504Z"}
{"Counter":"cpu-usage-Tab","Mean":0.0416504687993506,"UnitId":"Roche.C5800.UI","origin":"123","timestamp":"2026-09-23T05:36:17.504Z"}
{"Counter":"working-set-Tab","Mean":388,"UnitId":"Roche.C5800.UI","origin":"123","timestamp":"2026-09-23T05:36:17.504Z"}
{"Counter":"cpu-usage-Browser","Mean":0.008330017431061276,"UnitId":"Roche.C5800.UI","origin":"123","timestamp":"2026-09-23T05:36:17.504Z"}
{"Counter":"working-set-Browser","Mean":192,"UnitId":"Roche.C5800.UI","origin":"123","timestamp":"2026-09-23T05:36:17.504Z"}
{"Counter":"cpu-usage-combined","Mean":0.058310614963221694,"UnitId":"Roche.C5800.UI","origin":"123","timestamp":"2026-09-23T05:36:17.504Z"}
{"Counter":"working-set-combined","Mean":775,"UnitId":"Roche.C5800.UI","origin":"123","timestamp":"2026-09-23T05:36:17.504Z"}
{"Counter":"cpu-usage-GPU","Mean":0,"UnitId":"Roche.C5800.UI","origin":"123","timestamp":"2026-09-23T05:36:47.512Z"}
{"Counter":"working-set-GPU","Mean":122,"UnitId":"Roche.C5800.UI","origin":"123","timestamp":"2026-09-23T05:36:47.512Z"}
{"Counter":"cpu-usage-Tab","Mean":0.03332430022635198,"UnitId":"Roche.C5800.UI","origin":"123","timestamp":"2026-09-23T05:36:47.512Z"}
{"Counter":"working-set-Tab","Mean":388,"UnitId":"Roche.C5800.UI","origin":"123","timestamp":"2026-09-23T05:36:47.512Z"}
{"Counter":"cpu-usage-Browser","Mean":0.004165518649726802,"UnitId":"Roche.C5800.UI","origin":"123","timestamp":"2026-09-23T05:36:47.512Z"}
{"Counter":"working-set-Browser","Mean":192,"UnitId":"Roche.C5800.UI","origin":"123","timestamp":"2026-09-23T05:36:47.512Z"}
{"Counter":"cpu-usage-combined","Mean":0.03748981887607878,"UnitId":"Roche.C5800.UI","origin":"123","timestamp":"2026-09-23T05:36:47.512Z"}
{"Counter":"working-set-combined","Mean":775,"UnitId":"Roche.C5800.UI","origin":"123","timestamp":"2026-09-23T05:36:47.512Z"}
{"Counter":"cpu-usage-GPU","Mean":0.004165418013193579,"UnitId":"Roche.C5800.UI","origin":"123","timestamp":"2026-09-23T05:37:17.521Z"}
{"Counter":"working-set-GPU","Mean":123,"UnitId":"Roche.C5800.UI","origin":"123","timestamp":"2026-09-23T05:37:17.521Z"}
{"Counter":"cpu-usage-Tab","Mean":0.03748875712173919,"UnitId":"Roche.C5800.UI","origin":"123","timestamp":"2026-09-23T05:37:17.521Z"}
{"Counter":"working-set-Tab","Mean":387,"UnitId":"Roche.C5800.UI","origin":"123","timestamp":"2026-09-23T05:37:17.521Z"}
{"Counter":"cpu-usage-Browser","Mean":0.008330868507037717,"UnitId":"Roche.C5800.UI","origin":"123","timestamp":"2026-09-23T05:37:17.521Z"}
{"Counter":"working-set-Browser","Mean":192,"UnitId":"Roche.C5800.UI","origin":"123","timestamp":"2026-09-23T05:37:17.521Z"}
{"Counter":"cpu-usage-combined","Mean":0.04998504364197049,"UnitId":"Roche.C5800.UI","origin":"123","timestamp":"2026-09-23T05:37:17.521Z"}
{"Counter":"working-set-combined","Mean":775,"UnitId":"Roche.C5800.UI","origin":"123","timestamp":"2026-09-23T05:37:17.521Z"}
{"Counter":"cpu-usage-GPU","Mean":0,"UnitId":"Roche.C5800.UI","origin":"123","timestamp":"2026-09-23T05:37:47.529Z"}
{"Counter":"working-set-GPU","Mean":123,"UnitId":"Roche.C5800.UI","origin":"123","timestamp":"2026-09-23T05:37:47.529Z"}
{"Counter":"cpu-usage-Tab","Mean":0.033325472965109966,"UnitId":"Roche.C5800.UI","origin":"123","timestamp":"2026-09-23T05:37:47.529Z"}
{"Counter":"working-set-Tab","Mean":387,"UnitId":"Roche.C5800.UI","origin":"123","timestamp":"2026-09-23T05:37:47.529Z"}
{"Counter":"cpu-usage-Browser","Mean":0.004165721603292267,"UnitId":"Roche.C5800.UI","origin":"123","timestamp":"2026-09-23T05:37:47.529Z"}
{"Counter":"working-set-Browser","Mean":192,"UnitId":"Roche.C5800.UI","origin":"123","timestamp":"2026-09-23T05:37:47.529Z"}
{"Counter":"cpu-usage-combined","Mean":0.04165690409387693,"UnitId":"Roche.C5800.UI","origin":"123","timestamp":"2026-09-23T05:37:47.529Z"}
{"Counter":"working-set-combined","Mean":775,"UnitId":"Roche.C5800.UI","origin":"123","timestamp":"2026-09-23T05:37:47.529Z"}
{"Counter":"cpu-usage-GPU","Mean":0.004165808232450233,"UnitId":"Roche.C5800.UI","origin":"123","timestamp":"2026-09-23T05:38:17.535Z"}
{"Counter":"working-set-GPU","Mean":123,"UnitId":"Roche.C5800.UI","origin":"123","timestamp":"2026-09-23T05:38:17.535Z"}
{"Counter":"cpu-usage-Tab","Mean":0.0374921628882176,"UnitId":"Roche.C5800.UI","origin":"123","timestamp":"2026-09-23T05:38:17.535Z"}
{"Counter":"working-set-Tab","Mean":388,"UnitId":"Roche.C5800.UI","origin":"123","timestamp":"2026-09-23T05:38:17.535Z"}
{"Counter":"cpu-usage-Browser","Mean":0.00833158675502992,"UnitId":"Roche.C5800.UI","origin":"123","timestamp":"2026-09-23T05:38:17.535Z"}
{"Counter":"working-set-Browser","Mean":192,"UnitId":"Roche.C5800.UI","origin":"123","timestamp":"2026-09-23T05:38:17.535Z"}
{"Counter":"cpu-usage-combined","Mean":0.05415535180853549,"UnitId":"Roche.C5800.UI","origin":"123","timestamp":"2026-09-23T05:38:17.535Z"}
{"Counter":"working-set-combined","Mean":776,"UnitId":"Roche.C5800.UI","origin":"123","timestamp":"2026-09-23T05:38:17.535Z"}
{"Counter":"cpu-usage-GPU","Mean":0,"UnitId":"Roche.C5800.UI","origin":"123","timestamp":"2026-09-23T05:38:47.537Z"}
{"Counter":"working-set-GPU","Mean":123,"UnitId":"Roche.C5800.UI","origin":"123","timestamp":"2026-09-23T05:38:47.537Z"}
{"Counter":"cpu-usage-Tab","Mean":0.033330745756437775,"UnitId":"Roche.C5800.UI","origin":"123","timestamp":"2026-09-23T05:38:47.537Z"}
{"Counter":"working-set-Tab","Mean":388,"UnitId":"Roche.C5800.UI","origin":"123","timestamp":"2026-09-23T05:38:47.537Z"}
{"Counter":"cpu-usage-Browser","Mean":0.00833263200347304,"UnitId":"Roche.C5800.UI","origin":"123","timestamp":"2026-09-23T05:38:47.537Z"}
{"Counter":"working-set-Browser","Mean":192,"UnitId":"Roche.C5800.UI","origin":"123","timestamp":"2026-09-23T05:38:47.537Z"}
{"Counter":"cpu-usage-combined","Mean":0.041663377759910816,"UnitId":"Roche.C5800.UI","origin":"123","timestamp":"2026-09-23T05:38:47.537Z"}
{"Counter":"working-set-combined","Mean":776,"UnitId":"Roche.C5800.UI","origin":"123","timestamp":"2026-09-23T05:38:47.537Z"}
{"Counter":"cpu-usage-GPU","Mean":0.0041662321286556475,"UnitId":"Roche.C5800.UI","origin":"123","timestamp":"2026-09-23T05:39:17.540Z"}
{"Counter":"working-set-GPU","Mean":122,"UnitId":"Roche.C5800.UI","origin":"123","timestamp":"2026-09-23T05:39:17.540Z"}
{"Counter":"cpu-usage-Tab","Mean":0.03749610540451865,"UnitId":"Roche.C5800.UI","origin":"123","timestamp":"2026-09-23T05:39:17.540Z"}
{"Counter":"working-set-Tab","Mean":388,"UnitId":"Roche.C5800.UI","origin":"123","timestamp":"2026-09-23T05:39:17.540Z"}
{"Counter":"cpu-usage-Browser","Mean":0.004166252818886657,"UnitId":"Roche.C5800.UI","origin":"123","timestamp":"2026-09-23T05:39:17.540Z"}
{"Counter":"working-set-Browser","Mean":192,"UnitId":"Roche.C5800.UI","origin":"123","timestamp":"2026-09-23T05:39:17.540Z"}
{"Counter":"cpu-usage-combined","Mean":0.04582859035206095,"UnitId":"Roche.C5800.UI","origin":"123","timestamp":"2026-09-23T05:39:17.540Z"}
{"Counter":"working-set-combined","Mean":775,"UnitId":"Roche.C5800.UI","origin":"123","timestamp":"2026-09-23T05:39:17.540Z"}
{"Counter":"cpu-usage-GPU","Mean":0,"UnitId":"Roche.C5800.UI","origin":"123","timestamp":"2026-09-23T05:39:47.544Z"}
{"Counter":"working-set-GPU","Mean":122,"UnitId":"Roche.C5800.UI","origin":"123","timestamp":"2026-09-23T05:39:47.544Z"}
{"Counter":"cpu-usage-Tab","Mean":0.033330101424498534,"UnitId":"Roche.C5800.UI","origin":"123","timestamp":"2026-09-23T05:39:47.544Z"}
{"Counter":"working-set-Tab","Mean":387,"UnitId":"Roche.C5800.UI","origin":"123","timestamp":"2026-09-23T05:39:47.544Z"}
{"Counter":"cpu-usage-Browser","Mean":0.0041663933512628235,"UnitId":"Roche.C5800.UI","origin":"123","timestamp":"2026-09-23T05:39:47.544Z"}
{"Counter":"working-set-Browser","Mean":192,"UnitId":"Roche.C5800.UI","origin":"123","timestamp":"2026-09-23T05:39:47.544Z"}
{"Counter":"cpu-usage-combined","Mean":0.037496494775761356,"UnitId":"Roche.C5800.UI","origin":"123","timestamp":"2026-09-23T05:39:47.544Z"}
{"Counter":"working-set-combined","Mean":774,"UnitId":"Roche.C5800.UI","origin":"123","timestamp":"2026-09-23T05:39:47.544Z"}
{"Counter":"cpu-usage-GPU","Mean":0.004166146176137728,"UnitId":"Roche.C5800.UI","origin":"123","timestamp":"2026-09-23T05:40:17.547Z"}
{"Counter":"working-set-GPU","Mean":123,"UnitId":"Roche.C5800.UI","origin":"123","timestamp":"2026-09-23T05:40:17.547Z"}
{"Counter":"cpu-usage-Tab","Mean":0.041660734178119704,"UnitId":"Roche.C5800.UI","origin":"123","timestamp":"2026-09-23T05:40:17.547Z"}
{"Counter":"working-set-Tab","Mean":388,"UnitId":"Roche.C5800.UI","origin":"123","timestamp":"2026-09-23T05:40:17.547Z"}
{"Counter":"cpu-usage-Browser","Mean":0.008331906355504848,"UnitId":"Roche.C5800.UI","origin":"123","timestamp":"2026-09-23T05:40:17.547Z"}
{"Counter":"working-set-Browser","Mean":192,"UnitId":"Roche.C5800.UI","origin":"123","timestamp":"2026-09-23T05:40:17.547Z"}
{"Counter":"cpu-usage-combined","Mean":0.05415878670976228,"UnitId":"Roche.C5800.UI","origin":"123","timestamp":"2026-09-23T05:40:17.547Z"}
{"Counter":"working-set-combined","Mean":776,"UnitId":"Roche.C5800.UI","origin":"123","timestamp":"2026-09-23T05:40:17.547Z"}
{"Counter":"cpu-usage-GPU","Mean":0,"UnitId":"Roche.C5800.UI","origin":"123","timestamp":"2026-09-23T05:40:47.548Z"}
{"Counter":"working-set-GPU","Mean":123,"UnitId":"Roche.C5800.UI","origin":"123","timestamp":"2026-09-23T05:40:47.548Z"}
{"Counter":"cpu-usage-Tab","Mean":0.033332662235733654,"UnitId":"Roche.C5800.UI","origin":"123","timestamp":"2026-09-23T05:40:47.548Z"}
{"Counter":"working-set-Tab","Mean":388,"UnitId":"Roche.C5800.UI","origin":"123","timestamp":"2026-09-23T05:40:47.548Z"}
{"Counter":"cpu-usage-Browser","Mean":0.00416658208505034,"UnitId":"Roche.C5800.UI","origin":"123","timestamp":"2026-09-23T05:40:47.548Z"}
{"Counter":"working-set-Browser","Mean":192,"UnitId":"Roche.C5800.UI","origin":"123","timestamp":"2026-09-23T05:40:47.548Z"}
{"Counter":"cpu-usage-combined","Mean":0.037499244320784,"UnitId":"Roche.C5800.UI","origin":"123","timestamp":"2026-09-23T05:40:47.548Z"}
{"Counter":"working-set-combined","Mean":776,"UnitId":"Roche.C5800.UI","origin":"123","timestamp":"2026-09-23T05:40:47.548Z"}
{"Counter":"cpu-usage-GPU","Mean":0.008333068619520186,"UnitId":"Roche.C5800.UI","origin":"123","timestamp":"2026-09-23T05:41:17.549Z"}
{"Counter":"working-set-GPU","Mean":123,"UnitId":"Roche.C5800.UI","origin":"123","timestamp":"2026-09-23T05:41:17.549Z"}
{"Counter":"cpu-usage-Tab","Mean":0.03749883753603638,"UnitId":"Roche.C5800.UI","origin":"123","timestamp":"2026-09-23T05:41:17.549Z"}
{"Counter":"working-set-Tab","Mean":388,"UnitId":"Roche.C5800.UI","origin":"123","timestamp":"2026-09-23T05:41:17.549Z"}
{"Counter":"cpu-usage-Browser","Mean":0.008333060842243792,"UnitId":"Roche.C5800.UI","origin":"123","timestamp":"2026-09-23T05:41:17.549Z"}
{"Counter":"working-set-Browser","Mean":192,"UnitId":"Roche.C5800.UI","origin":"123","timestamp":"2026-09-23T05:41:17.549Z"}
{"Counter":"cpu-usage-combined","Mean":0.05416496699780036,"UnitId":"Roche.C5800.UI","origin":"123","timestamp":"2026-09-23T05:41:17.549Z"}
{"Counter":"working-set-combined","Mean":776,"UnitId":"Roche.C5800.UI","origin":"123","timestamp":"2026-09-23T05:41:17.549Z"}
{"Counter":"cpu-usage-GPU","Mean":0,"UnitId":"Roche.C5800.UI","origin":"123","timestamp":"2026-09-23T05:41:47.550Z"}
{"Counter":"working-set-GPU","Mean":123,"UnitId":"Roche.C5800.UI","origin":"123","timestamp":"2026-09-23T05:41:47.550Z"}
{"Counter":"cpu-usage-Tab","Mean":0.033332500020832816,"UnitId":"Roche.C5800.UI","origin":"123","timestamp":"2026-09-23T05:41:47.550Z"}
{"Counter":"working-set-Tab","Mean":387,"UnitId":"Roche.C5800.UI","origin":"123","timestamp":"2026-09-23T05:41:47.550Z"}
{"Counter":"cpu-usage-Browser","Mean":0.004166573335423953,"UnitId":"Roche.C5800.UI","origin":"123","timestamp":"2026-09-23T05:41:47.550Z"}
{"Counter":"working-set-Browser","Mean":192,"UnitId":"Roche.C5800.UI","origin":"123","timestamp":"2026-09-23T05:41:47.550Z"}
{"Counter":"cpu-usage-combined","Mean":0.03749907335625677,"UnitId":"Roche.C5800.UI","origin":"123","timestamp":"2026-09-23T05:41:47.550Z"}
{"Counter":"working-set-combined","Mean":775,"UnitId":"Roche.C5800.UI","origin":"123","timestamp":"2026-09-23T05:41:47.550Z"}
{"Counter":"cpu-usage-GPU","Mean":0.008333069730560857,"UnitId":"Roche.C5800.UI","origin":"123","timestamp":"2026-09-23T05:42:17.551Z"}
{"Counter":"working-set-GPU","Mean":123,"UnitId":"Roche.C5800.UI","origin":"123","timestamp":"2026-09-23T05:42:17.551Z"}
{"Counter":"cpu-usage-Tab","Mean":0.041665204217998617,"UnitId":"Roche.C5800.UI","origin":"123","timestamp":"2026-09-23T05:42:17.551Z"}
{"Counter":"working-set-Tab","Mean":387,"UnitId":"Roche.C5800.UI","origin":"123","timestamp":"2026-09-23T05:42:17.551Z"}
{"Counter":"cpu-usage-Browser","Mean":0.008333001679866475,"UnitId":"Roche.C5800.UI","origin":"123","timestamp":"2026-09-23T05:42:17.551Z"}
{"Counter":"working-set-Browser","Mean":192,"UnitId":"Roche.C5800.UI","origin":"123","timestamp":"2026-09-23T05:42:17.551Z"}
{"Counter":"cpu-usage-combined","Mean":0.05833127562842595,"UnitId":"Roche.C5800.UI","origin":"123","timestamp":"2026-09-23T05:42:17.551Z"}
{"Counter":"working-set-combined","Mean":775,"UnitId":"Roche.C5800.UI","origin":"123","timestamp":"2026-09-23T05:42:17.551Z"}
{"Counter":"cpu-usage-GPU","Mean":0,"UnitId":"Roche.C5800.UI","origin":"123","timestamp":"2026-09-23T05:42:47.564Z"}
{"Counter":"working-set-GPU","Mean":123,"UnitId":"Roche.C5800.UI","origin":"123","timestamp":"2026-09-23T05:42:47.564Z"}
{"Counter":"cpu-usage-Tab","Mean":0.033319158252774,"UnitId":"Roche.C5800.UI","origin":"123","timestamp":"2026-09-23T05:42:47.564Z"}
{"Counter":"working-set-Tab","Mean":388,"UnitId":"Roche.C5800.UI","origin":"123","timestamp":"2026-09-23T05:42:47.564Z"}
{"Counter":"cpu-usage-Browser","Mean":0.008329791505984988,"UnitId":"Roche.C5800.UI","origin":"123","timestamp":"2026-09-23T05:42:47.564Z"}
{"Counter":"working-set-Browser","Mean":192,"UnitId":"Roche.C5800.UI","origin":"123","timestamp":"2026-09-23T05:42:47.564Z"}
{"Counter":"cpu-usage-combined","Mean":0.041648949758758984,"UnitId":"Roche.C5800.UI","origin":"123","timestamp":"2026-09-23T05:42:47.564Z"}
{"Counter":"working-set-combined","Mean":776,"UnitId":"Roche.C5800.UI","origin":"123","timestamp":"2026-09-23T05:42:47.564Z"}
{"Counter":"cpu-usage-GPU","Mean":0,"UnitId":"Roche.C5800.UI","origin":"123","timestamp":"2026-09-23T05:43:17.572Z"}
{"Counter":"working-set-GPU","Mean":122,"UnitId":"Roche.C5800.UI","origin":"123","timestamp":"2026-09-23T05:43:17.572Z"}
{"Counter":"cpu-usage-Tab","Mean":0.04165384561298699,"UnitId":"Roche.C5800.UI","origin":"123","timestamp":"2026-09-23T05:43:17.572Z"}
{"Counter":"working-set-Tab","Mean":388,"UnitId":"Roche.C5800.UI","origin":"123","timestamp":"2026-09-23T05:43:17.572Z"}
{"Counter":"cpu-usage-Browser","Mean":0.004165327791470229,"UnitId":"Roche.C5800.UI","origin":"123","timestamp":"2026-09-23T05:43:17.572Z"}
{"Counter":"working-set-Browser","Mean":192,"UnitId":"Roche.C5800.UI","origin":"123","timestamp":"2026-09-23T05:43:17.572Z"}
{"Counter":"cpu-usage-combined","Mean":0.04998453228727997,"UnitId":"Roche.C5800.UI","origin":"123","timestamp":"2026-09-23T05:43:17.572Z"}
{"Counter":"working-set-combined","Mean":775,"UnitId":"Roche.C5800.UI","origin":"123","timestamp":"2026-09-23T05:43:17.572Z"}
{"Counter":"cpu-usage-GPU","Mean":0,"UnitId":"Roche.C5800.UI","origin":"123","timestamp":"2026-09-23T05:43:47.580Z"}
{"Counter":"working-set-GPU","Mean":122,"UnitId":"Roche.C5800.UI","origin":"123","timestamp":"2026-09-23T05:43:47.580Z"}
{"Counter":"cpu-usage-Tab","Mean":0.033324919901888767,"UnitId":"Roche.C5800.UI","origin":"123","timestamp":"2026-09-23T05:43:47.580Z"}
{"Counter":"working-set-Tab","Mean":387,"UnitId":"Roche.C5800.UI","origin":"123","timestamp":"2026-09-23T05:43:47.580Z"}
{"Counter":"cpu-usage-Browser","Mean":0.012496976981268232,"UnitId":"Roche.C5800.UI","origin":"123","timestamp":"2026-09-23T05:43:47.580Z"}
{"Counter":"working-set-Browser","Mean":192,"UnitId":"Roche.C5800.UI","origin":"123","timestamp":"2026-09-23T05:43:47.580Z"}
{"Counter":"cpu-usage-combined","Mean":0.045821896883157,"UnitId":"Roche.C5800.UI","origin":"123","timestamp":"2026-09-23T05:43:47.580Z"}
{"Counter":"working-set-combined","Mean":774,"UnitId":"Roche.C5800.UI","origin":"123","timestamp":"2026-09-23T05:43:47.580Z"}
{"Counter":"cpu-usage-GPU","Mean":0.0041652885115411485,"UnitId":"Roche.C5800.UI","origin":"123","timestamp":"2026-09-23T05:44:17.590Z"}
{"Counter":"working-set-GPU","Mean":123,"UnitId":"Roche.C5800.UI","origin":"123","timestamp":"2026-09-23T05:44:17.590Z"}
{"Counter":"cpu-usage-Tab","Mean":0.03748761034478105,"UnitId":"Roche.C5800.UI","origin":"123","timestamp":"2026-09-23T05:44:17.590Z"}
{"Counter":"working-set-Tab","Mean":388,"UnitId":"Roche.C5800.UI","origin":"123","timestamp":"2026-09-23T05:44:17.590Z"}
{"Counter":"cpu-usage-Browser","Mean":0.004165276019846174,"UnitId":"Roche.C5800.UI","origin":"123","timestamp":"2026-09-23T05:44:17.590Z"}
{"Counter":"working-set-Browser","Mean":192,"UnitId":"Roche.C5800.UI","origin":"123","timestamp":"2026-09-23T05:44:17.590Z"}
{"Counter":"cpu-usage-combined","Mean":0.04581817487616837,"UnitId":"Roche.C5800.UI","origin":"123","timestamp":"2026-09-23T05:44:17.590Z"}
{"Counter":"working-set-combined","Mean":776,"UnitId":"Roche.C5800.UI","origin":"123","timestamp":"2026-09-23T05:44:17.590Z"}
{"Counter":"cpu-usage-GPU","Mean":0.00416528698477441,"UnitId":"Roche.C5800.UI","origin":"123","timestamp":"2026-09-23T05:44:47.600Z"}
{"Counter":"working-set-GPU","Mean":123,"UnitId":"Roche.C5800.UI","origin":"123","timestamp":"2026-09-23T05:44:47.600Z"}
{"Counter":"cpu-usage-Tab","Mean":0.033322572363964596,"UnitId":"Roche.C5800.UI","origin":"123","timestamp":"2026-09-23T05:44:47.600Z"}
{"Counter":"working-set-Tab","Mean":388,"UnitId":"Roche.C5800.UI","origin":"123","timestamp":"2026-09-23T05:44:47.600Z"}
{"Counter":"cpu-usage-Browser","Mean":0.0041653969148404595,"UnitId":"Roche.C5800.UI","origin":"123","timestamp":"2026-09-23T05:44:47.600Z"}
{"Counter":"working-set-Browser","Mean":192,"UnitId":"Roche.C5800.UI","origin":"123","timestamp":"2026-09-23T05:44:47.600Z"}
{"Counter":"cpu-usage-combined","Mean":0.04165325626357947,"UnitId":"Roche.C5800.UI","origin":"123","timestamp":"2026-09-23T05:44:47.600Z"}
{"Counter":"working-set-combined","Mean":776,"UnitId":"Roche.C5800.UI","origin":"123","timestamp":"2026-09-23T05:44:47.600Z"}
{"Counter":"cpu-usage-GPU","Mean":0.004165540165754508,"UnitId":"Roche.C5800.UI","origin":"123","timestamp":"2026-09-23T05:45:17.608Z"}
{"Counter":"working-set-GPU","Mean":123,"UnitId":"Roche.C5800.UI","origin":"123","timestamp":"2026-09-23T05:45:17.608Z"}
{"Counter":"cpu-usage-Tab","Mean":0.041655414150790736,"UnitId":"Roche.C5800.UI","origin":"123","timestamp":"2026-09-23T05:45:17.608Z"}
{"Counter":"working-set-Tab","Mean":388,"UnitId":"Roche.C5800.UI","origin":"123","timestamp":"2026-09-23T05:45:17.608Z"}
{"Counter":"cpu-usage-Browser","Mean":0.008331083385413713,"UnitId":"Roche.C5800.UI","origin":"123","timestamp":"2026-09-23T05:45:17.608Z"}
{"Counter":"working-set-Browser","Mean":192,"UnitId":"Roche.C5800.UI","origin":"123","timestamp":"2026-09-23T05:45:17.608Z"}
{"Counter":"cpu-usage-combined","Mean":0.05831757911703803,"UnitId":"Roche.C5800.UI","origin":"123","timestamp":"2026-09-23T05:45:17.608Z"}
{"Counter":"working-set-combined","Mean":776,"UnitId":"Roche.C5800.UI","origin":"123","timestamp":"2026-09-23T05:45:17.608Z"}
{"Counter":"cpu-usage-GPU","Mean":0,"UnitId":"Roche.C5800.UI","origin":"123","timestamp":"2026-09-23T05:45:47.613Z"}
{"Counter":"working-set-GPU","Mean":123,"UnitId":"Roche.C5800.UI","origin":"123","timestamp":"2026-09-23T05:45:47.613Z"}
{"Counter":"cpu-usage-Tab","Mean":0.03332724222436279,"UnitId":"Roche.C5800.UI","origin":"123","timestamp":"2026-09-23T05:45:47.613Z"}
{"Counter":"working-set-Tab","Mean":388,"UnitId":"Roche.C5800.UI","origin":"123","timestamp":"2026-09-23T05:45:47.613Z"}
{"Counter":"cpu-usage-Browser","Mean":0.004165826558310741,"UnitId":"Roche.C5800.UI","origin":"123","timestamp":"2026-09-23T05:45:47.613Z"}
{"Counter":"working-set-Browser","Mean":192,"UnitId":"Roche.C5800.UI","origin":"123","timestamp":"2026-09-23T05:45:47.613Z"}
{"Counter":"cpu-usage-combined","Mean":0.037493068782673535,"UnitId":"Roche.C5800.UI","origin":"123","timestamp":"2026-09-23T05:45:47.613Z"}
{"Counter":"working-set-combined","Mean":776,"UnitId":"Roche.C5800.UI","origin":"123","timestamp":"2026-09-23T05:45:47.613Z"}
{"Counter":"cpu-usage-GPU","Mean":0.004165949567881049,"UnitId":"Roche.C5800.UI","origin":"123","timestamp":"2026-09-23T05:46:17.619Z"}
{"Counter":"working-set-GPU","Mean":123,"UnitId":"Roche.C5800.UI","origin":"123","timestamp":"2026-09-23T05:46:17.619Z"}
{"Counter":"cpu-usage-Tab","Mean":0.041659402655490306,"UnitId":"Roche.C5800.UI","origin":"123","timestamp":"2026-09-23T05:46:17.619Z"}
{"Counter":"working-set-Tab","Mean":387,"UnitId":"Roche.C5800.UI","origin":"123","timestamp":"2026-09-23T05:46:17.619Z"}
{"Counter":"cpu-usage-Browser","Mean":0.00833190829928388,"UnitId":"Roche.C5800.UI","origin":"123","timestamp":"2026-09-23T05:46:17.619Z"}
{"Counter":"working-set-Browser","Mean":192,"UnitId":"Roche.C5800.UI","origin":"123","timestamp":"2026-09-23T05:46:17.619Z"}
{"Counter":"cpu-usage-combined","Mean":0.0583232127285186,"UnitId":"Roche.C5800.UI","origin":"123","timestamp":"2026-09-23T05:46:17.619Z"}
{"Counter":"working-set-combined","Mean":775,"UnitId":"Roche.C5800.UI","origin":"123","timestamp":"2026-09-23T05:46:17.619Z"}
{"Counter":"cpu-usage-GPU","Mean":0,"UnitId":"Roche.C5800.UI","origin":"123","timestamp":"2026-09-23T05:46:47.621Z"}
{"Counter":"working-set-GPU","Mean":123,"UnitId":"Roche.C5800.UI","origin":"123","timestamp":"2026-09-23T05:46:47.621Z"}
{"Counter":"cpu-usage-Tab","Mean":0.029164320883123634,"UnitId":"Roche.C5800.UI","origin":"123","timestamp":"2026-09-23T05:46:47.621Z"}
{"Counter":"working-set-Tab","Mean":388,"UnitId":"Roche.C5800.UI","origin":"123","timestamp":"2026-09-23T05:46:47.621Z"}
{"Counter":"cpu-usage-Browser","Mean":0.00416635877275336,"UnitId":"Roche.C5800.UI","origin":"123","timestamp":"2026-09-23T05:46:47.621Z"}
{"Counter":"working-set-Browser","Mean":192,"UnitId":"Roche.C5800.UI","origin":"123","timestamp":"2026-09-23T05:46:47.621Z"}
{"Counter":"cpu-usage-combined","Mean":0.033330679655876994,"UnitId":"Roche.C5800.UI","origin":"123","timestamp":"2026-09-23T05:46:47.621Z"}
{"Counter":"working-set-combined","Mean":776,"UnitId":"Roche.C5800.UI","origin":"123","timestamp":"2026-09-23T05:46:47.621Z"}
{"Counter":"cpu-usage-GPU","Mean":0,"UnitId":"Roche.C5800.UI","origin":"123","timestamp":"2026-09-23T05:47:17.624Z"}
{"Counter":"working-set-GPU","Mean":123,"UnitId":"Roche.C5800.UI","origin":"123","timestamp":"2026-09-23T05:47:17.624Z"}
{"Counter":"cpu-usage-Tab","Mean":0.041662764254414834,"UnitId":"Roche.C5800.UI","origin":"123","timestamp":"2026-09-23T05:47:17.624Z"}
{"Counter":"working-set-Tab","Mean":387,"UnitId":"Roche.C5800.UI","origin":"123","timestamp":"2026-09-23T05:47:17.624Z"}
{"Counter":"cpu-usage-Browser","Mean":0.008332560349484913,"UnitId":"Roche.C5800.UI","origin":"123","timestamp":"2026-09-23T05:47:17.624Z"}
{"Counter":"working-set-Browser","Mean":192,"UnitId":"Roche.C5800.UI","origin":"123","timestamp":"2026-09-23T05:47:17.624Z"}
{"Counter":"cpu-usage-combined","Mean":0.04999532460389974,"UnitId":"Roche.C5800.UI","origin":"123","timestamp":"2026-09-23T05:47:17.624Z"}
{"Counter":"working-set-combined","Mean":775,"UnitId":"Roche.C5800.UI","origin":"123","timestamp":"2026-09-23T05:47:17.624Z"}
{"Counter":"cpu-usage-GPU","Mean":0,"UnitId":"Roche.C5800.UI","origin":"123","timestamp":"2026-09-23T05:47:47.626Z"}
{"Counter":"working-set-GPU","Mean":123,"UnitId":"Roche.C5800.UI","origin":"123","timestamp":"2026-09-23T05:47:47.626Z"}
{"Counter":"cpu-usage-Tab","Mean":0.033330183630980205,"UnitId":"Roche.C5800.UI","origin":"123","timestamp":"2026-09-23T05:47:47.626Z"}
{"Counter":"working-set-Tab","Mean":387,"UnitId":"Roche.C5800.UI","origin":"123","timestamp":"2026-09-23T05:47:47.626Z"}
{"Counter":"cpu-usage-Browser","Mean":0.004166239349384065,"UnitId":"Roche.C5800.UI","origin":"123","timestamp":"2026-09-23T05:47:47.626Z"}
{"Counter":"working-set-Browser","Mean":192,"UnitId":"Roche.C5800.UI","origin":"123","timestamp":"2026-09-23T05:47:47.626Z"}
{"Counter":"cpu-usage-combined","Mean":0.03749642298036427,"UnitId":"Roche.C5800.UI","origin":"123","timestamp":"2026-09-23T05:47:47.626Z"}
{"Counter":"working-set-combined","Mean":775,"UnitId":"Roche.C5800.UI","origin":"123","timestamp":"2026-09-23T05:47:47.626Z"}
{"Counter":"cpu-usage-GPU","Mean":0.008332993347204767,"UnitId":"Roche.C5800.UI","origin":"123","timestamp":"2026-09-23T05:48:17.628Z"}
{"Counter":"working-set-GPU","Mean":123,"UnitId":"Roche.C5800.UI","origin":"123","timestamp":"2026-09-23T05:48:17.628Z"}
{"Counter":"cpu-usage-Tab","Mean":0.04166544309148788,"UnitId":"Roche.C5800.UI","origin":"123","timestamp":"2026-09-23T05:48:17.628Z"}
{"Counter":"working-set-Tab","Mean":386,"UnitId":"Roche.C5800.UI","origin":"123","timestamp":"2026-09-23T05:48:17.628Z"}
{"Counter":"cpu-usage-Browser","Mean":0.008333158892540516,"UnitId":"Roche.C5800.UI","origin":"123","timestamp":"2026-09-23T05:48:17.628Z"}
{"Counter":"working-set-Browser","Mean":192,"UnitId":"Roche.C5800.UI","origin":"123","timestamp":"2026-09-23T05:48:17.628Z"}
{"Counter":"cpu-usage-combined","Mean":0.058331595331233166,"UnitId":"Roche.C5800.UI","origin":"123","timestamp":"2026-09-23T05:48:17.628Z"}
{"Counter":"working-set-combined","Mean":774,"UnitId":"Roche.C5800.UI","origin":"123","timestamp":"2026-09-23T05:48:17.628Z"}
{"Counter":"cpu-usage-GPU","Mean":0,"UnitId":"Roche.C5800.UI","origin":"123","timestamp":"2026-09-23T05:48:47.628Z"}
{"Counter":"working-set-GPU","Mean":123,"UnitId":"Roche.C5800.UI","origin":"123","timestamp":"2026-09-23T05:48:47.628Z"}
{"Counter":"cpu-usage-Tab","Mean":0.03333275223235275,"UnitId":"Roche.C5800.UI","origin":"123","timestamp":"2026-09-23T05:48:47.628Z"}
{"Counter":"working-set-Tab","Mean":387,"UnitId":"Roche.C5800.UI","origin":"123","timestamp":"2026-09-23T05:48:47.628Z"}
{"Counter":"cpu-usage-Browser","Mean":0.004166559030558377,"UnitId":"Roche.C5800.UI","origin":"123","timestamp":"2026-09-23T05:48:47.628Z"}
{"Counter":"working-set-Browser","Mean":192,"UnitId":"Roche.C5800.UI","origin":"123","timestamp":"2026-09-23T05:48:47.628Z"}
{"Counter":"cpu-usage-combined","Mean":0.037499311262911124,"UnitId":"Roche.C5800.UI","origin":"123","timestamp":"2026-09-23T05:48:47.628Z"}
{"Counter":"working-set-combined","Mean":775,"UnitId":"Roche.C5800.UI","origin":"123","timestamp":"2026-09-23T05:48:47.628Z"}
{"Counter":"cpu-usage-GPU","Mean":0.004164639875260706,"UnitId":"Roche.C5800.UI","origin":"123","timestamp":"2026-09-23T05:49:17.643Z"}
{"Counter":"working-set-GPU","Mean":123,"UnitId":"Roche.C5800.UI","origin":"123","timestamp":"2026-09-23T05:49:17.643Z"}
{"Counter":"cpu-usage-Tab","Mean":0.03748199614785032,"UnitId":"Roche.C5800.UI","origin":"123","timestamp":"2026-09-23T05:49:17.643Z"}
{"Counter":"working-set-Tab","Mean":387,"UnitId":"Roche.C5800.UI","origin":"123","timestamp":"2026-09-23T05:49:17.643Z"}
{"Counter":"cpu-usage-Browser","Mean":0.004164730899744466,"UnitId":"Roche.C5800.UI","origin":"123","timestamp":"2026-09-23T05:49:17.643Z"}
{"Counter":"working-set-Browser","Mean":192,"UnitId":"Roche.C5800.UI","origin":"123","timestamp":"2026-09-23T05:49:17.643Z"}
{"Counter":"cpu-usage-combined","Mean":0.04581136692285549,"UnitId":"Roche.C5800.UI","origin":"123","timestamp":"2026-09-23T05:49:17.643Z"}
{"Counter":"working-set-combined","Mean":775,"UnitId":"Roche.C5800.UI","origin":"123","timestamp":"2026-09-23T05:49:17.643Z"}
{"Counter":"cpu-usage-GPU","Mean":0.004164718688911906,"UnitId":"Roche.C5800.UI","origin":"123","timestamp":"2026-09-23T05:49:47.657Z"}
{"Counter":"working-set-GPU","Mean":123,"UnitId":"Roche.C5800.UI","origin":"123","timestamp":"2026-09-23T05:49:47.657Z"}
{"Counter":"cpu-usage-Tab","Mean":0.033317527498288146,"UnitId":"Roche.C5800.UI","origin":"123","timestamp":"2026-09-23T05:49:47.657Z"}
{"Counter":"working-set-Tab","Mean":387,"UnitId":"Roche.C5800.UI","origin":"123","timestamp":"2026-09-23T05:49:47.657Z"}
{"Counter":"cpu-usage-Browser","Mean":0.008329225636890075,"UnitId":"Roche.C5800.UI","origin":"123","timestamp":"2026-09-23T05:49:47.657Z"}
{"Counter":"working-set-Browser","Mean":192,"UnitId":"Roche.C5800.UI","origin":"123","timestamp":"2026-09-23T05:49:47.657Z"}
{"Counter":"cpu-usage-combined","Mean":0.04581147182409012,"UnitId":"Roche.C5800.UI","origin":"123","timestamp":"2026-09-23T05:49:47.657Z"}
{"Counter":"working-set-combined","Mean":775,"UnitId":"Roche.C5800.UI","origin":"123","timestamp":"2026-09-23T05:49:47.657Z"}
{"Counter":"cpu-usage-GPU","Mean":0.0041650528475233465,"UnitId":"Roche.C5800.UI","origin":"123","timestamp":"2026-09-23T05:50:17.668Z"}
{"Counter":"working-set-GPU","Mean":123,"UnitId":"Roche.C5800.UI","origin":"123","timestamp":"2026-09-23T05:50:17.668Z"}
{"Counter":"cpu-usage-Tab","Mean":0.03748548437093543,"UnitId":"Roche.C5800.UI","origin":"123","timestamp":"2026-09-23T05:50:17.668Z"}
{"Counter":"working-set-Tab","Mean":387,"UnitId":"Roche.C5800.UI","origin":"123","timestamp":"2026-09-23T05:50:17.668Z"}
{"Counter":"cpu-usage-Browser","Mean":0.008330133728968037,"UnitId":"Roche.C5800.UI","origin":"123","timestamp":"2026-09-23T05:50:17.668Z"}
{"Counter":"working-set-Browser","Mean":192,"UnitId":"Roche.C5800.UI","origin":"123","timestamp":"2026-09-23T05:50:17.668Z"}
{"Counter":"cpu-usage-combined","Mean":0.04998067094742681,"UnitId":"Roche.C5800.UI","origin":"123","timestamp":"2026-09-23T05:50:17.668Z"}
{"Counter":"working-set-combined","Mean":775,"UnitId":"Roche.C5800.UI","origin":"123","timestamp":"2026-09-23T05:50:17.668Z"}
{"Counter":"cpu-usage-GPU","Mean":0,"UnitId":"Roche.C5800.UI","origin":"123","timestamp":"2026-09-23T05:50:47.680Z"}
{"Counter":"working-set-GPU","Mean":123,"UnitId":"Roche.C5800.UI","origin":"123","timestamp":"2026-09-23T05:50:47.680Z"}
{"Counter":"cpu-usage-Tab","Mean":0.037485441903879264,"UnitId":"Roche.C5800.UI","origin":"123","timestamp":"2026-09-23T05:50:47.680Z"}
{"Counter":"working-set-Tab","Mean":387,"UnitId":"Roche.C5800.UI","origin":"123","timestamp":"2026-09-23T05:50:47.680Z"}
{"Counter":"cpu-usage-Browser","Mean":0.004165083102071259,"UnitId":"Roche.C5800.UI","origin":"123","timestamp":"2026-09-23T05:50:47.680Z"}
{"Counter":"working-set-Browser","Mean":192,"UnitId":"Roche.C5800.UI","origin":"123","timestamp":"2026-09-23T05:50:47.680Z"}
{"Counter":"cpu-usage-combined","Mean":0.04581559076017679,"UnitId":"Roche.C5800.UI","origin":"123","timestamp":"2026-09-23T05:50:47.680Z"}
{"Counter":"working-set-combined","Mean":775,"UnitId":"Roche.C5800.UI","origin":"123","timestamp":"2026-09-23T05:50:47.680Z"}
{"Counter":"cpu-usage-GPU","Mean":0,"UnitId":"Roche.C5800.UI","origin":"123","timestamp":"2026-09-23T05:51:17.691Z"}
{"Counter":"working-set-GPU","Mean":123,"UnitId":"Roche.C5800.UI","origin":"123","timestamp":"2026-09-23T05:51:17.691Z"}
{"Counter":"cpu-usage-Tab","Mean":0.04165178864776169,"UnitId":"Roche.C5800.UI","origin":"123","timestamp":"2026-09-23T05:51:17.691Z"}
{"Counter":"working-set-Tab","Mean":387,"UnitId":"Roche.C5800.UI","origin":"123","timestamp":"2026-09-23T05:51:17.691Z"}
{"Counter":"cpu-usage-Browser","Mean":0.004165211341823833,"UnitId":"Roche.C5800.UI","origin":"123","timestamp":"2026-09-23T05:51:17.691Z"}
{"Counter":"working-set-Browser","Mean":192,"UnitId":"Roche.C5800.UI","origin":"123","timestamp":"2026-09-23T05:51:17.691Z"}
{"Counter":"cpu-usage-combined","Mean":0.04998219467644985,"UnitId":"Roche.C5800.UI","origin":"123","timestamp":"2026-09-23T05:51:17.691Z"}
{"Counter":"working-set-combined","Mean":775,"UnitId":"Roche.C5800.UI","origin":"123","timestamp":"2026-09-23T05:51:17.691Z"}
{"Counter":"cpu-usage-GPU","Mean":0.004165393305933043,"UnitId":"Roche.C5800.UI","origin":"123","timestamp":"2026-09-23T05:51:47.700Z"}
{"Counter":"working-set-GPU","Mean":123,"UnitId":"Roche.C5800.UI","origin":"123","timestamp":"2026-09-23T05:51:47.700Z"}
{"Counter":"cpu-usage-Tab","Mean":0.03332292547294395,"UnitId":"Roche.C5800.UI","origin":"123","timestamp":"2026-09-23T05:51:47.700Z"}
{"Counter":"working-set-Tab","Mean":387,"UnitId":"Roche.C5800.UI","origin":"123","timestamp":"2026-09-23T05:51:47.700Z"}
{"Counter":"cpu-usage-Browser","Mean":0.008330632264665386,"UnitId":"Roche.C5800.UI","origin":"123","timestamp":"2026-09-23T05:51:47.700Z"}
{"Counter":"working-set-Browser","Mean":192,"UnitId":"Roche.C5800.UI","origin":"123","timestamp":"2026-09-23T05:51:47.700Z"}
{"Counter":"cpu-usage-combined","Mean":0.04581895104354238,"UnitId":"Roche.C5800.UI","origin":"123","timestamp":"2026-09-23T05:51:47.700Z"}
{"Counter":"working-set-combined","Mean":775,"UnitId":"Roche.C5800.UI","origin":"123","timestamp":"2026-09-23T05:51:47.700Z"}
{"Counter":"cpu-usage-GPU","Mean":0.004166184222533697,"UnitId":"Roche.C5800.UI","origin":"123","timestamp":"2026-09-23T05:52:17.704Z"}
{"Counter":"working-set-GPU","Mean":122,"UnitId":"Roche.C5800.UI","origin":"123","timestamp":"2026-09-23T05:52:17.704Z"}
{"Counter":"cpu-usage-Tab","Mean":0.04166183805963555,"UnitId":"Roche.C5800.UI","origin":"123","timestamp":"2026-09-23T05:52:17.704Z"}
{"Counter":"working-set-Tab","Mean":387,"UnitId":"Roche.C5800.UI","origin":"123","timestamp":"2026-09-23T05:52:17.704Z"}
{"Counter":"cpu-usage-Browser","Mean":0.004166168809493932,"UnitId":"Roche.C5800.UI","origin":"123","timestamp":"2026-09-23T05:52:17.704Z"}
{"Counter":"working-set-Browser","Mean":192,"UnitId":"Roche.C5800.UI","origin":"123","timestamp":"2026-09-23T05:52:17.704Z"}
{"Counter":"cpu-usage-combined","Mean":0.049994191091663184,"UnitId":"Roche.C5800.UI","origin":"123","timestamp":"2026-09-23T05:52:17.704Z"}
{"Counter":"working-set-combined","Mean":774,"UnitId":"Roche.C5800.UI","origin":"123","timestamp":"2026-09-23T05:52:17.704Z"}
{"Counter":"cpu-usage-GPU","Mean":0.0041658572406048176,"UnitId":"Roche.C5800.UI","origin":"123","timestamp":"2026-09-23T05:52:47.709Z"}
{"Counter":"working-set-GPU","Mean":122,"UnitId":"Roche.C5800.UI","origin":"123","timestamp":"2026-09-23T05:52:47.709Z"}
{"Counter":"cpu-usage-Tab","Mean":0.0333268601461976,"UnitId":"Roche.C5800.UI","origin":"123","timestamp":"2026-09-23T05:52:47.709Z"}
{"Counter":"working-set-Tab","Mean":387,"UnitId":"Roche.C5800.UI","origin":"123","timestamp":"2026-09-23T05:52:47.709Z"}
{"Counter":"cpu-usage-Browser","Mean":0.008331757797933744,"UnitId":"Roche.C5800.UI","origin":"123","timestamp":"2026-09-23T05:52:47.709Z"}
{"Counter":"working-set-Browser","Mean":192,"UnitId":"Roche.C5800.UI","origin":"123","timestamp":"2026-09-23T05:52:47.709Z"}
{"Counter":"cpu-usage-combined","Mean":0.04582447518473616,"UnitId":"Roche.C5800.UI","origin":"123","timestamp":"2026-09-23T05:52:47.709Z"}
{"Counter":"working-set-combined","Mean":774,"UnitId":"Roche.C5800.UI","origin":"123","timestamp":"2026-09-23T05:52:47.709Z"}
{"Counter":"cpu-usage-GPU","Mean":0.004165942486997677,"UnitId":"Roche.C5800.UI","origin":"123","timestamp":"2026-09-23T05:53:17.715Z"}
{"Counter":"working-set-GPU","Mean":122,"UnitId":"Roche.C5800.UI","origin":"123","timestamp":"2026-09-23T05:53:17.715Z"}
{"Counter":"cpu-usage-Tab","Mean":0.037493598592933566,"UnitId":"Roche.C5800.UI","origin":"123","timestamp":"2026-09-23T05:53:17.715Z"}
{"Counter":"working-set-Tab","Mean":387,"UnitId":"Roche.C5800.UI","origin":"123","timestamp":"2026-09-23T05:53:17.715Z"}
{"Counter":"cpu-usage-Browser","Mean":0.004165966645404684,"UnitId":"Roche.C5800.UI","origin":"123","timestamp":"2026-09-23T05:53:17.715Z"}
{"Counter":"working-set-Browser","Mean":192,"UnitId":"Roche.C5800.UI","origin":"123","timestamp":"2026-09-23T05:53:17.715Z"}
{"Counter":"cpu-usage-combined","Mean":0.045825507725335925,"UnitId":"Roche.C5800.UI","origin":"123","timestamp":"2026-09-23T05:53:17.715Z"}
{"Counter":"working-set-combined","Mean":774,"UnitId":"Roche.C5800.UI","origin":"123","timestamp":"2026-09-23T05:53:17.715Z"}
{"Counter":"cpu-usage-GPU","Mean":0,"UnitId":"Roche.C5800.UI","origin":"123","timestamp":"2026-09-23T05:53:47.718Z"}
{"Counter":"working-set-GPU","Mean":122,"UnitId":"Roche.C5800.UI","origin":"123","timestamp":"2026-09-23T05:53:47.718Z"}
{"Counter":"cpu-usage-Tab","Mean":0.03332963152225893,"UnitId":"Roche.C5800.UI","origin":"123","timestamp":"2026-09-23T05:53:47.718Z"}
{"Counter":"working-set-Tab","Mean":387,"UnitId":"Roche.C5800.UI","origin":"123","timestamp":"2026-09-23T05:53:47.718Z"}
{"Counter":"cpu-usage-Browser","Mean":0.008332285687279586,"UnitId":"Roche.C5800.UI","origin":"123","timestamp":"2026-09-23T05:53:47.718Z"}
{"Counter":"working-set-Browser","Mean":192,"UnitId":"Roche.C5800.UI","origin":"123","timestamp":"2026-09-23T05:53:47.718Z"}
{"Counter":"cpu-usage-combined","Mean":0.04166191720953852,"UnitId":"Roche.C5800.UI","origin":"123","timestamp":"2026-09-23T05:53:47.718Z"}
{"Counter":"working-set-combined","Mean":774,"UnitId":"Roche.C5800.UI","origin":"123","timestamp":"2026-09-23T05:53:47.718Z"}
{"Counter":"cpu-usage-GPU","Mean":0.004166326972140872,"UnitId":"Roche.C5800.UI","origin":"123","timestamp":"2026-09-23T05:54:17.720Z"}
{"Counter":"working-set-GPU","Mean":122,"UnitId":"Roche.C5800.UI","origin":"123","timestamp":"2026-09-23T05:54:17.720Z"}
{"Counter":"cpu-usage-Tab","Mean":0.03749704273322977,"UnitId":"Roche.C5800.UI","origin":"123","timestamp":"2026-09-23T05:54:17.720Z"}
{"Counter":"working-set-Tab","Mean":387,"UnitId":"Roche.C5800.UI","origin":"123","timestamp":"2026-09-23T05:54:17.720Z"}
{"Counter":"cpu-usage-Browser","Mean":0.004166390990462798,"UnitId":"Roche.C5800.UI","origin":"123","timestamp":"2026-09-23T05:54:17.720Z"}
{"Counter":"working-set-Browser","Mean":192,"UnitId":"Roche.C5800.UI","origin":"123","timestamp":"2026-09-23T05:54:17.720Z"}
{"Counter":"cpu-usage-combined","Mean":0.045829760695833444,"UnitId":"Roche.C5800.UI","origin":"123","timestamp":"2026-09-23T05:54:17.720Z"}
{"Counter":"working-set-combined","Mean":774,"UnitId":"Roche.C5800.UI","origin":"123","timestamp":"2026-09-23T05:54:17.720Z"}
{"Counter":"cpu-usage-GPU","Mean":0,"UnitId":"Roche.C5800.UI","origin":"123","timestamp":"2026-09-23T05:54:47.723Z"}
{"Counter":"working-set-GPU","Mean":122,"UnitId":"Roche.C5800.UI","origin":"123","timestamp":"2026-09-23T05:54:47.723Z"}
{"Counter":"cpu-usage-Tab","Mean":0.03749614289676735,"UnitId":"Roche.C5800.UI","origin":"123","timestamp":"2026-09-23T05:54:47.723Z"}
{"Counter":"working-set-Tab","Mean":387,"UnitId":"Roche.C5800.UI","origin":"123","timestamp":"2026-09-23T05:54:47.723Z"}
{"Counter":"cpu-usage-Browser","Mean":0.008332427320735991,"UnitId":"Roche.C5800.UI","origin":"123","timestamp":"2026-09-23T05:54:47.723Z"}
{"Counter":"working-set-Browser","Mean":192,"UnitId":"Roche.C5800.UI","origin":"123","timestamp":"2026-09-23T05:54:47.723Z"}
{"Counter":"cpu-usage-combined","Mean":0.04582857021750334,"UnitId":"Roche.C5800.UI","origin":"123","timestamp":"2026-09-23T05:54:47.723Z"}
{"Counter":"working-set-combined","Mean":774,"UnitId":"Roche.C5800.UI","origin":"123","timestamp":"2026-09-23T05:54:47.723Z"}
{"Counter":"cpu-usage-GPU","Mean":0.004166341692014689,"UnitId":"Roche.C5800.UI","origin":"123","timestamp":"2026-09-23T05:55:17.726Z"}
{"Counter":"working-set-GPU","Mean":123,"UnitId":"Roche.C5800.UI","origin":"123","timestamp":"2026-09-23T05:55:17.726Z"}
{"Counter":"cpu-usage-Tab","Mean":0.041663539123663114,"UnitId":"Roche.C5800.UI","origin":"123","timestamp":"2026-09-23T05:55:17.726Z"}
{"Counter":"working-set-Tab","Mean":387,"UnitId":"Roche.C5800.UI","origin":"123","timestamp":"2026-09-23T05:55:17.726Z"}
{"Counter":"cpu-usage-Browser","Mean":0.008332681995357362,"UnitId":"Roche.C5800.UI","origin":"123","timestamp":"2026-09-23T05:55:17.726Z"}
{"Counter":"working-set-Browser","Mean":192,"UnitId":"Roche.C5800.UI","origin":"123","timestamp":"2026-09-23T05:55:17.726Z"}
{"Counter":"cpu-usage-combined","Mean":0.05416256281103517,"UnitId":"Roche.C5800.UI","origin":"123","timestamp":"2026-09-23T05:55:17.726Z"}
{"Counter":"working-set-combined","Mean":775,"UnitId":"Roche.C5800.UI","origin":"123","timestamp":"2026-09-23T05:55:17.726Z"}
{"Counter":"cpu-usage-GPU","Mean":0,"UnitId":"Roche.C5800.UI","origin":"123","timestamp":"2026-09-23T05:55:47.727Z"}
{"Counter":"working-set-GPU","Mean":123,"UnitId":"Roche.C5800.UI","origin":"123","timestamp":"2026-09-23T05:55:47.727Z"}
{"Counter":"cpu-usage-Tab","Mean":0.03333222670340678,"UnitId":"Roche.C5800.UI","origin":"123","timestamp":"2026-09-23T05:55:47.727Z"}
{"Counter":"working-set-Tab","Mean":387,"UnitId":"Roche.C5800.UI","origin":"123","timestamp":"2026-09-23T05:55:47.727Z"}
{"Counter":"cpu-usage-Browser","Mean":0.004166547920050946,"UnitId":"Roche.C5800.UI","origin":"123","timestamp":"2026-09-23T05:55:47.727Z"}
{"Counter":"working-set-Browser","Mean":192,"UnitId":"Roche.C5800.UI","origin":"123","timestamp":"2026-09-23T05:55:47.727Z"}
{"Counter":"cpu-usage-combined","Mean":0.0416653129607436,"UnitId":"Roche.C5800.UI","origin":"123","timestamp":"2026-09-23T05:55:47.727Z"}
{"Counter":"working-set-combined","Mean":775,"UnitId":"Roche.C5800.UI","origin":"123","timestamp":"2026-09-23T05:55:47.727Z"}
{"Counter":"cpu-usage-GPU","Mean":0.008329502872612315,"UnitId":"Roche.C5800.UI","origin":"123","timestamp":"2026-09-23T05:56:17.740Z"}
{"Counter":"working-set-GPU","Mean":123,"UnitId":"Roche.C5800.UI","origin":"123","timestamp":"2026-09-23T05:56:17.740Z"}
{"Counter":"cpu-usage-Tab","Mean":0.04164760455806044,"UnitId":"Roche.C5800.UI","origin":"123","timestamp":"2026-09-23T05:56:17.740Z"}
{"Counter":"working-set-Tab","Mean":387,"UnitId":"Roche.C5800.UI","origin":"123","timestamp":"2026-09-23T05:56:17.740Z"}
{"Counter":"cpu-usage-Browser","Mean":0.008329503150134797,"UnitId":"Roche.C5800.UI","origin":"123","timestamp":"2026-09-23T05:56:17.740Z"}
{"Counter":"working-set-Browser","Mean":192,"UnitId":"Roche.C5800.UI","origin":"123","timestamp":"2026-09-23T05:56:17.740Z"}
{"Counter":"cpu-usage-combined","Mean":0.05830661058080755,"UnitId":"Roche.C5800.UI","origin":"123","timestamp":"2026-09-23T05:56:17.740Z"}
{"Counter":"working-set-combined","Mean":775,"UnitId":"Roche.C5800.UI","origin":"123","timestamp":"2026-09-23T05:56:17.740Z"}
{"Counter":"cpu-usage-GPU","Mean":0,"UnitId":"Roche.C5800.UI","origin":"123","timestamp":"2026-09-23T05:56:47.752Z"}
{"Counter":"working-set-GPU","Mean":123,"UnitId":"Roche.C5800.UI","origin":"123","timestamp":"2026-09-23T05:56:47.752Z"}
{"Counter":"cpu-usage-Tab","Mean":0.0333201241254592,"UnitId":"Roche.C5800.UI","origin":"123","timestamp":"2026-09-23T05:56:47.752Z"}
{"Counter":"working-set-Tab","Mean":386,"UnitId":"Roche.C5800.UI","origin":"123","timestamp":"2026-09-23T05:56:47.752Z"}
{"Counter":"cpu-usage-Browser","Mean":0.004165032724328913,"UnitId":"Roche.C5800.UI","origin":"123","timestamp":"2026-09-23T05:56:47.752Z"}
{"Counter":"working-set-Browser","Mean":192,"UnitId":"Roche.C5800.UI","origin":"123","timestamp":"2026-09-23T05:56:47.752Z"}
{"Counter":"cpu-usage-combined","Mean":0.037485156849788114,"UnitId":"Roche.C5800.UI","origin":"123","timestamp":"2026-09-23T05:56:47.752Z"}
{"Counter":"working-set-combined","Mean":774,"UnitId":"Roche.C5800.UI","origin":"123","timestamp":"2026-09-23T05:56:47.752Z"}
{"Counter":"cpu-usage-GPU","Mean":0.008330259467589793,"UnitId":"Roche.C5800.UI","origin":"123","timestamp":"2026-09-23T05:57:17.763Z"}
{"Counter":"working-set-GPU","Mean":123,"UnitId":"Roche.C5800.UI","origin":"123","timestamp":"2026-09-23T05:57:17.763Z"}
{"Counter":"cpu-usage-Tab","Mean":0.049981350292160984,"UnitId":"Roche.C5800.UI","origin":"123","timestamp":"2026-09-23T05:57:17.763Z"}
{"Counter":"working-set-Tab","Mean":387,"UnitId":"Roche.C5800.UI","origin":"123","timestamp":"2026-09-23T05:57:17.763Z"}
{"Counter":"cpu-usage-Browser","Mean":0.00833021727672402,"UnitId":"Roche.C5800.UI","origin":"123","timestamp":"2026-09-23T05:57:17.763Z"}
{"Counter":"working-set-Browser","Mean":192,"UnitId":"Roche.C5800.UI","origin":"123","timestamp":"2026-09-23T05:57:17.763Z"}
{"Counter":"cpu-usage-combined","Mean":0.0666418270364748,"UnitId":"Roche.C5800.UI","origin":"123","timestamp":"2026-09-23T05:57:17.763Z"}
{"Counter":"working-set-combined","Mean":775,"UnitId":"Roche.C5800.UI","origin":"123","timestamp":"2026-09-23T05:57:17.763Z"}
{"Counter":"cpu-usage-GPU","Mean":0,"UnitId":"Roche.C5800.UI","origin":"123","timestamp":"2026-09-23T05:57:47.772Z"}
{"Counter":"working-set-GPU","Mean":123,"UnitId":"Roche.C5800.UI","origin":"123","timestamp":"2026-09-23T05:57:47.772Z"}
{"Counter":"cpu-usage-Tab","Mean":0.033323739428751796,"UnitId":"Roche.C5800.UI","origin":"123","timestamp":"2026-09-23T05:57:47.772Z"}
{"Counter":"working-set-Tab","Mean":387,"UnitId":"Roche.C5800.UI","origin":"123","timestamp":"2026-09-23T05:57:47.772Z"}
{"Counter":"cpu-usage-Browser","Mean":0.004165462292669113,"UnitId":"Roche.C5800.UI","origin":"123","timestamp":"2026-09-23T05:57:47.772Z"}
{"Counter":"working-set-Browser","Mean":192,"UnitId":"Roche.C5800.UI","origin":"123","timestamp":"2026-09-23T05:57:47.772Z"}
{"Counter":"cpu-usage-combined","Mean":0.03748920172142091,"UnitId":"Roche.C5800.UI","origin":"123","timestamp":"2026-09-23T05:57:47.772Z"}
{"Counter":"working-set-combined","Mean":775,"UnitId":"Roche.C5800.UI","origin":"123","timestamp":"2026-09-23T05:57:47.772Z"}
{"Counter":"cpu-usage-GPU","Mean":0.004165591943945128,"UnitId":"Roche.C5800.UI","origin":"123","timestamp":"2026-09-23T05:58:17.780Z"}
{"Counter":"working-set-GPU","Mean":123,"UnitId":"Roche.C5800.UI","origin":"123","timestamp":"2026-09-23T05:58:17.780Z"}
{"Counter":"cpu-usage-Tab","Mean":0.03749015883330626,"UnitId":"Roche.C5800.UI","origin":"123","timestamp":"2026-09-23T05:58:17.780Z"}
{"Counter":"working-set-Tab","Mean":387,"UnitId":"Roche.C5800.UI","origin":"123","timestamp":"2026-09-23T05:58:17.780Z"}
{"Counter":"cpu-usage-Browser","Mean":0.008331138078449662,"UnitId":"Roche.C5800.UI","origin":"123","timestamp":"2026-09-23T05:58:17.780Z"}
{"Counter":"working-set-Browser","Mean":192,"UnitId":"Roche.C5800.UI","origin":"123","timestamp":"2026-09-23T05:58:17.780Z"}
{"Counter":"cpu-usage-combined","Mean":0.05415244845547808,"UnitId":"Roche.C5800.UI","origin":"123","timestamp":"2026-09-23T05:58:17.780Z"}
{"Counter":"working-set-combined","Mean":775,"UnitId":"Roche.C5800.UI","origin":"123","timestamp":"2026-09-23T05:58:17.780Z"}
{"Counter":"cpu-usage-GPU","Mean":0,"UnitId":"Roche.C5800.UI","origin":"123","timestamp":"2026-09-23T05:58:47.784Z"}
{"Counter":"working-set-GPU","Mean":123,"UnitId":"Roche.C5800.UI","origin":"123","timestamp":"2026-09-23T05:58:47.784Z"}
{"Counter":"cpu-usage-Tab","Mean":0.029163827082036447,"UnitId":"Roche.C5800.UI","origin":"123","timestamp":"2026-09-23T05:58:47.784Z"}
{"Counter":"working-set-Tab","Mean":387,"UnitId":"Roche.C5800.UI","origin":"123","timestamp":"2026-09-23T05:58:47.784Z"}
{"Counter":"cpu-usage-Browser","Mean":0.004166457788249549,"UnitId":"Roche.C5800.UI","origin":"123","timestamp":"2026-09-23T05:58:47.784Z"}
{"Counter":"working-set-Browser","Mean":192,"UnitId":"Roche.C5800.UI","origin":"123","timestamp":"2026-09-23T05:58:47.784Z"}
{"Counter":"cpu-usage-combined","Mean":0.033330284870286,"UnitId":"Roche.C5800.UI","origin":"123","timestamp":"2026-09-23T05:58:47.784Z"}
{"Counter":"working-set-combined","Mean":775,"UnitId":"Roche.C5800.UI","origin":"123","timestamp":"2026-09-23T05:58:47.784Z"}
{"Counter":"cpu-usage-GPU","Mean":0.004165802679191003,"UnitId":"Roche.C5800.UI","origin":"123","timestamp":"2026-09-23T05:59:17.790Z"}
{"Counter":"working-set-GPU","Mean":123,"UnitId":"Roche.C5800.UI","origin":"123","timestamp":"2026-09-23T05:59:17.790Z"}
{"Counter":"cpu-usage-Tab","Mean":0.03749137073616889,"UnitId":"Roche.C5800.UI","origin":"123","timestamp":"2026-09-23T05:59:17.790Z"}
{"Counter":"working-set-Tab","Mean":387,"UnitId":"Roche.C5800.UI","origin":"123","timestamp":"2026-09-23T05:59:17.790Z"}
{"Counter":"cpu-usage-Browser","Mean":0.008331068948793052,"UnitId":"Roche.C5800.UI","origin":"123","timestamp":"2026-09-23T05:59:17.790Z"}
{"Counter":"working-set-Browser","Mean":192,"UnitId":"Roche.C5800.UI","origin":"123","timestamp":"2026-09-23T05:59:17.790Z"}
{"Counter":"cpu-usage-combined","Mean":0.05415385721307027,"UnitId":"Roche.C5800.UI","origin":"123","timestamp":"2026-09-23T05:59:17.790Z"}
{"Counter":"working-set-combined","Mean":775,"UnitId":"Roche.C5800.UI","origin":"123","timestamp":"2026-09-23T05:59:17.790Z"}
{"Counter":"cpu-usage-GPU","Mean":0,"UnitId":"Roche.C5800.UI","origin":"123","timestamp":"2026-09-23T05:59:47.796Z"}
{"Counter":"working-set-GPU","Mean":123,"UnitId":"Roche.C5800.UI","origin":"123","timestamp":"2026-09-23T05:59:47.796Z"}
{"Counter":"cpu-usage-Tab","Mean":0.033326357015931334,"UnitId":"Roche.C5800.UI","origin":"123","timestamp":"2026-09-23T05:59:47.796Z"}
{"Counter":"working-set-Tab","Mean":387,"UnitId":"Roche.C5800.UI","origin":"123","timestamp":"2026-09-23T05:59:47.796Z"}
{"Counter":"cpu-usage-Browser","Mean":0.004165790600903297,"UnitId":"Roche.C5800.UI","origin":"123","timestamp":"2026-09-23T05:59:47.796Z"}
{"Counter":"working-set-Browser","Mean":192,"UnitId":"Roche.C5800.UI","origin":"123","timestamp":"2026-09-23T05:59:47.796Z"}
{"Counter":"cpu-usage-combined","Mean":0.03749214761683463,"UnitId":"Roche.C5800.UI","origin":"123","timestamp":"2026-09-23T05:59:47.796Z"}
{"Counter":"working-set-combined","Mean":775,"UnitId":"Roche.C5800.UI","origin":"123","timestamp":"2026-09-23T05:59:47.796Z"}
{"Counter":"cpu-usage-GPU","Mean":0.008332017152357166,"UnitId":"Roche.C5800.UI","origin":"123","timestamp":"2026-09-23T06:00:17.801Z"}
{"Counter":"working-set-GPU","Mean":123,"UnitId":"Roche.C5800.UI","origin":"123","timestamp":"2026-09-23T06:00:17.801Z"}
{"Counter":"cpu-usage-Tab","Mean":0.04582597979110952,"UnitId":"Roche.C5800.UI","origin":"123","timestamp":"2026-09-23T06:00:17.801Z"}
{"Counter":"working-set-Tab","Mean":387,"UnitId":"Roche.C5800.UI","origin":"123","timestamp":"2026-09-23T06:00:17.801Z"}
{"Counter":"cpu-usage-Browser","Mean":0.008331955505624553,"UnitId":"Roche.C5800.UI","origin":"123","timestamp":"2026-09-23T06:00:17.801Z"}
{"Counter":"working-set-Browser","Mean":192,"UnitId":"Roche.C5800.UI","origin":"123","timestamp":"2026-09-23T06:00:17.801Z"}
{"Counter":"cpu-usage-combined","Mean":0.06248995244909124,"UnitId":"Roche.C5800.UI","origin":"123","timestamp":"2026-09-23T06:00:17.801Z"}
{"Counter":"working-set-combined","Mean":775,"UnitId":"Roche.C5800.UI","origin":"123","timestamp":"2026-09-23T06:00:17.801Z"}
{"Counter":"cpu-usage-GPU","Mean":0,"UnitId":"Roche.C5800.UI","origin":"123","timestamp":"2026-09-23T06:00:47.803Z"}
{"Counter":"working-set-GPU","Mean":123,"UnitId":"Roche.C5800.UI","origin":"123","timestamp":"2026-09-23T06:00:47.803Z"}
{"Counter":"cpu-usage-Tab","Mean":0.0333303247160223,"UnitId":"Roche.C5800.UI","origin":"123","timestamp":"2026-09-23T06:00:47.803Z"}
{"Counter":"working-set-Tab","Mean":387,"UnitId":"Roche.C5800.UI","origin":"123","timestamp":"2026-09-23T06:00:47.803Z"}
{"Counter":"cpu-usage-Browser","Mean":0.004166302392960775,"UnitId":"Roche.C5800.UI","origin":"123","timestamp":"2026-09-23T06:00:47.803Z"}
{"Counter":"working-set-Browser","Mean":192,"UnitId":"Roche.C5800.UI","origin":"123","timestamp":"2026-09-23T06:00:47.803Z"}
{"Counter":"cpu-usage-combined","Mean":0.03749662710898308,"UnitId":"Roche.C5800.UI","origin":"123","timestamp":"2026-09-23T06:00:47.803Z"}
{"Counter":"working-set-combined","Mean":775,"UnitId":"Roche.C5800.UI","origin":"123","timestamp":"2026-09-23T06:00:47.803Z"}
{"Counter":"cpu-usage-GPU","Mean":0.00416622490795226,"UnitId":"Roche.C5800.UI","origin":"123","timestamp":"2026-09-23T06:01:17.807Z"}
{"Counter":"working-set-GPU","Mean":123,"UnitId":"Roche.C5800.UI","origin":"123","timestamp":"2026-09-23T06:01:17.807Z"}
{"Counter":"cpu-usage-Tab","Mean":0.04166237127618809,"UnitId":"Roche.C5800.UI","origin":"123","timestamp":"2026-09-23T06:01:17.807Z"}
{"Counter":"working-set-Tab","Mean":387,"UnitId":"Roche.C5800.UI","origin":"123","timestamp":"2026-09-23T06:01:17.807Z"}
{"Counter":"cpu-usage-Browser","Mean":0.008332519523926496,"UnitId":"Roche.C5800.UI","origin":"123","timestamp":"2026-09-23T06:01:17.807Z"}
{"Counter":"working-set-Browser","Mean":192,"UnitId":"Roche.C5800.UI","origin":"123","timestamp":"2026-09-23T06:01:17.807Z"}
{"Counter":"cpu-usage-combined","Mean":0.054161115708066844,"UnitId":"Roche.C5800.UI","origin":"123","timestamp":"2026-09-23T06:01:17.807Z"}
{"Counter":"working-set-combined","Mean":775,"UnitId":"Roche.C5800.UI","origin":"123","timestamp":"2026-09-23T06:01:17.807Z"}
{"Counter":"cpu-usage-GPU","Mean":0,"UnitId":"Roche.C5800.UI","origin":"123","timestamp":"2026-09-23T06:01:47.808Z"}
{"Counter":"working-set-GPU","Mean":123,"UnitId":"Roche.C5800.UI","origin":"123","timestamp":"2026-09-23T06:01:47.808Z"}
{"Counter":"cpu-usage-Tab","Mean":0.03333180118153902,"UnitId":"Roche.C5800.UI","origin":"123","timestamp":"2026-09-23T06:01:47.808Z"}
{"Counter":"working-set-Tab","Mean":387,"UnitId":"Roche.C5800.UI","origin":"123","timestamp":"2026-09-23T06:01:47.808Z"}
{"Counter":"cpu-usage-Browser","Mean":0.004166433624145956,"UnitId":"Roche.C5800.UI","origin":"123","timestamp":"2026-09-23T06:01:47.808Z"}
{"Counter":"working-set-Browser","Mean":192,"UnitId":"Roche.C5800.UI","origin":"123","timestamp":"2026-09-23T06:01:47.808Z"}
{"Counter":"cpu-usage-combined","Mean":0.037498234805684975,"UnitId":"Roche.C5800.UI","origin":"123","timestamp":"2026-09-23T06:01:47.808Z"}
{"Counter":"working-set-combined","Mean":775,"UnitId":"Roche.C5800.UI","origin":"123","timestamp":"2026-09-23T06:01:47.808Z"}
{"Counter":"cpu-usage-GPU","Mean":0.008333008901520101,"UnitId":"Roche.C5800.UI","origin":"123","timestamp":"2026-09-23T06:02:17.809Z"}
{"Counter":"working-set-GPU","Mean":123,"UnitId":"Roche.C5800.UI","origin":"123","timestamp":"2026-09-23T06:02:17.809Z"}
{"Counter":"cpu-usage-Tab","Mean":0.03749879753855893,"UnitId":"Roche.C5800.UI","origin":"123","timestamp":"2026-09-23T06:02:17.809Z"}
{"Counter":"working-set-Tab","Mean":387,"UnitId":"Roche.C5800.UI","origin":"123","timestamp":"2026-09-23T06:02:17.809Z"}
{"Counter":"cpu-usage-Browser","Mean":0.004166587362620531,"UnitId":"Roche.C5800.UI","origin":"123","timestamp":"2026-09-23T06:02:17.809Z"}
{"Counter":"working-set-Browser","Mean":192,"UnitId":"Roche.C5800.UI","origin":"123","timestamp":"2026-09-23T06:02:17.809Z"}
{"Counter":"cpu-usage-combined","Mean":0.04999839380269956,"UnitId":"Roche.C5800.UI","origin":"123","timestamp":"2026-09-23T06:02:17.809Z"}
{"Counter":"working-set-combined","Mean":775,"UnitId":"Roche.C5800.UI","origin":"123","timestamp":"2026-09-23T06:02:17.809Z"}
{"Counter":"cpu-usage-GPU","Mean":0,"UnitId":"Roche.C5800.UI","origin":"123","timestamp":"2026-09-23T06:02:47.810Z"}
{"Counter":"working-set-GPU","Mean":123,"UnitId":"Roche.C5800.UI","origin":"123","timestamp":"2026-09-23T06:02:47.810Z"}
{"Counter":"cpu-usage-Tab","Mean":0.029165418386759713,"UnitId":"Roche.C5800.UI","origin":"123","timestamp":"2026-09-23T06:02:47.810Z"}
{"Counter":"working-set-Tab","Mean":387,"UnitId":"Roche.C5800.UI","origin":"123","timestamp":"2026-09-23T06:02:47.810Z"}
{"Counter":"cpu-usage-Browser","Mean":0.008332890856828836,"UnitId":"Roche.C5800.UI","origin":"123","timestamp":"2026-09-23T06:02:47.810Z"}
{"Counter":"working-set-Browser","Mean":192,"UnitId":"Roche.C5800.UI","origin":"123","timestamp":"2026-09-23T06:02:47.810Z"}
{"Counter":"cpu-usage-combined","Mean":0.037498309243588546,"UnitId":"Roche.C5800.UI","origin":"123","timestamp":"2026-09-23T06:02:47.810Z"}
{"Counter":"working-set-combined","Mean":775,"UnitId":"Roche.C5800.UI","origin":"123","timestamp":"2026-09-23T06:02:47.810Z"}
{"Counter":"cpu-usage-GPU","Mean":0,"UnitId":"Roche.C5800.UI","origin":"123","timestamp":"2026-09-23T06:03:17.825Z"}
{"Counter":"working-set-GPU","Mean":123,"UnitId":"Roche.C5800.UI","origin":"123","timestamp":"2026-09-23T06:03:17.825Z"}
{"Counter":"cpu-usage-Tab","Mean":0.04164647645488134,"UnitId":"Roche.C5800.UI","origin":"123","timestamp":"2026-09-23T06:03:17.825Z"}
{"Counter":"working-set-Tab","Mean":388,"UnitId":"Roche.C5800.UI","origin":"123","timestamp":"2026-09-23T06:03:17.825Z"}
{"Counter":"cpu-usage-Browser","Mean":0.00832928613320121,"UnitId":"Roche.C5800.UI","origin":"123","timestamp":"2026-09-23T06:03:17.825Z"}
{"Counter":"working-set-Browser","Mean":192,"UnitId":"Roche.C5800.UI","origin":"123","timestamp":"2026-09-23T06:03:17.825Z"}
{"Counter":"cpu-usage-combined","Mean":0.049975762588082555,"UnitId":"Roche.C5800.UI","origin":"123","timestamp":"2026-09-23T06:03:17.825Z"}
{"Counter":"working-set-combined","Mean":776,"UnitId":"Roche.C5800.UI","origin":"123","timestamp":"2026-09-23T06:03:17.825Z"}
{"Counter":"cpu-usage-GPU","Mean":0,"UnitId":"Roche.C5800.UI","origin":"123","timestamp":"2026-09-23T06:03:47.836Z"}
{"Counter":"working-set-GPU","Mean":123,"UnitId":"Roche.C5800.UI","origin":"123","timestamp":"2026-09-23T06:03:47.836Z"}
{"Counter":"cpu-usage-Tab","Mean":0.03332075141759805,"UnitId":"Roche.C5800.UI","origin":"123","timestamp":"2026-09-23T06:03:47.836Z"}
{"Counter":"working-set-Tab","Mean":387,"UnitId":"Roche.C5800.UI","origin":"123","timestamp":"2026-09-23T06:03:47.836Z"}
{"Counter":"cpu-usage-Browser","Mean":0.004165127651999253,"UnitId":"Roche.C5800.UI","origin":"123","timestamp":"2026-09-23T06:03:47.836Z"}
{"Counter":"working-set-Browser","Mean":192,"UnitId":"Roche.C5800.UI","origin":"123","timestamp":"2026-09-23T06:03:47.836Z"}
{"Counter":"cpu-usage-combined","Mean":0.041650978686951265,"UnitId":"Roche.C5800.UI","origin":"123","timestamp":"2026-09-23T06:03:47.836Z"}
{"Counter":"working-set-combined","Mean":775,"UnitId":"Roche.C5800.UI","origin":"123","timestamp":"2026-09-23T06:03:47.836Z"}
{"Counter":"cpu-usage-GPU","Mean":0.008330033251826735,"UnitId":"Roche.C5800.UI","origin":"123","timestamp":"2026-09-23T06:04:17.848Z"}
{"Counter":"working-set-GPU","Mean":123,"UnitId":"Roche.C5800.UI","origin":"123","timestamp":"2026-09-23T06:04:17.848Z"}
{"Counter":"cpu-usage-Tab","Mean":0.04165017874923913,"UnitId":"Roche.C5800.UI","origin":"123","timestamp":"2026-09-23T06:04:17.848Z"}
{"Counter":"working-set-Tab","Mean":387,"UnitId":"Roche.C5800.UI","origin":"123","timestamp":"2026-09-23T06:04:17.848Z"}
{"Counter":"cpu-usage-Browser","Mean":0.008330038525428575,"UnitId":"Roche.C5800.UI","origin":"123","timestamp":"2026-09-23T06:04:17.848Z"}
{"Counter":"working-set-Browser","Mean":192,"UnitId":"Roche.C5800.UI","origin":"123","timestamp":"2026-09-23T06:04:17.848Z"}
{"Counter":"cpu-usage-combined","Mean":0.05831025052649444,"UnitId":"Roche.C5800.UI","origin":"123","timestamp":"2026-09-23T06:04:17.848Z"}
{"Counter":"working-set-combined","Mean":775,"UnitId":"Roche.C5800.UI","origin":"123","timestamp":"2026-09-23T06:04:17.848Z"}
{"Counter":"cpu-usage-GPU","Mean":0,"UnitId":"Roche.C5800.UI","origin":"123","timestamp":"2026-09-23T06:04:47.859Z"}
{"Counter":"working-set-GPU","Mean":123,"UnitId":"Roche.C5800.UI","origin":"123","timestamp":"2026-09-23T06:04:47.859Z"}
{"Counter":"cpu-usage-Tab","Mean":0.03748640243229106,"UnitId":"Roche.C5800.UI","origin":"123","timestamp":"2026-09-23T06:04:47.859Z"}
{"Counter":"working-set-Tab","Mean":387,"UnitId":"Roche.C5800.UI","origin":"123","timestamp":"2026-09-23T06:04:47.859Z"}
{"Counter":"cpu-usage-Browser","Mean":0.008330313039502312,"UnitId":"Roche.C5800.UI","origin":"123","timestamp":"2026-09-23T06:04:47.859Z"}
{"Counter":"working-set-Browser","Mean":192,"UnitId":"Roche.C5800.UI","origin":"123","timestamp":"2026-09-23T06:04:47.859Z"}
{"Counter":"cpu-usage-combined","Mean":0.049981871158815305,"UnitId":"Roche.C5800.UI","origin":"123","timestamp":"2026-09-23T06:04:47.859Z"}
{"Counter":"working-set-combined","Mean":775,"UnitId":"Roche.C5800.UI","origin":"123","timestamp":"2026-09-23T06:04:47.859Z"}
{"Counter":"cpu-usage-GPU","Mean":0.004165381646428743,"UnitId":"Roche.C5800.UI","origin":"123","timestamp":"2026-09-23T06:05:17.868Z"}
{"Counter":"working-set-GPU","Mean":123,"UnitId":"Roche.C5800.UI","origin":"123","timestamp":"2026-09-23T06:05:17.868Z"}
{"Counter":"cpu-usage-Tab","Mean":0.037488363611934854,"UnitId":"Roche.C5800.UI","origin":"123","timestamp":"2026-09-23T06:05:17.868Z"}
{"Counter":"working-set-Tab","Mean":388,"UnitId":"Roche.C5800.UI","origin":"123","timestamp":"2026-09-23T06:05:17.868Z"}
{"Counter":"cpu-usage-Browser","Mean":0.008330680566951463,"UnitId":"Roche.C5800.UI","origin":"123","timestamp":"2026-09-23T06:05:17.868Z"}
{"Counter":"working-set-Browser","Mean":192,"UnitId":"Roche.C5800.UI","origin":"123","timestamp":"2026-09-23T06:05:17.868Z"}
{"Counter":"cpu-usage-combined","Mean":0.049984425825315065,"UnitId":"Roche.C5800.UI","origin":"123","timestamp":"2026-09-23T06:05:17.868Z"}
{"Counter":"working-set-combined","Mean":776,"UnitId":"Roche.C5800.UI","origin":"123","timestamp":"2026-09-23T06:05:17.868Z"}
{"Counter":"cpu-usage-GPU","Mean":0,"UnitId":"Roche.C5800.UI","origin":"123","timestamp":"2026-09-23T06:05:47.872Z"}
{"Counter":"working-set-GPU","Mean":123,"UnitId":"Roche.C5800.UI","origin":"123","timestamp":"2026-09-23T06:05:47.872Z"}
{"Counter":"cpu-usage-Tab","Mean":0.033329015003955985,"UnitId":"Roche.C5800.UI","origin":"123","timestamp":"2026-09-23T06:05:47.872Z"}
{"Counter":"working-set-Tab","Mean":387,"UnitId":"Roche.C5800.UI","origin":"123","timestamp":"2026-09-23T06:05:47.872Z"}
{"Counter":"cpu-usage-Browser","Mean":0.004166156867937926,"UnitId":"Roche.C5800.UI","origin":"123","timestamp":"2026-09-23T06:05:47.872Z"}
{"Counter":"working-set-Browser","Mean":192,"UnitId":"Roche.C5800.UI","origin":"123","timestamp":"2026-09-23T06:05:47.872Z"}
{"Counter":"cpu-usage-combined","Mean":0.03749517187189391,"UnitId":"Roche.C5800.UI","origin":"123","timestamp":"2026-09-23T06:05:47.872Z"}
{"Counter":"working-set-combined","Mean":775,"UnitId":"Roche.C5800.UI","origin":"123","timestamp":"2026-09-23T06:05:47.872Z"}
{"Counter":"cpu-usage-GPU","Mean":0.008332107124901452,"UnitId":"Roche.C5800.UI","origin":"123","timestamp":"2026-09-23T06:06:17.877Z"}
{"Counter":"working-set-GPU","Mean":123,"UnitId":"Roche.C5800.UI","origin":"123","timestamp":"2026-09-23T06:06:17.877Z"}
{"Counter":"cpu-usage-Tab","Mean":0.03749425463038214,"UnitId":"Roche.C5800.UI","origin":"123","timestamp":"2026-09-23T06:06:17.877Z"}
{"Counter":"working-set-Tab","Mean":387,"UnitId":"Roche.C5800.UI","origin":"123","timestamp":"2026-09-23T06:06:17.877Z"}
{"Counter":"cpu-usage-Browser","Mean":0.008331896081259315,"UnitId":"Roche.C5800.UI","origin":"123","timestamp":"2026-09-23T06:06:17.877Z"}
{"Counter":"working-set-Browser","Mean":192,"UnitId":"Roche.C5800.UI","origin":"123","timestamp":"2026-09-23T06:06:17.877Z"}
{"Counter":"cpu-usage-combined","Mean":0.05415825783654291,"UnitId":"Roche.C5800.UI","origin":"123","timestamp":"2026-09-23T06:06:17.877Z"}
{"Counter":"working-set-combined","Mean":775,"UnitId":"Roche.C5800.UI","origin":"123","timestamp":"2026-09-23T06:06:17.877Z"}
{"Counter":"cpu-usage-GPU","Mean":0,"UnitId":"Roche.C5800.UI","origin":"123","timestamp":"2026-09-23T06:06:47.879Z"}
{"Counter":"working-set-GPU","Mean":123,"UnitId":"Roche.C5800.UI","origin":"123","timestamp":"2026-09-23T06:06:47.879Z"}
{"Counter":"cpu-usage-Tab","Mean":0.033330845741212846,"UnitId":"Roche.C5800.UI","origin":"123","timestamp":"2026-09-23T06:06:47.879Z"}
{"Counter":"working-set-Tab","Mean":388,"UnitId":"Roche.C5800.UI","origin":"123","timestamp":"2026-09-23T06:06:47.879Z"}
{"Counter":"cpu-usage-Browser","Mean":0.004166435568373808,"UnitId":"Roche.C5800.UI","origin":"123","timestamp":"2026-09-23T06:06:47.879Z"}
{"Counter":"working-set-Browser","Mean":192,"UnitId":"Roche.C5800.UI","origin":"123","timestamp":"2026-09-23T06:06:47.879Z"}
{"Counter":"cpu-usage-combined","Mean":0.037497281309586655,"UnitId":"Roche.C5800.UI","origin":"123","timestamp":"2026-09-23T06:06:47.879Z"}
{"Counter":"working-set-combined","Mean":776,"UnitId":"Roche.C5800.UI","origin":"123","timestamp":"2026-09-23T06:06:47.879Z"}
{"Counter":"cpu-usage-GPU","Mean":0,"UnitId":"Roche.C5800.UI","origin":"123","timestamp":"2026-09-23T06:07:17.882Z"}
{"Counter":"working-set-GPU","Mean":123,"UnitId":"Roche.C5800.UI","origin":"123","timestamp":"2026-09-23T06:07:17.882Z"}
{"Counter":"cpu-usage-Tab","Mean":0.03749634160693722,"UnitId":"Roche.C5800.UI","origin":"123","timestamp":"2026-09-23T06:07:17.882Z"}
{"Counter":"working-set-Tab","Mean":387,"UnitId":"Roche.C5800.UI","origin":"123","timestamp":"2026-09-23T06:07:17.882Z"}
{"Counter":"cpu-usage-Browser","Mean":0.008332434819112005,"UnitId":"Roche.C5800.UI","origin":"123","timestamp":"2026-09-23T06:07:17.882Z"}
{"Counter":"working-set-Browser","Mean":192,"UnitId":"Roche.C5800.UI","origin":"123","timestamp":"2026-09-23T06:07:17.882Z"}
{"Counter":"cpu-usage-combined","Mean":0.04999499689050415,"UnitId":"Roche.C5800.UI","origin":"123","timestamp":"2026-09-23T06:07:17.882Z"}
{"Counter":"working-set-combined","Mean":775,"UnitId":"Roche.C5800.UI","origin":"123","timestamp":"2026-09-23T06:07:17.882Z"}
{"Counter":"cpu-usage-GPU","Mean":0,"UnitId":"Roche.C5800.UI","origin":"123","timestamp":"2026-09-23T06:07:47.887Z"}
{"Counter":"working-set-GPU","Mean":123,"UnitId":"Roche.C5800.UI","origin":"123","timestamp":"2026-09-23T06:07:47.887Z"}
{"Counter":"cpu-usage-Tab","Mean":0.033328536246016324,"UnitId":"Roche.C5800.UI","origin":"123","timestamp":"2026-09-23T06:07:47.887Z"}
{"Counter":"working-set-Tab","Mean":387,"UnitId":"Roche.C5800.UI","origin":"123","timestamp":"2026-09-23T06:07:47.887Z"}
{"Counter":"cpu-usage-Browser","Mean":0.008332265136942777,"UnitId":"Roche.C5800.UI","origin":"123","timestamp":"2026-09-23T06:07:47.887Z"}
{"Counter":"working-set-Browser","Mean":192,"UnitId":"Roche.C5800.UI","origin":"123","timestamp":"2026-09-23T06:07:47.887Z"}
{"Counter":"cpu-usage-combined","Mean":0.0416608013829591,"UnitId":"Roche.C5800.UI","origin":"123","timestamp":"2026-09-23T06:07:47.887Z"}
{"Counter":"working-set-combined","Mean":775,"UnitId":"Roche.C5800.UI","origin":"123","timestamp":"2026-09-23T06:07:47.887Z"}
{"Counter":"cpu-usage-GPU","Mean":0.008332132673015151,"UnitId":"Roche.C5800.UI","origin":"123","timestamp":"2026-09-23T06:08:17.891Z"}
{"Counter":"working-set-GPU","Mean":123,"UnitId":"Roche.C5800.UI","origin":"123","timestamp":"2026-09-23T06:08:17.891Z"}
{"Counter":"cpu-usage-Tab","Mean":0.041660327353521036,"UnitId":"Roche.C5800.UI","origin":"123","timestamp":"2026-09-23T06:08:17.891Z"}
{"Counter":"working-set-Tab","Mean":387,"UnitId":"Roche.C5800.UI","origin":"123","timestamp":"2026-09-23T06:08:17.891Z"}
{"Counter":"cpu-usage-Browser","Mean":0.008331999657921422,"UnitId":"Roche.C5800.UI","origin":"123","timestamp":"2026-09-23T06:08:17.891Z"}
{"Counter":"working-set-Browser","Mean":192,"UnitId":"Roche.C5800.UI","origin":"123","timestamp":"2026-09-23T06:08:17.891Z"}
{"Counter":"cpu-usage-combined","Mean":0.05832445968445761,"UnitId":"Roche.C5800.UI","origin":"123","timestamp":"2026-09-23T06:08:17.891Z"}
{"Counter":"working-set-combined","Mean":775,"UnitId":"Roche.C5800.UI","origin":"123","timestamp":"2026-09-23T06:08:17.891Z"}
{"Counter":"cpu-usage-GPU","Mean":0,"UnitId":"Roche.C5800.UI","origin":"123","timestamp":"2026-09-23T06:08:47.893Z"}
{"Counter":"working-set-GPU","Mean":123,"UnitId":"Roche.C5800.UI","origin":"123","timestamp":"2026-09-23T06:08:47.893Z"}
{"Counter":"cpu-usage-Tab","Mean":0.03333116125265837,"UnitId":"Roche.C5800.UI","origin":"123","timestamp":"2026-09-23T06:08:47.893Z"}
{"Counter":"working-set-Tab","Mean":387,"UnitId":"Roche.C5800.UI","origin":"123","timestamp":"2026-09-23T06:08:47.893Z"}
{"Counter":"cpu-usage-Browser","Mean":0.008332864748572305,"UnitId":"Roche.C5800.UI","origin":"123","timestamp":"2026-09-23T06:08:47.893Z"}
{"Counter":"working-set-Browser","Mean":192,"UnitId":"Roche.C5800.UI","origin":"123","timestamp":"2026-09-23T06:08:47.893Z"}
{"Counter":"cpu-usage-combined","Mean":0.041664026001230675,"UnitId":"Roche.C5800.UI","origin":"123","timestamp":"2026-09-23T06:08:47.893Z"}
{"Counter":"working-set-combined","Mean":775,"UnitId":"Roche.C5800.UI","origin":"123","timestamp":"2026-09-23T06:08:47.893Z"}
{"Counter":"cpu-usage-GPU","Mean":0.004166408349349007,"UnitId":"Roche.C5800.UI","origin":"123","timestamp":"2026-09-23T06:09:17.895Z"}
{"Counter":"working-set-GPU","Mean":123,"UnitId":"Roche.C5800.UI","origin":"123","timestamp":"2026-09-23T06:09:17.895Z"}
{"Counter":"cpu-usage-Tab","Mean":0.03749746017203102,"UnitId":"Roche.C5800.UI","origin":"123","timestamp":"2026-09-23T06:09:17.895Z"}
{"Counter":"working-set-Tab","Mean":388,"UnitId":"Roche.C5800.UI","origin":"123","timestamp":"2026-09-23T06:09:17.895Z"}
{"Counter":"cpu-usage-Browser","Mean":0,"UnitId":"Roche.C5800.UI","origin":"123","timestamp":"2026-09-23T06:09:17.895Z"}
{"Counter":"working-set-Browser","Mean":192,"UnitId":"Roche.C5800.UI","origin":"123","timestamp":"2026-09-23T06:09:17.895Z"}
{"Counter":"cpu-usage-combined","Mean":0.04166386852138002,"UnitId":"Roche.C5800.UI","origin":"123","timestamp":"2026-09-23T06:09:17.895Z"}
{"Counter":"working-set-combined","Mean":776,"UnitId":"Roche.C5800.UI","origin":"123","timestamp":"2026-09-23T06:09:17.895Z"}
{"Counter":"cpu-usage-GPU","Mean":0,"UnitId":"Roche.C5800.UI","origin":"123","timestamp":"2026-09-23T06:09:47.895Z"}
{"Counter":"working-set-GPU","Mean":123,"UnitId":"Roche.C5800.UI","origin":"123","timestamp":"2026-09-23T06:09:47.895Z"}
{"Counter":"cpu-usage-Tab","Mean":0.03333263890335618,"UnitId":"Roche.C5800.UI","origin":"123","timestamp":"2026-09-23T06:09:47.895Z"}
{"Counter":"working-set-Tab","Mean":387,"UnitId":"Roche.C5800.UI","origin":"123","timestamp":"2026-09-23T06:09:47.895Z"}
{"Counter":"cpu-usage-Browser","Mean":0.008333165558933413,"UnitId":"Roche.C5800.UI","origin":"123","timestamp":"2026-09-23T06:09:47.895Z"}
{"Counter":"working-set-Browser","Mean":192,"UnitId":"Roche.C5800.UI","origin":"123","timestamp":"2026-09-23T06:09:47.895Z"}
{"Counter":"cpu-usage-combined","Mean":0.041665804462289596,"UnitId":"Roche.C5800.UI","origin":"123","timestamp":"2026-09-23T06:09:47.895Z"}
{"Counter":"working-set-combined","Mean":775,"UnitId":"Roche.C5800.UI","origin":"123","timestamp":"2026-09-23T06:09:47.895Z"}
{"Counter":"cpu-usage-GPU","Mean":0.004165454658209616,"UnitId":"Roche.C5800.UI","origin":"123","timestamp":"2026-09-23T06:10:17.904Z"}
{"Counter":"working-set-GPU","Mean":123,"UnitId":"Roche.C5800.UI","origin":"123","timestamp":"2026-09-23T06:10:17.904Z"}
{"Counter":"cpu-usage-Tab","Mean":0.041654441088207275,"UnitId":"Roche.C5800.UI","origin":"123","timestamp":"2026-09-23T06:10:17.904Z"}
{"Counter":"working-set-Tab","Mean":387,"UnitId":"Roche.C5800.UI","origin":"123","timestamp":"2026-09-23T06:10:17.904Z"}
{"Counter":"cpu-usage-Browser","Mean":0.008330852960711831,"UnitId":"Roche.C5800.UI","origin":"123","timestamp":"2026-09-23T06:10:17.904Z"}
{"Counter":"working-set-Browser","Mean":192,"UnitId":"Roche.C5800.UI","origin":"123","timestamp":"2026-09-23T06:10:17.904Z"}
{"Counter":"cpu-usage-combined","Mean":0.05831618309945433,"UnitId":"Roche.C5800.UI","origin":"123","timestamp":"2026-09-23T06:10:17.904Z"}
{"Counter":"working-set-combined","Mean":775,"UnitId":"Roche.C5800.UI","origin":"123","timestamp":"2026-09-23T06:10:17.904Z"}
{"Counter":"cpu-usage-GPU","Mean":0.35416167298707757,"UnitId":"Roche.C5800.UI","origin":"123","timestamp":"2026-09-23T06:10:47.905Z"}
{"Counter":"working-set-GPU","Mean":129,"UnitId":"Roche.C5800.UI","origin":"123","timestamp":"2026-09-23T06:10:47.905Z"}
{"Counter":"cpu-usage-Tab","Mean":0.766660814489116,"UnitId":"Roche.C5800.UI","origin":"123","timestamp":"2026-09-23T06:10:47.905Z"}
{"Counter":"working-set-Tab","Mean":393,"UnitId":"Roche.C5800.UI","origin":"123","timestamp":"2026-09-23T06:10:47.905Z"}
{"Counter":"cpu-usage-Browser","Mean":0.07499966500149632,"UnitId":"Roche.C5800.UI","origin":"123","timestamp":"2026-09-23T06:10:47.905Z"}
{"Counter":"working-set-Browser","Mean":192,"UnitId":"Roche.C5800.UI","origin":"123","timestamp":"2026-09-23T06:10:47.905Z"}
{"Counter":"cpu-usage-combined","Mean":1.216655387200379,"UnitId":"Roche.C5800.UI","origin":"123","timestamp":"2026-09-23T06:10:47.905Z"}
{"Counter":"working-set-combined","Mean":787,"UnitId":"Roche.C5800.UI","origin":"123","timestamp":"2026-09-23T06:10:47.905Z"}
{"Counter":"cpu-usage-GPU","Mean":1.5000234503666074,"UnitId":"Roche.C5800.UI","origin":"123","timestamp":"2026-09-23T06:11:17.905Z"}
{"Counter":"working-set-GPU","Mean":131,"UnitId":"Roche.C5800.UI","origin":"123","timestamp":"2026-09-23T06:11:17.905Z"}
{"Counter":"cpu-usage-Tab","Mean":4.275158465873802,"UnitId":"Roche.C5800.UI","origin":"123","timestamp":"2026-09-23T06:11:17.905Z"}
{"Counter":"working-set-Tab","Mean":462,"UnitId":"Roche.C5800.UI","origin":"123","timestamp":"2026-09-23T06:11:17.905Z"}
{"Counter":"cpu-usage-Browser","Mean":0.4958753009129673,"UnitId":"Roche.C5800.UI","origin":"123","timestamp":"2026-09-23T06:11:17.905Z"}
{"Counter":"working-set-Browser","Mean":192,"UnitId":"Roche.C5800.UI","origin":"123","timestamp":"2026-09-23T06:11:17.905Z"}
{"Counter":"cpu-usage-combined","Mean":6.479403002619821,"UnitId":"Roche.C5800.UI","origin":"123","timestamp":"2026-09-23T06:11:17.905Z"}
{"Counter":"working-set-combined","Mean":858,"UnitId":"Roche.C5800.UI","origin":"123","timestamp":"2026-09-23T06:11:17.905Z"}
{"Counter":"cpu-usage-GPU","Mean":0.24990023149757845,"UnitId":"Roche.C5800.UI","origin":"123","timestamp":"2026-09-23T06:11:47.916Z"}
{"Counter":"working-set-GPU","Mean":123,"UnitId":"Roche.C5800.UI","origin":"123","timestamp":"2026-09-23T06:11:47.916Z"}
{"Counter":"cpu-usage-Tab","Mean":1.0287276400008356,"UnitId":"Roche.C5800.UI","origin":"123","timestamp":"2026-09-23T06:11:47.916Z"}
{"Counter":"working-set-Tab","Mean":379,"UnitId":"Roche.C5800.UI","origin":"123","timestamp":"2026-09-23T06:11:47.916Z"}
{"Counter":"cpu-usage-Browser","Mean":0.03748207856883362,"UnitId":"Roche.C5800.UI","origin":"123","timestamp":"2026-09-23T06:11:47.916Z"}
{"Counter":"working-set-Browser","Mean":192,"UnitId":"Roche.C5800.UI","origin":"123","timestamp":"2026-09-23T06:11:47.916Z"}
{"Counter":"cpu-usage-combined","Mean":1.324439514272778,"UnitId":"Roche.C5800.UI","origin":"123","timestamp":"2026-09-23T06:11:47.916Z"}
{"Counter":"working-set-combined","Mean":767,"UnitId":"Roche.C5800.UI","origin":"123","timestamp":"2026-09-23T06:11:47.916Z"}
{"Counter":"cpu-usage-GPU","Mean":0.004164880349484773,"UnitId":"Roche.C5800.UI","origin":"123","timestamp":"2026-09-23T06:12:17.929Z"}
{"Counter":"working-set-GPU","Mean":123,"UnitId":"Roche.C5800.UI","origin":"123","timestamp":"2026-09-23T06:12:17.929Z"}
{"Counter":"cpu-usage-Tab","Mean":0.11245199424365739,"UnitId":"Roche.C5800.UI","origin":"123","timestamp":"2026-09-23T06:12:17.929Z"}
{"Counter":"working-set-Tab","Mean":374,"UnitId":"Roche.C5800.UI","origin":"123","timestamp":"2026-09-23T06:12:17.929Z"}
{"Counter":"cpu-usage-Browser","Mean":0.012494695168921115,"UnitId":"Roche.C5800.UI","origin":"123","timestamp":"2026-09-23T06:12:17.929Z"}
{"Counter":"working-set-Browser","Mean":192,"UnitId":"Roche.C5800.UI","origin":"123","timestamp":"2026-09-23T06:12:17.929Z"}
{"Counter":"cpu-usage-combined","Mean":0.12911156976206328,"UnitId":"Roche.C5800.UI","origin":"123","timestamp":"2026-09-23T06:12:17.929Z"}
{"Counter":"working-set-combined","Mean":762,"UnitId":"Roche.C5800.UI","origin":"123","timestamp":"2026-09-23T06:12:17.929Z"}
{"Counter":"cpu-usage-GPU","Mean":0,"UnitId":"Roche.C5800.UI","origin":"123","timestamp":"2026-09-23T06:12:47.933Z"}
{"Counter":"working-set-GPU","Mean":123,"UnitId":"Roche.C5800.UI","origin":"123","timestamp":"2026-09-23T06:12:47.933Z"}
{"Counter":"cpu-usage-Tab","Mean":0.09582022832010675,"UnitId":"Roche.C5800.UI","origin":"123","timestamp":"2026-09-23T06:12:47.933Z"}
{"Counter":"working-set-Tab","Mean":374,"UnitId":"Roche.C5800.UI","origin":"123","timestamp":"2026-09-23T06:12:47.933Z"}
{"Counter":"cpu-usage-Browser","Mean":0,"UnitId":"Roche.C5800.UI","origin":"123","timestamp":"2026-09-23T06:12:47.933Z"}
{"Counter":"working-set-Browser","Mean":192,"UnitId":"Roche.C5800.UI","origin":"123","timestamp":"2026-09-23T06:12:47.933Z"}
{"Counter":"cpu-usage-combined","Mean":0.09582022832010675,"UnitId":"Roche.C5800.UI","origin":"123","timestamp":"2026-09-23T06:12:47.933Z"}
{"Counter":"working-set-combined","Mean":762,"UnitId":"Roche.C5800.UI","origin":"123","timestamp":"2026-09-23T06:12:47.933Z"}
{"Counter":"cpu-usage-GPU","Mean":0.004166088968996299,"UnitId":"Roche.C5800.UI","origin":"123","timestamp":"2026-09-23T06:13:17.937Z"}
{"Counter":"working-set-GPU","Mean":123,"UnitId":"Roche.C5800.UI","origin":"123","timestamp":"2026-09-23T06:13:17.937Z"}
{"Counter":"cpu-usage-Tab","Mean":0.1249826482423357,"UnitId":"Roche.C5800.UI","origin":"123","timestamp":"2026-09-23T06:13:17.937Z"}
{"Counter":"working-set-Tab","Mean":374,"UnitId":"Roche.C5800.UI","origin":"123","timestamp":"2026-09-23T06:13:17.937Z"}
{"Counter":"cpu-usage-Browser","Mean":0.02083050802209527,"UnitId":"Roche.C5800.UI","origin":"123","timestamp":"2026-09-23T06:13:17.937Z"}
{"Counter":"working-set-Browser","Mean":192,"UnitId":"Roche.C5800.UI","origin":"123","timestamp":"2026-09-23T06:13:17.937Z"}
{"Counter":"cpu-usage-combined","Mean":0.1583114253930265,"UnitId":"Roche.C5800.UI","origin":"123","timestamp":"2026-09-23T06:13:17.937Z"}
{"Counter":"working-set-combined","Mean":762,"UnitId":"Roche.C5800.UI","origin":"123","timestamp":"2026-09-23T06:13:17.937Z"}
{"Counter":"cpu-usage-GPU","Mean":0,"UnitId":"Roche.C5800.UI","origin":"123","timestamp":"2026-09-23T06:13:47.947Z"}
{"Counter":"working-set-GPU","Mean":123,"UnitId":"Roche.C5800.UI","origin":"123","timestamp":"2026-09-23T06:13:47.947Z"}
{"Counter":"cpu-usage-Tab","Mean":0.09996851991307937,"UnitId":"Roche.C5800.UI","origin":"123","timestamp":"2026-09-23T06:13:47.947Z"}
{"Counter":"working-set-Tab","Mean":374,"UnitId":"Roche.C5800.UI","origin":"123","timestamp":"2026-09-23T06:13:47.947Z"}
{"Counter":"cpu-usage-Browser","Mean":0.012496088307823375,"UnitId":"Roche.C5800.UI","origin":"123","timestamp":"2026-09-23T06:13:47.947Z"}
{"Counter":"working-set-Browser","Mean":192,"UnitId":"Roche.C5800.UI","origin":"123","timestamp":"2026-09-23T06:13:47.947Z"}
{"Counter":"cpu-usage-combined","Mean":0.12079531599283663,"UnitId":"Roche.C5800.UI","origin":"123","timestamp":"2026-09-23T06:13:47.947Z"}
{"Counter":"working-set-combined","Mean":762,"UnitId":"Roche.C5800.UI","origin":"123","timestamp":"2026-09-23T06:13:47.947Z"}
{"Counter":"cpu-usage-GPU","Mean":0.004166277675207725,"UnitId":"Roche.C5800.UI","origin":"123","timestamp":"2026-09-23T06:14:17.949Z"}
{"Counter":"working-set-GPU","Mean":123,"UnitId":"Roche.C5800.UI","origin":"123","timestamp":"2026-09-23T06:14:17.949Z"}
{"Counter":"cpu-usage-Tab","Mean":0.11665657976107,"UnitId":"Roche.C5800.UI","origin":"123","timestamp":"2026-09-23T06:14:17.949Z"}
{"Counter":"working-set-Tab","Mean":374,"UnitId":"Roche.C5800.UI","origin":"123","timestamp":"2026-09-23T06:14:17.949Z"}
{"Counter":"cpu-usage-Browser","Mean":0.024997990994790387,"UnitId":"Roche.C5800.UI","origin":"123","timestamp":"2026-09-23T06:14:17.949Z"}
{"Counter":"working-set-Browser","Mean":192,"UnitId":"Roche.C5800.UI","origin":"123","timestamp":"2026-09-23T06:14:17.949Z"}
{"Counter":"cpu-usage-combined","Mean":0.1583198205989235,"UnitId":"Roche.C5800.UI","origin":"123","timestamp":"2026-09-23T06:14:17.949Z"}
{"Counter":"working-set-combined","Mean":762,"UnitId":"Roche.C5800.UI","origin":"123","timestamp":"2026-09-23T06:14:17.949Z"}
{"Counter":"cpu-usage-GPU","Mean":0,"UnitId":"Roche.C5800.UI","origin":"123","timestamp":"2026-09-23T06:14:47.953Z"}
{"Counter":"working-set-GPU","Mean":123,"UnitId":"Roche.C5800.UI","origin":"123","timestamp":"2026-09-23T06:14:47.953Z"}
{"Counter":"cpu-usage-Tab","Mean":0.0999894644434298,"UnitId":"Roche.C5800.UI","origin":"123","timestamp":"2026-09-23T06:14:47.953Z"}
{"Counter":"working-set-Tab","Mean":374,"UnitId":"Roche.C5800.UI","origin":"123","timestamp":"2026-09-23T06:14:47.953Z"}
{"Counter":"cpu-usage-Browser","Mean":0.012498709716533597,"UnitId":"Roche.C5800.UI","origin":"123","timestamp":"2026-09-23T06:14:47.953Z"}
{"Counter":"working-set-Browser","Mean":192,"UnitId":"Roche.C5800.UI","origin":"123","timestamp":"2026-09-23T06:14:47.953Z"}
{"Counter":"cpu-usage-combined","Mean":0.11665440170624669,"UnitId":"Roche.C5800.UI","origin":"123","timestamp":"2026-09-23T06:14:47.953Z"}
{"Counter":"working-set-combined","Mean":762,"UnitId":"Roche.C5800.UI","origin":"123","timestamp":"2026-09-23T06:14:47.953Z"}
{"Counter":"cpu-usage-GPU","Mean":0.008331792784847416,"UnitId":"Roche.C5800.UI","origin":"123","timestamp":"2026-09-23T06:15:17.958Z"}
{"Counter":"working-set-GPU","Mean":123,"UnitId":"Roche.C5800.UI","origin":"123","timestamp":"2026-09-23T06:15:17.958Z"}
{"Counter":"cpu-usage-Tab","Mean":0.09998147343297287,"UnitId":"Roche.C5800.UI","origin":"123","timestamp":"2026-09-23T06:15:17.958Z"}
{"Counter":"working-set-Tab","Mean":375,"UnitId":"Roche.C5800.UI","origin":"123","timestamp":"2026-09-23T06:15:17.958Z"}
{"Counter":"cpu-usage-Browser","Mean":0.00833176890485863,"UnitId":"Roche.C5800.UI","origin":"123","timestamp":"2026-09-23T06:15:17.958Z"}
{"Counter":"working-set-Browser","Mean":192,"UnitId":"Roche.C5800.UI","origin":"123","timestamp":"2026-09-23T06:15:17.958Z"}
{"Counter":"cpu-usage-combined","Mean":0.11664503512267892,"UnitId":"Roche.C5800.UI","origin":"123","timestamp":"2026-09-23T06:15:17.958Z"}
{"Counter":"working-set-combined","Mean":763,"UnitId":"Roche.C5800.UI","origin":"123","timestamp":"2026-09-23T06:15:17.958Z"}
{"Counter":"cpu-usage-GPU","Mean":0,"UnitId":"Roche.C5800.UI","origin":"123","timestamp":"2026-09-23T06:15:47.963Z"}
{"Counter":"working-set-GPU","Mean":123,"UnitId":"Roche.C5800.UI","origin":"123","timestamp":"2026-09-23T06:15:47.963Z"}
{"Counter":"cpu-usage-Tab","Mean":0.11664855114667359,"UnitId":"Roche.C5800.UI","origin":"123","timestamp":"2026-09-23T06:15:47.963Z"}
{"Counter":"working-set-Tab","Mean":374,"UnitId":"Roche.C5800.UI","origin":"123","timestamp":"2026-09-23T06:15:47.963Z"}
{"Counter":"cpu-usage-Browser","Mean":0.02916207947156579,"UnitId":"Roche.C5800.UI","origin":"123","timestamp":"2026-09-23T06:15:47.963Z"}
{"Counter":"working-set-Browser","Mean":192,"UnitId":"Roche.C5800.UI","origin":"123","timestamp":"2026-09-23T06:15:47.963Z"}
{"Counter":"cpu-usage-combined","Mean":0.15830868925313143,"UnitId":"Roche.C5800.UI","origin":"123","timestamp":"2026-09-23T06:15:47.963Z"}
{"Counter":"working-set-combined","Mean":762,"UnitId":"Roche.C5800.UI","origin":"123","timestamp":"2026-09-23T06:15:47.963Z"}
{"Counter":"cpu-usage-GPU","Mean":0.004166323778219719,"UnitId":"Roche.C5800.UI","origin":"123","timestamp":"2026-09-23T06:16:17.965Z"}
{"Counter":"working-set-GPU","Mean":123,"UnitId":"Roche.C5800.UI","origin":"123","timestamp":"2026-09-23T06:16:17.965Z"}
{"Counter":"cpu-usage-Tab","Mean":0.09999267387009445,"UnitId":"Roche.C5800.UI","origin":"123","timestamp":"2026-09-23T06:16:17.965Z"}
{"Counter":"working-set-Tab","Mean":375,"UnitId":"Roche.C5800.UI","origin":"123","timestamp":"2026-09-23T06:16:17.965Z"}
{"Counter":"cpu-usage-Browser","Mean":0.008332821142593769,"UnitId":"Roche.C5800.UI","origin":"123","timestamp":"2026-09-23T06:16:17.965Z"}
{"Counter":"working-set-Browser","Mean":192,"UnitId":"Roche.C5800.UI","origin":"123","timestamp":"2026-09-23T06:16:17.965Z"}
{"Counter":"cpu-usage-combined","Mean":0.11249181879090794,"UnitId":"Roche.C5800.UI","origin":"123","timestamp":"2026-09-23T06:16:17.965Z"}
{"Counter":"working-set-combined","Mean":763,"UnitId":"Roche.C5800.UI","origin":"123","timestamp":"2026-09-23T06:16:17.965Z"}
{"Counter":"cpu-usage-GPU","Mean":0,"UnitId":"Roche.C5800.UI","origin":"123","timestamp":"2026-09-23T06:16:47.967Z"}
{"Counter":"working-set-GPU","Mean":123,"UnitId":"Roche.C5800.UI","origin":"123","timestamp":"2026-09-23T06:16:47.967Z"}
{"Counter":"cpu-usage-Tab","Mean":0.09165895509324481,"UnitId":"Roche.C5800.UI","origin":"123","timestamp":"2026-09-23T06:16:47.967Z"}
{"Counter":"working-set-Tab","Mean":375,"UnitId":"Roche.C5800.UI","origin":"123","timestamp":"2026-09-23T06:16:47.967Z"}
{"Counter":"cpu-usage-Browser","Mean":0.004166284201776943,"UnitId":"Roche.C5800.UI","origin":"123","timestamp":"2026-09-23T06:16:47.967Z"}
{"Counter":"working-set-Browser","Mean":192,"UnitId":"Roche.C5800.UI","origin":"123","timestamp":"2026-09-23T06:16:47.967Z"}
{"Counter":"cpu-usage-combined","Mean":0.09582523929502176,"UnitId":"Roche.C5800.UI","origin":"123","timestamp":"2026-09-23T06:16:47.967Z"}
{"Counter":"working-set-combined","Mean":763,"UnitId":"Roche.C5800.UI","origin":"123","timestamp":"2026-09-23T06:16:47.967Z"}
{"Counter":"cpu-usage-GPU","Mean":0.004166430985553917,"UnitId":"Roche.C5800.UI","origin":"123","timestamp":"2026-09-23T06:17:17.969Z"}
{"Counter":"working-set-GPU","Mean":123,"UnitId":"Roche.C5800.UI","origin":"123","timestamp":"2026-09-23T06:17:17.969Z"}
{"Counter":"cpu-usage-Tab","Mean":0.09999395703186337,"UnitId":"Roche.C5800.UI","origin":"123","timestamp":"2026-09-23T06:17:17.969Z"}
{"Counter":"working-set-Tab","Mean":374,"UnitId":"Roche.C5800.UI","origin":"123","timestamp":"2026-09-23T06:17:17.969Z"}
{"Counter":"cpu-usage-Browser","Mean":0.008332700325865245,"UnitId":"Roche.C5800.UI","origin":"123","timestamp":"2026-09-23T06:17:17.969Z"}
{"Counter":"working-set-Browser","Mean":192,"UnitId":"Roche.C5800.UI","origin":"123","timestamp":"2026-09-23T06:17:17.969Z"}
{"Counter":"cpu-usage-combined","Mean":0.11665947627859632,"UnitId":"Roche.C5800.UI","origin":"123","timestamp":"2026-09-23T06:17:17.969Z"}
{"Counter":"working-set-combined","Mean":762,"UnitId":"Roche.C5800.UI","origin":"123","timestamp":"2026-09-23T06:17:17.969Z"}
{"Counter":"cpu-usage-GPU","Mean":0,"UnitId":"Roche.C5800.UI","origin":"123","timestamp":"2026-09-23T06:17:47.970Z"}
{"Counter":"working-set-GPU","Mean":123,"UnitId":"Roche.C5800.UI","origin":"123","timestamp":"2026-09-23T06:17:47.970Z"}
{"Counter":"cpu-usage-Tab","Mean":0.09166235548054723,"UnitId":"Roche.C5800.UI","origin":"123","timestamp":"2026-09-23T06:17:47.970Z"}
{"Counter":"working-set-Tab","Mean":375,"UnitId":"Roche.C5800.UI","origin":"123","timestamp":"2026-09-23T06:17:47.970Z"}
{"Counter":"cpu-usage-Browser","Mean":0.0041665140333692445,"UnitId":"Roche.C5800.UI","origin":"123","timestamp":"2026-09-23T06:17:47.970Z"}
{"Counter":"working-set-Browser","Mean":192,"UnitId":"Roche.C5800.UI","origin":"123","timestamp":"2026-09-23T06:17:47.970Z"}
{"Counter":"cpu-usage-combined","Mean":0.09999534646699922,"UnitId":"Roche.C5800.UI","origin":"123","timestamp":"2026-09-23T06:17:47.970Z"}
{"Counter":"working-set-combined","Mean":763,"UnitId":"Roche.C5800.UI","origin":"123","timestamp":"2026-09-23T06:17:47.970Z"}
{"Counter":"cpu-usage-GPU","Mean":0.004164767393909464,"UnitId":"Roche.C5800.UI","origin":"123","timestamp":"2026-09-23T06:18:17.984Z"}
{"Counter":"working-set-GPU","Mean":123,"UnitId":"Roche.C5800.UI","origin":"123","timestamp":"2026-09-23T06:18:17.984Z"}
{"Counter":"cpu-usage-Tab","Mean":0.09995501358022132,"UnitId":"Roche.C5800.UI","origin":"123","timestamp":"2026-09-23T06:18:17.984Z"}
{"Counter":"working-set-Tab","Mean":375,"UnitId":"Roche.C5800.UI","origin":"123","timestamp":"2026-09-23T06:18:17.984Z"}
{"Counter":"cpu-usage-Browser","Mean":0.004164812353379863,"UnitId":"Roche.C5800.UI","origin":"123","timestamp":"2026-09-23T06:18:17.984Z"}
{"Counter":"working-set-Browser","Mean":192,"UnitId":"Roche.C5800.UI","origin":"123","timestamp":"2026-09-23T06:18:17.984Z"}
{"Counter":"cpu-usage-combined","Mean":0.10828459332751064,"UnitId":"Roche.C5800.UI","origin":"123","timestamp":"2026-09-23T06:18:17.984Z"}
{"Counter":"working-set-combined","Mean":763,"UnitId":"Roche.C5800.UI","origin":"123","timestamp":"2026-09-23T06:18:17.984Z"}
{"Counter":"cpu-usage-GPU","Mean":0.037493677316215245,"UnitId":"Roche.C5800.UI","origin":"123","timestamp":"2026-09-23T06:18:47.989Z"}
{"Counter":"working-set-GPU","Mean":123,"UnitId":"Roche.C5800.UI","origin":"123","timestamp":"2026-09-23T06:18:47.989Z"}
{"Counter":"cpu-usage-Tab","Mean":0.15830609940736529,"UnitId":"Roche.C5800.UI","origin":"123","timestamp":"2026-09-23T06:18:47.989Z"}
{"Counter":"working-set-Tab","Mean":374,"UnitId":"Roche.C5800.UI","origin":"123","timestamp":"2026-09-23T06:18:47.989Z"}
{"Counter":"cpu-usage-Browser","Mean":0.012497716667164909,"UnitId":"Roche.C5800.UI","origin":"123","timestamp":"2026-09-23T06:18:47.989Z"}
{"Counter":"working-set-Browser","Mean":192,"UnitId":"Roche.C5800.UI","origin":"123","timestamp":"2026-09-23T06:18:47.989Z"}
{"Counter":"cpu-usage-combined","Mean":0.20829749339074544,"UnitId":"Roche.C5800.UI","origin":"123","timestamp":"2026-09-23T06:18:47.989Z"}
{"Counter":"working-set-combined","Mean":762,"UnitId":"Roche.C5800.UI","origin":"123","timestamp":"2026-09-23T06:18:47.989Z"}
{"Counter":"cpu-usage-GPU","Mean":0.045821891606999066,"UnitId":"Roche.C5800.UI","origin":"123","timestamp":"2026-09-23T06:19:17.997Z"}
{"Counter":"working-set-GPU","Mean":123,"UnitId":"Roche.C5800.UI","origin":"123","timestamp":"2026-09-23T06:19:17.997Z"}
{"Counter":"cpu-usage-Tab","Mean":0.20828125607660564,"UnitId":"Roche.C5800.UI","origin":"123","timestamp":"2026-09-23T06:19:17.997Z"}
{"Counter":"working-set-Tab","Mean":375,"UnitId":"Roche.C5800.UI","origin":"123","timestamp":"2026-09-23T06:19:17.997Z"}
{"Counter":"cpu-usage-Browser","Mean":0.020828154759788223,"UnitId":"Roche.C5800.UI","origin":"123","timestamp":"2026-09-23T06:19:17.997Z"}
{"Counter":"working-set-Browser","Mean":192,"UnitId":"Roche.C5800.UI","origin":"123","timestamp":"2026-09-23T06:19:17.997Z"}
{"Counter":"cpu-usage-combined","Mean":0.2790969274261056,"UnitId":"Roche.C5800.UI","origin":"123","timestamp":"2026-09-23T06:19:17.997Z"}
{"Counter":"working-set-combined","Mean":763,"UnitId":"Roche.C5800.UI","origin":"123","timestamp":"2026-09-23T06:19:17.997Z"}
{"Counter":"cpu-usage-GPU","Mean":0.2666581513830325,"UnitId":"Roche.C5800.UI","origin":"123","timestamp":"2026-09-23T06:19:47.998Z"}
{"Counter":"working-set-GPU","Mean":130,"UnitId":"Roche.C5800.UI","origin":"123","timestamp":"2026-09-23T06:19:47.998Z"}
{"Counter":"cpu-usage-Tab","Mean":1.5332978119340235,"UnitId":"Roche.C5800.UI","origin":"123","timestamp":"2026-09-23T06:19:47.998Z"}
{"Counter":"working-set-Tab","Mean":447,"UnitId":"Roche.C5800.UI","origin":"123","timestamp":"2026-09-23T06:19:47.998Z"}
{"Counter":"cpu-usage-Browser","Mean":0.20416504015184678,"UnitId":"Roche.C5800.UI","origin":"123","timestamp":"2026-09-23T06:19:47.998Z"}
{"Counter":"working-set-Browser","Mean":192,"UnitId":"Roche.C5800.UI","origin":"123","timestamp":"2026-09-23T06:19:47.998Z"}
{"Counter":"cpu-usage-combined","Mean":2.058286835981749,"UnitId":"Roche.C5800.UI","origin":"123","timestamp":"2026-09-23T06:19:47.998Z"}
{"Counter":"working-set-combined","Mean":842,"UnitId":"Roche.C5800.UI","origin":"123","timestamp":"2026-09-23T06:19:47.998Z"}
{"Counter":"cpu-usage-GPU","Mean":0.1457825524109102,"UnitId":"Roche.C5800.UI","origin":"123","timestamp":"2026-09-23T06:20:18.008Z"}
{"Counter":"working-set-GPU","Mean":123,"UnitId":"Roche.C5800.UI","origin":"123","timestamp":"2026-09-23T06:20:18.008Z"}
{"Counter":"cpu-usage-Tab","Mean":1.4328232005131774,"UnitId":"Roche.C5800.UI","origin":"123","timestamp":"2026-09-23T06:20:18.008Z"}
{"Counter":"working-set-Tab","Mean":434,"UnitId":"Roche.C5800.UI","origin":"123","timestamp":"2026-09-23T06:20:18.008Z"}
{"Counter":"cpu-usage-Browser","Mean":0.07080772453962483,"UnitId":"Roche.C5800.UI","origin":"123","timestamp":"2026-09-23T06:20:18.008Z"}
{"Counter":"working-set-Browser","Mean":192,"UnitId":"Roche.C5800.UI","origin":"123","timestamp":"2026-09-23T06:20:18.008Z"}
{"Counter":"cpu-usage-combined","Mean":1.6702392857383224,"UnitId":"Roche.C5800.UI","origin":"123","timestamp":"2026-09-23T06:20:18.008Z"}
{"Counter":"working-set-combined","Mean":822,"UnitId":"Roche.C5800.UI","origin":"123","timestamp":"2026-09-23T06:20:18.008Z"}
{"Counter":"cpu-usage-GPU","Mean":0.0874706565104293,"UnitId":"Roche.C5800.UI","origin":"123","timestamp":"2026-09-23T06:20:48.018Z"}
{"Counter":"working-set-GPU","Mean":123,"UnitId":"Roche.C5800.UI","origin":"123","timestamp":"2026-09-23T06:20:48.018Z"}
{"Counter":"cpu-usage-Tab","Mean":1.057977605996277,"UnitId":"Roche.C5800.UI","origin":"123","timestamp":"2026-09-23T06:20:48.018Z"}
{"Counter":"working-set-Tab","Mean":392,"UnitId":"Roche.C5800.UI","origin":"123","timestamp":"2026-09-23T06:20:48.018Z"}
{"Counter":"cpu-usage-Browser","Mean":0.06247832835050615,"UnitId":"Roche.C5800.UI","origin":"123","timestamp":"2026-09-23T06:20:48.018Z"}
{"Counter":"working-set-Browser","Mean":192,"UnitId":"Roche.C5800.UI","origin":"123","timestamp":"2026-09-23T06:20:48.018Z"}
{"Counter":"cpu-usage-combined","Mean":1.2245875727968414,"UnitId":"Roche.C5800.UI","origin":"123","timestamp":"2026-09-23T06:20:48.018Z"}
{"Counter":"working-set-combined","Mean":780,"UnitId":"Roche.C5800.UI","origin":"123","timestamp":"2026-09-23T06:20:48.018Z"}
{"Counter":"cpu-usage-GPU","Mean":0.5499672402847203,"UnitId":"Roche.C5800.UI","origin":"123","timestamp":"2026-09-23T06:21:18.020Z"}
{"Counter":"working-set-GPU","Mean":133,"UnitId":"Roche.C5800.UI","origin":"123","timestamp":"2026-09-23T06:21:18.020Z"}
{"Counter":"cpu-usage-Tab","Mean":1.6249173458710067,"UnitId":"Roche.C5800.UI","origin":"123","timestamp":"2026-09-23T06:21:18.020Z"}
{"Counter":"working-set-Tab","Mean":418,"UnitId":"Roche.C5800.UI","origin":"123","timestamp":"2026-09-23T06:21:18.020Z"}
{"Counter":"cpu-usage-Browser","Mean":0.23332561025563386,"UnitId":"Roche.C5800.UI","origin":"123","timestamp":"2026-09-23T06:21:18.020Z"}
{"Counter":"working-set-Browser","Mean":192,"UnitId":"Roche.C5800.UI","origin":"123","timestamp":"2026-09-23T06:21:18.020Z"}
{"Counter":"cpu-usage-combined","Mean":2.458208159827651,"UnitId":"Roche.C5800.UI","origin":"123","timestamp":"2026-09-23T06:21:18.020Z"}
{"Counter":"working-set-combined","Mean":816,"UnitId":"Roche.C5800.UI","origin":"123","timestamp":"2026-09-23T06:21:18.020Z"}
